"id.time2","level_2"
"A1BG","0.13545831733162"
"A1BG-AS1","0.135572692658482"
"A1CF","0.137895235001842"
"A2M","0.136300150852688"
"A2M-AS1","0.134930341224736"
"A2ML1","0.135768602243249"
"A2ML1-AS1","0.136524970131537"
"A2ML1-AS2","0.1331097466627"
"A4GALT","0.135768602243249"
"A4GNT","0.136562073354018"
"AAAS","0.133396096840299"
"AACS","0.134930341224736"
"AADAC","0.13644757432775"
"AADACL2","0.136317015690968"
"AADACL2-AS1","0.138485480275802"
"AADACL3","0.136652807915165"
"AADACL4","0.137234087632024"
"AADAT","0.137008029120556"
"AAED1","0.134581694869421"
"AAGAB","0.134385654436883"
"AAK1","0.13545831733162"
"AAMDC","0.135352174316319"
"AAMP","0.134135236236894"
"AANAT","0.137234087632024"
"AAR2","0.13790388150286"
"AARD","0.136562073354018"
"AARS","0.136652807915165"
"AARS2","0.139452693721156"
"AARSD1","0.134385654436883"
"AASDH","0.133737423301577"
"AASDHPPT","0.133737423301577"
"AASS","0.137191254754177"
"AATBC","0.138842467131473"
"AATF","0.13644757432775"
"AATK","0.134770578815514"
"AATK-AS1","0.133453214595808"
"AB015752.3","0.133453214595808"
"AB019440.50","0.134089126369048"
"ABALON","0.136317015690968"
"ABAT","0.135800264404046"
"ABC12-49244600F4.4","0.138480047011034"
"ABC7-42404400C24.1","0.136652807915165"
"ABCA1","0.13790388150286"
"ABCA10","0.132604184087832"
"ABCA12","0.134770578815514"
"ABCA13","0.137191254754177"
"ABCA2","0.13790388150286"
"ABCA3","0.136652807915165"
"ABCA4","0.133453214595808"
"ABCA5","0.136652807915165"
"ABCA6","0.138480047011034"
"ABCA7","0.138083485156067"
"ABCA8","0.136355564745913"
"ABCA9","0.135768602243249"
"ABCA9-AS1","0.135572692658482"
"ABCB1","0.134272540962624"
"ABCB10","0.135768602243249"
"ABCB11","0.13644757432775"
"ABCB4","0.135590601959882"
"ABCB5","0.134770578815514"
"ABCB6","0.134385654436883"
"ABCB7","0.138083485156067"
"ABCB8","0.13545831733162"
"ABCB9","0.134770578815514"
"ABCC1","0.1385869734998"
"ABCC10","0.137191254754177"
"ABCC11","0.13790388150286"
"ABCC12","0.135590601959882"
"ABCC2","0.133396096840299"
"ABCC3","0.135352174316319"
"ABCC4","0.136355564745913"
"ABCC5","0.135800264404046"
"ABCC5-AS1","0.137191254754177"
"ABCC6","0.135800264404046"
"ABCC8","0.132662161954431"
"ABCC9","0.134135236236894"
"ABCD1","0.136652807915165"
"ABCD2","0.136524970131537"
"ABCD3","0.134581694869421"
"ABCD4","0.137501831634967"
"ABCE1","0.137008029120556"
"ABCF1","0.135768602243249"
"ABCF2","0.134770578815514"
"ABCF3","0.134135236236894"
"ABCG1","0.136355564745913"
"ABCG2","0.136300150852688"
"ABCG4","0.1331097466627"
"ABCG5","0.135768602243249"
"ABCG8","0.13828624529757"
"ABHD1","0.134385654436883"
"ABHD10","0.134930341224736"
"ABHD11","0.135768602243249"
"ABHD11-AS1","0.133246269690045"
"ABHD12","0.134089126369048"
"ABHD12B","0.135768602243249"
"ABHD13","0.135857031057219"
"ABHD14A","0.135590601959882"
"ABHD14A-ACY1","0.132225820199113"
"ABHD14B","0.133737423301577"
"ABHD15","0.136562073354018"
"ABHD15-AS1","0.135800264404046"
"ABHD16A","0.136652807915165"
"ABHD16B","0.13545831733162"
"ABHD17A","0.137501831634967"
"ABHD17B","0.137895235001842"
"ABHD17C","0.13313686741649"
"ABHD18","0.138083485156067"
"ABHD2","0.136317015690968"
"ABHD3","0.134930341224736"
"ABHD4","0.135590601959882"
"ABHD5","0.136562073354018"
"ABHD6","0.137191254754177"
"ABHD8","0.136300150852688"
"ABI1","0.138083485156067"
"ABI2","0.133737423301577"
"ABI3","0.138083485156067"
"ABI3BP","0.136524970131537"
"ABL1","0.133737423301577"
"ABL2","0.134135236236894"
"ABLIM1","0.134770578815514"
"ABLIM2","0.137470340820322"
"ABLIM3","0.132662161954431"
"ABO","0.132604184087832"
"ABR","0.135352174316319"
"ABRA","0.13790388150286"
"ABRACL","0.136562073354018"
"ABT1","0.134930341224736"
"ABTB1","0.133453214595808"
"ABTB2","0.135352174316319"
"AC000032.2","0.133453214595808"
"AC000035.3","0.137470340820322"
"AC000036.4","0.134770578815514"
"AC000067.1","0.133453214595808"
"AC000068.10","0.136317015690968"
"AC000068.5","0.135857031057219"
"AC000068.9","0.135590601959882"
"AC000111.6","0.13644757432775"
"AC000124.1","0.136562073354018"
"AC000403.4","0.133320919139581"
"AC001226.7","0.136317015690968"
"AC002064.5","0.138480047011034"
"AC002066.1","0.135352174316319"
"AC002076.10","0.13545831733162"
"AC002115.5","0.135800264404046"
"AC002115.9","0.132567770371683"
"AC002116.7","0.137912391804649"
"AC002117.1","0.136300150852688"
"AC002128.5","0.138480047011034"
"AC002306.1","0.133453214595808"
"AC002310.12","0.136317015690968"
"AC002310.13","0.133297404491723"
"AC002310.7","0.134135236236894"
"AC002331.1","0.135352174316319"
"AC002383.2","0.138041787141211"
"AC002398.11","0.135572692658482"
"AC002398.12","0.135572692658482"
"AC002398.13","0.13790388150286"
"AC002429.5","0.137234087632024"
"AC002451.3","0.137501831634967"
"AC002454.1","0.135800264404046"
"AC002456.2","0.135352174316319"
"AC002463.3","0.133246269690045"
"AC002467.7","0.134770578815514"
"AC002480.2","0.13644757432775"
"AC002480.3","0.137912391804649"
"AC002480.4","0.135590601959882"
"AC002511.2","0.136300150852688"
"AC002511.3","0.138807115813837"
"AC002539.1","0.1385869734998"
"AC002550.5","0.137858947306971"
"AC002550.6","0.137501831634967"
"AC003002.6","0.137234087632024"
"AC003005.2","0.137191254754177"
"AC003075.4","0.136652807915165"
"AC003084.2","0.137895235001842"
"AC003088.1","0.135800264404046"
"AC003090.1","0.137470340820322"
"AC003092.1","0.138779326304021"
"AC003092.2","0.136355564745913"
"AC003101.1","0.13790388150286"
"AC003956.1","0.135800264404046"
"AC003958.2","0.133297404491723"
"AC003984.1","0.134385654436883"
"AC003986.5","0.134089126369048"
"AC003986.6","0.134089126369048"
"AC003986.7","0.137234087632024"
"AC003991.3","0.13790388150286"
"AC004012.1","0.136300150852688"
"AC004019.13","0.136524970131537"
"AC004053.1","0.135768602243249"
"AC004066.3","0.13828624529757"
"AC004067.5","0.136562073354018"
"AC004069.2","0.137501831634967"
"AC004076.5","0.137912391804649"
"AC004076.7","0.13790388150286"
"AC004076.9","0.13644757432775"
"AC004112.4","0.134135236236894"
"AC004156.3","0.133453214595808"
"AC004158.1","0.136355564745913"
"AC004158.3","0.13790388150286"
"AC004160.4","0.137501831634967"
"AC004221.2","0.134930341224736"
"AC004231.2","0.1385869734998"
"AC004237.1","0.136652807915165"
"AC004257.1","0.137191254754177"
"AC004381.6","0.138502408750336"
"AC004381.7","0.137501831634967"
"AC004448.2","0.138842467131473"
"AC004448.5","0.136652807915165"
"AC004449.6","0.137912391804649"
"AC004471.10","0.134089126369048"
"AC004471.9","0.137191254754177"
"AC004490.1","0.137191254754177"
"AC004510.3","0.139615693521879"
"AC004540.4","0.136524970131537"
"AC004540.5","0.138485480275802"
"AC004549.6","0.138502408750336"
"AC004556.1","0.138779326304021"
"AC004593.3","0.13313686741649"
"AC004603.4","0.136652807915165"
"AC004623.2","0.137501831634967"
"AC004637.1","0.138405601955291"
"AC004692.4","0.136317015690968"
"AC004702.2","0.136317015690968"
"AC004754.3","0.135352174316319"
"AC004775.5","0.135590601959882"
"AC004791.2","0.13790388150286"
"AC004813.1","0.13828624529757"
"AC004824.2","0.137008029120556"
"AC004837.5","0.139978563302414"
"AC004854.4","0.136355564745913"
"AC004862.6","0.134089126369048"
"AC004870.3","0.137470340820322"
"AC004878.2","0.134135236236894"
"AC004878.8","0.13545831733162"
"AC004893.11","0.134272540962624"
"AC004895.4","0.137895235001842"
"AC004901.1","0.138485480275802"
"AC004906.3","0.136562073354018"
"AC004920.3","0.134930341224736"
"AC004941.3","0.138405601955291"
"AC004947.2","0.137895235001842"
"AC004951.6","0.135768602243249"
"AC004988.1","0.135857031057219"
"AC005009.1","0.138480047011034"
"AC005009.2","0.139005899596189"
"AC005013.5","0.138083485156067"
"AC005019.3","0.138502408750336"
"AC005037.3","0.13828624529757"
"AC005042.4","0.138502408750336"
"AC005076.5","0.137234087632024"
"AC005082.12","0.136652807915165"
"AC005104.3","0.135572692658482"
"AC005150.1","0.135768602243249"
"AC005152.3","0.137191254754177"
"AC005162.5","0.13790388150286"
"AC005197.2","0.137470340820322"
"AC005220.3","0.134385654436883"
"AC005224.2","0.134089126369048"
"AC005235.1","0.137008029120556"
"AC005237.4","0.134930341224736"
"AC005253.2","0.135800264404046"
"AC005253.4","0.132788965204969"
"AC005256.1","0.13828624529757"
"AC005262.2","0.13545831733162"
"AC005264.2","0.136300150852688"
"AC005276.1","0.137470340820322"
"AC005281.1","0.137995597408702"
"AC005281.2","0.136652807915165"
"AC005301.8","0.137008029120556"
"AC005304.1","0.137191254754177"
"AC005307.1","0.136524970131537"
"AC005307.3","0.135572692658482"
"AC005324.6","0.138267601611071"
"AC005329.7","0.137470340820322"
"AC005330.2","0.13790388150286"
"AC005339.2","0.135800264404046"
"AC005355.1","0.137191254754177"
"AC005355.2","0.13790388150286"
"AC005358.3","0.137008029120556"
"AC005363.11","0.138041787141211"
"AC005387.2","0.137191254754177"
"AC005387.3","0.138779326304021"
"AC005477.1","0.136300150852688"
"AC005480.1","0.134272540962624"
"AC005481.5","0.138779326304021"
"AC005487.2","0.136453915293046"
"AC005498.3","0.136524970131537"
"AC005498.4","0.137895235001842"
"AC005522.7","0.136562073354018"
"AC005523.2","0.136355564745913"
"AC005523.3","0.138842467131473"
"AC005534.8","0.136562073354018"
"AC005537.2","0.136317015690968"
"AC005540.3","0.137008029120556"
"AC005546.2","0.134581694869421"
"AC005550.3","0.136652807915165"
"AC005592.1","0.135590601959882"
"AC005592.2","0.13644757432775"
"AC005592.3","0.138405601955291"
"AC005597.1","0.13313686741649"
"AC005606.14","0.137501831634967"
"AC005606.15","0.135768602243249"
"AC005609.16","0.137470340820322"
"AC005609.17","0.137852577044899"
"AC005609.18","0.134135236236894"
"AC005609.20","0.134135236236894"
"AC005614.3","0.136524970131537"
"AC005616.1","0.136300150852688"
"AC005616.2","0.137087984045193"
"AC005618.6","0.135857031057219"
"AC005618.9","0.137912391804649"
"AC005624.2","0.136317015690968"
"AC005625.1","0.137470340820322"
"AC005703.2","0.135352174316319"
"AC005703.3","0.136562073354018"
"AC005740.5","0.135857031057219"
"AC005740.6","0.13790388150286"
"AC005754.7","0.1385869734998"
"AC005754.8","0.137895235001842"
"AC005757.6","0.138041787141211"
"AC005775.2","0.138502408750336"
"AC005779.2","0.136437724395638"
"AC005780.1","0.137501831634967"
"AC005786.5","0.137234087632024"
"AC005786.7","0.137501831634967"
"AC005808.3","0.13790388150286"
"AC005863.1","0.135590601959882"
"AC005932.1","0.137470340820322"
"AC005944.2","0.136300150852688"
"AC005954.4","0.13790388150286"
"AC006004.1","0.136317015690968"
"AC006019.4","0.137008029120556"
"AC006026.2","0.138779326304021"
"AC006041.1","0.138779326304021"
"AC006042.6","0.137895235001842"
"AC006042.7","0.136526414114414"
"AC006116.12","0.137895235001842"
"AC006116.17","0.13790388150286"
"AC006116.21","0.135352174316319"
"AC006126.3","0.134930341224736"
"AC006126.4","0.137895235001842"
"AC006129.1","0.136317015690968"
"AC006129.2","0.136526414114414"
"AC006145.4","0.138083485156067"
"AC006159.4","0.137234087632024"
"AC006160.5","0.138485480275802"
"AC006262.10","0.13828624529757"
"AC006262.4","0.137952431584426"
"AC006262.5","0.134581694869421"
"AC006272.1","0.136526414114414"
"AC006272.2","0.135768602243249"
"AC006273.4","0.136317015690968"
"AC006273.5","0.138083485156067"
"AC006277.2","0.137008029120556"
"AC006296.1","0.137470340820322"
"AC006296.2","0.138083485156067"
"AC006369.2","0.136355564745913"
"AC006369.3","0.137501831634967"
"AC006372.4","0.138083485156067"
"AC006372.5","0.136317015690968"
"AC006372.6","0.135590601959882"
"AC006373.1","0.138502408750336"
"AC006378.2","0.135768602243249"
"AC006380.3","0.138405601955291"
"AC006449.2","0.13711142047723"
"AC006460.2","0.135590601959882"
"AC006482.1","0.136300150852688"
"AC006486.9","0.136300150852688"
"AC006547.13","0.139315850837671"
"AC006547.15","0.136526414114414"
"AC006547.8","0.138807115813837"
"AC006552.1","0.13644757432775"
"AC006942.4","0.136317015690968"
"AC006946.15","0.137912391804649"
"AC006946.16","0.136562073354018"
"AC006946.17","0.13790388150286"
"AC006994.2","0.137912391804649"
"AC006994.3","0.137912391804649"
"AC007009.1","0.135590601959882"
"AC007036.6","0.136524970131537"
"AC007038.7","0.137895235001842"
"AC007040.11","0.134581694869421"
"AC007040.6","0.133246269690045"
"AC007040.8","0.13790388150286"
"AC007050.17","0.136562073354018"
"AC007064.24","0.137895235001842"
"AC007078.4","0.136562073354018"
"AC007091.1","0.13841687961594"
"AC007098.1","0.133246269690045"
"AC007099.1","0.135590601959882"
"AC007126.1","0.136300150852688"
"AC007128.1","0.139315850837671"
"AC007131.1","0.136355564745913"
"AC007131.2","0.13841687961594"
"AC007161.5","0.139315850837671"
"AC007163.3","0.138942553870703"
"AC007163.6","0.13790388150286"
"AC007182.6","0.137501831634967"
"AC007192.4","0.136562073354018"
"AC007192.6","0.13790388150286"
"AC007193.10","0.138041787141211"
"AC007193.8","0.137008029120556"
"AC007193.9","0.134581694869421"
"AC007204.2","0.135800264404046"
"AC007228.11","0.136355564745913"
"AC007228.5","0.136300150852688"
"AC007228.9","0.137501831634967"
"AC007246.3","0.137470340820322"
"AC007249.3","0.13644757432775"
"AC007250.4","0.138405601955291"
"AC007255.8","0.137234087632024"
"AC007271.3","0.137191254754177"
"AC007277.3","0.137912391804649"
"AC007285.6","0.137234087632024"
"AC007292.3","0.1385869734998"
"AC007292.4","0.137895235001842"
"AC007292.6","0.137008029120556"
"AC007292.7","0.13841687961594"
"AC007308.7","0.140544437949694"
"AC007319.1","0.138405601955291"
"AC007325.1","0.135800264404046"
"AC007325.2","0.138041787141211"
"AC007325.4","0.136652807915165"
"AC007326.10","0.138480047011034"
"AC007349.4","0.138083485156067"
"AC007349.5","0.135572692658482"
"AC007349.7","0.13841687961594"
"AC007362.3","0.137912391804649"
"AC007364.1","0.137008029120556"
"AC007365.1","0.137008029120556"
"AC007365.3","0.13841687961594"
"AC007381.3","0.137234087632024"
"AC007383.3","0.137895235001842"
"AC007383.4","0.137912391804649"
"AC007386.2","0.137470340820322"
"AC007386.4","0.138807115813837"
"AC007389.3","0.138502408750336"
"AC007391.2","0.135768602243249"
"AC007392.3","0.136652807915165"
"AC007392.4","0.136524970131537"
"AC007403.2","0.137008029120556"
"AC007405.4","0.135572692658482"
"AC007405.6","0.137895235001842"
"AC007405.8","0.137234087632024"
"AC007422.1","0.13790388150286"
"AC007463.2","0.136652807915165"
"AC007556.3","0.137234087632024"
"AC007563.3","0.1385869734998"
"AC007563.5","0.137912391804649"
"AC007566.10","0.13790388150286"
"AC007620.3","0.13828624529757"
"AC007731.1","0.13828624529757"
"AC007740.1","0.135352174316319"
"AC007743.1","0.134272540962624"
"AC007750.5","0.138083485156067"
"AC007773.2","0.136317015690968"
"AC007796.1","0.139137552195218"
"AC007879.1","0.138405601955291"
"AC007879.2","0.134581694869421"
"AC007879.3","0.136652807915165"
"AC007879.4","0.13828624529757"
"AC007879.5","0.137191254754177"
"AC007879.6","0.139901668288791"
"AC007879.7","0.134089126369048"
"AC007880.1","0.138807115813837"
"AC007906.1","0.13828624529757"
"AC007950.1","0.135590601959882"
"AC007950.2","0.138041787141211"
"AC007966.1","0.138942553870703"
"AC008060.7","0.13828624529757"
"AC008063.2","0.135768602243249"
"AC008063.3","0.138083485156067"
"AC008067.2","0.136300150852688"
"AC008069.1","0.13644757432775"
"AC008073.7","0.138405601955291"
"AC008073.9","0.136652807915165"
"AC008074.1","0.136317015690968"
"AC008074.3","0.137234087632024"
"AC008074.4","0.138842467131473"
"AC008079.10","0.138480047011034"
"AC008079.9","0.137912391804649"
"AC008088.4","0.134272540962624"
"AC008132.15","0.138807115813837"
"AC008154.4","0.138779326304021"
"AC008154.5","0.13790388150286"
"AC008268.1","0.138083485156067"
"AC008269.2","0.136300150852688"
"AC008271.1","0.136562073354018"
"AC008277.1","0.136355564745913"
"AC008278.2","0.13841687961594"
"AC008440.10","0.137234087632024"
"AC008440.5","0.137470340820322"
"AC008522.1","0.137863088756875"
"AC008592.4","0.13828624529757"
"AC008592.7","0.137191254754177"
"AC008592.8","0.137191254754177"
"AC008686.1","0.138008188977442"
"AC008691.1","0.136317015690968"
"AC008697.1","0.136355564745913"
"AC008703.1","0.137191254754177"
"AC008746.12","0.136806875336912"
"AC008746.3","0.13992524847564"
"AC008753.4","0.134770578815514"
"AC008753.6","0.136526414114414"
"AC008781.7","0.136526414114414"
"AC008937.2","0.137008029120556"
"AC008937.3","0.138615455662437"
"AC008940.1","0.13644757432775"
"AC008991.1","0.139452693721156"
"AC009005.2","0.137234087632024"
"AC009014.3","0.135800264404046"
"AC009022.1","0.134089126369048"
"AC009060.2","0.138480047011034"
"AC009060.3","0.134770578815514"
"AC009065.4","0.1385869734998"
"AC009095.4","0.137234087632024"
"AC009110.1","0.140932913846395"
"AC009120.10","0.136317015690968"
"AC009120.11","0.136355564745913"
"AC009120.4","0.137234087632024"
"AC009120.5","0.137912391804649"
"AC009133.12","0.136524970131537"
"AC009133.15","0.134135236236894"
"AC009133.17","0.133396096840299"
"AC009133.21","0.136526414114414"
"AC009158.1","0.137008029120556"
"AC009227.2","0.136317015690968"
"AC009228.1","0.137234087632024"
"AC009229.6","0.137191254754177"
"AC009236.2","0.137008029120556"
"AC009262.2","0.134089126369048"
"AC009264.1","0.13841687961594"
"AC009276.4","0.136524970131537"
"AC009299.2","0.136526414114414"
"AC009299.3","0.13644757432775"
"AC009303.1","0.13790388150286"
"AC009312.1","0.13790388150286"
"AC009313.1","0.137191254754177"
"AC009336.19","0.136317015690968"
"AC009365.4","0.136652807915165"
"AC009403.2","0.136562073354018"
"AC009404.2","0.13644757432775"
"AC009410.1","0.137008029120556"
"AC009473.1","0.138083485156067"
"AC009478.1","0.13790388150286"
"AC009480.3","0.135857031057219"
"AC009487.4","0.136562073354018"
"AC009495.2","0.137912391804649"
"AC009495.3","0.135590601959882"
"AC009495.4","0.134770578815514"
"AC009501.4","0.13644757432775"
"AC009502.4","0.135572692658482"
"AC009505.2","0.13790388150286"
"AC009505.4","0.135800264404046"
"AC009506.1","0.135768602243249"
"AC009508.1","0.136526414114414"
"AC009518.4","0.13828624529757"
"AC009518.8","0.138502408750336"
"AC009542.2","0.137191254754177"
"AC009784.3","0.136562073354018"
"AC009892.10","0.135800264404046"
"AC009948.5","0.138405601955291"
"AC009950.2","0.136317015690968"
"AC009955.8","0.135800264404046"
"AC009961.3","0.138405601955291"
"AC010082.2","0.137912391804649"
"AC010084.1","0.137912391804649"
"AC010091.1","0.135800264404046"
"AC010096.1","0.136524970131537"
"AC010127.3","0.134272540962624"
"AC010132.10","0.137191254754177"
"AC010136.2","0.13828624529757"
"AC010149.4","0.137234087632024"
"AC010226.4","0.136524970131537"
"AC010287.1","0.139901668288791"
"AC010468.2","0.137501831634967"
"AC010504.2","0.137234087632024"
"AC010524.2","0.136652807915165"
"AC010524.4","0.13644757432775"
"AC010525.4","0.137895235001842"
"AC010547.9","0.137501831634967"
"AC010641.1","0.133186717718399"
"AC010642.1","0.136317015690968"
"AC010649.1","0.138615455662437"
"AC010729.2","0.136526414114414"
"AC010731.4","0.137912391804649"
"AC010745.4","0.134135236236894"
"AC010746.3","0.136524970131537"
"AC010761.10","0.136652807915165"
"AC010761.13","0.135572692658482"
"AC010761.14","0.138083485156067"
"AC010761.6","0.137895235001842"
"AC010761.8","0.136526414114414"
"AC010761.9","0.136355564745913"
"AC010883.5","0.136526414114414"
"AC010884.1","0.137895235001842"
"AC010890.1","0.137008029120556"
"AC010894.3","0.13790388150286"
"AC010894.5","0.134930341224736"
"AC010907.2","0.138405601955291"
"AC010907.5","0.137008029120556"
"AC010967.2","0.13828624529757"
"AC010969.1","0.137912391804649"
"AC010974.3","0.137501831634967"
"AC010976.2","0.137470340820322"
"AC010983.1","0.137191254754177"
"AC010987.5","0.13644757432775"
"AC010987.6","0.138911300124674"
"AC011043.1","0.137191254754177"
"AC011239.1","0.136355564745913"
"AC011247.3","0.137912391804649"
"AC011284.3","0.137912391804649"
"AC011286.1","0.136300150852688"
"AC011288.2","0.135857031057219"
"AC011290.4","0.134272540962624"
"AC011294.3","0.136526414114414"
"AC011298.2","0.136317015690968"
"AC011343.1","0.13790388150286"
"AC011513.4","0.13828624529757"
"AC011516.2","0.135800264404046"
"AC011523.2","0.136300150852688"
"AC011524.1","0.136526414114414"
"AC011525.2","0.136524970131537"
"AC011625.1","0.135768602243249"
"AC011648.1","0.137501831634967"
"AC011718.2","0.138480047011034"
"AC011738.4","0.136652807915165"
"AC011747.3","0.138807115813837"
"AC011747.4","0.13790388150286"
"AC011752.1","0.136317015690968"
"AC011893.3","0.135352174316319"
"AC011899.10","0.136300150852688"
"AC011899.9","0.138615455662437"
"AC011995.3","0.137234087632024"
"AC011997.1","0.13644757432775"
"AC012005.3","0.134770578815514"
"AC012005.4","0.136355564745913"
"AC012065.4","0.135572692658482"
"AC012074.2","0.136524970131537"
"AC012075.2","0.135857031057219"
"AC012123.1","0.13790388150286"
"AC012307.2","0.135352174316319"
"AC012314.20","0.133453214595808"
"AC012314.8","0.136317015690968"
"AC012322.1","0.135800264404046"
"AC012354.6","0.136524970131537"
"AC012358.7","0.135857031057219"
"AC012358.8","0.135768602243249"
"AC012360.4","0.137234087632024"
"AC012360.6","0.134272540962624"
"AC012363.4","0.135800264404046"
"AC012368.1","0.135800264404046"
"AC012370.3","0.138502408750336"
"AC012442.6","0.137912391804649"
"AC012445.1","0.137470340820322"
"AC012456.4","0.13828624529757"
"AC012462.1","0.13790388150286"
"AC012462.2","0.137501831634967"
"AC012462.3","0.137912391804649"
"AC012485.2","0.136524970131537"
"AC012494.1","0.138779326304021"
"AC012499.1","0.137501831634967"
"AC012506.3","0.137191254754177"
"AC012506.4","0.13828624529757"
"AC012507.3","0.136524970131537"
"AC012507.4","0.137008029120556"
"AC012513.6","0.138807115813837"
"AC012531.25","0.135352174316319"
"AC012593.1","0.135800264404046"
"AC012594.1","0.135572692658482"
"AC012668.2","0.13644757432775"
"AC012668.3","0.137234087632024"
"AC013264.2","0.137501831634967"
"AC013275.2","0.134135236236894"
"AC013401.1","0.136300150852688"
"AC013401.2","0.137912391804649"
"AC013402.5","0.138480047011034"
"AC013436.6","0.136317015690968"
"AC013448.1","0.13828624529757"
"AC013448.2","0.136524970131537"
"AC013461.1","0.136300150852688"
"AC013463.2","0.133297404491723"
"AC013472.4","0.137912391804649"
"AC015688.3","0.137008029120556"
"AC015691.13","0.134135236236894"
"AC015849.12","0.138405601955291"
"AC015849.16","0.138502408750336"
"AC015849.19","0.138807115813837"
"AC015849.2","0.133297404491723"
"AC015922.6","0.139005899596189"
"AC015933.2","0.136300150852688"
"AC015936.3","0.135768602243249"
"AC015969.3","0.136355564745913"
"AC015971.2","0.135572692658482"
"AC015987.1","0.135352174316319"
"AC016549.1","0.137912391804649"
"AC016577.1","0.135352174316319"
"AC016582.2","0.137008029120556"
"AC016629.3","0.137895235001842"
"AC016644.1","0.134930341224736"
"AC016683.5","0.136317015690968"
"AC016700.2","0.137470340820322"
"AC016700.5","0.136300150852688"
"AC016722.3","0.134770578815514"
"AC016722.4","0.137470340820322"
"AC016723.4","0.136652807915165"
"AC016735.1","0.137470340820322"
"AC016735.2","0.137501831634967"
"AC016735.3","0.13790388150286"
"AC016738.3","0.136524970131537"
"AC016738.4","0.136524970131537"
"AC016745.3","0.136652807915165"
"AC016751.2","0.135590601959882"
"AC016751.3","0.137470340820322"
"AC016768.1","0.138041787141211"
"AC016831.7","0.134581694869421"
"AC016907.3","0.136317015690968"
"AC016910.1","0.137501831634967"
"AC016912.3","0.138041787141211"
"AC016995.3","0.137234087632024"
"AC016999.2","0.136300150852688"
"AC017002.1","0.136524970131537"
"AC017002.2","0.135572692658482"
"AC017006.2","0.135572692658482"
"AC017006.3","0.134770578815514"
"AC017028.10","0.135768602243249"
"AC017060.1","0.135857031057219"
"AC017074.1","0.137234087632024"
"AC017074.2","0.135768602243249"
"AC017101.10","0.137501831634967"
"AC017104.2","0.138405601955291"
"AC018359.1","0.138083485156067"
"AC018462.2","0.137895235001842"
"AC018643.4","0.136300150852688"
"AC018647.3","0.13644757432775"
"AC018693.6","0.134385654436883"
"AC018717.1","0.136355564745913"
"AC018730.4","0.136524970131537"
"AC018737.3","0.138041787141211"
"AC018742.1","0.135590601959882"
"AC018755.17","0.134272540962624"
"AC018766.4","0.135768602243249"
"AC018766.6","0.136526414114414"
"AC018799.1","0.137191254754177"
"AC018816.3","0.135857031057219"
"AC018832.1","0.137895235001842"
"AC018878.3","0.135590601959882"
"AC018890.4","0.136317015690968"
"AC018890.6","0.135800264404046"
"AC019048.1","0.137895235001842"
"AC019055.1","0.135590601959882"
"AC019117.1","0.137234087632024"
"AC019117.2","0.134135236236894"
"AC019118.3","0.136300150852688"
"AC019172.2","0.13790388150286"
"AC019181.2","0.136317015690968"
"AC019186.1","0.138083485156067"
"AC019206.1","0.13841687961594"
"AC019349.5","0.134770578815514"
"AC020571.3","0.138842467131473"
"AC020594.5","0.133396096840299"
"AC020743.2","0.137191254754177"
"AC020743.3","0.135768602243249"
"AC020956.3","0.138480047011034"
"AC021106.1","0.137912391804649"
"AC021188.4","0.140057757127467"
"AC021218.2","0.134930341224736"
"AC021224.1","0.133937103279754"
"AC022007.5","0.13790388150286"
"AC022154.7","0.136524970131537"
"AC022182.1","0.138041787141211"
"AC022182.3","0.137470340820322"
"AC022201.4","0.137191254754177"
"AC022201.5","0.139046693677863"
"AC022816.2","0.137470340820322"
"AC023115.2","0.137895235001842"
"AC023115.4","0.137234087632024"
"AC023128.1","0.135800264404046"
"AC023137.2","0.139137552195218"
"AC023347.1","0.137191254754177"
"AC023469.1","0.136526414114414"
"AC023481.1","0.136526414114414"
"AC023491.2","0.138779326304021"
"AC023590.1","0.135352174316319"
"AC023669.1","0.135768602243249"
"AC024028.1","0.138502408750336"
"AC024084.1","0.138405601955291"
"AC024560.2","0.135590601959882"
"AC024592.12","0.139315850837671"
"AC024592.9","0.137008029120556"
"AC024704.2","0.136317015690968"
"AC025016.1","0.138405601955291"
"AC025165.8","0.136652807915165"
"AC025171.1","0.138502408750336"
"AC025263.3","0.13841687961594"
"AC025335.1","0.139452693721156"
"AC025442.3","0.137008029120556"
"AC025811.3","0.134135236236894"
"AC026150.8","0.137895235001842"
"AC026167.1","0.13790388150286"
"AC026188.1","0.136317015690968"
"AC026202.3","0.13841687961594"
"AC026248.1","0.138083485156067"
"AC026471.6","0.133937103279754"
"AC026904.1","0.1385869734998"
"AC027119.1","0.137895235001842"
"AC027601.1","0.134930341224736"
"AC034187.2","0.137895235001842"
"AC034228.2","0.138615455662437"
"AC034228.3","0.139005899596189"
"AC034228.4","0.134272540962624"
"AC034243.1","0.138405601955291"
"AC037459.4","0.136526414114414"
"AC046143.3","0.137501831634967"
"AC053503.4","0.137234087632024"
"AC053503.6","0.134581694869421"
"AC055733.1","0.137191254754177"
"AC055764.1","0.139452693721156"
"AC058791.1","0.139137552195218"
"AC060834.3","0.138842467131473"
"AC061961.2","0.137912391804649"
"AC061992.2","0.136524970131537"
"AC062017.1","0.136652807915165"
"AC062020.1","0.13992524847564"
"AC062028.1","0.1385869734998"
"AC062029.1","0.1385869734998"
"AC062031.1","0.136300150852688"
"AC064834.1","0.136283652495101"
"AC064834.2","0.137501831634967"
"AC064834.3","0.136652807915165"
"AC064865.1","0.135800264404046"
"AC067945.2","0.134829787499859"
"AC067956.1","0.139315850837671"
"AC067959.1","0.137470340820322"
"AC067961.1","0.139315850837671"
"AC067968.3","0.134089126369048"
"AC067969.2","0.139452693721156"
"AC068134.6","0.1385869734998"
"AC068134.8","0.136283652495101"
"AC068138.1","0.136317015690968"
"AC068196.1","0.1385869734998"
"AC068282.3","0.137895235001842"
"AC068490.2","0.136317015690968"
"AC068491.2","0.137912391804649"
"AC068492.1","0.13644757432775"
"AC068499.10","0.136355564745913"
"AC068533.7","0.139901668288791"
"AC068535.2","0.136355564745913"
"AC068538.4","0.138480047011034"
"AC068580.6","0.138807115813837"
"AC068580.7","0.137234087632024"
"AC068831.10","0.139422348618628"
"AC068831.15","0.136562073354018"
"AC068831.16","0.136562073354018"
"AC068831.3","0.13790388150286"
"AC068831.6","0.135768602243249"
"AC068858.1","0.138615455662437"
"AC069063.2","0.136524970131537"
"AC069257.8","0.138083485156067"
"AC069277.2","0.138405601955291"
"AC069363.1","0.13841687961594"
"AC069368.3","0.13790388150286"
"AC069394.1","0.137912391804649"
"AC069513.4","0.139452693721156"
"AC072062.1","0.137191254754177"
"AC072062.3","0.137234087632024"
"AC073046.25","0.136562073354018"
"AC073072.5","0.134829787499859"
"AC073115.6","0.138502408750336"
"AC073115.7","0.13790388150286"
"AC073130.3","0.13841687961594"
"AC073133.1","0.137008029120556"
"AC073133.2","0.136317015690968"
"AC073254.1","0.134581694869421"
"AC073257.2","0.136259954607202"
"AC073283.4","0.138291992186185"
"AC073283.7","0.138480047011034"
"AC073284.4","0.136355564745913"
"AC073316.1","0.136562073354018"
"AC073316.2","0.135352174316319"
"AC073321.4","0.135857031057219"
"AC073333.8","0.138041787141211"
"AC073342.12","0.136524970131537"
"AC073343.13","0.136355564745913"
"AC073409.1","0.136355564745913"
"AC073610.5","0.1331097466627"
"AC073628.1","0.137912391804649"
"AC073635.5","0.13644757432775"
"AC073636.1","0.138083485156067"
"AC073641.2","0.135857031057219"
"AC073657.1","0.136300150852688"
"AC073834.3","0.137470340820322"
"AC073842.19","0.136259954607202"
"AC073928.2","0.137912391804649"
"AC073934.6","0.137191254754177"
"AC073957.15","0.137191254754177"
"AC073987.1","0.136259954607202"
"AC074011.2","0.137501831634967"
"AC074117.10","0.134135236236894"
"AC074183.4","0.136524970131537"
"AC074212.6","0.139422348618628"
"AC074289.1","0.1331097466627"
"AC074363.1","0.137008029120556"
"AC074366.3","0.136355564745913"
"AC074389.5","0.139422348618628"
"AC074391.1","0.135768602243249"
"AC078883.3","0.134930341224736"
"AC078883.4","0.13841687961594"
"AC078941.1","0.138842467131473"
"AC079117.1","0.136300150852688"
"AC079135.1","0.139005899596189"
"AC079145.4","0.13313686741649"
"AC079305.10","0.136300150852688"
"AC079305.11","0.138405601955291"
"AC079305.8","0.138405601955291"
"AC079354.3","0.136355564745913"
"AC079354.5","0.13841687961594"
"AC079466.1","0.136524970131537"
"AC079584.2","0.135572692658482"
"AC079586.1","0.137191254754177"
"AC079610.2","0.138405601955291"
"AC079630.2","0.136524970131537"
"AC079630.4","0.1385869734998"
"AC079742.4","0.136300150852688"
"AC079767.4","0.137501831634967"
"AC079776.1","0.134930341224736"
"AC079776.3","0.136562073354018"
"AC079779.5","0.139677483596801"
"AC079779.6","0.138083485156067"
"AC079779.7","0.136300150852688"
"AC079790.2","0.139005899596189"
"AC079807.2","0.135800264404046"
"AC079807.4","0.136300150852688"
"AC079922.3","0.138083485156067"
"AC079988.3","0.135857749659071"
"AC080094.1","0.136283652495101"
"AC083843.1","0.137191254754177"
"AC083843.2","0.137008029120556"
"AC083949.1","0.136300150852688"
"AC084082.3","0.138480047011034"
"AC084149.1","0.138779326304021"
"AC084149.2","0.138779326304021"
"AC084219.4","0.136259954607202"
"AC084809.2","0.137895235001842"
"AC084809.3","0.133453214595808"
"AC087294.2","0.137470340820322"
"AC087430.1","0.133453214595808"
"AC087491.2","0.137895235001842"
"AC087501.1","0.138041787141211"
"AC090154.1","0.136562073354018"
"AC090286.4","0.137895235001842"
"AC090498.1","0.138779326304021"
"AC090505.1","0.135352174316319"
"AC090505.4","0.136283652495101"
"AC090505.6","0.136652807915165"
"AC090587.5","0.138779326304021"
"AC090616.2","0.136259954607202"
"AC090617.1","0.139005899596189"
"AC090952.5","0.136524970131537"
"AC091132.1","0.136526414114414"
"AC091133.1","0.13841687961594"
"AC091153.4","0.137191254754177"
"AC091177.1","0.138615455662437"
"AC091199.1","0.137501831634967"
"AC091493.2","0.136317015690968"
"AC091633.3","0.137470340820322"
"AC091729.7","0.139021848519638"
"AC091729.8","0.135800264404046"
"AC091729.9","0.135800264404046"
"AC091770.3","0.136816335413485"
"AC091801.1","0.135857749659071"
"AC091814.2","0.13644757432775"
"AC091814.3","0.137895235001842"
"AC091878.1","0.13647148851148"
"AC091962.3","0.13644757432775"
"AC092155.4","0.137470340820322"
"AC092159.2","0.137234087632024"
"AC092162.1","0.138807115813837"
"AC092171.2","0.137234087632024"
"AC092171.4","0.137008029120556"
"AC092192.1","0.137895235001842"
"AC092198.1","0.136300150852688"
"AC092295.4","0.136355564745913"
"AC092301.3","0.1385869734998"
"AC092316.1","0.133186717718399"
"AC092415.1","0.136259954607202"
"AC092431.3","0.135857031057219"
"AC092484.1","0.136652807915165"
"AC092535.3","0.137912391804649"
"AC092580.3","0.133297404491723"
"AC092580.4","0.137501831634967"
"AC092597.3","0.134089126369048"
"AC092614.2","0.137191254754177"
"AC092620.3","0.135590601959882"
"AC092625.1","0.137470340820322"
"AC092652.1","0.139315850837671"
"AC092667.2","0.138480047011034"
"AC092669.3","0.137912391804649"
"AC092669.6","0.135800264404046"
"AC092675.3","0.135800264404046"
"AC092687.5","0.135800264404046"
"AC092718.1","0.136562073354018"
"AC092835.2","0.136526414114414"
"AC092839.3","0.135590601959882"
"AC092839.4","0.137234087632024"
"AC092881.1","0.137501831634967"
"AC093063.3","0.135800264404046"
"AC093110.3","0.136773069179508"
"AC093159.1","0.135800264404046"
"AC093323.3","0.137234087632024"
"AC093326.1","0.134385654436883"
"AC093326.3","0.135768602243249"
"AC093375.1","0.137008029120556"
"AC093381.2","0.138041787141211"
"AC093382.1","0.134930341224736"
"AC093388.3","0.135800264404046"
"AC093390.1","0.134581694869421"
"AC093495.4","0.134272540962624"
"AC093585.6","0.134581694869421"
"AC093590.1","0.135768602243249"
"AC093609.1","0.136283652495101"
"AC093620.5","0.135352174316319"
"AC093627.10","0.136562073354018"
"AC093627.12","0.135857749659071"
"AC093627.7","0.137895235001842"
"AC093627.8","0.136259954607202"
"AC093627.9","0.135768602243249"
"AC093642.3","0.138615455662437"
"AC093642.4","0.136524970131537"
"AC093642.6","0.134272540962624"
"AC093673.5","0.134089126369048"
"AC093690.1","0.135857031057219"
"AC093702.1","0.133320919139581"
"AC093732.1","0.136652807915165"
"AC093802.1","0.135590601959882"
"AC093818.1","0.133453214595808"
"AC093822.1","0.136300150852688"
"AC093901.1","0.135857749659071"
"AC093911.1","0.133937103279754"
"AC096558.1","0.135352174316319"
"AC096574.5","0.137234087632024"
"AC096579.13","0.136300150852688"
"AC096649.2","0.1331097466627"
"AC096649.3","0.137470340820322"
"AC096669.3","0.135800264404046"
"AC096670.3","0.135857031057219"
"AC096772.6","0.136300150852688"
"AC097381.1","0.135768602243249"
"AC097467.2","0.135572692658482"
"AC097468.4","0.136526414114414"
"AC097495.2","0.135857031057219"
"AC097495.3","0.134135236236894"
"AC097499.1","0.134581694869421"
"AC097662.2","0.134135236236894"
"AC097713.4","0.134272540962624"
"AC097721.2","0.136526414114414"
"AC097724.3","0.131421082352245"
"AC098617.1","0.135590601959882"
"AC098820.2","0.13600619534665"
"AC098820.4","0.136259954607202"
"AC098823.3","0.134930341224736"
"AC098828.2","0.132068458568022"
"AC098872.3","0.136562073354018"
"AC098973.1","0.132805287101706"
"AC098973.2","0.136652807915165"
"AC099342.1","0.136300150852688"
"AC099344.2","0.136317015690968"
"AC099344.3","0.136317015690968"
"AC099552.4","0.136300150852688"
"AC099684.1","0.134089126369048"
"AC099754.1","0.136524970131537"
"AC099850.1","0.134272540962624"
"AC100802.3","0.136283652495101"
"AC100830.3","0.135800264404046"
"AC100830.4","0.137008029120556"
"AC100830.5","0.136317015690968"
"AC100848.1","0.136562073354018"
"AC102948.2","0.137470340820322"
"AC102953.4","0.135590601959882"
"AC102953.6","0.134581694869421"
"AC103563.8","0.136652807915165"
"AC103563.9","0.138088769928556"
"AC104024.1","0.136526414114414"
"AC104024.2","0.136317015690968"
"AC104076.3","0.137191254754177"
"AC104088.1","0.137501831634967"
"AC104134.2","0.136524970131537"
"AC104135.2","0.1385869734998"
"AC104389.1","0.138779326304021"
"AC104532.2","0.133186717718399"
"AC104532.3","0.138083485156067"
"AC104532.4","0.137501831634967"
"AC104534.2","0.135352174316319"
"AC104534.3","0.134272540962624"
"AC104653.1","0.136259954607202"
"AC104654.1","0.136355564745913"
"AC104654.2","0.135572692658482"
"AC104655.3","0.136652807915165"
"AC104667.3","0.137008029120556"
"AC104695.4","0.13841687961594"
"AC104699.1","0.136652807915165"
"AC104777.1","0.136453915293046"
"AC104777.2","0.136283652495101"
"AC104777.3","0.134930341224736"
"AC104794.4","0.135857749659071"
"AC104809.2","0.13644757432775"
"AC104820.2","0.137501831634967"
"AC104984.4","0.135800264404046"
"AC105052.2","0.138083485156067"
"AC105053.3","0.136562073354018"
"AC105339.1","0.134272540962624"
"AC105393.1","0.136562073354018"
"AC105393.2","0.135857749659071"
"AC105398.3","0.135768602243249"
"AC105402.4","0.138088769928556"
"AC105760.2","0.135572692658482"
"AC105760.3","0.136259954607202"
"AC106053.1","0.135768602243249"
"AC106786.1","0.135352174316319"
"AC106801.1","0.137470340820322"
"AC106873.4","0.136526414114414"
"AC106900.6","0.13644757432775"
"AC107057.1","0.137191254754177"
"AC107079.1","0.134385654436883"
"AC107081.5","0.136562073354018"
"AC107218.3","0.133246269690045"
"AC108004.2","0.136806875336912"
"AC108004.3","0.136317015690968"
"AC108051.2","0.138405601955291"
"AC108051.3","0.134581694869421"
"AC108066.1","0.136593841940717"
"AC108142.1","0.135352174316319"
"AC108448.3","0.136476404778763"
"AC108463.1","0.137191254754177"
"AC108488.4","0.135352174316319"
"AC108868.5","0.137501831634967"
"AC108868.6","0.135857031057219"
"AC108925.1","0.136581409028108"
"AC108938.5","0.133453214595808"
"AC109333.10","0.134581694869421"
"AC109486.1","0.136526414114414"
"AC109642.1","0.134581694869421"
"AC109826.1","0.137008029120556"
"AC109829.1","0.135800264404046"
"AC110615.1","0.137470340820322"
"AC110769.3","0.135352174316319"
"AC110781.3","0.13644757432775"
"AC112518.3","0.134930341224736"
"AC112715.2","0.137501831634967"
"AC112721.1","0.137191254754177"
"AC112721.2","0.137912391804649"
"AC113189.5","0.137470340820322"
"AC113331.9","0.137191254754177"
"AC113404.1","0.13644757432775"
"AC113617.1","0.136283652495101"
"AC114271.2","0.133937103279754"
"AC114730.11","0.135768602243249"
"AC114730.2","0.135768602243249"
"AC114730.3","0.136945917226514"
"AC114730.5","0.134631194193444"
"AC114730.7","0.13644757432775"
"AC114730.8","0.134135236236894"
"AC114763.1","0.136943739877424"
"AC114765.1","0.136283652495101"
"AC114765.2","0.137912391804649"
"AC114776.3","0.136317015690968"
"AC114803.3","0.134626676197177"
"AC114808.2","0.136562073354018"
"AC114814.3","0.134829787499859"
"AC114814.4","0.134829787499859"
"AC115522.3","0.134581694869421"
"AC116035.1","0.133937103279754"
"AC116366.5","0.136355564745913"
"AC116366.6","0.133186717718399"
"AC116609.1","0.13644757432775"
"AC116609.2","0.134930341224736"
"AC116614.1","0.137008029120556"
"AC118754.4","0.133186717718399"
"AC122136.2","0.134829787499859"
"AC123023.1","0.132805287101706"
"AC123512.2","0.137912391804649"
"AC123512.3","0.136524970131537"
"AC123886.2","0.135572692658482"
"AC124057.5","0.136562073354018"
"AC124861.1","0.13313686741649"
"AC124944.3","0.136355564745913"
"AC124944.5","0.135352174316319"
"AC125421.1","0.134385654436883"
"AC128709.3","0.135590601959882"
"AC128709.4","0.136526414114414"
"AC129492.1","0.136355564745913"
"AC129492.6","0.135352174316319"
"AC129778.2","0.133124804728085"
"AC130469.2","0.135590601959882"
"AC131056.3","0.136283652495101"
"AC131056.5","0.136562073354018"
"AC131097.4","0.134272540962624"
"AC131263.1","0.133246269690045"
"AC133528.2","0.135768602243249"
"AC133633.1","0.136524970131537"
"AC133644.2","0.135857749659071"
"AC133680.1","0.137191254754177"
"AC133785.1","0.134272540962624"
"AC135050.5","0.135857031057219"
"AC135178.7","0.134272540962624"
"AC136352.5","0.134930341224736"
"AC136612.1","0.136480795028616"
"AC136616.1","0.134089126369048"
"AC136616.2","0.136524970131537"
"AC137932.4","0.135857031057219"
"AC137932.5","0.133453214595808"
"AC137932.6","0.132046594850041"
"AC137934.1","0.135572692658482"
"AC138035.2","0.136300150852688"
"AC138647.1","0.135352174316319"
"AC138969.4","0.136717714107249"
"AC139099.4","0.135768602243249"
"AC139099.5","0.133453214595808"
"AC139099.6","0.137895235001842"
"AC139100.3","0.13644757432775"
"AC139887.4","0.135857031057219"
"AC140481.4","0.136526414114414"
"AC140542.2","0.133937103279754"
"AC140725.4","0.136317015690968"
"AC140912.1","0.13644757432775"
"AC141272.1","0.136054723294227"
"AC141928.1","0.136355564745913"
"AC142119.1","0.136526414114414"
"AC142293.3","0.132068458568022"
"AC142472.6","0.134089126369048"
"AC142528.1","0.134385654436883"
"AC144449.1","0.133396096840299"
"AC144450.1","0.132759237415605"
"AC144450.2","0.132805287101706"
"AC144568.2","0.135572692658482"
"AC144652.1","0.136562073354018"
"AC144831.1","0.135352174316319"
"AC144831.3","0.136440796553564"
"AC144835.1","0.133937103279754"
"AC144836.1","0.135454075754803"
"AC145110.1","0.136283652495101"
"AC145123.2","0.134385654436883"
"AC145124.2","0.134089126369048"
"AC145212.2","0.13644757432775"
"AC145212.4","0.136562073354018"
"AC145343.2","0.136652807915165"
"AC147651.1","0.136007740506882"
"AC147651.4","0.134829787499859"
"AC159540.1","0.134272540962624"
"AC159540.2","0.136283652495101"
"AC195454.1","0.131161057172925"
"AC226118.1","0.137109703510766"
"AC233755.1","0.135572692658482"
"AC233755.2","0.137296704514893"
"AC234582.1","0.136768498987685"
"AC234582.2","0.136524970131537"
"AC240274.1","0.135265784276036"
"AC241377.2","0.135572692658482"
"AC241585.2","0.136562073354018"
"AC243756.1","0.134581694869421"
"AC245100.1","0.135886260086661"
"AC253572.1","0.137234087632024"
"ACAA1","0.136390875644366"
"ACAA2","0.136317015690968"
"ACACA","0.133937103279754"
"ACACB","0.136259954607202"
"ACAD10","0.134930341224736"
"ACAD11","0.136355564745913"
"ACAD8","0.134385654436883"
"ACAD9","0.135572692658482"
"ACADL","0.135261112720332"
"ACADM","0.136283652495101"
"ACADS","0.134135236236894"
"ACADSB","0.135590601959882"
"ACADVL","0.135590601959882"
"ACAN","0.135590601959882"
"ACAP1","0.138041787141211"
"ACAP2","0.136355564745913"
"ACAP3","0.135572692658482"
"ACAT1","0.136062638210569"
"ACAT2","0.136524970131537"
"ACBD3","0.136067156206836"
"ACBD4","0.136300150852688"
"ACBD5","0.136283652495101"
"ACBD6","0.135857749659071"
"ACBD7","0.136317015690968"
"ACCS","0.135857749659071"
"ACD","0.135857031057219"
"ACE","0.134272540962624"
"ACE2","0.134581694869421"
"ACER1","0.135572692658482"
"ACER2","0.136524970131537"
"ACER3","0.136028787558882"
"ACHE","0.137296704514893"
"ACIN1","0.136652807915165"
"ACKR1","0.137191254754177"
"ACKR2","0.136526414114414"
"ACKR3","0.136729758153997"
"ACKR4","0.135475827663393"
"ACLY","0.13644757432775"
"ACMSD","0.135886260086661"
"ACO1","0.137296704514893"
"ACO2","0.137895235001842"
"ACOT1","0.133186717718399"
"ACOT11","0.135352174316319"
"ACOT12","0.132662161954431"
"ACOT13","0.136317015690968"
"ACOT2","0.136526414114414"
"ACOT4","0.136768498987685"
"ACOT6","0.13644757432775"
"ACOT7","0.136300150852688"
"ACOT8","0.138041787141211"
"ACOT9","0.135857749659071"
"ACOX1","0.13644757432775"
"ACOX2","0.135572692658482"
"ACOX3","0.132805287101706"
"ACOXL","0.136562073354018"
"ACP1","0.137191254754177"
"ACP2","0.135572692658482"
"ACP5","0.136355564745913"
"ACP6","0.136768498987685"
"ACP7","0.136562073354018"
"ACPP","0.136283652495101"
"ACPT","0.136768498987685"
"ACR","0.136524970131537"
"ACRBP","0.134930341224736"
"ACRC","0.133396096840299"
"ACRV1","0.137191254754177"
"ACSBG1","0.136417887292269"
"ACSBG2","0.136449126772177"
"ACSF2","0.136768498987685"
"ACSF3","0.136562073354018"
"ACSL1","0.137895235001842"
"ACSL3","0.136300150852688"
"ACSL4","0.133124804728085"
"ACSL5","0.135857749659071"
"ACSL6","0.136717160127296"
"ACSM1","0.136259954607202"
"ACSM2A","0.137008029120556"
"ACSM2B","0.134581694869421"
"ACSM3","0.137109703510766"
"ACSM4","0.134829787499859"
"ACSM5","0.136317015690968"
"ACSM6","0.134930341224736"
"ACSS1","0.135590601959882"
"ACSS2","0.137191254754177"
"ACSS3","0.137191254754177"
"ACTA1","0.136526414114414"
"ACTA2","0.136652807915165"
"ACTA2-AS1","0.136562073354018"
"ACTB","0.136768498987685"
"ACTBL2","0.13313686741649"
"ACTC1","0.135352174316319"
"ACTG1","0.136526414114414"
"ACTG2","0.137234087632024"
"ACTL10","0.136524970131537"
"ACTL6A","0.137470340820322"
"ACTL6B","0.136562073354018"
"ACTL7B","0.137008029120556"
"ACTL8","0.133320919139581"
"ACTN1","0.137079333821262"
"ACTN1-AS1","0.134135236236894"
"ACTN2","0.136355564745913"
"ACTN3","0.136526414114414"
"ACTN4","0.134986415398836"
"ACTR10","0.137470340820322"
"ACTR1A","0.135352174316319"
"ACTR1B","0.135352174316319"
"ACTR2","0.133320919139581"
"ACTR3","0.135572692658482"
"ACTR3B","0.136717166585257"
"ACTR3C","0.136283652495101"
"ACTR5","0.136524970131537"
"ACTR6","0.136453317506444"
"ACTR8","0.135088089789046"
"ACTRT1","0.136524970131537"
"ACTRT2","0.136300150852688"
"ACTRT3","0.136283652495101"
"ACVR1","0.134930341224736"
"ACVR1B","0.136652807915165"
"ACVR1C","0.135157208119848"
"ACVR2A","0.136317015690968"
"ACVR2B","0.134581694869421"
"ACVR2B-AS1","0.137191254754177"
"ACVRL1","0.136442426380662"
"ACY1","0.133124804728085"
"ACY3","0.136355564745913"
"ACYP1","0.135859643207281"
"ACYP2","0.134272540962624"
"AD000671.6","0.135768602243249"
"AD001527.7","0.134272540962624"
"ADA","0.133320919139581"
"ADAD2","0.135869231030268"
"ADAL","0.137191254754177"
"ADAM10","0.13507878327191"
"ADAM11","0.136562073354018"
"ADAM12","0.134272540962624"
"ADAM15","0.136465183721132"
"ADAM17","0.135876800010088"
"ADAM18","0.13644757432775"
"ADAM19","0.133124804728085"
"ADAM2","0.136562073354018"
"ADAM20","0.133320919139581"
"ADAM20P1","0.136259954607202"
"ADAM21","0.135590601959882"
"ADAM22","0.137895235001842"
"ADAM23","0.134581694869421"
"ADAM28","0.136033917006042"
"ADAM29","0.136567699782273"
"ADAM30","0.137234087632024"
"ADAM32","0.137059638226312"
"ADAM33","0.136768498987685"
"ADAM8","0.13644757432775"
"ADAM9","0.135352174316319"
"ADAMDEC1","0.135857749659071"
"ADAMTS1","0.137470340820322"
"ADAMTS10","0.136768498987685"
"ADAMTS12","0.132567770371683"
"ADAMTS13","0.137109703510766"
"ADAMTS14","0.136524970131537"
"ADAMTS15","0.137008029120556"
"ADAMTS16","0.138083485156067"
"ADAMTS17","0.134272540962624"
"ADAMTS18","0.136317015690968"
"ADAMTS19","0.136524970131537"
"ADAMTS2","0.135590601959882"
"ADAMTS20","0.136355564745913"
"ADAMTS3","0.137296704514893"
"ADAMTS4","0.138041787141211"
"ADAMTS5","0.135335726943591"
"ADAMTS6","0.136317015690968"
"ADAMTS7","0.137191254754177"
"ADAMTS8","0.136259954607202"
"ADAMTS9","0.136283652495101"
"ADAMTS9-AS1","0.136758024569944"
"ADAMTS9-AS2","0.135857749659071"
"ADAMTSL1","0.13644757432775"
"ADAMTSL2","0.135864635924485"
"ADAMTSL3","0.138429336340409"
"ADAMTSL4","0.135352174316319"
"ADAMTSL5","0.13644757432775"
"ADAP1","0.137093737659862"
"ADAP2","0.136652807915165"
"ADAR","0.136041014048392"
"ADARB1","0.136283652495101"
"ADARB2","0.137109703510766"
"ADARB2-AS1","0.136259954607202"
"ADAT1","0.136259954607202"
"ADAT2","0.136355564745913"
"ADAT3","0.136355564745913"
"ADCK1","0.134829787499859"
"ADCK2","0.137296704514893"
"ADCK3","0.137772257200405"
"ADCK4","0.138041787141211"
"ADCK5","0.134930341224736"
"ADCY1","0.135768602243249"
"ADCY10","0.136524970131537"
"ADCY2","0.137470340820322"
"ADCY3","0.137234087632024"
"ADCY4","0.13644757432775"
"ADCY5","0.13638398823357"
"ADCY6","0.13644757432775"
"ADCY7","0.136773069179508"
"ADCY8","0.138041787141211"
"ADCY9","0.136562073354018"
"ADCYAP1","0.13644757432775"
"ADCYAP1R1","0.13645404303946"
"ADD1","0.138502408750336"
"ADD2","0.137895235001842"
"ADD3","0.137361858661579"
"ADGB","0.135857031057219"
"ADGRA1","0.136300150852688"
"ADGRA1-AS1","0.137470340820322"
"ADGRA2","0.135352174316319"
"ADGRA3","0.135869231030268"
"ADGRB1","0.135768602243249"
"ADGRB2","0.136317015690968"
"ADGRB3","0.13644757432775"
"ADGRD1","0.13644757432775"
"ADGRD2","0.136652807915165"
"ADGRE1","0.137470340820322"
"ADGRE2","0.135083699539193"
"ADGRE3","0.134581694869421"
"ADGRE5","0.134930341224736"
"ADGRF1","0.136300150852688"
"ADGRF2","0.136051544899352"
"ADGRF3","0.135467785000638"
"ADGRF4","0.137008029120556"
"ADGRF5","0.137234087632024"
"ADGRG1","0.136355564745913"
"ADGRG2","0.135444336848748"
"ADGRG3","0.136283652495101"
"ADGRG4","0.135857749659071"
"ADGRG5","0.13644757432775"
"ADGRG6","0.135452263484942"
"ADGRG7","0.136562073354018"
"ADGRL1","0.13643229113087"
"ADGRL2","0.135864635924485"
"ADGRL3","0.13644757432775"
"ADGRL4","0.136379654586736"
"ADGRV1","0.136551381705239"
"ADH1A","0.137470340820322"
"ADH1B","0.13644757432775"
"ADH1C","0.136956808352296"
"ADH4","0.137501831634967"
"ADH5","0.136367311465915"
"ADH6","0.136533836076555"
"ADH7","0.136652807915165"
"ADHFE1","0.13644757432775"
"ADI1","0.136524970131537"
"ADIG","0.137008029120556"
"ADIPOQ","0.135857749659071"
"ADIPOQ-AS1","0.136454652870172"
"ADIPOR1","0.135248948634729"
"ADIPOR2","0.136283652495101"
"ADIRF","0.136768498987685"
"ADK","0.135852409434974"
"ADM","0.137470340820322"
"ADM2","0.136652807915165"
"ADM5","0.136768498987685"
"ADNP","0.13644757432775"
"ADNP-AS1","0.13644757432775"
"ADNP2","0.137109703510766"
"ADO","0.136652807915165"
"ADORA1","0.137296704514893"
"ADORA2A","0.136768498987685"
"ADORA2A-AS1","0.136444455216473"
"ADORA2B","0.136356510711398"
"ADORA3","0.136259954607202"
"ADPGK","0.137008029120556"
"ADPGK-AS1","0.137008029120556"
"ADPRH","0.137109703510766"
"ADPRHL1","0.136010866902354"
"ADPRHL2","0.135857749659071"
"ADPRM","0.136300150852688"
"ADRA1A","0.136768498987685"
"ADRA1B","0.135869103283854"
"ADRA1D","0.137234087632024"
"ADRA2A","0.136772498742228"
"ADRA2B","0.13644757432775"
"ADRA2C","0.134089126369048"
"ADRB1","0.138502408750336"
"ADRB2","0.135436294185992"
"ADRB3","0.136317015690968"
"ADRBK1","0.13644757432775"
"ADRBK2","0.136355564745913"
"ADRM1","0.136379470237303"
"ADSL","0.136524970131537"
"ADSS","0.137191254754177"
"ADSSL1","0.135466239840406"
"ADTRP","0.137008029120556"
"AE000658.22","0.136737414848045"
"AE000658.31","0.137191254754177"
"AE000661.50","0.137615871400028"
"AE000662.92","0.135352174316319"
"AE000662.93","0.137501831634967"
"AEBP1","0.137912391804649"
"AEBP2","0.136526414114414"
"AEN","0.13644757432775"
"AES","0.138405601955291"
"AF001548.5","0.137079881343254"
"AF001548.6","0.137191254754177"
"AF001550.7","0.137008029120556"
"AF003625.3","0.135352174316319"
"AF003626.1","0.138615455662437"
"AF011889.2","0.138779326304021"
"AF011889.5","0.137234087632024"
"AF015262.2","0.136317015690968"
"AF015720.3","0.133937103279754"
"AF038458.5","0.137234087632024"
"AF064858.10","0.138041787141211"
"AF064858.11","0.138088769928556"
"AF064858.6","0.13666986813502"
"AF064858.7","0.138041787141211"
"AF064858.8","0.136355564745913"
"AF064860.7","0.136524970131537"
"AF067845.1","0.137168582771972"
"AF067845.2","0.133396096840299"
"AF111168.2","0.13644757432775"
"AF121898.3","0.137912391804649"
"AF124730.4","0.137839502112066"
"AF127577.10","0.136466816955776"
"AF127577.12","0.137296704514893"
"AF127577.8","0.13644757432775"
"AF127936.3","0.136259954607202"
"AF127936.5","0.137243921468583"
"AF127936.7","0.136652807915165"
"AF127936.9","0.137470340820322"
"AF129408.17","0.136768498987685"
"AF131215.6","0.136355564745913"
"AF131215.8","0.137470340820322"
"AF131216.1","0.137234087632024"
"AF131216.5","0.137912391804649"
"AF131216.6","0.138480047011034"
"AF131217.1","0.137191254754177"
"AF146191.4","0.139141493540026"
"AF165138.7","0.137501831634967"
"AF178030.2","0.138041787141211"
"AF186192.1","0.137912391804649"
"AF186192.6","0.137942971507853"
"AF196970.3","0.138502408750336"
"AF196972.9","0.136283652495101"
"AF212831.2","0.138088769928556"
"AF213884.2","0.136524970131537"
"AF230666.2","0.136300150852688"
"AF240627.2","0.137895235001842"
"AF241725.6","0.139141493540026"
"AFAP1","0.137997774757792"
"AFAP1-AS1","0.137895235001842"
"AFAP1L1","0.137501831634967"
"AFAP1L2","0.137470340820322"
"AFF1","0.138088769928556"
"AFF2","0.138041787141211"
"AFF3","0.136524970131537"
"AFF4","0.137234087632024"
"AFG3L2","0.13739621690064"
"AFM","0.137470340820322"
"AFMID","0.138615455662437"
"AFP","0.139387665111739"
"AFTPH","0.13780817895532"
"AGA","0.137895235001842"
"AGAP1","0.137109703510766"
"AGAP14P","0.137234087632024"
"AGAP2","0.13644757432775"
"AGAP2-AS1","0.137008029120556"
"AGAP3","0.137629727716637"
"AGAP4","0.137361858661579"
"AGAP5","0.137816093871662"
"AGAP6","0.136979767878201"
"AGAP9","0.137501831634967"
"AGBL1","0.137470340820322"
"AGBL1-AS1","0.137501831634967"
"AGBL2","0.137008029120556"
"AGBL3","0.138041787141211"
"AGBL4","0.137234087632024"
"AGBL5","0.137501831634967"
"AGBL5-AS1","0.137396344647054"
"AGER","0.137501831634967"
"AGFG1","0.138041787141211"
"AGFG2","0.139141493540026"
"AGGF1","0.137470340820322"
"AGK","0.1385869734998"
"AGL","0.137501831634967"
"AGMAT","0.138088769928556"
"AGMO","0.136979767878201"
"AGO1","0.137895235001842"
"AGO2","0.137501831634967"
"AGO3","0.138502408750336"
"AGO4","0.13841687961594"
"AGPAT1","0.136283652495101"
"AGPAT2","0.137640258567597"
"AGPAT3","0.137191254754177"
"AGPAT4","0.13666986813502"
"AGPAT5","0.137115489568453"
"AGPS","0.135572692658482"
"AGR2","0.138615455662437"
"AGR3","0.138041787141211"
"AGRN","0.136317015690968"
"AGRP","0.137640258567597"
"AGT","0.138088769928556"
"AGTPBP1","0.136524970131537"
"AGTR1","0.135857031057219"
"AGTR2","0.136524970131537"
"AGTRAP","0.139005899596189"
"AGXT","0.136390875644366"
"AGXT2","0.137501831634967"
"AHCTF1","0.13841687961594"
"AHCY","0.139194586743546"
"AHCYL1","0.137501831634967"
"AHCYL2","0.137912391804649"
"AHDC1","0.138807115813837"
"AHI1","0.13841687961594"
"AHNAK","0.13678098409585"
"AHNAK2","0.138480047011034"
"AHR","0.13793080742225"
"AHRR","0.137501831634967"
"AHSA1","0.138779326304021"
"AHSA2","0.137296704514893"
"AHSG","0.137109703510766"
"AHSP","0.137109703510766"
"AICDA","0.136300150852688"
"AIDA","0.138405601955291"
"AIF1","0.137651479625227"
"AIF1L","0.139194586743546"
"AIFM1","0.138807115813837"
"AIFM2","0.139677483596801"
"AIFM3","0.136768498987685"
"AIG1","0.138502408750336"
"AIM1","0.138480047011034"
"AIM1L","0.13824614731083"
"AIM2","0.137501831634967"
"AIMP1","0.137470340820322"
"AIMP2","0.136560841781812"
"AIP","0.13841687961594"
"AIPL1","0.138088769928556"
"AIRE","0.138088769928556"
"AIRN","0.138491300526448"
"AJ003147.8","0.136979895624615"
"AJ003147.9","0.136768498987685"
"AJ006998.2","0.138405601955291"
"AJ009632.3","0.136589451690864"
"AJ011932.1","0.137234087632024"
"AJ239322.1","0.138502408750336"
"AJAP1","0.137093737659862"
"AJUBA","0.138779326304021"
"AK1","0.137008029120556"
"AK2","0.138041787141211"
"AK3","0.138807115813837"
"AK4","0.137501831634967"
"AK5","0.139194586743546"
"AK6","0.137191254754177"
"AK7","0.137895235001842"
"AK8","0.137234087632024"
"AK9","0.137234087632024"
"AKAP1","0.136968674566985"
"AKAP10","0.13841687961594"
"AKAP11","0.136300150852688"
"AKAP12","0.136524970131537"
"AKAP13","0.138295348662246"
"AKAP14","0.134385654436883"
"AKAP17A","0.137191254754177"
"AKAP2","0.136526414114414"
"AKAP3","0.137234087632024"
"AKAP4","0.136259954607202"
"AKAP5","0.137168455025558"
"AKAP6","0.138807115813837"
"AKAP7","0.138807115813837"
"AKAP8","0.137912391804649"
"AKAP8L","0.136524970131537"
"AKAP9","0.137912391804649"
"AKIP1","0.136524970131537"
"AKIRIN1","0.137115361822039"
"AKIRIN2","0.136524970131537"
"AKNA","0.137191254754177"
"AKNAD1","0.137234087632024"
"AKR1A1","0.139141493540026"
"AKR1B1","0.138449579457351"
"AKR1B10","0.137501831634967"
"AKR1B15","0.137008029120556"
"AKR1C1","0.137109703510766"
"AKR1C2","0.135352174316319"
"AKR1C3","0.137361858661579"
"AKR1C4","0.137912391804649"
"AKR1D1","0.133124804728085"
"AKR1E2","0.138461623504099"
"AKR7A2","0.1385869734998"
"AKR7A3","0.138041787141211"
"AKT1","0.137008029120556"
"AKT1S1","0.136816463159899"
"AKT2","0.137501831634967"
"AKT3","0.139677483596801"
"AKTIP","0.134930341224736"
"AL008723.1","0.138480047011034"
"AL021546.6","0.134581694869421"
"AL022341.3","0.1385869734998"
"AL022344.5","0.138779326304021"
"AL022344.7","0.137361858661579"
"AL022476.2","0.1385869734998"
"AL022578.1","0.136317015690968"
"AL023806.1","0.137109703510766"
"AL035610.2","0.136768498987685"
"AL049794.1","0.137191254754177"
"AL109761.5","0.138807115813837"
"AL109767.1","0.138502408750336"
"AL109927.1","0.137361858661579"
"AL121578.2","0.136768498987685"
"AL121656.5","0.137895235001842"
"AL122127.25","0.137191254754177"
"AL132709.8","0.138480047011034"
"AL133245.2","0.136526414114414"
"AL133249.1","0.134930341224736"
"AL133493.2","0.137912391804649"
"AL157359.3","0.136283652495101"
"AL157902.3","0.1385869734998"
"AL161668.5","0.13666986813502"
"AL162151.4","0.138779326304021"
"AL162759.1","0.137470340820322"
"AL163953.2","0.138023710493137"
"AL354822.1","0.139141493540026"
"AL354828.1","0.1385869734998"
"AL354828.2","0.137361858661579"
"AL356289.1","0.13666986813502"
"AL356585.2","0.137895235001842"
"AL357140.1","0.136300150852688"
"AL358852.1","0.13666986813502"
"AL360294.1","0.138480047011034"
"AL365181.2","0.137895235001842"
"AL365202.1","0.137234087632024"
"AL450992.2","0.13841687961594"
"AL513523.2","0.138480047011034"
"AL589743.1","0.137470340820322"
"AL590235.1","0.13887293147672"
"AL591806.1","0.137912391804649"
"AL591893.1","0.136283652495101"
"AL592183.1","0.13841687961594"
"AL592528.1","0.137109703510766"
"AL645728.1","0.138088769928556"
"AL672294.1","0.137361858661579"
"AL773572.7","0.137296704514893"
"AL928654.7","0.137895235001842"
"AL928742.12","0.136768498987685"
"AL928768.3","0.137234087632024"
"ALAD","0.137008029120556"
"ALAS1","0.137361858661579"
"ALAS2","0.137109703510766"
"ALB","0.139978563302414"
"ALCAM","0.138779326304021"
"ALDH16A1","0.139422348618628"
"ALDH18A1","0.136524970131537"
"ALDH1A1","0.136768498987685"
"ALDH1A2","0.138842467131473"
"ALDH1A3","0.139315850837671"
"ALDH1B1","0.137651479625227"
"ALDH1L1","0.137875536570804"
"ALDH1L1-AS1","0.137109703510766"
"ALDH1L1-AS2","0.137296704514893"
"ALDH1L2","0.136562073354018"
"ALDH2","0.137191254754177"
"ALDH3A1","0.138405601955291"
"ALDH3A2","0.138041787141211"
"ALDH3B1","0.139005899596189"
"ALDH3B2","0.13666986813502"
"ALDH4A1","0.136768498987685"
"ALDH5A1","0.138842467131473"
"ALDH6A1","0.137840056092019"
"ALDH7A1","0.135352174316319"
"ALDH8A1","0.137109703510766"
"ALDH9A1","0.139031834539207"
"ALDOA","0.137501831634967"
"ALDOB","0.138088769928556"
"ALDOC","0.136526414114414"
"ALG1","0.139005899596189"
"ALG10","0.13841687961594"
"ALG10B","0.138031625409479"
"ALG11","0.138502408750336"
"ALG12","0.136317015690968"
"ALG13","0.137296704514893"
"ALG13-AS1","0.135572692658482"
"ALG14","0.138405601955291"
"ALG1L","0.137912391804649"
"ALG1L2","0.136300150852688"
"ALG2","0.139422348618628"
"ALG3","0.137895235001842"
"ALG5","0.136652807915165"
"ALG6","0.138502408750336"
"ALG8","0.138807115813837"
"ALG9","0.138779326304021"
"ALK","0.136317015690968"
"ALKBH1","0.138502408750336"
"ALKBH2","0.138088769928556"
"ALKBH3","0.136768498987685"
"ALKBH3-AS1","0.138405601955291"
"ALKBH4","0.137501831634967"
"ALKBH5","0.137191254754177"
"ALKBH6","0.137361858661579"
"ALKBH7","0.138502408750336"
"ALKBH8","0.139005899596189"
"ALLC","0.136524970131537"
"ALMS1","0.138807115813837"
"ALOX12","0.139005899596189"
"ALOX12-AS1","0.138615455662437"
"ALOX12B","0.138842467131473"
"ALOX15","0.138615455662437"
"ALOX15B","0.140057757127467"
"ALOX5","0.134581694869421"
"ALOX5AP","0.137234087632024"
"ALOXE3","0.137008029120556"
"ALPI","0.140511191654124"
"ALPK1","0.136259954607202"
"ALPK2","0.138615455662437"
"ALPK3","0.135857031057219"
"ALPL","0.137361858661579"
"ALPP","0.137501831634967"
"ALPPL2","0.137912391804649"
"ALS2","0.138807115813837"
"ALS2CL","0.138480047011034"
"ALS2CR11","0.137912391804649"
"ALS2CR12","0.138502408750336"
"ALX1","0.1385869734998"
"ALX3","0.1385869734998"
"ALX4","0.136768498987685"
"ALYREF","0.138906909874821"
"AMACR","0.137234087632024"
"AMBN","0.137296704514893"
"AMBP","0.138480047011034"
"AMBRA1","0.138807115813837"
"AMD1","0.138952256965509"
"AMDHD1","0.138615455662437"
"AMDHD2","0.138480047011034"
"AMELX","0.139005899596189"
"AMELY","0.136283652495101"
"AMER1","0.13841687961594"
"AMER2","0.139978563302414"
"AMER3","0.139315850837671"
"AMFR","0.138041787141211"
"AMH","0.137501831634967"
"AMHR2","0.139141493540026"
"AMIGO1","0.139978563302414"
"AMIGO2","0.138088769928556"
"AMIGO3","0.137191254754177"
"AMMECR1","0.138405601955291"
"AMMECR1L","0.139194586743546"
"AMN","0.137361858661579"
"AMN1","0.1385869734998"
"AMOT","0.138502408750336"
"AMOTL1","0.135857749659071"
"AMOTL2","0.139901668288791"
"AMPD1","0.137234087632024"
"AMPD2","0.138502408750336"
"AMPD3","0.137296704514893"
"AMPH","0.139422348618628"
"AMT","0.138807115813837"
"AMTN","0.136524970131537"
"AMY1A","0.136526414114414"
"AMY1B","0.138779326304021"
"AMY1C","0.13841687961594"
"AMY2A","0.138065034484301"
"AMY2B","0.137234087632024"
"AMZ1","0.136259954607202"
"AMZ2","0.135352174316319"
"ANAPC1","0.139677483596801"
"ANAPC10","0.138779326304021"
"ANAPC11","0.139194586743546"
"ANAPC13","0.138405601955291"
"ANAPC15","0.138779326304021"
"ANAPC16","0.137895235001842"
"ANAPC2","0.13841687961594"
"ANAPC4","0.137895235001842"
"ANAPC5","0.138480047011034"
"ANAPC7","0.138405601955291"
"ANG","0.137361858661579"
"ANGEL1","0.138842467131473"
"ANGEL2","0.136524970131537"
"ANGPT1","0.140683140711087"
"ANGPT2","0.138088769928556"
"ANGPT4","0.138502408750336"
"ANGPTL1","0.140057757127467"
"ANGPTL2","0.138502408750336"
"ANGPTL3","0.1385869734998"
"ANGPTL4","0.137470340820322"
"ANGPTL5","0.139194586743546"
"ANGPTL6","0.137470340820322"
"ANGPTL7","0.138480047011034"
"ANGPTL8","0.138779326304021"
"ANHX","0.138405601955291"
"ANK1","0.137191254754177"
"ANK2","0.138480047011034"
"ANK3","0.138842467131473"
"ANKAR","0.137191254754177"
"ANKDD1A","0.137895235001842"
"ANKDD1B","0.137008029120556"
"ANKEF1","0.137234087632024"
"ANKFN1","0.138329199313934"
"ANKFY1","0.138807115813837"
"ANKH","0.139901668288791"
"ANKHD1","0.139141493540026"
"ANKHD1-EIF4EBP3","0.136300150852688"
"ANKIB1","0.13841687961594"
"ANKK1","0.13666986813502"
"ANKLE1","0.138041787141211"
"ANKLE2","0.138842467131473"
"ANKMY1","0.137470340820322"
"ANKMY2","0.138779326304021"
"ANKRA2","0.137234087632024"
"ANKRD1","0.138779326304021"
"ANKRD10","0.138502408750336"
"ANKRD11","0.139194586743546"
"ANKRD12","0.140544437949694"
"ANKRD13A","0.138502408750336"
"ANKRD13B","0.139315850837671"
"ANKRD13C","0.139677483596801"
"ANKRD13D","0.137470340820322"
"ANKRD16","0.140511191654124"
"ANKRD17","0.13841687961594"
"ANKRD18A","0.139422348618628"
"ANKRD18B","0.137296704514893"
"ANKRD2","0.138657136739514"
"ANKRD20A1","0.138615455662437"
"ANKRD20A2","0.1385869734998"
"ANKRD20A3","0.138779326304021"
"ANKRD20A4","0.136524970131537"
"ANKRD22","0.138502408750336"
"ANKRD23","0.139315850837671"
"ANKRD24","0.139315850837671"
"ANKRD26","0.137912391804649"
"ANKRD27","0.139005899596189"
"ANKRD28","0.13841687961594"
"ANKRD29","0.138615455662437"
"ANKRD30A","0.137008029120556"
"ANKRD30B","0.136562073354018"
"ANKRD30BL","0.138842467131473"
"ANKRD31","0.13841687961594"
"ANKRD33","0.138502408750336"
"ANKRD33B","0.138041787141211"
"ANKRD33B-AS1","0.137912391804649"
"ANKRD34A","0.137234087632024"
"ANKRD34B","0.139005899596189"
"ANKRD34C","0.136300150852688"
"ANKRD35","0.139422348618628"
"ANKRD36","0.13841687961594"
"ANKRD36B","0.137361858661579"
"ANKRD36C","0.137234087632024"
"ANKRD37","0.137470340820322"
"ANKRD39","0.1385869734998"
"ANKRD40","0.139315850837671"
"ANKRD42","0.138405601955291"
"ANKRD44","0.1385869734998"
"ANKRD45","0.139005899596189"
"ANKRD46","0.139901668288791"
"ANKRD49","0.138405601955291"
"ANKRD50","0.140095954723158"
"ANKRD52","0.138964421051112"
"ANKRD53","0.138405601955291"
"ANKRD54","0.137912391804649"
"ANKRD55","0.138041787141211"
"ANKRD6","0.13841687961594"
"ANKRD60","0.138480047011034"
"ANKRD61","0.140057757127467"
"ANKRD62","0.138779326304021"
"ANKRD63","0.138842467131473"
"ANKRD65","0.137191254754177"
"ANKRD66","0.139978563302414"
"ANKRD7","0.139315850837671"
"ANKRD9","0.139065812937309"
"ANKS1A","0.13841687961594"
"ANKS1B","0.137361858661579"
"ANKS3","0.13666986813502"
"ANKS4B","0.139677483596801"
"ANKS6","0.137895235001842"
"ANKUB1","0.137008029120556"
"ANKZF1","0.140511191654124"
"ANLN","0.137895235001842"
"ANO1","0.140683140711087"
"ANO1-AS1","0.137470340820322"
"ANO1-AS2","0.140683140711087"
"ANO10","0.138480047011034"
"ANO2","0.137501831634967"
"ANO3","0.13841687961594"
"ANO4","0.136526414114414"
"ANO5","0.139677483596801"
"ANO6","0.137895235001842"
"ANO7","0.137008029120556"
"ANO8","0.139315850837671"
"ANO9","0.137912391804649"
"ANOS1","0.138842467131473"
"ANP32A","0.139194586743546"
"ANP32B","0.140544437949694"
"ANP32D","0.137008029120556"
"ANP32E","0.141091816908882"
"ANPEP","0.140057757127467"
"ANTXR1","0.139422348618628"
"ANTXR2","0.139141493540026"
"ANTXRL","0.136524455536672"
"ANXA1","0.14046224278246"
"ANXA10","0.139194586743546"
"ANXA11","0.139031834539207"
"ANXA13","0.138842467131473"
"ANXA2","0.139054591879678"
"ANXA2R","0.138480047011034"
"ANXA3","0.140683140711087"
"ANXA4","0.137895235001842"
"ANXA5","0.138615455662437"
"ANXA6","0.138842467131473"
"ANXA7","0.137470340820322"
"ANXA8","0.13847396662492"
"ANXA8L1","0.137191254754177"
"ANXA9","0.137501831634967"
"AOAH","0.138480047011034"
"AOC1","0.140095954723158"
"AOC2","0.139901668288791"
"AOC3","0.139901668288791"
"AOX1","0.139381647421038"
"AP000146.2","0.1385869734998"
"AP000221.1","0.137895235001842"
"AP000223.42","0.140683140711087"
"AP000230.1","0.138615455662437"
"AP000233.2","0.138088769928556"
"AP000233.4","0.138480047011034"
"AP000251.3","0.139677483596801"
"AP000253.1","0.13841687961594"
"AP000254.8","0.136317015690968"
"AP000255.6","0.13939928693828"
"AP000265.1","0.139901668288791"
"AP000266.7","0.139194586743546"
"AP000275.65","0.138779326304021"
"AP000281.2","0.135857031057219"
"AP000282.2","0.138088769928556"
"AP000289.6","0.140095954723158"
"AP000295.10","0.139978936208802"
"AP000295.9","0.136562073354018"
"AP000302.58","0.137956949580694"
"AP000304.12","0.137361858661579"
"AP000318.2","0.138615455662437"
"AP000320.6","0.138502408750336"
"AP000343.2","0.138480047011034"
"AP000344.3","0.1385869734998"
"AP000345.1","0.137912391804649"
"AP000349.2","0.137895235001842"
"AP000350.10","0.137296704514893"
"AP000350.5","0.139141493540026"
"AP000355.2","0.138906782128407"
"AP000402.3","0.138074341001437"
"AP000431.2","0.138480047011034"
"AP000432.2","0.140544437949694"
"AP000438.2","0.138074341001437"
"AP000439.1","0.138615455662437"
"AP000439.2","0.138807115813837"
"AP000439.3","0.138615455662437"
"AP000442.1","0.139901668288791"
"AP000442.4","0.138502408750336"
"AP000459.7","0.138508846155133"
"AP000462.2","0.139315850837671"
"AP000462.3","0.1385869734998"
"AP000472.2","0.139677483596801"
"AP000472.3","0.137109703510766"
"AP000473.5","0.139978563302414"
"AP000473.6","0.140511191654124"
"AP000473.8","0.137912391804649"
"AP000476.1","0.137470340820322"
"AP000477.3","0.138615455662437"
"AP000487.4","0.138405601955291"
"AP000487.5","0.136259954607202"
"AP000487.6","0.138911300124674"
"AP000569.9","0.139677483596801"
"AP000593.7","0.138842467131473"
"AP000640.10","0.13841687961594"
"AP000654.4","0.137895235001842"
"AP000679.2","0.137008029120556"
"AP000687.1","0.139727361259624"
"AP000688.11","0.139677483596801"
"AP000688.15","0.140095954723158"
"AP000688.29","0.136562073354018"
"AP000692.10","0.138807115813837"
"AP000695.4","0.139901668288791"
"AP000695.6","0.13959893343965"
"AP000696.2","0.140355331031921"
"AP000704.5","0.139978563302414"
"AP000708.1","0.139141493540026"
"AP000721.4","0.138615455662437"
"AP000769.1","0.139677483596801"
"AP000769.7","0.138405601955291"
"AP000797.3","0.141994911634909"
"AP000797.4","0.139194586743546"
"AP000857.3","0.138502408750336"
"AP000866.1","0.1385869734998"
"AP000892.4","0.137912391804649"
"AP000936.4","0.140511191654124"
"AP000962.2","0.137895235001842"
"AP000997.1","0.137109703510766"
"AP000997.2","0.137296704514893"
"AP001046.5","0.139005899596189"
"AP001046.6","0.138615455662437"
"AP001048.4","0.138842467131473"
"AP001055.6","0.1385869734998"
"AP001056.1","0.139422348618628"
"AP001057.1","0.138502408750336"
"AP001058.3","0.137501831634967"
"AP001059.5","0.140511191654124"
"AP001059.6","0.138502408750336"
"AP001059.7","0.139677483596801"
"AP001062.7","0.140932913846395"
"AP001062.9","0.138779326304021"
"AP001063.1","0.139677483596801"
"AP001065.15","0.138615455662437"
"AP001136.2","0.140544437949694"
"AP001171.1","0.138405601955291"
"AP001172.2","0.139426420389952"
"AP001189.4","0.135572692658482"
"AP001257.1","0.138405601955291"
"AP001258.4","0.137912391804649"
"AP001347.6","0.140057757127467"
"AP001372.2","0.141994911634909"
"AP001412.1","0.138405601955291"
"AP001432.14","0.138842467131473"
"AP001434.2","0.138502408750336"
"AP001437.1","0.1385869734998"
"AP001439.2","0.138405601955291"
"AP001462.6","0.1385869734998"
"AP001468.58","0.136317015690968"
"AP001469.5","0.138807115813837"
"AP001469.7","0.139194586743546"
"AP001469.9","0.137109703510766"
"AP001471.1","0.140095954723158"
"AP001476.2","0.140511191654124"
"AP001476.3","0.138502408750336"
"AP001476.4","0.139422348618628"
"AP001505.10","0.139901668288791"
"AP001596.6","0.137109703510766"
"AP001601.2","0.138329327060348"
"AP001604.3","0.139901668288791"
"AP001610.5","0.138807115813837"
"AP001610.9","0.138405601955291"
"AP001615.9","0.139194586743546"
"AP001619.3","0.137109703510766"
"AP001625.6","0.139677483596801"
"AP001626.1","0.138779326304021"
"AP001626.2","0.140355331031921"
"AP001627.1","0.138615455662437"
"AP001628.6","0.138842467131473"
"AP001628.7","0.138615455662437"
"AP001630.5","0.138969092606816"
"AP001891.1","0.138615455662437"
"AP002856.4","0.139677483596801"
"AP002856.5","0.140057757127467"
"AP002856.7","0.138480047011034"
"AP002884.2","0.140006412883346"
"AP002954.3","0.138480047011034"
"AP002954.4","0.13939928693828"
"AP003025.2","0.138615455662437"
"AP003068.23","0.139998026997718"
"AP003068.9","0.140683140711087"
"AP003419.16","0.140057757127467"
"AP003774.1","0.140008225153207"
"AP003774.4","0.1385869734998"
"AP003774.5","0.139978563302414"
"AP003774.6","0.139941774211664"
"AP003900.6","0.140095954723158"
"AP004372.1","0.139933299438137"
"AP004550.1","0.140095954723158"
"AP005242.1","0.138041787141211"
"AP005273.1","0.140932913846395"
"AP005530.1","0.139065812937309"
"AP005530.2","0.138807115813837"
"AP006216.10","0.138842467131473"
"AP006216.5","0.138842467131473"
"AP006222.2","0.139005899596189"
"AP006285.2","0.138480047011034"
"AP006285.6","0.139315850837671"
"AP006547.3","0.139065685190895"
"AP006621.5","0.138502408750336"
"AP006621.6","0.138502408750336"
"AP006621.8","0.138041787141211"
"AP006621.9","0.138962787816469"
"AP006748.1","0.139005899596189"
"AP1AR","0.140095954723158"
"AP1B1","0.136300150852688"
"AP1G1","0.138065034484301"
"AP1G2","0.138615455662437"
"AP1M1","0.139141493540026"
"AP1M2","0.138807115813837"
"AP1S1","0.137109703510766"
"AP1S2","0.137109703510766"
"AP1S3","0.138405601955291"
"AP2A1","0.140033105306745"
"AP2A2","0.139141493540026"
"AP2B1","0.140544437949694"
"AP2M1","0.138615455662437"
"AP2S1","0.139315850837671"
"AP3B1","0.137234087632024"
"AP3B2","0.138088769928556"
"AP3D1","0.137895235001842"
"AP3M1","0.137361858661579"
"AP3M2","0.138615455662437"
"AP3S1","0.139141493540026"
"AP3S2","0.137912391804649"
"AP4B1","0.137470340820322"
"AP4B1-AS1","0.135857031057219"
"AP4E1","0.137361858661579"
"AP4M1","0.139005899596189"
"AP4S1","0.1385869734998"
"AP5B1","0.138041787141211"
"AP5M1","0.137008029120556"
"AP5S1","0.13848518768255"
"AP5Z1","0.137643436962471"
"APAF1","0.137470340820322"
"APBA1","0.139194586743546"
"APBA2","0.138779326304021"
"APBA3","0.138088769928556"
"APBB1","0.137895235001842"
"APBB1IP","0.137008029120556"
"APBB2","0.136317015690968"
"APBB3","0.13841687961594"
"APC","0.138807115813837"
"APC2","0.138842467131473"
"APCDD1","0.139422348618628"
"APCDD1L","0.137296704514893"
"APCS","0.138088769928556"
"APEH","0.138480047011034"
"APELA","0.13765586987508"
"APEX1","0.137814259176753"
"APEX2","0.140057757127467"
"APH1A","0.138842467131473"
"APH1B","0.1385869734998"
"API5","0.139005899596189"
"APIP","0.139005899596189"
"APITD1","0.138842467131473"
"APITD1-CORT","0.139677483596801"
"APLF","0.140095954723158"
"APLN","0.138480047011034"
"APLNR","0.137296704514893"
"APLP1","0.137470340820322"
"APLP2","0.136768498987685"
"APMAP","0.137388301984298"
"APOA1","0.136768498987685"
"APOA1-AS","0.138041787141211"
"APOA1BP","0.1385869734998"
"APOA2","0.138807115813837"
"APOA4","0.138324410793064"
"APOA5","0.137294237115951"
"APOB","0.137501831634967"
"APOBEC1","0.138480047011034"
"APOBEC2","0.137109703510766"
"APOBEC3A","0.138088769928556"
"APOBEC3B","0.138041787141211"
"APOBEC3B-AS1","0.140511191654124"
"APOBEC3C","0.138615455662437"
"APOBEC3D","0.139005899596189"
"APOBEC3F","0.138779326304021"
"APOBEC3G","0.137234087632024"
"APOBEC3H","0.139901668288791"
"APOBEC4","0.137814259176753"
"APOBR","0.139141493540026"
"APOC1","0.138615455662437"
"APOC2","0.139005899596189"
"APOC3","0.137501831634967"
"APOC4","0.138842467131473"
"APOC4-APOC2","0.140511191654124"
"APOD","0.139315850837671"
"APOE","0.1385869734998"
"APOF","0.138041787141211"
"APOH","0.136283652495101"
"APOL1","0.138088769928556"
"APOL2","0.140511191654124"
"APOL3","0.139315850837671"
"APOL4","0.138502408750336"
"APOL5","0.138615455662437"
"APOL6","0.13666986813502"
"APOLD1","0.138088769928556"
"APOM","0.138807115813837"
"APOO","0.136652807915165"
"APOOL","0.137895235001842"
"APOPT1","0.138779326304021"
"APP","0.137296704514893"
"APPBP2","0.138480047011034"
"APPL1","0.138058729693954"
"APPL2","0.139901668288791"
"APRT","0.139194586743546"
"APTR","0.140511191654124"
"APTX","0.140057757127467"
"AQP1","0.139141493540026"
"AQP10","0.137234087632024"
"AQP11","0.139315850837671"
"AQP12B","0.137912391804649"
"AQP2","0.137361858661579"
"AQP3","0.138088769928556"
"AQP4","0.136768498987685"
"AQP4-AS1","0.138088769928556"
"AQP5","0.138088769928556"
"AQP6","0.138041787141211"
"AQP7","0.136317015690968"
"AQP8","0.138088769928556"
"AQP9","0.137361858661579"
"AQR","0.138041787141211"
"AR","0.137008029120556"
"ARAF","0.138807115813837"
"ARAP1","0.138779326304021"
"ARAP1-AS1","0.139141493540026"
"ARAP1-AS2","0.138489577932403"
"ARAP2","0.138779326304021"
"ARAP3","0.13666986813502"
"ARC","0.138502408750336"
"ARCN1","0.136283652495101"
"AREG","0.139194586743546"
"AREL1","0.1385869734998"
"ARF1","0.138779326304021"
"ARF3","0.137501831634967"
"ARF4","0.139315850837671"
"ARF4-AS1","0.136768498987685"
"ARF5","0.137501831634967"
"ARF6","0.138502408750336"
"ARFGAP1","0.1385869734998"
"ARFGAP2","0.138041787141211"
"ARFGAP3","0.137191254754177"
"ARFGEF1","0.140057757127467"
"ARFGEF2","0.136283652495101"
"ARFGEF3","0.136562073354018"
"ARFIP1","0.137296704514893"
"ARFIP2","0.139508051443035"
"ARFRP1","0.137895235001842"
"ARG1","0.137234087632024"
"ARG2","0.13666986813502"
"ARGLU1","0.138069950751584"
"ARHGAP1","0.139978563302414"
"ARHGAP10","0.137501831634967"
"ARHGAP11A","0.138480047011034"
"ARHGAP11B","0.136283652495101"
"ARHGAP12","0.138041787141211"
"ARHGAP15","0.137912391804649"
"ARHGAP17","0.137234087632024"
"ARHGAP18","0.137470340820322"
"ARHGAP19","0.137501831634967"
"ARHGAP19-SLIT1","0.137109703510766"
"ARHGAP20","0.138842467131473"
"ARHGAP21","0.1393902581848"
"ARHGAP22","0.137895235001842"
"ARHGAP23","0.135857031057219"
"ARHGAP24","0.138807115813837"
"ARHGAP25","0.139005899596189"
"ARHGAP26","0.137912391804649"
"ARHGAP26-AS1","0.139390812164753"
"ARHGAP27","0.138041787141211"
"ARHGAP28","0.136524455536672"
"ARHGAP29","0.137895235001842"
"ARHGAP30","0.136768498987685"
"ARHGAP31","0.139422348618628"
"ARHGAP31-AS1","0.136283652495101"
"ARHGAP32","0.137470340820322"
"ARHGAP33","0.137234087632024"
"ARHGAP35","0.137912391804649"
"ARHGAP36","0.137912391804649"
"ARHGAP39","0.136526414114414"
"ARHGAP4","0.137191254754177"
"ARHGAP40","0.137470340820322"
"ARHGAP42","0.136652807915165"
"ARHGAP44","0.138041787141211"
"ARHGAP5","0.137912391804649"
"ARHGAP5-AS1","0.137470340820322"
"ARHGAP6","0.135857031057219"
"ARHGAP8","0.137361858661579"
"ARHGAP9","0.137109703510766"
"ARHGDIA","0.137008029120556"
"ARHGDIB","0.134385654436883"
"ARHGDIG","0.137501831634967"
"ARHGEF1","0.139141493540026"
"ARHGEF10","0.137191254754177"
"ARHGEF10L","0.137912391804649"
"ARHGEF11","0.137501831634967"
"ARHGEF12","0.139422348618628"
"ARHGEF15","0.137501831634967"
"ARHGEF16","0.137814259176753"
"ARHGEF17","0.137895235001842"
"ARHGEF18","0.138807115813837"
"ARHGEF19","0.1385869734998"
"ARHGEF2","0.137296704514893"
"ARHGEF25","0.137234087632024"
"ARHGEF26","0.137895235001842"
"ARHGEF28","0.137296704514893"
"ARHGEF3","0.137191254754177"
"ARHGEF3-AS1","0.136317015690968"
"ARHGEF33","0.136768498987685"
"ARHGEF35","0.13841687961594"
"ARHGEF37","0.135857031057219"
"ARHGEF38","0.135572692658482"
"ARHGEF39","0.136524455536672"
"ARHGEF4","0.134135236236894"
"ARHGEF40","0.138480047011034"
"ARHGEF5","0.136317015690968"
"ARHGEF6","0.137470340820322"
"ARHGEF7","0.137814259176753"
"ARHGEF7-AS1","0.133186717718399"
"ARHGEF7-AS2","0.138041787141211"
"ARHGEF9","0.13841687961594"
"ARID1A","0.136051481149813"
"ARID1B","0.138041787141211"
"ARID2","0.136317015690968"
"ARID3A","0.136562073354018"
"ARID3B","0.138615455662437"
"ARID3C","0.138807115813837"
"ARID4A","0.138041787141211"
"ARID4B","0.137912391804649"
"ARID5A","0.13841687961594"
"ARID5B","0.137396344647054"
"ARIH1","0.137470340820322"
"ARIH2","0.13841687961594"
"ARIH2OS","0.138088769928556"
"ARL1","0.136051481149813"
"ARL10","0.137470340820322"
"ARL11","0.138779326304021"
"ARL13A","0.13666986813502"
"ARL13B","0.137008029120556"
"ARL14","0.136283652495101"
"ARL14EP","0.136300150852688"
"ARL14EPL","0.137470340820322"
"ARL15","0.138502408750336"
"ARL16","0.137296704514893"
"ARL17A","0.1385869734998"
"ARL17B","0.13841687961594"
"ARL2","0.134581694869421"
"ARL2BP","0.138842467131473"
"ARL3","0.137814259176753"
"ARL4A","0.137501831634967"
"ARL4C","0.138088769928556"
"ARL4D","0.133937103279754"
"ARL5A","0.137956949580694"
"ARL5B","0.139999722342202"
"ARL5C","0.136768498987685"
"ARL6","0.137109703510766"
"ARL6IP1","0.139141493540026"
"ARL6IP4","0.138615455662437"
"ARL6IP5","0.13666986813502"
"ARL6IP6","0.137191254754177"
"ARL8A","0.135572692658482"
"ARL8B","0.137501831634967"
"ARL9","0.137470340820322"
"ARMC1","0.136259954607202"
"ARMC10","0.138480047011034"
"ARMC12","0.1385869734998"
"ARMC2","0.137109703510766"
"ARMC2-AS1","0.139141493540026"
"ARMC3","0.136317015690968"
"ARMC4","0.13877732707017"
"ARMC5","0.137814259176753"
"ARMC6","0.138480047011034"
"ARMC7","0.134581694869421"
"ARMC8","0.135590601959882"
"ARMC9","0.138518306231706"
"ARMCX1","0.137895235001842"
"ARMCX2","0.138615455662437"
"ARMCX3","0.137867621654462"
"ARMCX3-AS1","0.138480047011034"
"ARMCX4","0.138807115813837"
"ARMCX5","0.137912391804649"
"ARMCX6","0.137501831634967"
"ARMS2","0.137942971507853"
"ARMT1","0.13666986813502"
"ARNT","0.135857749659071"
"ARNT2","0.137814259176753"
"ARNTL","0.137470340820322"
"ARNTL2","0.138088769928556"
"ARNTL2-AS1","0.139978563302414"
"ARPC1A","0.13831973923736"
"ARPC1B","0.136283652495101"
"ARPC2","0.137160540109216"
"ARPC3","0.137191254754177"
"ARPC4","0.133716896765467"
"ARPC4-TTLL3","0.136816463159899"
"ARPC5","0.138088769928556"
"ARPC5L","0.136652807915165"
"ARPIN","0.134829787499859"
"ARPP19","0.138480047011034"
"ARPP21","0.136652807915165"
"ARRB1","0.136562073354018"
"ARRB2","0.137296704514893"
"ARRDC1","0.137814259176753"
"ARRDC1-AS1","0.136283652495101"
"ARRDC2","0.133937103279754"
"ARRDC3","0.137501831634967"
"ARRDC3-AS1","0.138041787141211"
"ARRDC4","0.138779326304021"
"ARRDC5","0.139194586743546"
"ARSA","0.138615455662437"
"ARSB","0.136317015690968"
"ARSD","0.1385869734998"
"ARSD-AS1","0.137281804203342"
"ARSE","0.136768498987685"
"ARSF","0.136317015690968"
"ARSG","0.137109703510766"
"ARSH","0.135857749659071"
"ARSI","0.136526414114414"
"ARSJ","0.137008029120556"
"ARSK","0.138033795004393"
"ART1","0.134581694869421"
"ART3","0.138480047011034"
"ART4","0.13841687961594"
"ART5","0.136259954607202"
"ARTN","0.136816335413485"
"ARV1","0.134930341224736"
"ARVCF","0.137191254754177"
"ARX","0.13666986813502"
"AS3MT","0.134333476923449"
"ASAH1","0.13841687961594"
"ASAH2","0.139315850837671"
"ASAH2B","0.137109703510766"
"ASAP1","0.137296704514893"
"ASAP2","0.137296704514893"
"ASAP3","0.138088769928556"
"ASB1","0.134930341224736"
"ASB10","0.139141493540026"
"ASB11","0.137191254754177"
"ASB12","0.137191254754177"
"ASB13","0.136652807915165"
"ASB14","0.136283652495101"
"ASB15","0.135572692658482"
"ASB16","0.135857749659071"
"ASB16-AS1","0.139699107620472"
"ASB17","0.136051481149813"
"ASB18","0.137895235001842"
"ASB2","0.137814259176753"
"ASB3","0.139901668288791"
"ASB4","0.136757712582301"
"ASB5","0.13841687961594"
"ASB6","0.137470340820322"
"ASB7","0.138088769928556"
"ASB8","0.137109703510766"
"ASB9","0.137470340820322"
"ASCC1","0.138779326304021"
"ASCC2","0.135572692658482"
"ASCC3","0.139141493540026"
"ASCL1","0.137895235001842"
"ASCL2","0.1385869734998"
"ASCL3","0.136468362116007"
"ASCL4","0.137501831634967"
"ASCL5","0.137814259176753"
"ASF1A","0.136524455536672"
"ASF1B","0.137191254754177"
"ASGR1","0.138041787141211"
"ASGR2","0.138088769928556"
"ASH1L","0.138807115813837"
"ASH1L-AS1","0.136526414114414"
"ASH2L","0.135572692658482"
"ASIC1","0.136317015690968"
"ASIC2","0.137470340820322"
"ASIC3","0.137008029120556"
"ASIC4","0.137296704514893"
"ASIC5","0.137470340820322"
"ASIP","0.137109703510766"
"ASL","0.13841687961594"
"ASMT","0.137361858661579"
"ASMTL","0.136259954607202"
"ASMTL-AS1","0.134930341224736"
"ASNA1","0.137895235001842"
"ASNS","0.135590601959882"
"ASNSD1","0.137912391804649"
"ASPA","0.137008029120556"
"ASPDH","0.137895235001842"
"ASPG","0.134930341224736"
"ASPH","0.137109703510766"
"ASPHD1","0.133937103279754"
"ASPHD2","0.133124804728085"
"ASPM","0.13350766743144"
"ASPN","0.138041787141211"
"ASPRV1","0.136524455536672"
"ASPSCR1","0.13666986813502"
"ASRGL1","0.138041787141211"
"ASS1","0.137109703510766"
"ASTE1","0.138502408750336"
"ASTL","0.13841687961594"
"ASTN1","0.136562073354018"
"ASTN2","0.133716896765467"
"ASTN2-AS1","0.137501831634967"
"ASUN","0.138088769928556"
"ASXL1","0.137814259176753"
"ASXL2","0.137814259176753"
"ASXL3","0.138779326304021"
"ASZ1","0.138615455662437"
"ATAD1","0.138842467131473"
"ATAD2","0.136317015690968"
"ATAD2B","0.137109703510766"
"ATAD3A","0.138041787141211"
"ATAD3B","0.137895235001842"
"ATAD3C","0.133284012934618"
"ATAD5","0.137109703510766"
"ATAT1","0.138502408750336"
"ATCAY","0.139677483596801"
"ATE1","0.1385869734998"
"ATE1-AS1","0.138779326304021"
"ATF1","0.138502408750336"
"ATF2","0.138041787141211"
"ATF3","0.136526414114414"
"ATF4","0.137361858661579"
"ATF5","0.138088769928556"
"ATF6","0.137501831634967"
"ATF6B","0.136768498987685"
"ATF7","0.135547059687109"
"ATF7IP","0.13841687961594"
"ATF7IP2","0.138779326304021"
"ATG10","0.134385654436883"
"ATG10-AS1","0.136562073354018"
"ATG101","0.133297404491723"
"ATG12","0.137912391804649"
"ATG13","0.13841687961594"
"ATG14","0.138480047011034"
"ATG16L1","0.137008029120556"
"ATG16L2","0.136051481149813"
"ATG2A","0.136524455536672"
"ATG2B","0.138088769928556"
"ATG3","0.135590601959882"
"ATG4A","0.136741735275609"
"ATG4B","0.137814259176753"
"ATG4C","0.137814259176753"
"ATG4D","0.138088769928556"
"ATG5","0.136768498987685"
"ATG7","0.137191254754177"
"ATG9A","0.133716896765467"
"ATG9B","0.136259954607202"
"ATHL1","0.136652807915165"
"ATIC","0.136259954607202"
"ATL1","0.137470340820322"
"ATL2","0.1385869734998"
"ATL3","0.136562073354018"
"ATM","0.137501831634967"
"ATMIN","0.138502408750336"
"ATN1","0.13841687961594"
"ATOH1","0.136300150852688"
"ATOH7","0.136768498987685"
"ATOH8","0.138480047011034"
"ATOX1","0.137501831634967"
"ATP10A","0.138510391315364"
"ATP10B","0.138502408750336"
"ATP10D","0.135547059687109"
"ATP11A","0.136652807915165"
"ATP11A-AS1","0.138041787141211"
"ATP11AUN","0.137008029120556"
"ATP11B","0.137912391804649"
"ATP11C","0.136524455536672"
"ATP12A","0.134333476923449"
"ATP13A1","0.136768498987685"
"ATP13A2","0.137912391804649"
"ATP13A3","0.136849691416125"
"ATP13A4","0.136562073354018"
"ATP13A4-AS1","0.138502408750336"
"ATP13A5","0.138480047011034"
"ATP13A5-AS1","0.133284012934618"
"ATP1A1","0.136524455536672"
"ATP1A2","0.136524455536672"
"ATP1A3","0.137361858661579"
"ATP1A4","0.137474004808705"
"ATP1B1","0.136317015690968"
"ATP1B2","0.137912391804649"
"ATP1B3","0.138779326304021"
"ATP1B3-AS1","0.135547059687109"
"ATP1B4","0.136524455536672"
"ATP2A1","0.138458054230878"
"ATP2A1-AS1","0.137109703510766"
"ATP2A2","0.137008029120556"
"ATP2A3","0.13999422093528"
"ATP2B1","0.136524455536672"
"ATP2B2","0.1385869734998"
"ATP2B3","0.138041787141211"
"ATP2B4","0.137814259176753"
"ATP2C1","0.136562073354018"
"ATP2C2","0.136768498987685"
"ATP4A","0.137296704514893"
"ATP4B","0.137895235001842"
"ATP5A1","0.138041787141211"
"ATP5B","0.136317015690968"
"ATP5C1","0.138779326304021"
"ATP5D","0.137814259176753"
"ATP5E","0.138480047011034"
"ATP5EP2","0.135857749659071"
"ATP5F1","0.137191254754177"
"ATP5G1","0.135572692658482"
"ATP5G2","0.138615455662437"
"ATP5G3","0.137814259176753"
"ATP5H","0.137895235001842"
"ATP5I","0.1385869734998"
"ATP5J","0.137470340820322"
"ATP5J2","0.136562073354018"
"ATP5J2-PTCD1","0.13841687961594"
"ATP5L","0.138041787141211"
"ATP5L2","0.137361858661579"
"ATP5O","0.135547059687109"
"ATP5S","0.137814259176753"
"ATP5SL","0.137109703510766"
"ATP6AP1","0.137501831634967"
"ATP6AP1L","0.137191254754177"
"ATP6AP2","0.138318106002717"
"ATP6V0A1","0.137191254754177"
"ATP6V0A2","0.136051481149813"
"ATP6V0A4","0.138635384830923"
"ATP6V0B","0.137008029120556"
"ATP6V0C","0.137109703510766"
"ATP6V0D1","0.1385869734998"
"ATP6V0D2","0.136524455536672"
"ATP6V0E1","0.136283652495101"
"ATP6V0E2","0.134581694869421"
"ATP6V0E2-AS1","0.137912391804649"
"ATP6V1A","0.137296704514893"
"ATP6V1B1","0.137109703510766"
"ATP6V1B1-AS1","0.137501831634967"
"ATP6V1B2","0.13666986813502"
"ATP6V1C1","0.137191254754177"
"ATP6V1C2","0.135572692658482"
"ATP6V1D","0.138268713014955"
"ATP6V1E1","0.137814259176753"
"ATP6V1E2","0.137289846866097"
"ATP6V1F","0.137361858661579"
"ATP6V1G1","0.13841687961594"
"ATP6V1G2","0.138041787141211"
"ATP6V1G2-DDX39B","0.138779326304021"
"ATP6V1G3","0.137501831634967"
"ATP6V1H","0.1385869734998"
"ATP7A","0.136562073354018"
"ATP7B","0.138268713014955"
"ATP8A1","0.138615455662437"
"ATP8A2","0.135138797008627"
"ATP8B1","0.13841687961594"
"ATP8B2","0.138502408750336"
"ATP8B3","0.139422348618628"
"ATP8B4","0.133716896765467"
"ATP9A","0.138268713014955"
"ATP9B","0.139677483596801"
"ATPAF1","0.136317015690968"
"ATPAF2","0.137361858661579"
"ATPIF1","0.13877732707017"
"ATR","0.139422348618628"
"ATRAID","0.137470340820322"
"ATRIP","0.138779326304021"
"ATRN","0.135547059687109"
"ATRNL1","0.137470340820322"
"ATRX","0.138088769928556"
"ATXN1","0.13666986813502"
"ATXN10","0.138842467131473"
"ATXN1L","0.136524455536672"
"ATXN2","0.13666986813502"
"ATXN2L","0.136562073354018"
"ATXN3","0.137912391804649"
"ATXN7","0.135857749659071"
"ATXN7L1","0.139194586743546"
"ATXN7L2","0.139194586743546"
"ATXN7L3","0.137942971507853"
"ATXN7L3B","0.138268713014955"
"ATXN8OS","0.136283652495101"
"AUH","0.137501831634967"
"AUNIP","0.136283652495101"
"AUP1","0.138502408750336"
"AURKA","0.13877732707017"
"AURKAIP1","0.138615455662437"
"AURKB","0.137109703510766"
"AURKC","0.138615455662437"
"AUTS2","0.13841687961594"
"AVEN","0.136524455536672"
"AVIL","0.138615455662437"
"AVL9","0.138946875422427"
"AVP","0.137109703510766"
"AVPI1","0.137296704514893"
"AVPR1A","0.138615455662437"
"AVPR1B","0.136524455536672"
"AVPR2","0.137361858661579"
"AWAT1","0.139422348618628"
"AWAT2","0.134930341224736"
"AXDND1","0.137814259176753"
"AXIN1","0.137677493898751"
"AXIN2","0.137361858661579"
"AXL","0.135857749659071"
"AZGP1","0.137191254754177"
"AZI2","0.138088769928556"
"AZIN1","0.135547059687109"
"AZIN1-AS1","0.13666986813502"
"AZIN2","0.13841687961594"
"AZU1","0.133716896765467"
"B2M","0.135590601959882"
"B3GALNT1","0.136652807915165"
"B3GALNT2","0.137672975902484"
"B3GALT1","0.137895235001842"
"B3GALT2","0.13555703133028"
"B3GALT4","0.137814259176753"
"B3GALT5","0.137289846866097"
"B3GALT5-AS1","0.138491300526448"
"B3GALT6","0.137501831634967"
"B3GAT1","0.136562073354018"
"B3GAT2","0.138088769928556"
"B3GAT3","0.1385869734998"
"B3GLCT","0.13841687961594"
"B3GNT2","0.139194586743546"
"B3GNT3","0.138779326304021"
"B3GNT4","0.13841687961594"
"B3GNT5","0.138842467131473"
"B3GNT6","0.139141493540026"
"B3GNT7","0.138268713014955"
"B3GNT8","0.137639125250797"
"B3GNT9","0.13666986813502"
"B3GNTL1","0.136317015690968"
"B4GALNT1","0.1385869734998"
"B4GALNT2","0.138502408750336"
"B4GALNT3","0.137912391804649"
"B4GALNT4","0.137470340820322"
"B4GALT1","0.136652807915165"
"B4GALT1-AS1","0.138615455662437"
"B4GALT2","0.138268713014955"
"B4GALT3","0.137912391804649"
"B4GALT4","0.137470340820322"
"B4GALT5","0.13841687961594"
"B4GALT6","0.137191254754177"
"B4GALT7","0.138088769928556"
"B4GAT1","0.137361858661579"
"B9D1","0.135547059687109"
"B9D2","0.137814259176753"
"BAALC","0.138615455662437"
"BAALC-AS1","0.138491300526448"
"BAALC-AS2","0.137008029120556"
"BAAT","0.136534347997924"
"BABAM1","0.136768498987685"
"BACE1","0.137278625808467"
"BACE1-AS","0.137374592738464"
"BACE2","0.137895235001842"
"BACE2-IT1","0.138088769928556"
"BACH1","0.137912391804649"
"BACH1-AS1","0.138842467131473"
"BACH1-IT2","0.137906633933326"
"BACH2","0.137160540109216"
"BAD","0.137191254754177"
"BAG1","0.138088769928556"
"BAG2","0.139194586743546"
"BAG3","0.137281804203342"
"BAG4","0.138268713014955"
"BAG5","0.138041787141211"
"BAG6","0.138088769928556"
"BAHCC1","0.138268713014955"
"BAHD1","0.137296704514893"
"BAIAP2","0.139194586743546"
"BAIAP2-AS1","0.1385869734998"
"BAIAP2L1","0.137814259176753"
"BAIAP2L2","0.13831973923736"
"BAIAP3","0.138502408750336"
"BAK1","0.13739621690064"
"BAMBI","0.1385869734998"
"BANCR","0.138268713014955"
"BANF1","0.139901668288791"
"BANF2","0.138088769928556"
"BANK1","0.139390264642761"
"BANP","0.138949442410144"
"BAP1","0.137278625808467"
"BARD1","0.1385869734998"
"BARHL1","0.138268713014955"
"BARHL2","0.13877732707017"
"BARX1","0.1385869734998"
"BARX1-AS1","0.138502408750336"
"BARX2","0.138041787141211"
"BASP1","0.13841687961594"
"BATF","0.135138797008627"
"BATF2","0.138088769928556"
"BATF3","0.136652807915165"
"BAX","0.136562073354018"
"BAZ1A","0.138041787141211"
"BAZ1B","0.138041787141211"
"BAZ2A","0.136300150852688"
"BAZ2B","0.139141493540026"
"BBC3","0.136524455536672"
"BBIP1","0.135547059687109"
"BBOF1","0.137191254754177"
"BBOX1","0.137501831634967"
"BBOX1-AS1","0.138318106002717"
"BBS1","0.13841687961594"
"BBS10","0.136768498987685"
"BBS12","0.138088769928556"
"BBS2","0.137008029120556"
"BBS4","0.137168582771972"
"BBS5","0.137460295562871"
"BBS7","0.137278625808467"
"BBS9","0.139194586743546"
"BBX","0.137294237115951"
"BCAM","0.138779326304021"
"BCAN","0.136913850615583"
"BCAP29","0.138268713014955"
"BCAP31","0.137472459648474"
"BCAR1","0.137172973021825"
"BCAR3","0.137640258567597"
"BCAR4","0.137470340820322"
"BCAS1","0.139194586743546"
"BCAS2","0.137191254754177"
"BCAS3","0.137481919725047"
"BCAS4","0.137191254754177"
"BCAT1","0.136757712582301"
"BCAT2","0.139194586743546"
"BCCIP","0.139194586743546"
"BCDIN3D","0.13877732707017"
"BCDIN3D-AS1","0.137296704514893"
"BCHE","0.136768498987685"
"BCKDHA","0.137361858661579"
"BCKDHB","0.136283652495101"
"BCKDK","0.139194586743546"
"BCL10","0.1385869734998"
"BCL11A","0.138041787141211"
"BCL11B","0.137296704514893"
"BCL2","0.137486437721314"
"BCL2A1","0.13877732707017"
"BCL2L1","0.13877732707017"
"BCL2L10","0.139422348618628"
"BCL2L11","0.137470340820322"
"BCL2L12","0.139508051443035"
"BCL2L13","0.138949442410144"
"BCL2L14","0.135547059687109"
"BCL2L15","0.139194586743546"
"BCL2L2","0.138695662178826"
"BCL2L2-PABPN1","0.138088769928556"
"BCL3","0.139901668288791"
"BCL6","0.137501831634967"
"BCL6B","0.137501831634967"
"BCL7A","0.13877732707017"
"BCL7B","0.138932382958199"
"BCL7C","0.136524455536672"
"BCL9","0.138502408750336"
"BCL9L","0.136652807915165"
"BCLAF1","0.138807115813837"
"BCO1","0.138926764576584"
"BCO2","0.138949442410144"
"BCOR","0.137814259176753"
"BCORL1","0.137470340820322"
"BCR","0.136526414114414"
"BCS1L","0.136768498987685"
"BCYRN1","0.137472459648474"
"BDH1","0.138041787141211"
"BDH2","0.136652807915165"
"BDKRB1","0.137651479625227"
"BDKRB2","0.137109703510766"
"BDNF","0.136768498987685"
"BDNF-AS","0.137361858661579"
"BDP1","0.139376077474002"
"BEAN1","0.137501831634967"
"BEAN1-AS1","0.138502408750336"
"BECN1","0.138502408750336"
"BEGAIN","0.139699107620472"
"BEND2","0.13841687961594"
"BEND3","0.137912391804649"
"BEND4","0.139368489704054"
"BEND5","0.139376077474002"
"BEND6","0.138268713014955"
"BEND7","0.13844356176665"
"BEST1","0.139422348618628"
"BEST2","0.139194586743546"
"BEST3","0.137296704514893"
"BEST4","0.137875664317218"
"BET1","0.13841687961594"
"BET1L","0.138949442410144"
"BEX1","0.138807115813837"
"BEX2","0.138088769928556"
"BEX4","0.138041787141211"
"BEX5","0.138268713014955"
"BFAR","0.139453733881173"
"BFSP1","0.138058729693954"
"BFSP2","0.137361858661579"
"BFSP2-AS1","0.138268713014955"
"BGLAP","0.1385869734998"
"BGN","0.1385869734998"
"BHLHA15","0.139194586743546"
"BHLHB9","0.136524455536672"
"BHLHE22","0.138451209284449"
"BHLHE23","0.137814259176753"
"BHLHE40","0.137501831634967"
"BHLHE40-AS1","0.138807115813837"
"BHLHE41","0.138807115813837"
"BHMG1","0.138268713014955"
"BHMT","0.137486437721314"
"BHMT2","0.137470340820322"
"BICC1","0.137912391804649"
"BICD1","0.140511191654124"
"BICD2","0.138949442410144"
"BID","0.13877732707017"
"BIK","0.138767409760749"
"BIN1","0.13666986813502"
"BIN2","0.139699107620472"
"BIN3","0.136768498987685"
"BIRC2","0.138949442410144"
"BIRC3","0.137257970528724"
"BIRC5","0.137920682993466"
"BIRC6","0.137191254754177"
"BIRC6-AS2","0.137501831634967"
"BIRC7","0.138615455662437"
"BISPR","0.140511191654124"
"BIVM","0.137296704514893"
"BLACAT1","0.137470340820322"
"BLACE","0.139422348618628"
"BLCAP","0.137296704514893"
"BLID","0.138615455662437"
"BLK","0.13734248573248"
"BLM","0.138042817299913"
"BLMH","0.137008029120556"
"BLNK","0.13841687961594"
"BLOC1S1","0.139911200557192"
"BLOC1S2","0.139194586743546"
"BLOC1S3","0.139315850837671"
"BLOC1S4","0.137609853709327"
"BLOC1S5","0.138807115813837"
"BLOC1S6","0.137814259176753"
"BLVRA","0.138928083476585"
"BLVRB","0.138842467131473"
"BLZF1","0.13877732707017"
"BMF","0.138088769928556"
"BMI1","0.139194586743546"
"BMP1","0.137814259176753"
"BMP15","0.137191254754177"
"BMP2","0.137354718731154"
"BMP2K","0.138041787141211"
"BMP3","0.138779326304021"
"BMP4","0.137361858661579"
"BMP5","0.13877732707017"
"BMP6","0.137895235001842"
"BMP7","0.138088769928556"
"BMP7-AS1","0.137895235001842"
"BMP8A","0.139422348618628"
"BMP8B","0.13790859491317"
"BMPER","0.138438428146522"
"BMPR1A","0.138502408750336"
"BMPR1B","0.137501831634967"
"BMPR1B-AS1","0.137008029120556"
"BMPR2","0.137501831634967"
"BMS1","0.13944046798176"
"BMS1P14","0.137912391804649"
"BMX","0.135572692658482"
"BNC1","0.138088769928556"
"BNC2","0.137912391804649"
"BNIP1","0.137400734896907"
"BNIP2","0.137342357986066"
"BNIP3","0.136652807915165"
"BNIP3L","0.13841687961594"
"BNIPL","0.138842467131473"
"BOC","0.13806982300517"
"BOD1","0.137470340820322"
"BOD1L1","0.138502408750336"
"BOD1L2","0.138615455662437"
"BOK","0.137895235001842"
"BOK-AS1","0.138060362928597"
"BOLA1","0.137651351878813"
"BOLA2","0.136652807915165"
"BOLA2B","0.138477145019794"
"BOLA3","0.138767409760749"
"BOLA3-AS1","0.138842467131473"
"BOLL","0.139141493540026"
"BOP1","0.137109703510766"
"BORA","0.138058729693954"
"BORCS5","0.138615455662437"
"BORCS6","0.138779326304021"
"BORCS7","0.137866076494231"
"BORCS8","0.137912391804649"
"BORCS8-MEF2B","0.1385869734998"
"BPGM","0.137346875982333"
"BPHL","0.138268713014955"
"BPI","0.139315850837671"
"BPIFA1","0.138779326304021"
"BPIFA2","0.140025457788946"
"BPIFA3","0.139194586743546"
"BPIFB1","0.137168582771972"
"BPIFB2","0.139508051443035"
"BPIFB4","0.139422348618628"
"BPIFB6","0.138807115813837"
"BPIFC","0.138842467131473"
"BPNT1","0.137482047471461"
"BPTF","0.137501831634967"
"BRAF","0.136524455536672"
"BRAP","0.13877732707017"
"BRAT1","0.138949442410144"
"BRCA1","0.137814259176753"
"BRCA2","0.137814259176753"
"BRCC3","0.139194586743546"
"BRD1","0.139315850837671"
"BRD2","0.138477145019794"
"BRD3","0.1385869734998"
"BRD4","0.136283652495101"
"BRD7","0.138502408750336"
"BRD8","0.1385869734998"
"BRD9","0.138088769928556"
"BRDT","0.13841687961594"
"BRE","0.138502408750336"
"BRF1","0.137895235001842"
"BRF2","0.137912391804649"
"BRI3","0.137115489568453"
"BRI3BP","0.138842467131473"
"BRICD5","0.137361858661579"
"BRINP1","0.13666986813502"
"BRINP2","0.137346875982333"
"BRINP3","0.137912391804649"
"BRIP1","0.138088769928556"
"BRIX1","0.137895235001842"
"BRK1","0.139508051443035"
"BRMS1","0.136768498987685"
"BRMS1L","0.137342030839673"
"BROX","0.137350073502428"
"BRPF1","0.13877732707017"
"BRPF3","0.137814259176753"
"BRS3","0.139315850837671"
"BRSK1","0.139422348618628"
"BRSK2","0.137338852444798"
"BRWD1","0.139376077474002"
"BRWD1-AS1","0.138779326304021"
"BRWD1-AS2","0.138779326304021"
"BRWD3","0.138268713014955"
"BSCL2","0.138949442410144"
"BSDC1","0.137296704514893"
"BSG","0.1385869734998"
"BSN","0.137501831634967"
"BSN-AS1","0.13728025904311"
"BSN-AS2","0.136562073354018"
"BSND","0.137008029120556"
"BSPRY","0.138041787141211"
"BST1","0.137895235001842"
"BST2","0.138807115813837"
"BTAF1","0.137445282074978"
"BTBD1","0.138502408750336"
"BTBD10","0.1385869734998"
"BTBD11","0.137912391804649"
"BTBD16","0.136927828688423"
"BTBD17","0.138088769928556"
"BTBD18","0.138041787141211"
"BTBD19","0.137470340820322"
"BTBD2","0.13841687961594"
"BTBD3","0.137361858661579"
"BTBD6","0.137361858661579"
"BTBD7","0.13877732707017"
"BTBD8","0.137460681251634"
"BTBD9","0.137841685919116"
"BTBD9-AS1","0.13877732707017"
"BTC","0.139141493540026"
"BTD","0.137912391804649"
"BTF3","0.137814259176753"
"BTF3L4","0.137385123589424"
"BTG1","0.1385869734998"
"BTG2","0.13841687961594"
"BTG3","0.137109703510766"
"BTG4","0.13877732707017"
"BTK","0.137350073502428"
"BTLA","0.137346875982333"
"BTN1A1","0.137912391804649"
"BTN2A1","0.136900879764777"
"BTN2A2","0.139194586743546"
"BTN3A1","0.137501831634967"
"BTN3A2","0.136785502092117"
"BTN3A3","0.138088769928556"
"BTNL2","0.137191254754177"
"BTNL3","0.137158994948985"
"BTNL8","0.137008029120556"
"BTNL9","0.136283652495101"
"BTRC","0.137296704514893"
"BUB1","0.137109703510766"
"BUB1B","0.137895235001842"
"BUB1B-PAK6","0.138502408750336"
"BUB3","0.138615455662437"
"BUD13","0.137445282074978"
"BUD31","0.138949442410144"
"BVES","0.137501831634967"
"BVES-AS1","0.137501831634967"
"BX004987.4","0.137296704514893"
"BX255923.3","0.136259954607202"
"BX322557.13","0.137445282074978"
"BX322559.3","0.138615455662437"
"BX470102.3","0.136051481149813"
"BYSL","0.137814259176753"
"BZRAP1","0.1385869734998"
"BZRAP1-AS1","0.138779326304021"
"BZW1","0.136259954607202"
"BZW2","0.137400734896907"
"C10orf10","0.137814259176753"
"C10orf105","0.136283652495101"
"C10orf107","0.1385869734998"
"C10orf11","0.138779326304021"
"C10orf111","0.136900879764777"
"C10orf113","0.139315850837671"
"C10orf12","0.138779326304021"
"C10orf126","0.138615455662437"
"C10orf128","0.137158994948985"
"C10orf131","0.138807115813837"
"C10orf142","0.13733126467485"
"C10orf2","0.136773069179508"
"C10orf25","0.137470340820322"
"C10orf35","0.137814259176753"
"C10orf53","0.137158994948985"
"C10orf54","0.137895235001842"
"C10orf55","0.13841687961594"
"C10orf62","0.137008029120556"
"C10orf67","0.1385869734998"
"C10orf71","0.138807115813837"
"C10orf71-AS1","0.136526414114414"
"C10orf76","0.136743734509461"
"C10orf82","0.136740102040966"
"C10orf88","0.136768498987685"
"C10orf90","0.137361858661579"
"C10orf91","0.13736446830968"
"C10orf95","0.137334443069724"
"C10orf99","0.138268713014955"
"C11orf1","0.136896304986898"
"C11orf16","0.138209379056769"
"C11orf21","0.138088769928556"
"C11orf24","0.137191254754177"
"C11orf31","0.138268713014955"
"C11orf44","0.137008029120556"
"C11orf45","0.137172973021825"
"C11orf49","0.137445282074978"
"C11orf52","0.135857749659071"
"C11orf53","0.136769890784633"
"C11orf54","0.137619957901703"
"C11orf57","0.137361858661579"
"C11orf58","0.137008029120556"
"C11orf63","0.138779326304021"
"C11orf65","0.139141493540026"
"C11orf68","0.135572692658482"
"C11orf70","0.137008029120556"
"C11orf71","0.138268713014955"
"C11orf72","0.138293718835149"
"C11orf73","0.138842467131473"
"C11orf74","0.137486437721314"
"C11orf80","0.137912391804649"
"C11orf84","0.13655292686547"
"C11orf85","0.138685943582709"
"C11orf86","0.137191254754177"
"C11orf87","0.137361858661579"
"C11orf88","0.138293718835149"
"C11orf91","0.137841685919116"
"C11orf94","0.137328707282601"
"C11orf95","0.137470340820322"
"C11orf96","0.136562073354018"
"C11orf97","0.137361858661579"
"C11orf98","0.136785502092117"
"C12orf10","0.137912391804649"
"C12orf29","0.137008029120556"
"C12orf4","0.137248220950197"
"C12orf40","0.136560969528226"
"C12orf42","0.1385869734998"
"C12orf43","0.136805242102269"
"C12orf45","0.138842467131473"
"C12orf49","0.135857749659071"
"C12orf50","0.138807115813837"
"C12orf54","0.137814259176753"
"C12orf56","0.137361858661579"
"C12orf57","0.136283652495101"
"C12orf60","0.138268713014955"
"C12orf65","0.134829787499859"
"C12orf66","0.138088769928556"
"C12orf71","0.137318197165054"
"C12orf73","0.1385869734998"
"C12orf74","0.136549748470596"
"C12orf75","0.137814259176753"
"C12orf76","0.138779326304021"
"C12orf77","0.13841687961594"
"C12orf80","0.139368489704054"
"C14orf1","0.137268094957507"
"C14orf105","0.137895235001842"
"C14orf119","0.137912391804649"
"C14orf132","0.137445282074978"
"C14orf142","0.137361858661579"
"C14orf159","0.1385869734998"
"C14orf166","0.138074341001437"
"C14orf169","0.139699107620472"
"C14orf178","0.13877732707017"
"C14orf180","0.138865283958921"
"C14orf2","0.138807115813837"
"C14orf28","0.137296704514893"
"C14orf37","0.138268713014955"
"C14orf39","0.133704732463873"
"C14orf79","0.139315850837671"
"C14orf80","0.13877732707017"
"C14orf93","0.139141493540026"
"C15orf32","0.137814259176753"
"C15orf38-AP3S2","0.138949442410144"
"C15orf39","0.13877732707017"
"C15orf40","0.137445282074978"
"C15orf41","0.138268713014955"
"C15orf43","0.137109703510766"
"C15orf48","0.137445282074978"
"C15orf52","0.139699107620472"
"C15orf53","0.136900879764777"
"C15orf54","0.137814259176753"
"C15orf57","0.138807115813837"
"C15orf59","0.136524455536672"
"C15orf59-AS1","0.138615455662437"
"C15orf61","0.138088769928556"
"C15orf62","0.138621528514315"
"C15orf65","0.13877732707017"
"C16orf13","0.137470340820322"
"C16orf45","0.138615455662437"
"C16orf46","0.137470826413831"
"C16orf47","0.13555703133028"
"C16orf52","0.137814259176753"
"C16orf54","0.13841687961594"
"C16orf58","0.137346875982333"
"C16orf59","0.13877732707017"
"C16orf62","0.139194586743546"
"C16orf70","0.13841687961594"
"C16orf71","0.138863212880602"
"C16orf72","0.137470340820322"
"C16orf74","0.138733826507604"
"C16orf78","0.1385869734998"
"C16orf86","0.138209379056769"
"C16orf87","0.136283652495101"
"C16orf89","0.138779326304021"
"C16orf90","0.136768498987685"
"C16orf91","0.138779326304021"
"C16orf95","0.137445282074978"
"C16orf96","0.138615455662437"
"C17orf100","0.136768498987685"
"C17orf105","0.139901668288791"
"C17orf107","0.137912391804649"
"C17orf47","0.137486437721314"
"C17orf49","0.139194586743546"
"C17orf50","0.138268713014955"
"C17orf51","0.138807115813837"
"C17orf53","0.135857749659071"
"C17orf58","0.13877732707017"
"C17orf62","0.136768498987685"
"C17orf64","0.1385869734998"
"C17orf67","0.136283652495101"
"C17orf74","0.138719855477564"
"C17orf75","0.1385869734998"
"C17orf77","0.137008029120556"
"C17orf78","0.138088769928556"
"C17orf80","0.137361858661579"
"C17orf82","0.138779326304021"
"C17orf89","0.137109703510766"
"C17orf96","0.138842467131473"
"C17orf97","0.138088769928556"
"C17orf98","0.136900879764777"
"C17orf99","0.139376077474002"
"C18orf21","0.138842467131473"
"C18orf25","0.138042817299913"
"C18orf32","0.137470340820322"
"C18orf42","0.138088769928556"
"C18orf54","0.13841687961594"
"C18orf63","0.136768498987685"
"C18orf65","0.137831967322999"
"C18orf8","0.1385869734998"
"C19orf12","0.138209379056769"
"C19orf18","0.138268713014955"
"C19orf24","0.13877732707017"
"C19orf25","0.137094123348626"
"C19orf33","0.135857749659071"
"C19orf35","0.137253691118906"
"C19orf38","0.13841687961594"
"C19orf43","0.137361858661579"
"C19orf44","0.137008029120556"
"C19orf45","0.136283652495101"
"C19orf47","0.13841687961594"
"C19orf48","0.137641581925373"
"C19orf52","0.137360736421855"
"C19orf53","0.138949442410144"
"C19orf54","0.138209379056769"
"C19orf57","0.138949442410144"
"C19orf60","0.137895235001842"
"C19orf66","0.138209379056769"
"C19orf67","0.138268713014955"
"C19orf68","0.139368489704054"
"C19orf70","0.139141493540026"
"C19orf71","0.138088769928556"
"C19orf73","0.137374592738464"
"C19orf81","0.137814259176753"
"C19orf84","0.137470340820322"
"C1D","0.137296704514893"
"C1GALT1","0.138209379056769"
"C1GALT1C1","0.138615455662437"
"C1GALT1C1L","0.138842467131473"
"C1QA","0.137619603287853"
"C1QB","0.137008029120556"
"C1QBP","0.138058729693954"
"C1QC","0.138026253757366"
"C1QL1","0.136051481149813"
"C1QL2","0.137109703510766"
"C1QL3","0.137119879818306"
"C1QL4","0.138842467131473"
"C1QTNF1","0.13877732707017"
"C1QTNF1-AS1","0.137361858661579"
"C1QTNF2","0.13802402535407"
"C1QTNF3","0.137119879818306"
"C1QTNF3-AMACR","0.137905315033326"
"C1QTNF4","0.137900111060858"
"C1QTNF5","0.138209379056769"
"C1QTNF6","0.13576960249291"
"C1QTNF7","0.137243087330069"
"C1QTNF8","0.136900879764777"
"C1QTNF9","0.137470340820322"
"C1QTNF9B","0.136355267419167"
"C1QTNF9B-AS1","0.1385869734998"
"C1R","0.138209379056769"
"C1RL","0.137318197165054"
"C1RL-AS1","0.138842467131473"
"C1S","0.137191254754177"
"C1orf100","0.137916403583649"
"C1orf101","0.137895235001842"
"C1orf105","0.136562073354018"
"C1orf106","0.138209379056769"
"C1orf109","0.137470340820322"
"C1orf111","0.138209379056769"
"C1orf112","0.136721445995074"
"C1orf115","0.137895235001842"
"C1orf116","0.137641227311524"
"C1orf122","0.138209379056769"
"C1orf123","0.136257150072031"
"C1orf127","0.137296704514893"
"C1orf131","0.136242709043381"
"C1orf132","0.137349585111026"
"C1orf137","0.136162008865368"
"C1orf140","0.136887830213371"
"C1orf141","0.138088769928556"
"C1orf143","0.137445282074978"
"C1orf145","0.140239971543877"
"C1orf147","0.136187765335048"
"C1orf158","0.137313917755237"
"C1orf159","0.137445282074978"
"C1orf162","0.136259954607202"
"C1orf167","0.136721445995074"
"C1orf168","0.137470340820322"
"C1orf174","0.137008029120556"
"C1orf185","0.136247099293235"
"C1orf186","0.138209379056769"
"C1orf189","0.137912391804649"
"C1orf194","0.136354719897175"
"C1orf195","0.136768498987685"
"C1orf198","0.136526414114414"
"C1orf204","0.137912391804649"
"C1orf21","0.136242709043381"
"C1orf210","0.137310609395106"
"C1orf216","0.136742101274817"
"C1orf220","0.137814259176753"
"C1orf226","0.138462582635979"
"C1orf228","0.139376077474002"
"C1orf229","0.136784941436374"
"C1orf233","0.137617670950556"
"C1orf234","0.137243087330069"
"C1orf27","0.139418897898201"
"C1orf35","0.136259954607202"
"C1orf43","0.136717714107249"
"C1orf50","0.138285362642677"
"C1orf52","0.138014518053242"
"C1orf53","0.136526414114414"
"C1orf54","0.137912391804649"
"C1orf56","0.136795096940072"
"C1orf61","0.137109703510766"
"C1orf64","0.137310609395106"
"C1orf74","0.136721800608923"
"C1orf87","0.136879741444352"
"C1orf94","0.13733126467485"
"C1orf95","0.138273475718206"
"C2","0.138209379056769"
"C2-AS1","0.137814259176753"
"C20orf141","0.138842467131473"
"C20orf144","0.137310964008955"
"C20orf166-AS1","0.139315850837671"
"C20orf194","0.137482047471461"
"C20orf195","0.138471189680606"
"C20orf196","0.1376301134054"
"C20orf197","0.137470340820322"
"C20orf202","0.137895235001842"
"C20orf203","0.137470340820322"
"C20orf24","0.137814259176753"
"C20orf27","0.138088769928556"
"C20orf85","0.13901905340128"
"C20orf96","0.138273475718206"
"C21orf2","0.138779326304021"
"C21orf33","0.13980889682041"
"C21orf58","0.136877513041056"
"C21orf59","0.139315850837671"
"C21orf62","0.137445282074978"
"C21orf62-AS1","0.136784941436374"
"C21orf91","0.138268713014955"
"C21orf91-OT1","0.138420709235552"
"C22orf15","0.137094123348626"
"C22orf23","0.13841687961594"
"C22orf29","0.136820853409752"
"C22orf31","0.136283652495101"
"C22orf34","0.13730637650821"
"C22orf39","0.138273730114407"
"C22orf42","0.137624816456876"
"C22orf46","0.137470340820322"
"C2CD2","0.137605554227713"
"C2CD2L","0.136553295943672"
"C2CD3","0.138615455662437"
"C2CD4A","0.137916403583649"
"C2CD4B","0.13877732707017"
"C2CD4C","0.136395265894219"
"C2CD4D","0.13877732707017"
"C2CD5","0.13877732707017"
"C2orf15","0.137361858661579"
"C2orf16","0.137352647652836"
"C2orf27B","0.138615455662437"
"C2orf40","0.137361858661579"
"C2orf42","0.137482047471461"
"C2orf44","0.137445282074978"
"C2orf47","0.13762634411287"
"C2orf48","0.1367808549347"
"C2orf49","0.137296704514893"
"C2orf50","0.137296704514893"
"C2orf54","0.137364822923529"
"C2orf61","0.136259954607202"
"C2orf66","0.13666986813502"
"C2orf68","0.139389995913174"
"C2orf69","0.137450171134087"
"C2orf70","0.138268713014955"
"C2orf71","0.138618031447613"
"C2orf72","0.137470340820322"
"C2orf73","0.137318197165054"
"C2orf74","0.13730637650821"
"C2orf76","0.138273894362005"
"C2orf78","0.137601260095907"
"C2orf80","0.136780307412708"
"C2orf81","0.138268713014955"
"C2orf82","0.137900111060858"
"C2orf83","0.138420709235552"
"C2orf88","0.136221342823554"
"C2orf91","0.136041014048392"
"C3","0.137450171134087"
"C3AR1","0.138209379056769"
"C3orf14","0.13877732707017"
"C3orf17","0.137604720089199"
"C3orf18","0.140072606624759"
"C3orf20","0.136051481149813"
"C3orf22","0.137104268510822"
"C3orf30","0.137609969244573"
"C3orf33","0.137912391804649"
"C3orf35","0.137450171134087"
"C3orf36","0.137612234560424"
"C3orf38","0.136524455536672"
"C3orf49","0.138088769928556"
"C3orf52","0.138615455662437"
"C3orf56","0.138949442410144"
"C3orf58","0.137295726196452"
"C3orf62","0.136900879764777"
"C3orf67","0.137470340820322"
"C3orf67-AS1","0.137812982045407"
"C3orf70","0.138663940537117"
"C3orf79","0.136753322332448"
"C3orf80","0.137374978427227"
"C3orf84","0.137450171134087"
"C4A","0.137191254754177"
"C4B","0.137470340820322"
"C4BPA","0.137438350477243"
"C4BPB","0.139959681030008"
"C4orf17","0.137895235001842"
"C4orf19","0.138437943385036"
"C4orf22","0.137008029120556"
"C4orf26","0.137828904781189"
"C4orf27","0.137361858661579"
"C4orf3","0.138615455662437"
"C4orf32","0.137839508570027"
"C4orf33","0.137071792574234"
"C4orf36","0.138903201003924"
"C4orf45","0.137460681251634"
"C4orf46","0.13730637650821"
"C4orf47","0.137912391804649"
"C4orf48","0.138422505410739"
"C4orf50","0.13877732707017"
"C4orf51","0.137354463752282"
"C5","0.137814259176753"
"C5AR1","0.137115489568453"
"C5AR2","0.138209379056769"
"C5orf15","0.137612234560424"
"C5orf17","0.138014353805644"
"C5orf22","0.13733126467485"
"C5orf24","0.137436122073947"
"C5orf28","0.137905799794812"
"C5orf30","0.136891916715046"
"C5orf34","0.139194586743546"
"C5orf38","0.138427480576407"
"C5orf42","0.137294237115951"
"C5orf45","0.137385123589424"
"C5orf46","0.138268713014955"
"C5orf47","0.137864443259587"
"C5orf49","0.138273475718206"
"C5orf51","0.136768498987685"
"C5orf52","0.137361858661579"
"C5orf56","0.137191254754177"
"C5orf63","0.136768498987685"
"C5orf66","0.137310609395106"
"C5orf66-AS1","0.138842467131473"
"C5orf66-AS2","0.136524455536672"
"C5orf67","0.138268713014955"
"C6","0.139315850837671"
"C6orf1","0.138949442410144"
"C6orf10","0.137346875982333"
"C6orf106","0.138615455662437"
"C6orf118","0.137328707282601"
"C6orf120","0.138842467131473"
"C6orf132","0.137814259176753"
"C6orf136","0.13765586987508"
"C6orf141","0.138088769928556"
"C6orf15","0.13877732707017"
"C6orf163","0.137360736421855"
"C6orf201","0.137620537047059"
"C6orf203","0.137191254754177"
"C6orf222","0.136891562101196"
"C6orf223","0.136570661256212"
"C6orf226","0.138618031447613"
"C6orf229","0.137609448496735"
"C6orf25","0.139368489704054"
"C6orf3","0.138601539793573"
"C6orf47","0.137321119512653"
"C6orf47-AS1","0.139412050758219"
"C6orf48","0.137109703510766"
"C6orf52","0.136768498987685"
"C6orf58","0.138949442410144"
"C6orf62","0.139315850837671"
"C6orf89","0.13790859491317"
"C6orf99","0.138088769928556"
"C7","0.140440672698901"
"C7orf25","0.139363285985626"
"C7orf26","0.137912391804649"
"C7orf31","0.137629139231227"
"C7orf33","0.136768498987685"
"C7orf34","0.139422348618628"
"C7orf43","0.136772498742228"
"C7orf49","0.13762467725457"
"C7orf50","0.138949442410144"
"C7orf55","0.137109703510766"
"C7orf55-LUC7L2","0.137600766279752"
"C7orf57","0.138779326304021"
"C7orf60","0.134333476923449"
"C7orf61","0.137896707988699"
"C7orf62","0.136768498987685"
"C7orf65","0.138779326304021"
"C7orf69","0.136578230633233"
"C7orf71","0.137920682993466"
"C7orf72","0.136900879764777"
"C7orf73","0.136768498987685"
"C7orf77","0.138088769928556"
"C8A","0.138209379056769"
"C8B","0.138604688469531"
"C8G","0.136725596927333"
"C8orf22","0.137895235001842"
"C8orf33","0.136740102040966"
"C8orf34","0.137828621389544"
"C8orf34-AS1","0.137609439442066"
"C8orf37","0.138668287827864"
"C8orf37-AS1","0.137617670950556"
"C8orf4","0.13841687961594"
"C8orf44","0.137296704514893"
"C8orf44-SGK3","0.137257970528724"
"C8orf46","0.13677276616568"
"C8orf48","0.136755713348449"
"C8orf49","0.137136706434598"
"C8orf58","0.137310964008955"
"C8orf59","0.137361858661579"
"C8orf74","0.136769703623871"
"C8orf76","0.137286145309718"
"C8orf82","0.136207100818182"
"C8orf86","0.137068730032425"
"C8orf87","0.136768498987685"
"C8orf88","0.137599858555332"
"C8orf89","0.137599858555332"
"C9","0.136560151138665"
"C9orf106","0.136709625338229"
"C9orf114","0.136740102040966"
"C9orf116","0.136355267419167"
"C9orf129","0.137828420019703"
"C9orf131","0.136769420232225"
"C9orf135","0.137611750899835"
"C9orf135-AS1","0.1367808549347"
"C9orf139","0.137349585111026"
"C9orf142","0.136151498747821"
"C9orf147","0.13841687961594"
"C9orf152","0.137228494117034"
"C9orf153","0.137895235001842"
"C9orf16","0.137008029120556"
"C9orf163","0.13666986813502"
"C9orf170","0.136721800608923"
"C9orf172","0.137912391804649"
"C9orf173","0.137136706434598"
"C9orf173-AS1","0.137296560334966"
"C9orf24","0.137340493304913"
"C9orf3","0.136363150239251"
"C9orf40","0.137888080883842"
"C9orf41-AS1","0.137429599201478"
"C9orf43","0.137361858661579"
"C9orf47","0.138422053278225"
"C9orf50","0.137124618354301"
"C9orf57","0.137610421377087"
"C9orf64","0.137609649866576"
"C9orf66","0.136719446761222"
"C9orf69","0.137245882448427"
"C9orf72","0.138422053278225"
"C9orf78","0.137109703510766"
"C9orf84","0.139422348618628"
"C9orf85","0.136731956112621"
"C9orf9","0.13576960249291"
"C9orf91","0.138457081229057"
"C9orf92","0.137124885777753"
"CA1","0.137079881343254"
"CA10","0.137191254754177"
"CA11","0.137436122073947"
"CA12","0.138271619954204"
"CA13","0.137625859351384"
"CA14","0.138088769928556"
"CA2","0.137609933258221"
"CA3","0.137121823235944"
"CA3-AS1","0.13743808305379"
"CA4","0.138268713014955"
"CA5A","0.137298788738261"
"CA5B","0.138712770151693"
"CA6","0.138209379056769"
"CA7","0.138005472304586"
"CA8","0.137912391804649"
"CA9","0.142252219325781"
"CAAP1","0.136772498742228"
"CAB39","0.137600841452108"
"CAB39L","0.137627178251384"
"CABIN1","0.137254238640898"
"CABLES1","0.13846283703218"
"CABLES2","0.138209379056769"
"CABP1","0.137445282074978"
"CABP4","0.137119879818306"
"CABP5","0.137844142593693"
"CABP7","0.13846283703218"
"CABYR","0.140440672698901"
"CACFD1","0.136927828688423"
"CACHD1","0.137897126632498"
"CACNA1A","0.137609439442066"
"CACNA1B","0.138673789234786"
"CACNA1C","0.136589451690864"
"CACNA1C-AS1","0.137296704514893"
"CACNA1C-AS2","0.139000112897498"
"CACNA1D","0.138748774583778"
"CACNA1E","0.137304148104914"
"CACNA1F","0.138432739412568"
"CACNA1G","0.136162008865368"
"CACNA1G-AS1","0.137426450525521"
"CACNA1H","0.137304148104914"
"CACNA1I","0.138088769928556"
"CACNA1S","0.139360720350141"
"CACNA2D1","0.13870464455333"
"CACNA2D2","0.138014518053242"
"CACNA2D3","0.139169812676911"
"CACNA2D3-AS1","0.135847864810441"
"CACNA2D4","0.137008029120556"
"CACNB1","0.135854511495701"
"CACNB2","0.136879474020899"
"CACNB3","0.138268713014955"
"CACNB4","0.138268713014955"
"CACNG1","0.138666506172602"
"CACNG2","0.137295442804806"
"CACNG3","0.138707167823638"
"CACNG4","0.13677276616568"
"CACNG6","0.138712318019179"
"CACNG7","0.13760895468058"
"CACNG8","0.136709357914777"
"CACTIN","0.137454322066346"
"CACTIN-AS1","0.13859942963337"
"CACUL1","0.136593841940717"
"CACYBP","0.138268713014955"
"CAD","0.138618031447613"
"CADM1","0.137454322066346"
"CADM2","0.139315850837671"
"CADM2-AS1","0.137894852224697"
"CADM3","0.137287053034138"
"CADM3-AS1","0.139417416247485"
"CADM4","0.13877732707017"
"CADPS","0.136721800608923"
"CADPS2","0.137258325142573"
"CAGE1","0.138618031447613"
"CAHM","0.138600796316751"
"CALB1","0.138618031447613"
"CALB2","0.138268713014955"
"CALCA","0.13761027358058"
"CALCB","0.139903152650896"
"CALCOCO1","0.137268480646271"
"CALCOCO2","0.137450171134087"
"CALCR","0.138673300154165"
"CALCRL","0.137819812975076"
"CALD1","0.137814259176753"
"CALHM1","0.136379654586736"
"CALHM2","0.138618031447613"
"CALHM3","0.137278625808467"
"CALM1","0.138276878790365"
"CALM2","0.137083967844928"
"CALM3","0.137297625232446"
"CALML3","0.138209379056769"
"CALML3-AS1","0.137258325142573"
"CALML4","0.136757712582301"
"CALML5","0.140077386459586"
"CALML6","0.136709625338229"
"CALN1","0.137290037462497"
"CALR","0.140258203117765"
"CALR3","0.137364822923529"
"CALU","0.13692343843857"
"CALY","0.13733126467485"
"CAMK1","0.136742101274817"
"CAMK1D","0.13765669279425"
"CAMK1G","0.137814259176753"
"CAMK2A","0.139194586743546"
"CAMK2B","0.13734248573248"
"CAMK2D","0.13666986813502"
"CAMK2G","0.137352380229383"
"CAMK2N1","0.135886387833075"
"CAMK2N2","0.140254080577132"
"CAMK4","0.137436122073947"
"CAMKK1","0.136187765335048"
"CAMKK2","0.136891916715046"
"CAMKMT","0.137905516403167"
"CAMKV","0.139389995913174"
"CAMLG","0.137445282074978"
"CAMP","0.137912391804649"
"CAMSAP1","0.138014518053242"
"CAMSAP2","0.138455751706309"
"CAMSAP3","0.137191254754177"
"CAMTA1","0.136592027476039"
"CAMTA2","0.136242709043381"
"CAND1","0.137844142593693"
"CAND2","0.137306109084758"
"CANT1","0.138712770151693"
"CANX","0.137295726196452"
"CAP1","0.138594002335188"
"CAP2","0.137083613231079"
"CAPG","0.136768498987685"
"CAPN1","0.137298788738261"
"CAPN10","0.137008029120556"
"CAPN10-AS1","0.138685676159257"
"CAPN11","0.137294237115951"
"CAPN12","0.137616763226136"
"CAPN13","0.137296560334966"
"CAPN14","0.13692343843857"
"CAPN15","0.137328707282601"
"CAPN2","0.137262121460983"
"CAPN3","0.138268713014955"
"CAPN5","0.138749286422163"
"CAPN6","0.136784586822525"
"CAPN7","0.135858662427961"
"CAPN8","0.138916301767955"
"CAPN9","0.137620590752895"
"CAPNS1","0.137612728376579"
"CAPNS2","0.137820067371277"
"CAPRIN1","0.139183303207105"
"CAPRIN2","0.138088769928556"
"CAPS","0.137296704514893"
"CAPS2","0.13900133449031"
"CAPSL","0.141567535266892"
"CAPZA1","0.139422348618628"
"CAPZA2","0.137895235001842"
"CAPZA3","0.137298521314809"
"CAPZB","0.138209379056769"
"CARD10","0.138618031447613"
"CARD11","0.141983054628776"
"CARD14","0.138017502481602"
"CARD16","0.137894852224697"
"CARD17","0.138013610328822"
"CARD18","0.138472508580606"
"CARD19","0.139930868171985"
"CARD6","0.138088769928556"
"CARD8","0.136580806418409"
"CARD8-AS1","0.137912391804649"
"CARD9","0.137124885777753"
"CARF","0.138088769928556"
"CARHSP1","0.137819812975076"
"CARKD","0.137191254754177"
"CARM1","0.138268713014955"
"CARMN","0.138465985708138"
"CARNMT1","0.137895235001842"
"CARNS1","0.139421957266835"
"CARS","0.137895235001842"
"CARS-AS1","0.138779326304021"
"CARS2","0.138282082762833"
"CASC1","0.137079881343254"
"CASC10","0.138273894362005"
"CASC11","0.137338852444798"
"CASC15","0.138022907823911"
"CASC16","0.139894658223628"
"CASC17","0.137820231618875"
"CASC18","0.137916951105641"
"CASC19","0.137157361714342"
"CASC2","0.137296704514893"
"CASC20","0.137429599201478"
"CASC21","0.138263627020537"
"CASC22","0.137446439246262"
"CASC3","0.137450171134087"
"CASC4","0.137435004543787"
"CASC5","0.139194586743546"
"CASC6","0.136721445995074"
"CASC8","0.137094123348626"
"CASC9","0.137361858661579"
"CASD1","0.139207483720454"
"CASK","0.136359353920842"
"CASK-AS1","0.138209379056769"
"CASKIN1","0.137601095848309"
"CASKIN2","0.137450171134087"
"CASP1","0.137896218908078"
"CASP10","0.137008029120556"
"CASP14","0.137296560334966"
"CASP2","0.137278625808467"
"CASP3","0.137294237115951"
"CASP4","0.136805242102269"
"CASP5","0.137262121460983"
"CASP6","0.139175689447126"
"CASP7","0.136210832706008"
"CASP8","0.136768498987685"
"CASP8AP2","0.140635516081522"
"CASP9","0.135847864810441"
"CASQ1","0.138088769928556"
"CASQ2","0.13736446830968"
"CASR","0.137905799794812"
"CASS4","0.13736446830968"
"CAST","0.137895235001842"
"CASZ1","0.137616763226136"
"CAT","0.138088769928556"
"CATIP","0.137068245270938"
"CATIP-AS2","0.137889877059029"
"CATSPER1","0.138949442410144"
"CATSPER2","0.137895235001842"
"CATSPER3","0.138949442410144"
"CATSPER4","0.137615396542754"
"CATSPERB","0.138719855477564"
"CATSPERD","0.139421957266835"
"CATSPERG","0.136805242102269"
"CAV1","0.13877732707017"
"CAV2","0.138088769928556"
"CAV3","0.139000112897498"
"CBARP","0.140497284881548"
"CBFA2T2","0.137168582771972"
"CBFA2T3","0.137828420019703"
"CBFB","0.137625859351384"
"CBL","0.139181507031917"
"CBLB","0.137318197165054"
"CBLC","0.13761027358058"
"CBLL1","0.13735041924954"
"CBLN1","0.137257970528724"
"CBLN2","0.1373033139664"
"CBLN3","0.13841687961594"
"CBLN4","0.138712318019179"
"CBR1","0.139315850837671"
"CBR3","0.137831967322999"
"CBR4","0.137296704514893"
"CBS","0.138918157531958"
"CBSL","0.137912391804649"
"CBWD1","0.137625859351384"
"CBWD2","0.13733863754091"
"CBWD3","0.137445282074978"
"CBWD5","0.138671933470784"
"CBWD7","0.138995516905519"
"CBX1","0.137828904781189"
"CBX2","0.137068730032425"
"CBX3","0.138088769928556"
"CBX4","0.136895713033455"
"CBX5","0.136242709043381"
"CBX6","0.138618031447613"
"CBX7","0.138088769928556"
"CBX8","0.137645378243783"
"CBY1","0.138842467131473"
"CBY3","0.13990577325901"
"CC2D1A","0.137905516403167"
"CC2D1B","0.138590401498157"
"CC2D2A","0.13877732707017"
"CC2D2B","0.137844142593693"
"CCAR1","0.138268713014955"
"CCAR2","0.139376077474002"
"CCAT1","0.139194586743546"
"CCAT2","0.139390525694381"
"CCBE1","0.138472508580606"
"CCBL1","0.139793194086185"
"CCBL2","0.137635326574423"
"CCDC102A","0.13900133449031"
"CCDC102B","0.137896218908078"
"CCDC103","0.138600796316751"
"CCDC106","0.13734248573248"
"CCDC107","0.139194586743546"
"CCDC109B","0.139315850837671"
"CCDC110","0.13733126467485"
"CCDC112","0.139315850837671"
"CCDC113","0.138497067758293"
"CCDC114","0.136742101274817"
"CCDC115","0.138014353805644"
"CCDC116","0.13803807441421"
"CCDC117","0.139682202949668"
"CCDC12","0.139368489704054"
"CCDC120","0.137346875982333"
"CCDC121","0.13734248573248"
"CCDC122","0.1389384006489"
"CCDC124","0.137361858661579"
"CCDC125","0.139422348618628"
"CCDC126","0.137628967389135"
"CCDC127","0.137482047471461"
"CCDC129","0.139982636762637"
"CCDC13","0.138615455662437"
"CCDC13-AS1","0.138674207878585"
"CCDC130","0.138618031447613"
"CCDC134","0.139508051443035"
"CCDC136","0.139370987691609"
"CCDC137","0.139008105831165"
"CCDC138","0.138719601081363"
"CCDC14","0.139141493540026"
"CCDC140","0.139682202949668"
"CCDC141","0.139957040140092"
"CCDC142","0.138615455662437"
"CCDC144A","0.139194586743546"
"CCDC144NL","0.137644977920464"
"CCDC144NL-AS1","0.137109703510766"
"CCDC146","0.139699107620472"
"CCDC148","0.138088769928556"
"CCDC149","0.137361858661579"
"CCDC15","0.137921037607316"
"CCDC150","0.137844142593693"
"CCDC151","0.13995572762209"
"CCDC152","0.139018770009635"
"CCDC153","0.137361858661579"
"CCDC154","0.137895235001842"
"CCDC155","0.137438350477243"
"CCDC157","0.136526414114414"
"CCDC158","0.139215185426438"
"CCDC159","0.138763985508012"
"CCDC160","0.138268713014955"
"CCDC163P","0.135857749659071"
"CCDC166","0.13877732707017"
"CCDC167","0.138615455662437"
"CCDC168","0.13666986813502"
"CCDC169","0.137814259176753"
"CCDC169-SOHLH2","0.138683715179413"
"CCDC17","0.13877732707017"
"CCDC170","0.137612995800031"
"CCDC171","0.137814259176753"
"CCDC172","0.137364822923529"
"CCDC173","0.13803807441421"
"CCDC174","0.138615455662437"
"CCDC175","0.137814259176753"
"CCDC177","0.137338852444798"
"CCDC178","0.139013364667326"
"CCDC179","0.137814259176753"
"CCDC18","0.138273894362005"
"CCDC180","0.139376077474002"
"CCDC181","0.138022907823911"
"CCDC182","0.137361858661579"
"CCDC183","0.139508051443035"
"CCDC183-AS1","0.139190552780573"
"CCDC184","0.137445282074978"
"CCDC185","0.138618031447613"
"CCDC186","0.137361858661579"
"CCDC187","0.138779326304021"
"CCDC188","0.138088769928556"
"CCDC189","0.137450525747936"
"CCDC190","0.139376077474002"
"CCDC191","0.138949442410144"
"CCDC22","0.137814259176753"
"CCDC24","0.138048584531757"
"CCDC25","0.137912391804649"
"CCDC26","0.13794133827321"
"CCDC27","0.138618031447613"
"CCDC28A","0.139396128022436"
"CCDC28B","0.13994471691141"
"CCDC3","0.138683715179413"
"CCDC30","0.137191254754177"
"CCDC33","0.137621084569051"
"CCDC34","0.139978563302414"
"CCDC36","0.13666986813502"
"CCDC37-AS1","0.137625859351384"
"CCDC38","0.13841687961594"
"CCDC39","0.138949442410144"
"CCDC40","0.137829738919704"
"CCDC42","0.139141493540026"
"CCDC43","0.138618031447613"
"CCDC47","0.138682881040899"
"CCDC50","0.137912391804649"
"CCDC51","0.138717745317361"
"CCDC53","0.136768498987685"
"CCDC54","0.136900879764777"
"CCDC57","0.135572692658482"
"CCDC58","0.13846283703218"
"CCDC59","0.13846283703218"
"CCDC6","0.138615455662437"
"CCDC60","0.137268480646271"
"CCDC61","0.137637495423699"
"CCDC62","0.139194586743546"
"CCDC63","0.138615455662437"
"CCDC64","0.13735041924954"
"CCDC64B","0.138615455662437"
"CCDC65","0.139989818671904"
"CCDC66","0.137109703510766"
"CCDC67","0.138088769928556"
"CCDC68","0.137191254754177"
"CCDC69","0.138618031447613"
"CCDC7","0.137912391804649"
"CCDC70","0.136731956112621"
"CCDC71","0.137318551778904"
"CCDC71L","0.14145286996612"
"CCDC73","0.139315850837671"
"CCDC74A","0.136051481149813"
"CCDC74B","0.13730637650821"
"CCDC77","0.136723597693481"
"CCDC78","0.138779326304021"
"CCDC79","0.137609439442066"
"CCDC8","0.137254238640898"
"CCDC80","0.138209379056769"
"CCDC81","0.137814259176753"
"CCDC82","0.13841687961594"
"CCDC83","0.137132974546773"
"CCDC84","0.13497135959629"
"CCDC85A","0.137912391804649"
"CCDC85B","0.13576960249291"
"CCDC85C","0.137814259176753"
"CCDC86","0.137122657374458"
"CCDC87","0.137617252306757"
"CCDC88A","0.138268713014955"
"CCDC88B","0.137298788738261"
"CCDC88C","0.13877732707017"
"CCDC89","0.137296704514893"
"CCDC9","0.13555703133028"
"CCDC90B","0.136283652495101"
"CCDC91","0.137254238640898"
"CCDC92","0.136335442946024"
"CCDC93","0.138709752383694"
"CCDC94","0.138283401662833"
"CCDC96","0.138088769928556"
"CCDC97","0.136717714107249"
"CCER1","0.137814259176753"
"CCER2","0.135572692658482"
"CCHCR1","0.136725596927333"
"CCIN","0.138615455662437"
"CCK","0.135857749659071"
"CCKAR","0.137450525747936"
"CCKBR","0.136709625338229"
"CCL1","0.137349585111026"
"CCL11","0.13655641925084"
"CCL13","0.134731273958481"
"CCL14","0.138259031028558"
"CCL15","0.13841687961594"
"CCL15-CCL14","0.136695890400254"
"CCL16","0.13735041924954"
"CCL17","0.136877513041056"
"CCL18","0.136030889619609"
"CCL19","0.138014353805644"
"CCL2","0.136283652495101"
"CCL20","0.136868005740228"
"CCL21","0.136755713348449"
"CCL22","0.136187765335048"
"CCL23","0.136524455536672"
"CCL24","0.136715714873397"
"CCL25","0.13711315007363"
"CCL26","0.137587914378228"
"CCL27","0.137290037462497"
"CCL28","0.136051481149813"
"CCL3","0.135865021613248"
"CCL3L3","0.137234414167755"
"CCL4","0.137895235001842"
"CCL4L2","0.137109703510766"
"CCL5","0.135847864810441"
"CCL7","0.136768498987685"
"CCL8","0.135547059687109"
"CCM2","0.135124615258543"
"CCM2L","0.137191254754177"
"CCNA1","0.137894852224697"
"CCNA2","0.133212015508765"
"CCNB1","0.136768498987685"
"CCNB1IP1","0.13576960249291"
"CCNB2","0.137109703510766"
"CCNB3","0.13706304129847"
"CCNC","0.136283652495101"
"CCND1","0.137340493304913"
"CCND2","0.135138797008627"
"CCND2-AS1","0.13578825520518"
"CCND2-AS2","0.137424340365317"
"CCND3","0.138989640135304"
"CCNDBP1","0.136062765956983"
"CCNE1","0.138268713014955"
"CCNE2","0.137895235001842"
"CCNF","0.137814259176753"
"CCNG1","0.136768498987685"
"CCNG2","0.136207100818182"
"CCNH","0.136900879764777"
"CCNI","0.137243087330069"
"CCNI2","0.136526414114414"
"CCNJ","0.137912391804649"
"CCNJL","0.136742101274817"
"CCNK","0.137814259176753"
"CCNL1","0.135124615258543"
"CCNL2","0.136548330481821"
"CCNO","0.137445282074978"
"CCNT1","0.13497135959629"
"CCNT2","0.136343832716692"
"CCNT2-AS1","0.136524455536672"
"CCNY","0.136283652495101"
"CCNYL1","0.13578825520518"
"CCP110","0.137599858555332"
"CCPG1","0.13554198615067"
"CCR1","0.137361858661579"
"CCR10","0.134508815164918"
"CCR2","0.138268713014955"
"CCR3","0.138268713014955"
"CCR4","0.136343631346852"
"CCR5","0.135072478481562"
"CCR6","0.135083699539193"
"CCR7","0.136534018992521"
"CCR8","0.136533854744923"
"CCR9","0.135289095153977"
"CCRL2","0.133396096840299"
"CCS","0.137585902946305"
"CCSAP","0.135124615258543"
"CCSER1","0.136195666115708"
"CCSER2","0.138702515501799"
"CCT2","0.136062765956983"
"CCT3","0.137068730032425"
"CCT4","0.136199012049163"
"CCT5","0.13497135959629"
"CCT6A","0.137140857366857"
"CCT6B","0.135756378867806"
"CCT7","0.134863654735573"
"CCT8","0.13464764714997"
"CCT8L2","0.136524455536672"
"CCZ1","0.137243087330069"
"CCZ1B","0.13666986813502"
"CD101","0.13555703133028"
"CD109","0.135303978352631"
"CD14","0.13554198615067"
"CD151","0.13666986813502"
"CD160","0.136259954607202"
"CD163","0.136183375085195"
"CD163L1","0.137418913067136"
"CD164","0.135756733481655"
"CD164L2","0.136195666115708"
"CD177","0.136526414114414"
"CD180","0.135547059687109"
"CD19","0.13666986813502"
"CD1A","0.13576960249291"
"CD1B","0.135766888985353"
"CD1C","0.137109703510766"
"CD1D","0.136051481149813"
"CD1E","0.136211187319857"
"CD2","0.136207100818182"
"CD200","0.136695615226304"
"CD200R1","0.137460681251634"
"CD200R1L","0.137059638226312"
"CD207","0.133743221001736"
"CD209","0.136704280170922"
"CD22","0.136768498987685"
"CD226","0.136524455536672"
"CD24","0.136283652495101"
"CD244","0.137284778626336"
"CD247","0.13666986813502"
"CD248","0.134829787499859"
"CD27","0.136868005740228"
"CD274","0.136593841940717"
"CD276","0.135154029724973"
"CD28","0.137592214347251"
"CD2AP","0.135886387833075"
"CD2BP2","0.135547059687109"
"CD300A","0.137296704514893"
"CD300C","0.134508815164918"
"CD300E","0.137233506443335"
"CD300LB","0.134829787499859"
"CD300LD","0.136900879764777"
"CD300LF","0.137296704514893"
"CD300LG","0.136900879764777"
"CD302","0.135766888985353"
"CD320","0.13538740176603"
"CD33","0.135865021613248"
"CD34","0.138209379056769"
"CD36","0.136051481149813"
"CD37","0.136545754696645"
"CD38","0.135822188102594"
"CD3D","0.13555703133028"
"CD3E","0.13666986813502"
"CD3EAP","0.136700425016626"
"CD3G","0.136051481149813"
"CD4","0.136051481149813"
"CD40","0.135858662427961"
"CD40LG","0.13706304129847"
"CD44","0.136347178650148"
"CD46","0.136172154027565"
"CD47","0.13350766743144"
"CD48","0.134508815164918"
"CD5","0.134874875793203"
"CD52","0.137814259176753"
"CD53","0.136283652495101"
"CD55","0.137054136819389"
"CD58","0.136172154027565"
"CD59","0.135169641032457"
"CD5L","0.137109703510766"
"CD6","0.136369509424539"
"CD63","0.135857749659071"
"CD68","0.137361858661579"
"CD69","0.135756378867806"
"CD7","0.137068446640779"
"CD70","0.135129642557405"
"CD72","0.135124615258543"
"CD74","0.13555703133028"
"CD79A","0.136768498987685"
"CD79B","0.13666986813502"
"CD80","0.136207100818182"
"CD81","0.136524455536672"
"CD81-AS1","0.136706078034933"
"CD82","0.132381990285049"
"CD83","0.136533854744923"
"CD84","0.136139678090977"
"CD86","0.136900879764777"
"CD8A","0.137340747701114"
"CD8B","0.135259479485689"
"CD9","0.135335854690005"
"CD93","0.136697470990306"
"CD96","0.136390875644366"
"CD99","0.136195949507353"
"CD99L2","0.139167292904338"
"CDA","0.13666986813502"
"CDADC1","0.13711224234921"
"CDAN1","0.13554198615067"
"CDC123","0.135830790887135"
"CDC14A","0.135824996334545"
"CDC14B","0.136695890400254"
"CDC16","0.136694982675834"
"CDC20","0.136051481149813"
"CDC20B","0.137333210242729"
"CDC23","0.135842153137352"
"CDC25A","0.134746885265964"
"CDC25B","0.137273671351407"
"CDC25C","0.13666986813502"
"CDC26","0.136334535221604"
"CDC27","0.136139678090977"
"CDC34","0.137411751439672"
"CDC37","0.134742495016111"
"CDC37L1","0.137445282074978"
"CDC37L1-AS1","0.137416347431651"
"CDC40","0.13538740176603"
"CDC42","0.136544783178525"
"CDC42BPA","0.137234414167755"
"CDC42BPB","0.135124615258543"
"CDC42BPG","0.136526414114414"
"CDC42EP1","0.135833622805069"
"CDC42EP2","0.136283652495101"
"CDC42EP3","0.135133729059079"
"CDC42EP4","0.134333476923449"
"CDC42EP5","0.135423061089927"
"CDC42SE1","0.135744558210961"
"CDC42SE2","0.13555703133028"
"CDC45","0.136259954607202"
"CDC5L","0.13512101608688"
"CDC6","0.137805368285428"
"CDC7","0.135133729059079"
"CDC73","0.135839344905402"
"CDCA2","0.136117620072756"
"CDCA3","0.137600166727192"
"CDCA4","0.133831745687497"
"CDCA5","0.134827832865529"
"CDCA7","0.13732553677688"
"CDCA7L","0.135292157695787"
"CDCA8","0.136689970349532"
"CDCP1","0.137100298172106"
"CDCP2","0.134611987826073"
"CDH1","0.132146776030785"
"CDH10","0.135048091313994"
"CDH11","0.133499689495709"
"CDH12","0.135289929292491"
"CDH13","0.135894818887383"
"CDH15","0.135756733481655"
"CDH16","0.136127034662433"
"CDH17","0.13668303849873"
"CDH18","0.13785381231839"
"CDH19","0.135857749659071"
"CDH2","0.135363681157464"
"CDH20","0.133762709714672"
"CDH22","0.13537335270589"
"CDH23","0.135375043407681"
"CDH24","0.134206225230514"
"CDH26","0.134599629467723"
"CDH3","0.13503125126921"
"CDH4","0.135215103597379"
"CDH5","0.135547059687109"
"CDH6","0.139775722647688"
"CDH7","0.134466929841573"
"CDH8","0.133212015508765"
"CDH9","0.135291619994282"
"CDHR1","0.135289929292491"
"CDHR2","0.134698260320388"
"CDHR3","0.13555703133028"
"CDHR4","0.13538740176603"
"CDHR5","0.136006425534221"
"CDIP1","0.134596821235773"
"CDIPT","0.137581949538387"
"CDIPT-AS1","0.13513337444523"
"CDK1","0.13483064109748"
"CDK10","0.135109653836663"
"CDK11A","0.135839344905402"
"CDK11B","0.136529345204228"
"CDK12","0.134706886790912"
"CDK13","0.13513337444523"
"CDK14","0.136685623058785"
"CDK15","0.134508815164918"
"CDK16","0.136524973243865"
"CDK17","0.136000083685172"
"CDK18","0.136533600348722"
"CDK19","0.136526317286538"
"CDK2","0.136006425534221"
"CDK20","0.136346640948643"
"CDK2AP1","0.135300246464806"
"CDK2AP2","0.134698260320388"
"CDK3","0.134029867428093"
"CDK4","0.136335442946024"
"CDK5","0.137040288079964"
"CDK5R1","0.135372518567376"
"CDK5R2","0.133712076797811"
"CDK5RAP1","0.135741010907665"
"CDK5RAP2","0.133284012934618"
"CDK5RAP3","0.135223941007291"
"CDK6","0.134213951529309"
"CDK7","0.134597104627418"
"CDK8","0.134847150388088"
"CDK9","0.134612342439922"
"CDKAL1","0.138641974217955"
"CDKL1","0.136530674726976"
"CDKL2","0.13555703133028"
"CDKL3","0.137581491305761"
"CDKL4","0.13497135959629"
"CDKL5","0.137604819049032"
"CDKN1A","0.135806096625943"
"CDKN1B","0.133648179860868"
"CDKN1C","0.134257648523528"
"CDKN2A","0.134202074298255"
"CDKN2A-AS1","0.133212015508765"
"CDKN2AIP","0.135223941007291"
"CDKN2AIPNL","0.135278147583861"
"CDKN2B","0.136524973243865"
"CDKN2B-AS1","0.134462843339899"
"CDKN2C","0.134462843339899"
"CDKN2D","0.135670400845919"
"CDKN3","0.136001413207919"
"CDNF","0.135274501940942"
"CDO1","0.134186706338114"
"CDON","0.136534320369896"
"CDPF1","0.136686844651598"
"CDR1","0.137275824062721"
"CDR1-AS","0.135830790887135"
"CDR2","0.136523213094966"
"CDR2L","0.134686898070171"
"CDRT1","0.13445169202907"
"CDRT15","0.13554198615067"
"CDRT15L2","0.133762709714672"
"CDRT4","0.13727487201394"
"CDS1","0.136519090554333"
"CDS2","0.135223456245805"
"CDSN","0.13468664367397"
"CDT1","0.134453367215166"
"CDV3","0.13576960249291"
"CDX1","0.133559566012657"
"CDX2","0.134237733622152"
"CDY2A","0.136015723029309"
"CDYL","0.135731914782418"
"CDYL2","0.13652063730979"
"CEACAM1","0.135048091313994"
"CEACAM16","0.133396096840299"
"CEACAM19","0.13618685770124"
"CEACAM20","0.134236282303701"
"CEACAM21","0.13351976516562"
"CEACAM3","0.13450041014284"
"CEACAM4","0.134211723126013"
"CEACAM5","0.137044681698278"
"CEACAM6","0.136315674155878"
"CEACAM7","0.134596821235773"
"CEACAM8","0.137596930846893"
"CEBPA","0.135998287509984"
"CEBPA-AS1","0.135813634084327"
"CEBPB","0.134444813196899"
"CEBPB-AS1","0.135828680726932"
"CEBPD","0.133633175816715"
"CEBPE","0.136178230596383"
"CEBPG","0.134690046746128"
"CEBPZ","0.135226465847596"
"CEBPZOS","0.137099768390899"
"CECR1","0.134198342410429"
"CECR2","0.133722232301509"
"CECR3","0.134464801917641"
"CECR5","0.134468533805466"
"CECR5-AS1","0.133712076797811"
"CECR6","0.134213413827804"
"CECR7","0.13527272028568"
"CEL","0.136005058850839"
"CELA1","0.137403354896884"
"CELA2A","0.1365280989418"
"CELA2B","0.137994749263096"
"CELA3A","0.134014256120609"
"CELA3B","0.135857749659071"
"CELF1","0.137847281293788"
"CELF2","0.133606325548685"
"CELF2-AS1","0.136534320369896"
"CELF2-AS2","0.136127523743054"
"CELF3","0.134508815164918"
"CELF4","0.137394003899795"
"CELF5","0.135028266840851"
"CELF6","0.133396096840299"
"CELSR1","0.135741212277506"
"CELSR2","0.132296251894245"
"CELSR3","0.134188025238114"
"CELSR3-AS1","0.137580000155127"
"CEMIP","0.135138797008627"
"CEMP1","0.137568649222583"
"CEND1","0.135223456245805"
"CENPA","0.136172413011592"
"CENPB","0.137581949538387"
"CENPBD1","0.133476821019813"
"CENPC","0.131740488729622"
"CENPE","0.13349461595927"
"CENPF","0.133598471476831"
"CENPH","0.134447961872857"
"CENPI","0.134202215825185"
"CENPJ","0.133788048693279"
"CENPK","0.137263793157902"
"CENPL","0.135212993437175"
"CENPM","0.134586157057303"
"CENPN","0.134188025238114"
"CENPO","0.136104682510618"
"CENPP","0.134811741388878"
"CENPQ","0.135280003347864"
"CENPT","0.135037774141679"
"CENPU","0.134591415893464"
"CENPV","0.133969880232299"
"CENPW","0.132729696665743"
"CEP104","0.135124615258543"
"CEP112","0.136510514928976"
"CEP120","0.133597353946671"
"CEP126","0.133633175816715"
"CEP128","0.137395699023709"
"CEP131","0.135036455241678"
"CEP135","0.135280257744065"
"CEP152","0.134596619865932"
"CEP162","0.136172413011592"
"CEP164","0.134806591193337"
"CEP170","0.132768175303087"
"CEP170B","0.135350993503538"
"CEP19","0.134809175753392"
"CEP192","0.134437098816035"
"CEP250","0.134695250718597"
"CEP290","0.133186717718399"
"CEP295","0.133978232880725"
"CEP295NL","0.135028102593252"
"CEP350","0.135209347794256"
"CEP41","0.133796137462298"
"CEP44","0.133504761121466"
"CEP55","0.133562090852962"
"CEP57","0.135820687793265"
"CEP57L1","0.137028109631805"
"CEP63","0.134681142267048"
"CEP68","0.135202415943453"
"CEP70","0.13572250019274"
"CEP72","0.135820687793265"
"CEP76","0.133103001536823"
"CEP78","0.13704667518738"
"CEP83","0.133504761121466"
"CEP83-AS1","0.135228363049639"
"CEP85","0.135348982071614"
"CEP85L","0.1350591062484"
"CEP89","0.137209862398697"
"CEP95","0.134213951529309"
"CEP97","0.13667838617689"
"CEPT1","0.133691150251353"
"CER1","0.13350766743144"
"CERCAM","0.134508815164918"
"CERK","0.133716896765467"
"CERKL","0.134206225230514"
"CERS1","0.133489533992011"
"CERS2","0.135354799656406"
"CERS3","0.13537203380589"
"CERS3-AS1","0.133820524629867"
"CERS4","0.134186907707955"
"CERS5","0.133489533992011"
"CERS6","0.133595104491054"
"CES1","0.13445169202907"
"CES2","0.134213951529309"
"CES3","0.13419025364141"
"CES4A","0.133515982179097"
"CES5A","0.13482242752322"
"CETN2","0.134202051577587"
"CETN3","0.133515982179097"
"CETP","0.135278147583861"
"CFAP100","0.134687062317769"
"CFAP126","0.133680916249525"
"CFAP157","0.133508388441742"
"CFAP161","0.133595104491054"
"CFAP20","0.13294913861124"
"CFAP206","0.137260973185416"
"CFAP221","0.134508815164918"
"CFAP36","0.133989868953041"
"CFAP43","0.133969625836099"
"CFAP44","0.1346798127443"
"CFAP45","0.1365079391438"
"CFAP46","0.135813450911369"
"CFAP47","0.132945355624716"
"CFAP52","0.136671338631195"
"CFAP53","0.135270154650194"
"CFAP54","0.134437275738515"
"CFAP57","0.134596619865932"
"CFAP58","0.131690892793894"
"CFAP58-AS1","0.133472285184878"
"CFAP61","0.131459024542903"
"CFAP65","0.133469222643068"
"CFAP69","0.131470442402236"
"CFAP70","0.133685891415192"
"CFAP73","0.13354319114436"
"CFAP74","0.133677898481525"
"CFAP77","0.133485101961192"
"CFAP97","0.13111098331221"
"CFAP99","0.13166825387693"
"CFB","0.133475176016565"
"CFC1","0.133956662797167"
"CFD","0.134669558094405"
"CFDP1","0.133374624573349"
"CFH","0.134437098816035"
"CFHR1","0.134182447035039"
"CFHR3","0.134435317160773"
"CFHR4","0.134170816231303"
"CFHR5","0.133459702966472"
"CFI","0.130991684065801"
"CFL1","0.132782417308459"
"CFL2","0.133691150251353"
"CFLAR","0.134437727871029"
"CFLAR-AS1","0.133586689768201"
"CFP","0.133465623017194"
"CFTR","0.131695850810335"
"CGA","0.13416947218863"
"CGB","0.134437098816035"
"CGB2","0.133499689495709"
"CGB5","0.133469222643068"
"CGB7","0.133471747483373"
"CGB8","0.131647195799675"
"CGGBP1","0.133035476882644"
"CGN","0.133463348609392"
"CGNL1","0.135197763621613"
"CGREF1","0.133052685889456"
"CGRRF1","0.133559282621011"
"CH17-118O6.3","0.133575582493272"
"CH17-125A10.2","0.133045413442489"
"CH17-132F21.5","0.13358126247002"
"CH17-140K24.2","0.135991958086808"
"CH17-140K24.3","0.134568662674958"
"CH17-140K24.5","0.133688001575396"
"CH17-140K24.6","0.131023192457439"
"CH17-174L20.1","0.134210404226013"
"CH17-189H20.1","0.134435317160773"
"CH17-212P11.4","0.1346798127443"
"CH17-212P11.5","0.134181956743525"
"CH17-224D4.1","0.134440744458954"
"CH17-224D4.2","0.134673680635038"
"CH17-262H11.1","0.133052685889456"
"CH17-264L24.1","0.136502666184446"
"CH17-270A2.1","0.13480606141213"
"CH17-270A2.2","0.13245508578823"
"CH17-302M23.1","0.133075972370006"
"CH17-340M24.3","0.134165136254555"
"CH17-353B19.1","0.135986593154978"
"CH17-360D5.2","0.133550892850343"
"CH17-360D5.3","0.135342585464282"
"CH17-373J23.1","0.133476821019813"
"CH17-408M7.1","0.133070885881855"
"CH17-437K3.1","0.133687747179195"
"CH17-80A12.1","0.136103390617795"
"CH25H","0.132759548832562"
"CH507-145C22.1","0.135207874397916"
"CH507-154B10.1","0.134588012821305"
"CH507-154B10.2","0.13306686763954"
"CH507-210P18.1","0.133045413442489"
"CH507-210P18.4","0.135719440824107"
"CH507-216K13.2","0.133978434250566"
"CH507-236L23.1","0.131701097517899"
"CH507-24F1.1","0.133775894345356"
"CH507-24F1.2","0.136110438163489"
"CH507-254M2.1","0.133469222643068"
"CH507-254M2.3","0.132781144611322"
"CH507-338C24.1","0.135271376243007"
"CH507-39O4.2","0.134597104627418"
"CH507-42P11.5","0.134199941417384"
"CH507-42P11.6","0.137265752853078"
"CH507-42P11.7","0.136513278888859"
"CH507-42P11.8","0.133472285184878"
"CH507-513H4.1","0.131434903923838"
"CH507-513H4.3","0.135013403507403"
"CH507-513H4.4","0.133051851750941"
"CH507-513H4.5","0.131721607280015"
"CH507-513H4.6","0.13527272028568"
"CH507-528H12.1","0.133036185894048"
"CH507-9B2.1","0.13148544644639"
"CH507-9B2.3","0.133036185894048"
"CH507-9B2.5","0.133075972370006"
"CH507-9B2.8","0.134684787909967"
"CH507-9B2.9","0.136507706826689"
"CHAC1","0.133087390229339"
"CHAC2","0.134429602272665"
"CHAD","0.134569614723739"
"CHADL","0.135260162910002"
"CHAF1A","0.135205119539619"
"CHAF1B","0.134431595761767"
"CHAMP1","0.134812193521392"
"CHAT","0.136155329106734"
"CHCHD1","0.135259162050883"
"CHCHD10","0.133969880232299"
"CHCHD2","0.135343105301399"
"CHCHD3","0.136107683305192"
"CHCHD4","0.13355908125117"
"CHCHD5","0.13357480382516"
"CHCHD6","0.131164645317365"
"CHCHD7","0.135700321072284"
"CHD1","0.132381990285049"
"CHD1L","0.134799674304714"
"CHD2","0.135219458570558"
"CHD3","0.137975179491716"
"CHD4","0.135201886162246"
"CHD5","0.134191948483717"
"CHD6","0.131673520035944"
"CHD7","0.133784986151469"
"CHD8","0.133469222643068"
"CHD9","0.136168459603674"
"CHDH","0.132913833901192"
"CHEK1","0.135019221092194"
"CHEK2","0.13666327952693"
"CHERP","0.132234417855919"
"CHFR","0.132760086534067"
"CHGA","0.133768611283172"
"CHGB","0.134800626353495"
"CHI3L1","0.136103390617795"
"CHI3L2","0.134569614723739"
"CHIA","0.134804067923028"
"CHIC1","0.134178099293487"
"CHIC2","0.136838348826712"
"CHID1","0.134170816231303"
"CHIT1","0.133550474206544"
"CHKA","0.133672790651162"
"CHKB","0.135186379893968"
"CHKB-AS1","0.132898596088688"
"CHKB-CPT1B","0.134435931695842"
"CHL1","0.136515854674035"
"CHL1-AS1","0.134425208654351"
"CHM","0.133579918427347"
"CHML","0.132439114199126"
"CHMP1A","0.137028109631805"
"CHMP1B","0.135711562566058"
"CHMP2A","0.133788048693279"
"CHMP2B","0.135207874397916"
"CHMP3","0.133685891415192"
"CHMP4A","0.135982781489582"
"CHMP4B","0.133051366989455"
"CHMP4C","0.133458275072953"
"CHMP5","0.135200404511529"
"CHMP6","0.132771907190912"
"CHMP7","0.133465458769595"
"CHN1","0.134678016569113"
"CHN2","0.134168250595818"
"CHODL","0.133474012787862"
"CHODL-AS1","0.133588964176003"
"CHORDC1","0.135194007904197"
"CHP1","0.134636904648993"
"CHP2","0.135981253409919"
"CHPF","0.134801938871497"
"CHPF2","0.134453650606812"
"CHPT1","0.137036796993875"
"CHRAC1","0.135348982071614"
"CHRD","0.135719440824107"
"CHRDL1","0.136316233860027"
"CHRDL2","0.134199941417384"
"CHRFAM7A","0.134811741388878"
"CHRM1","0.133468737881582"
"CHRM2","0.133696838985308"
"CHRM3","0.133623030654518"
"CHRM3-AS1","0.135346341181698"
"CHRM3-AS2","0.133515982179097"
"CHRM4","0.135210515287832"
"CHRM5","0.133716896765467"
"CHRNA1","0.133284012934618"
"CHRNA10","0.133124804728085"
"CHRNA2","0.131721000016685"
"CHRNA3","0.133716896765467"
"CHRNA4","0.137041240128745"
"CHRNA5","0.135199892673144"
"CHRNA6","0.134828950395689"
"CHRNA7","0.134210605595854"
"CHRNA9","0.13631793872266"
"CHRNB1","0.134451207267584"
"CHRNB2","0.134819278847263"
"CHRNB3","0.133484105841723"
"CHRNB4","0.134678016569113"
"CHRND","0.133483984431032"
"CHRNE","0.132461444973517"
"CHRNG","0.133081271313529"
"CHST1","0.137258796605604"
"CHST10","0.136663943161948"
"CHST11","0.134443018866756"
"CHST12","0.134643735578662"
"CHST13","0.133597353946671"
"CHST14","0.135984073382405"
"CHST15","0.139956134507109"
"CHST2","0.134202051577587"
"CHST3","0.133762709714672"
"CHST4","0.131840065129956"
"CHST5","0.135986593154978"
"CHST6","0.136114560704122"
"CHST7","0.131694578113198"
"CHST8","0.13245508578823"
"CHST9","0.133612520536971"
"CHSY1","0.133473811418021"
"CHSY3","0.132286106732048"
"CHTF18","0.133550892850343"
"CHTF8","0.134181475721523"
"CHTOP","0.133674784140263"
"CHUK","0.133070885881855"
"CHURC1","0.132756539230771"
"CHURC1-FNTB","0.131149492689195"
"CIAO1","0.134681142267048"
"CIAPIN1","0.131655284568695"
"CIART","0.13148544644639"
"CIB1","0.133471747483373"
"CIB2","0.133677898481525"
"CIB3","0.134628779050629"
"CIB4","0.132757858130772"
"CIC","0.131647195799675"
"CIDEA","0.134451207267584"
"CIDEB","0.134573056293272"
"CIDEC","0.133470056781582"
"CIITA","0.133586689768201"
"CILP","0.131818698910129"
"CILP2","0.1341871910996"
"CINP","0.133465204373394"
"CIPC","0.132263775957657"
"CIR1","0.131190401787045"
"CIRBP","0.13245508578823"
"CIRBP-AS1","0.133581714602534"
"CISD1","0.133042759944828"
"CISD2","0.135015414939327"
"CISD3","0.133495419133507"
"CISH","0.132771907190912"
"CISTR","0.13148544644639"
"CIT","0.134442854619158"
"CITED1","0.136103390617795"
"CITED2","0.134809175753392"
"CITED4","0.135342585464282"
"CITF22-1A6.3","0.133583044125282"
"CITF22-49D8.1","0.134196295774464"
"CITF22-49E9.3","0.131694675780417"
"CITF22-92A6.1","0.131903312947678"
"CIZ1","0.133588545532204"
"CKAP2","0.131808543406432"
"CKAP2L","0.13148605370972"
"CKAP4","0.133591948604362"
"CKAP5","0.136834077146977"
"CKB","0.134202051577587"
"CKLF","0.133045413442489"
"CKLF-CMTM1","0.135273172418194"
"CKM","0.13443011411105"
"CKMT1A","0.134435931695842"
"CKMT1B","0.134667293527623"
"CKMT2","0.133578696834534"
"CKMT2-AS1","0.135259681888"
"CKS1B","0.132901658630498"
"CKS2","0.133465458769595"
"CLASP1","0.135008498050704"
"CLASP2","0.134432125542974"
"CLASRP","0.131023192457439"
"CLC","0.13243576826567"
"CLCA1","0.13757896793769"
"CLCA2","0.132898111327202"
"CLCA4","0.134434710103029"
"CLCC1","0.133769063415686"
"CLCF1","0.136162724575981"
"CLCN1","0.13464187981466"
"CLCN2","0.136166536241377"
"CLCN3","0.137257396120621"
"CLCN4","0.131659371070369"
"CLCN5","0.133480373953898"
"CLCN6","0.133964124429176"
"CLCN7","0.135009057754853"
"CLCNKA","0.133679120074338"
"CLCNKB","0.133591948604362"
"CLDN1","0.133978232880725"
"CLDN10","0.133493343262133"
"CLDN10-AS1","0.133574449211311"
"CLDN11","0.135205000503508"
"CLDN12","0.134582511414383"
"CLDN14","0.133696354223822"
"CLDN15","0.134444558800699"
"CLDN16","0.134508815164918"
"CLDN17","0.135195008763316"
"CLDN18","0.131721000016685"
"CLDN19","0.131817426212993"
"CLDN2","0.134588267217506"
"CLDN20","0.133697673123822"
"CLDN22","0.135712082403175"
"CLDN23","0.133962342773915"
"CLDN25","0.134194966251717"
"CLDN3","0.135271376243007"
"CLDN34","0.134575049782373"
"CLDN4","0.136158388394031"
"CLDN5","0.135259162050883"
"CLDN6","0.133476821019813"
"CLDN7","0.134181502365646"
"CLDN8","0.133124804728085"
"CLDN9","0.135007526737188"
"CLDND1","0.132889758678776"
"CLDND2","0.13481352304414"
"CLEC10A","0.133762709714672"
"CLEC11A","0.136108733300856"
"CLEC12A","0.134443018866756"
"CLEC12B","0.132146776030785"
"CLEC14A","0.135021017267382"
"CLEC16A","0.131704829405724"
"CLEC17A","0.133688165822994"
"CLEC18A","0.134586157057303"
"CLEC18B","0.133063003061771"
"CLEC18C","0.1341871910996"
"CLEC19A","0.132913479287343"
"CLEC1A","0.133784702759824"
"CLEC1B","0.133776148741557"
"CLEC2A","0.135987564468494"
"CLEC2B","0.132729696665743"
"CLEC2D","0.134333476923449"
"CLEC2L","0.131808188792582"
"CLEC3A","0.133050110765243"
"CLEC3B","0.131695850810335"
"CLEC4A","0.135267040308932"
"CLEC4C","0.134804579761413"
"CLEC4D","0.13480606141213"
"CLEC4E","0.133051366989455"
"CLEC4F","0.133284012934618"
"CLEC4G","0.132945355624716"
"CLEC4M","0.133784501389983"
"CLEC5A","0.133799869350123"
"CLEC6A","0.134170816231303"
"CLEC7A","0.133212015508765"
"CLEC9A","0.134201797181386"
"CLECL1","0.132923989404889"
"CLGN","0.133959777138429"
"CLHC1","0.134673680635038"
"CLIC1","0.131434867186456"
"CLIC2","0.133060344767071"
"CLIC3","0.134178517937286"
"CLIC4","0.134194966251717"
"CLIC5","0.133051851750941"
"CLIC6","0.134333476923449"
"CLINT1","0.133468939251423"
"CLIP1","0.134437727871029"
"CLIP1-AS1","0.133484267822678"
"CLIP2","0.131459024542903"
"CLIP3","0.134435769293287"
"CLIP4","0.133769063415686"
"CLK1","0.133586689768201"
"CLK2","0.133487330364487"
"CLK3","0.135991958086808"
"CLK4","0.133562090852962"
"CLLU1","0.132807566514809"
"CLLU1OS","0.133691150251353"
"CLMN","0.136167507554893"
"CLMP","0.136505131041513"
"CLN3","0.133784702759824"
"CLN5","0.133521055715536"
"CLN6","0.134687062317769"
"CLN8","0.134581181891635"
"CLNK","0.133696354223822"
"CLNS1A","0.133688001575396"
"CLOCK","0.133579918427347"
"CLP1","0.138094965614772"
"CLPB","0.136523213094966"
"CLPP","0.134213951529309"
"CLPS","0.134812193521392"
"CLPSL1","0.137580519992245"
"CLPSL2","0.132482811193344"
"CLPTM1","0.134610649738875"
"CLPTM1L","0.134601812328963"
"CLPX","0.134196295774464"
"CLRN1","0.136162724575981"
"CLRN1-AS1","0.136675150296591"
"CLRN2","0.134189715939905"
"CLRN3","0.135725120800855"
"CLSPN","0.13357860014357"
"CLSTN1","0.136850501516864"
"CLSTN2","0.132311255938398"
"CLSTN2-AS1","0.135732403863039"
"CLSTN3","0.134205200253545"
"CLTA","0.136103390617795"
"CLTB","0.133970044479898"
"CLTC","0.134643735578662"
"CLTCL1","0.136847265636566"
"CLU","0.133770392938434"
"CLUAP1","0.135357925354341"
"CLUH","0.134578164123636"
"CLUL1","0.133969880232299"
"CLVS1","0.133070885881855"
"CLVS2","0.134186706338114"
"CLYBL","0.132776058123171"
"CLYBL-AS1","0.131704829405724"
"CMA1","0.135008498050704"
"CMAS","0.135013403507403"
"CMB9-22P13.1","0.133787510991774"
"CMB9-22P13.2","0.133743221001736"
"CMB9-55A18.1","0.133054914292751"
"CMBL","0.135992469925193"
"CMC1","0.133562090852962"
"CMC2","0.136523751651053"
"CMC4","0.134226126800003"
"CMIP","0.133779297417515"
"CMKLR1","0.135347875500371"
"CMP21-97G8.1","0.135218129047811"
"CMP21-97G8.2","0.133489533992011"
"CMPK1","0.133762709714672"
"CMPK2","0.136114560704122"
"CMSS1","0.134451207267584"
"CMTM1","0.132945355624716"
"CMTM2","0.134454216869375"
"CMTM3","0.135036656611519"
"CMTM4","0.137266793952477"
"CMTM5","0.135027848197051"
"CMTM6","0.137267284243991"
"CMTM7","0.135344636319064"
"CMTM8","0.134610649738875"
"CMTR1","0.133499505635181"
"CMTR2","0.134806591193337"
"CMYA5","0.135280003347864"
"CNBD1","0.13459970216876"
"CNBD2","0.132807566514809"
"CNBP","0.135356595831593"
"CNDP1","0.134442854619158"
"CNDP2","0.136675150296591"
"CNEP1R1","0.134591709235093"
"CNFN","0.136101862538132"
"CNGA1","0.135273172418194"
"CNGA3","0.135314510445464"
"CNGA4","0.134596821235773"
"CNGB1","0.135958264758643"
"CNGB3","0.133776312989155"
"CNIH1","0.131717217030162"
"CNIH2","0.133495419133507"
"CNIH3","0.134803473190169"
"CNIH4","0.135009450099485"
"CNKSR1","0.134599629467723"
"CNKSR2","0.134647138650821"
"CNKSR3","0.133475430412765"
"CNN1","0.132686310808013"
"CNN2","0.135206561879914"
"CNN3","0.134812193521392"
"CNNM1","0.133489179378162"
"CNNM2","0.13152675315992"
"CNNM3","0.1346798127443"
"CNNM4","0.134187352491738"
"CNOT1","0.134186907707955"
"CNOT10","0.132461444973517"
"CNOT11","0.13463823417174"
"CNOT2","0.131725484685468"
"CNOT3","0.136155042684409"
"CNOT4","0.13457557956358"
"CNOT6","0.134679360611786"
"CNOT6L","0.135257162115427"
"CNOT7","0.1344339731181"
"CNOT8","0.13419025364141"
"CNP","0.133691150251353"
"CNPPD1","0.131741095992951"
"CNPY1","0.133688001575396"
"CNPY2","0.131721607280015"
"CNPY3","0.131505386940093"
"CNPY4","0.133597152576831"
"CNR1","0.134582207786415"
"CNR2","0.133763461087631"
"CNRIP1","0.132286106732048"
"CNST","0.135192007968741"
"CNTD1","0.133073378578764"
"CNTD2","0.136099054435844"
"CNTF","0.135712082403175"
"CNTFR","0.134437098816035"
"CNTLN","0.133047092997243"
"CNTN1","0.133455355675725"
"CNTN2","0.134800626353495"
"CNTN3","0.13357480382516"
"CNTN4","0.135017999499382"
"CNTN4-AS1","0.133473320252562"
"CNTN5","0.133687747179195"
"CNTN6","0.132898596088688"
"CNTNAP1","0.131505386940093"
"CNTNAP2","0.133544972799621"
"CNTNAP3","0.133680916249525"
"CNTNAP3B","0.131246787905414"
"CNTNAP4","0.135953871140329"
"CNTNAP5","0.135943983016959"
"CNTRL","0.132512290846361"
"CNTROB","0.134596619865932"
"COA1","0.133969880232299"
"COA3","0.133969625836099"
"COA4","0.132768175303087"
"COA5","0.133688165822994"
"COA6","0.134194966251717"
"COA7","0.13463077253973"
"COASY","0.133688165822994"
"COBL","0.13345277111567"
"COBLL1","0.131494876822546"
"COCH","0.135012891669018"
"COG1","0.13466251054871"
"COG2","0.135976417509231"
"COG3","0.135012296936159"
"COG4","0.131226132625671"
"COG5","0.131163372620228"
"COG6","0.131817426212993"
"COG7","0.134581717494901"
"COG8","0.13457557956358"
"COIL","0.131808188792582"
"COL10A1","0.135339293636003"
"COL11A1","0.132263775957657"
"COL11A2","0.133761449655708"
"COL12A1","0.131704829405724"
"COL13A1","0.133576112274479"
"COL14A1","0.132260430024201"
"COL15A1","0.133057360338712"
"COL16A1","0.134801938871497"
"COL17A1","0.135303853777714"
"COL18A1","0.135257162115427"
"COL18A1-AS1","0.133552757131494"
"COL19A1","0.134429637184025"
"COL1A1","0.134998612449694"
"COL1A2","0.134432751525287"
"COL20A1","0.134669558094405"
"COL21A1","0.136104682510618"
"COL22A1","0.131817426212993"
"COL23A1","0.134623414118799"
"COL24A1","0.131054566060788"
"COL25A1","0.135703165593321"
"COL26A1","0.133441732739389"
"COL27A1","0.133452847774771"
"COL28A1","0.131174790479561"
"COL2A1","0.130681053777206"
"COL3A1","0.131138767239677"
"COL4A1","0.133124804728085"
"COL4A2","0.134184711601822"
"COL4A2-AS1","0.133679120074338"
"COL4A2-AS2","0.133450282139286"
"COL4A3","0.134440744458954"
"COL4A3BP","0.13367066159963"
"COL4A4","0.133570147434637"
"COL4A5","0.13353551767851"
"COL4A6","0.133959777138429"
"COL5A1","0.131474304889937"
"COL5A2","0.134565171588869"
"COL5A3","0.131154489813667"
"COL6A1","0.133051366989455"
"COL6A2","0.133755053048375"
"COL6A3","0.134582767490564"
"COL6A5","0.131449787122493"
"COL6A6","0.132509482614411"
"COL7A1","0.132882673352905"
"COL8A1","0.134582767490564"
"COL8A2","0.131647195799675"
"COL9A1","0.134573088625553"
"COL9A2","0.131434620532193"
"COL9A3","0.134183006739188"
"COLCA1","0.134158258855626"
"COLCA2","0.133667906741333"
"COLEC10","0.134163142765454"
"COLEC11","0.132251876005935"
"COLEC12","0.133460385233156"
"COLGALT1","0.130268866862579"
"COLGALT2","0.132898312697043"
"COLQ","0.134177636739936"
"COMMD1","0.131678998636955"
"COMMD10","0.131471156213979"
"COMMD2","0.13415874914714"
"COMMD3","0.133039856115348"
"COMMD4","0.131051757828838"
"COMMD5","0.132509034079175"
"COMMD6","0.134413364475599"
"COMMD7","0.13287707102485"
"COMMD8","0.133456385574366"
"COMMD9","0.131643648496379"
"COMP","0.13273549892842"
"COMT","0.135186379893968"
"COMTD1","0.134619575137212"
"COPA","0.133452241334463"
"COPB1","0.134155258061051"
"COPB2","0.131344619259184"
"COPE","0.132677376875017"
"COPG1","0.131792573667047"
"COPG2","0.134422278763093"
"COPRS","0.134177636739936"
"COPS2","0.134153966168228"
"COPS3","0.131777382858145"
"COPS4","0.136661961807002"
"COPS5","0.134572319663045"
"COPS6","0.134577397491312"
"COPS7A","0.133756053907495"
"COPS7B","0.133756053907495"
"COPS8","0.13354319114436"
"COPZ1","0.131479508862405"
"COPZ2","0.133029796905897"
"COQ10A","0.135978445307632"
"COQ10B","0.133455825870217"
"COQ2","0.132882221220391"
"COQ3","0.134182447035039"
"COQ4","0.133450759683746"
"COQ5","0.131776930725631"
"COQ6","0.133440780690608"
"COQ7","0.134788527345451"
"COQ9","0.131689214280189"
"CORIN","0.13356822407234"
"CORO1A","0.132414526593478"
"CORO1B","0.131200301856901"
"CORO1C","0.1316722272961"
"CORO2A","0.133677898481525"
"CORO2B","0.131681273044756"
"CORO6","0.132677376875017"
"CORO7","0.131434867186456"
"CORO7-PAM16","0.134583159835196"
"CORT","0.135703165593321"
"COTL1","0.132263238256152"
"COX10","0.131003139911468"
"COX11","0.133767267240499"
"COX14","0.13287707102485"
"COX15","0.132251876005935"
"COX16","0.131670457494134"
"COX17","0.135260653201516"
"COX18","0.133452847774771"
"COX19","0.132421458444281"
"COX20","0.133677898481525"
"COX4I1","0.134660982469047"
"COX4I2","0.131672982334439"
"COX5A","0.131643648496379"
"COX5B","0.133755572885493"
"COX6A1","0.131721778904424"
"COX6A2","0.133044508437188"
"COX6B1","0.13164384986622"
"COX6B2","0.133444882913531"
"COX6C","0.130659995699951"
"COX7A1","0.133570147434637"
"COX7A2","0.13170454475494"
"COX7A2L","0.131268840370103"
"COX7B","0.131672982334439"
"COX7B2","0.131669972732648"
"COX7C","0.133667425719331"
"COX8A","0.132684148215871"
"COX8C","0.133030326687104"
"CP","0.132733487496496"
"CPA1","0.133451503732098"
"CPA2","0.132742430779222"
"CPA3","0.132414526593478"
"CPA4","0.131692471047375"
"CPA5","0.13273549892842"
"CPA6","0.131689461445584"
"CPAMD8","0.131697620598905"
"CPB1","0.132486229510295"
"CPB2","0.133444882913531"
"CPB2-AS1","0.132667605882307"
"CPD","0.135247920557109"
"CPE","0.133034132839971"
"CPEB1","0.133758808765791"
"CPEB1-AS1","0.132255024681892"
"CPEB2","0.133669349081628"
"CPEB2-AS1","0.131775586682958"
"CPEB3","0.132689407052032"
"CPEB4","0.131713426255998"
"CPED1","0.133035929015159"
"CPLX1","0.133450759683746"
"CPLX2","0.133569195385857"
"CPLX3","0.133526341081284"
"CPLX4","0.132745086473521"
"CPM","0.132686258376075"
"CPN1","0.132734969147213"
"CPN2","0.133441340394757"
"CPNE1","0.13414886102377"
"CPNE2","0.135310217758066"
"CPNE3","0.131775586682958"
"CPNE4","0.133568705094342"
"CPNE5","0.134569614723739"
"CPNE6","0.13273084660658"
"CPNE7","0.133450282139286"
"CPNE8","0.131689461445584"
"CPNE9","0.131202576264702"
"CPO","0.133049658632728"
"CPOX","0.134586601404729"
"CPPED1","0.133044508437188"
"CPQ","0.132512290846361"
"CPS1","0.133029796905897"
"CPSF1","0.132271864726676"
"CPSF2","0.136095331513529"
"CPSF3","0.13666327952693"
"CPSF3L","0.132889758678776"
"CPSF4","0.133756053907495"
"CPSF4L","0.132732975658111"
"CPSF6","0.132500928596144"
"CPSF7","0.131235370046081"
"CPT1A","0.134163142765454"
"CPT1B","0.133567704235223"
"CPT1C","0.132751335258303"
"CPT2","0.132742430779222"
"CPTP","0.132756539230771"
"CPVL","0.131470442402236"
"CPXCR1","0.133578696834534"
"CPXM1","0.131051757828838"
"CPXM2","0.133445686147307"
"CPZ","0.133049658632728"
"CR1","0.132887648518573"
"CR1L","0.132755806505535"
"CR2","0.133456577268537"
"CR392000.1","0.133284012934618"
"CRABP1","0.133036185894048"
"CRABP2","0.133450247845361"
"CRACR2A","0.133456777918998"
"CRACR2B","0.130649085778809"
"CRADD","0.135247920557109"
"CRAMP1","0.133459624755672"
"CRAT","0.132486229510295"
"CRAT37","0.131332163947301"
"CRB1","0.133538040948819"
"CRB2","0.132500928596144"
"CRB3","0.133451503732098"
"CRBN","0.134416939018034"
"CRCP","0.133447167798023"
"CRCT1","0.13243556689583"
"CREB1","0.133456577268537"
"CREB3","0.133040904180826"
"CREB3L1","0.131186011537192"
"CREB3L2","0.133954669308065"
"CREB3L3","0.134187352491738"
"CREB3L4","0.134416939018034"
"CREB5","0.131670457494134"
"CREBBP","0.133047092997243"
"CREBL2","0.13267872091769"
"CREBRF","0.131202576264702"
"CREBZF","0.135202118745044"
"CREG1","0.136157619431523"
"CREG2","0.13353551767851"
"CRELD1","0.131163372620228"
"CRELD2","0.131706340930127"
"CREM","0.133452847774771"
"CRH","0.131828844072326"
"CRHBP","0.134163142765454"
"CRHR1","0.134423809780759"
"CRHR2","0.134162548032595"
"CRIM1","0.133532076108977"
"CRIP1","0.137267195760683"
"CRIP2","0.13395518114645"
"CRIP3","0.133030326687104"
"CRIPAK","0.131483056165701"
"CRIPT","0.131008188413285"
"CRISP1","0.133748867945752"
"CRISP2","0.133756544199009"
"CRISP3","0.132260430024201"
"CRISPLD1","0.133674784140263"
"CRISPLD2","0.133538040948819"
"CRK","0.132509482614411"
"CRKL","0.133579918427347"
"CRLF1","0.134582767490564"
"CRLF2","0.13250070788399"
"CRLF3","0.134159308851289"
"CRLS1","0.133586689768201"
"CRMP1","0.133459702966472"
"CRNDE","0.13250928124457"
"CRNKL1","0.133574100842556"
"CRNN","0.133451503732098"
"CROCC","0.133034132839971"
"CROCC2","0.13305144028799"
"CROT","0.132694363859106"
"CRP","0.133060344767071"
"CRTAC1","0.13169300874888"
"CRTAM","0.132286106732048"
"CRTAP","0.13358857921625"
"CRTC1","0.13458600667187"
"CRTC2","0.1347991840132"
"CRTC3","0.133212015508765"
"CRTC3-AS1","0.134428155533309"
"CRX","0.13245093485597"
"CRY1","0.133591948604362"
"CRY2","0.13166825387693"
"CRYAB","0.133562628554466"
"CRYBA1","0.133588799928405"
"CRYBA2","0.134666322214106"
"CRYBA4","0.133552757131494"
"CRYBB1","0.133212015508765"
"CRYBB2","0.133060344767071"
"CRYBB3","0.132117729914456"
"CRYBG3","0.131708980337984"
"CRYGA","0.133065301574144"
"CRYGB","0.132917630219602"
"CRYGC","0.130996770553952"
"CRYGD","0.132509766006056"
"CRYGN","0.132729696665743"
"CRYGS","0.132556525542084"
"CRYL1","0.131737146864564"
"CRYM","0.13271033359849"
"CRYM-AS1","0.134423809780759"
"CRYZ","0.132917630219602"
"CRYZL1","0.13151553210229"
"CS","0.131747656982111"
"CSAD","0.133969659520145"
"CSAG1","0.13245093485597"
"CSDC2","0.133696838985308"
"CSDE1","0.132436051657316"
"CSE1L","0.132533886625121"
"CSE1L-AS1","0.132889758678776"
"CSF1","0.134170816231303"
"CSF1R","0.133696107058427"
"CSF2","0.133573589004171"
"CSF2RA","0.133045413442489"
"CSF2RB","0.133767267240499"
"CSF3","0.13355908125117"
"CSF3R","0.131695850810335"
"CSGALNACT1","0.133553877278702"
"CSGALNACT2","0.136098287995696"
"CSH1","0.13155711170082"
"CSH2","0.133954669308065"
"CSHL1","0.132138134761428"
"CSK","0.134623414118799"
"CSMD1","0.135954430844478"
"CSMD2","0.133667906741333"
"CSMD2-AS1","0.133473564252626"
"CSMD3","0.134804579761413"
"CSN1S1","0.134189363923661"
"CSN2","0.13395518114645"
"CSN3","0.134181502365646"
"CSNK1A1","0.13354319114436"
"CSNK1A1L","0.132695095785987"
"CSNK1D","0.133767267240499"
"CSNK1E","0.13245508578823"
"CSNK1G1","0.133588799928405"
"CSNK1G2","0.134428155533309"
"CSNK1G2-AS1","0.132694611024501"
"CSNK1G3","0.134168250595818"
"CSNK2A1","0.134636904648993"
"CSNK2A2","0.131644133257866"
"CSNK2A3","0.131741297796823"
"CSNK2B","0.133484460455572"
"CSPG4","0.133776148741557"
"CSPG5","0.135009450099485"
"CSPP1","0.133489179378162"
"CSRNP1","0.131483056165701"
"CSRNP2","0.133284012934618"
"CSRNP3","0.133680916249525"
"CSRP1","0.134425514643392"
"CSRP2","0.135005006964615"
"CSRP2BP","0.134673680635038"
"CSRP3","0.132460172276381"
"CST1","0.132294870834153"
"CST11","0.131747728480657"
"CST2","0.132686310808013"
"CST3","0.131772806188461"
"CST4","0.134581181891635"
"CST5","0.133795027173512"
"CST6","0.134795870136819"
"CST7","0.133486792662983"
"CST8","0.131505458438638"
"CST9L","0.133284012934618"
"CSTA","0.137089890197394"
"CSTB","0.132697620626292"
"CSTF1","0.131494876822546"
"CSTF2","0.133544972799621"
"CSTF2T","0.133578696834534"
"CSTF3","0.13252500381856"
"CSTF3-AS1","0.133685891415192"
"CSTL1","0.131796368135738"
"CT45A1","0.134586157057303"
"CT45A10","0.131690892793894"
"CT45A2","0.131102583743035"
"CT45A5","0.133978717642212"
"CT45A9","0.133066734949596"
"CT55","0.134573568131657"
"CT62","0.134583159835196"
"CT83","0.134669558094405"
"CTA-126B4.7","0.133795027173512"
"CTA-14H9.5","0.131023192457439"
"CTA-150C2.13","0.135703165593321"
"CTA-204B4.2","0.131705995972532"
"CTA-212A2.2","0.132138134761428"
"CTA-212A2.3","0.13148544644639"
"CTA-212A2.4","0.13243556689583"
"CTA-212D2.2","0.132439114199126"
"CTA-217C2.2","0.13464187981466"
"CTA-221G9.11","0.133768611283172"
"CTA-221G9.12","0.133032911247159"
"CTA-221G9.7","0.133467892954381"
"CTA-223H9.9","0.133766045647687"
"CTA-228A9.3","0.133065301574144"
"CTA-228A9.4","0.134624945136464"
"CTA-243E7.1","0.133452847774771"
"CTA-243E7.2","0.131138968609518"
"CTA-243E7.3","0.133036185894048"
"CTA-243E7.4","0.134572461560413"
"CTA-246H3.12","0.134628779050629"
"CTA-250D10.19","0.13155711170082"
"CTA-254O6.1","0.133576112274479"
"CTA-268H5.14","0.131023192457439"
"CTA-276F8.1","0.13225165529378"
"CTA-280A3.2","0.135303853777714"
"CTA-280A3--B.2","0.133760937817323"
"CTA-286B10.7","0.132689407052032"
"CTA-286B10.8","0.135703165593321"
"CTA-292E10.6","0.134584472353198"
"CTA-293F17.1","0.131673520035944"
"CTA-29F11.1","0.131474304889937"
"CTA-305I2.1","0.130707475680692"
"CTA-31J9.2","0.134798702991198"
"CTA-331P3.1","0.135000821797447"
"CTA-339C12.1","0.133922131603959"
"CTA-342B11.1","0.134620894346226"
"CTA-342B11.2","0.13457589672784"
"CTA-363E19.2","0.132671559290226"
"CTA-363E6.2","0.133051851750941"
"CTA-363E6.5","0.133465327318895"
"CTA-363E6.6","0.133667425719331"
"CTA-363E6.7","0.131026008387364"
"CTA-373H7.7","0.133532076108977"
"CTA-384D8.31","0.131055103762293"
"CTA-384D8.33","0.133940390088741"
"CTA-384D8.34","0.135249506242253"
"CTA-384D8.35","0.131660122669512"
"CTA-384D8.36","0.131644133257866"
"CTA-390C10.9","0.132294870834153"
"CTA-392C11.1","0.132889758678776"
"CTA-392C11.2","0.132898312697043"
"CTA-392E5.1","0.133037258537906"
"CTA-397H3.3","0.13242699353525"
"CTA-398F10.1","0.133576112274479"
"CTA-398F10.2","0.135302822288819"
"CTA-407F11.7","0.132500928596144"
"CTA-407F11.8","0.131685340692788"
"CTA-445C9.14","0.134787495856555"
"CTA-503F6.2","0.133478579088723"
"CTA-796E4.3","0.131711316095794"
"CTA-796E4.4","0.133455335578703"
"CTA-797E19.2","0.131235370046081"
"CTA-833B7.2","0.133042497005264"
"CTA-929C8.7","0.13459605652584"
"CTA-929C8.8","0.134790107792936"
"CTA-972D3.2","0.131026079885909"
"CTA-984G1.5","0.131664768760179"
"CTA-989H11.1","0.135186379893968"
"CTA-992D9.10","0.13344769757923"
"CTA-992D9.11","0.132427214247404"
"CTA-992D9.7","0.131692471047375"
"CTA-992D9.8","0.135008498050704"
"CTAG1B","0.130707475680692"
"CTAG2","0.131479710232246"
"CTAGE1","0.132694812394341"
"CTAGE15","0.133579918427347"
"CTAGE4","0.133476821019813"
"CTAGE5","0.134586601404729"
"CTAGE6","0.135010762617487"
"CTAGE8","0.132493843270273"
"CTAGE9","0.13358857921625"
"CTB-102L5.4","0.131345742929493"
"CTB-107G13.1","0.130638940616612"
"CTB-108O6.2","0.131236642743217"
"CTB-111F10.1","0.131721980274264"
"CTB-113D17.1","0.13155711170082"
"CTB-113I20.2","0.132694611024501"
"CTB-113P19.1","0.131102583743035"
"CTB-113P19.3","0.133073378578764"
"CTB-113P19.4","0.130939924451479"
"CTB-113P19.5","0.13354319114436"
"CTB-1144G6.6","0.133060344767071"
"CTB-114C7.4","0.134430166965232"
"CTB-118N6.2","0.134573568131657"
"CTB-118P15.2","0.13345277111567"
"CTB-119C2.1","0.132876541243643"
"CTB-11I22.1","0.132435319730435"
"CTB-11I22.2","0.131792820832442"
"CTB-120L21.1","0.132234417855919"
"CTB-127C13.1","0.133036185894048"
"CTB-127M13.1","0.133463533909114"
"CTB-129O4.1","0.132263238256152"
"CTB-129P6.11","0.133042793628875"
"CTB-129P6.4","0.132260228654361"
"CTB-12A17.3","0.132892907354734"
"CTB-12O2.1","0.132504077272102"
"CTB-131K11.1","0.132430362923362"
"CTB-133G6.1","0.134794918088039"
"CTB-133G6.2","0.13224433854755"
"CTB-138E5.1","0.13358857921625"
"CTB-13F3.1","0.135192007968741"
"CTB-147C13.1","0.134669558094405"
"CTB-147C22.8","0.133065301574144"
"CTB-147C22.9","0.133044508437188"
"CTB-147N14.6","0.132694363859106"
"CTB-152G17.6","0.131142314542973"
"CTB-158D10.3","0.131737146864564"
"CTB-158E9.1","0.133465327318895"
"CTB-161C1.1","0.133679120074338"
"CTB-161M19.4","0.133453299907286"
"CTB-164N12.1","0.132694812394341"
"CTB-167B5.1","0.131258008963044"
"CTB-171A8.1","0.131737501478413"
"CTB-174D11.1","0.131685695306637"
"CTB-174D11.2","0.13252500381856"
"CTB-174O21.2","0.13393193412134"
"CTB-175E5.7","0.132694611024501"
"CTB-176F20.3","0.133054376591246"
"CTB-178M22.2","0.134799674304714"
"CTB-179K24.3","0.133065548739539"
"CTB-17P3.4","0.134794891325802"
"CTB-180A7.3","0.132436051657316"
"CTB-180A7.8","0.132524649204711"
"CTB-184G21.3","0.137026128276859"
"CTB-186G2.1","0.13350766743144"
"CTB-186G2.4","0.133466548911708"
"CTB-186H2.3","0.13245128946982"
"CTB-191K22.5","0.133929368485854"
"CTB-191K22.6","0.136107683305192"
"CTB-193M12.1","0.13442420212539"
"CTB-193M12.5","0.133372349528053"
"CTB-1I21.1","0.133680916249525"
"CTB-22K21.2","0.13355908125117"
"CTB-25B13.12","0.133574449211311"
"CTB-25B13.5","0.134573056293272"
"CTB-25B13.9","0.1339508353939"
"CTB-30L5.1","0.134636452516478"
"CTB-31N19.5","0.135017999499382"
"CTB-31O20.2","0.13271033359849"
"CTB-31O20.3","0.134435317160773"
"CTB-31O20.6","0.131236642743217"
"CTB-31O20.8","0.132438576497621"
"CTB-31O20.9","0.133054914292751"
"CTB-32O4.2","0.133969659520145"
"CTB-32O4.3","0.133469222643068"
"CTB-32O4.4","0.132897864161807"
"CTB-33G10.11","0.132525755417702"
"CTB-33G10.6","0.132901120928993"
"CTB-33O18.1","0.13650694038654"
"CTB-33O18.3","0.132512290846361"
"CTB-35F21.1","0.135234051783593"
"CTB-35F21.3","0.133696354223822"
"CTB-35F21.4","0.133553877278702"
"CTB-35F21.5","0.135212993437175"
"CTB-39G8.2","0.1346798127443"
"CTB-40H15.4","0.132012463573135"
"CTB-41I6.1","0.133046163016987"
"CTB-41I6.2","0.133082022912672"
"CTB-43E15.1","0.135321387844393"
"CTB-43E15.2","0.133597637338317"
"CTB-43P18.1","0.131725326207719"
"CTB-46B19.2","0.13459970216876"
"CTB-47B11.3","0.131725326207719"
"CTB-49A3.4","0.133562628554466"
"CTB-49A3.5","0.134794918088039"
"CTB-4E7.1","0.133579918427347"
"CTB-50L17.10","0.134446003295115"
"CTB-50L17.14","0.131692471047375"
"CTB-50L17.16","0.134822628113618"
"CTB-50L17.5","0.133550728602744"
"CTB-50L17.7","0.13152675315992"
"CTB-50L17.9","0.134584677234554"
"CTB-51J22.1","0.133065548739539"
"CTB-55O6.10","0.132452041068962"
"CTB-55O6.12","0.133581714602534"
"CTB-55O6.13","0.134636904648993"
"CTB-55O6.4","0.133552757131494"
"CTB-55O6.8","0.133696354223822"
"CTB-58E17.1","0.133483984431032"
"CTB-58E17.2","0.133685891415192"
"CTB-58E17.3","0.135264452086972"
"CTB-58E17.5","0.134440744458954"
"CTB-58E17.9","0.133045413442489"
"CTB-5E10.3","0.13386606910153"
"CTB-60B18.18","0.132512290846361"
"CTB-60B18.6","0.135344636319064"
"CTB-60E11.9","0.132709978984641"
"CTB-61M7.2","0.133743221001736"
"CTB-75G16.3","0.13357860014357"
"CTB-78F1.1","0.134625887551379"
"CTB-79E8.2","0.133468345086895"
"CTB-7E3.1","0.133463533909114"
"CTB-83J4.1","0.135265046819831"
"CTB-91J4.1","0.132556525542084"
"CTB-92J24.3","0.133036185894048"
"CTB-96E2.7","0.132509034079175"
"CTBP1","0.132898596088688"
"CTBP1-AS","0.133591948604362"
"CTBP1-AS2","0.133460164521002"
"CTBP2","0.1327141299169"
"CTBS","0.13355908125117"
"CTC-1337H24.3","0.133036185894048"
"CTC-1337H24.4","0.133685891415192"
"CTC-203F4.2","0.13528003703191"
"CTC-207P7.1","0.134805641129529"
"CTC-209H22.3","0.13355050789059"
"CTC-215O4.4","0.137260712210835"
"CTC-218B8.3","0.133463533909114"
"CTC-228N24.2","0.135012891669018"
"CTC-232P5.1","0.134797182654821"
"CTC-232P5.3","0.13227595122835"
"CTC-235G5.3","0.134819058135108"
"CTC-236F12.4","0.1365173856917"
"CTC-239J10.1","0.134573056293272"
"CTC-241F20.4","0.131721000016685"
"CTC-241N9.1","0.133476821019813"
"CTC-242N15.1","0.133947824228151"
"CTC-246B18.10","0.133993600840866"
"CTC-248O19.1","0.131741297796823"
"CTC-250I14.3","0.132146776030785"
"CTC-250I14.6","0.133597353946671"
"CTC-251D13.1","0.134633886880993"
"CTC-254B4.1","0.13357860014357"
"CTC-255N20.1","0.133795027173512"
"CTC-260E6.6","0.134767859293589"
"CTC-260F20.3","0.133460164521002"
"CTC-261N6.2","0.133473564252626"
"CTC-265F19.3","0.132012463573135"
"CTC-268N12.2","0.133045413442489"
"CTC-270D5.1","0.132533886625121"
"CTC-273B12.10","0.135958776597028"
"CTC-273B12.5","0.135212993437175"
"CTC-276P9.3","0.133077316565688"
"CTC-276P9.4","0.132294870834153"
"CTC-281F24.1","0.134475812648134"
"CTC-281F24.5","0.132924060903435"
"CTC-286N12.1","0.138099020134005"
"CTC-293G12.1","0.133954074575206"
"CTC-296K1.3","0.133558834085776"
"CTC-296K1.4","0.134592930827905"
"CTC-297N7.1","0.133284012934618"
"CTC-297N7.9","0.135986593154978"
"CTC-301O7.4","0.131345742929493"
"CTC-308K20.1","0.134604961004921"
"CTC-308K20.2","0.133957192578374"
"CTC-321K16.1","0.133493343262133"
"CTC-325H20.4","0.135350993503538"
"CTC-325J23.2","0.133478579088723"
"CTC-327F10.5","0.135318799622433"
"CTC-329D1.2","0.133485212054715"
"CTC-332L22.1","0.13358857921625"
"CTC-336P14.1","0.133762709714672"
"CTC-338M12.1","0.132294870834153"
"CTC-338M12.2","0.133978434250566"
"CTC-338M12.5","0.132686310808013"
"CTC-338M12.6","0.134652342623289"
"CTC-338M12.7","0.13465254399313"
"CTC-338M12.9","0.134652342623289"
"CTC-339F2.2","0.134817168687059"
"CTC-339O9.1","0.133212015508765"
"CTC-340A15.2","0.134823076648853"
"CTC-340D7.1","0.134470726159983"
"CTC-343N3.1","0.132533886625121"
"CTC-344H19.4","0.134767859293589"
"CTC-345K18.2","0.132260713415847"
"CTC-347C20.1","0.133045413442489"
"CTC-347C20.2","0.135207566138994"
"CTC-348L5.1","0.135205000503508"
"CTC-350I8.1","0.134446003295115"
"CTC-353G13.1","0.132525755417702"
"CTC-360G5.6","0.134579385716448"
"CTC-360G5.9","0.134611987826073"
"CTC-366B18.2","0.13396734312055"
"CTC-366B18.4","0.134609917811994"
"CTC-367F4.1","0.133472285184878"
"CTC-367J11.1","0.133499689495709"
"CTC-378H22.2","0.134582529513658"
"CTC-384G19.1","0.132694363859106"
"CTC-391G2.1","0.135204638517617"
"CTC-400I9.1","0.132509482614411"
"CTC-420A11.2","0.132286178230594"
"CTC-425F1.4","0.1346798127443"
"CTC-428G20.6","0.133468939251423"
"CTC-428H11.2","0.132913833901192"
"CTC-429P9.1","0.134578164123636"
"CTC-429P9.2","0.133069096042835"
"CTC-429P9.4","0.131747728480657"
"CTC-431G16.2","0.135348982071614"
"CTC-435M10.3","0.133484460455572"
"CTC-435M10.6","0.135956340588468"
"CTC-436K13.1","0.132729696665743"
"CTC-436K13.2","0.133716896765467"
"CTC-436K13.3","0.134678016569113"
"CTC-436K13.5","0.134589124675037"
"CTC-436K13.6","0.131345742929493"
"CTC-436P18.1","0.13245093485597"
"CTC-436P18.3","0.13155711170082"
"CTC-441N14.1","0.13501488515812"
"CTC-441N14.2","0.136168067259042"
"CTC-444N24.11","0.133066734949596"
"CTC-444N24.13","0.133485212054715"
"CTC-444N24.6","0.134064448885536"
"CTC-444N24.8","0.131741297796823"
"CTC-448D22.1","0.133054376591246"
"CTC-448F2.4","0.133962794906429"
"CTC-453G23.4","0.131705184019574"
"CTC-453G23.5","0.132686310808013"
"CTC-453G23.8","0.134797387536178"
"CTC-454I21.3","0.133473811418021"
"CTC-454I21.4","0.133043014341029"
"CTC-455F18.1","0.134684787909967"
"CTC-457E21.9","0.133762709714672"
"CTC-457L16.2","0.135257162115427"
"CTC-458G6.2","0.13227595122835"
"CTC-458G6.4","0.133466548911708"
"CTC-458I2.2","0.132438576497621"
"CTC-459F4.1","0.131818770408675"
"CTC-459F4.3","0.133468345086895"
"CTC-459M5.1","0.131795830434233"
"CTC-459M5.2","0.133081271313529"
"CTC-461F20.1","0.132901658630498"
"CTC-465D4.1","0.133065548739539"
"CTC-467M3.1","0.133552757131494"
"CTC-467M3.3","0.134588267217506"
"CTC-471C19.1","0.132525755417702"
"CTC-471J1.11","0.133460164521002"
"CTC-472C24.1","0.135199297940286"
"CTC-479C5.10","0.133478579088723"
"CTC-479C5.12","0.133540625508874"
"CTC-479C5.6","0.132500928596144"
"CTC-480C2.1","0.131189794523715"
"CTC-482H14.5","0.131673520035944"
"CTC-487M23.5","0.133960778239091"
"CTC-487M23.7","0.133468490716187"
"CTC-487M23.8","0.133045413442489"
"CTC-490E21.10","0.133452847774771"
"CTC-490E21.12","0.132688745530715"
"CTC-490E21.14","0.133550728602744"
"CTC-490G23.2","0.133581714602534"
"CTC-490G23.4","0.134668245576403"
"CTC-490G23.6","0.13367531392147"
"CTC-492K19.4","0.133474012787862"
"CTC-492K19.7","0.134573568131657"
"CTC-493L21.1","0.132684148215871"
"CTC-493L21.2","0.132898111327202"
"CTC-497E21.3","0.132263238256152"
"CTC-498J12.1","0.133600162178622"
"CTC-498J12.3","0.132255024681892"
"CTC-498M16.4","0.132697620626292"
"CTC-499B15.5","0.13305508593091"
"CTC-499B15.7","0.133048094097905"
"CTC-499J9.1","0.133035929015159"
"CTC-501O10.1","0.133476821019813"
"CTC-503J8.4","0.133051568359296"
"CTC-505O3.3","0.13243576826567"
"CTC-506B8.1","0.133919376745662"
"CTC-508F8.1","0.134427643694924"
"CTC-510F12.2","0.133073378578764"
"CTC-510F12.7","0.133537511167612"
"CTC-513N18.6","0.133478579088723"
"CTC-513N18.7","0.133468939251423"
"CTC-518B2.10","0.131787616859974"
"CTC-518B2.12","0.13168644690578"
"CTC-518B2.8","0.131685340692788"
"CTC-518B2.9","0.131268840370103"
"CTC-518P12.6","0.131792820832442"
"CTC-523E23.1","0.13345792131121"
"CTC-523E23.11","0.133930590078667"
"CTC-523E23.14","0.132260713415847"
"CTC-523E23.4","0.133066033501026"
"CTC-523E23.5","0.1346767949763"
"CTC-523E23.6","0.134793946774522"
"CTC-524C5.2","0.131437966465648"
"CTC-524C5.5","0.132512828547866"
"CTC-526N19.1","0.133743221001736"
"CTC-527H23.2","0.133762709714672"
"CTC-527H23.3","0.131141776841468"
"CTC-527H23.4","0.134686898070171"
"CTC-529G1.1","0.133600162178622"
"CTC-529I10.1","0.132251876005935"
"CTC-529I10.2","0.134432751525287"
"CTC-529L17.1","0.134581181891635"
"CTC-529L17.2","0.133969659520145"
"CTC-529P8.1","0.13168644690578"
"CTC-534A2.2","0.133484105841723"
"CTC-537E7.1","0.133460164521002"
"CTC-537E7.2","0.131812339724842"
"CTC-537E7.3","0.133473320252562"
"CTC-542B22.2","0.131344619259184"
"CTC-543D15.3","0.132430362923362"
"CTC-543D15.8","0.133937361419521"
"CTC-546K23.1","0.132276702827493"
"CTC-548K16.1","0.131694675780417"
"CTC-548K16.2","0.13227595122835"
"CTC-548K16.5","0.133696838985308"
"CTC-550B14.7","0.134584677234554"
"CTC-558O19.1","0.132284834034911"
"CTC-558O2.1","0.133468490716187"
"CTC-558O2.2","0.133930590078667"
"CTC-559E9.1","0.133460164521002"
"CTC-559E9.4","0.131505458438638"
"CTC-563A5.2","0.135958264758643"
"CTC-564N23.2","0.131741297796823"
"CTC-573N18.1","0.13146029724004"
"CTC-575N7.1","0.132012463573135"
"CTC-756D1.2","0.132688745530715"
"CTC-756D1.3","0.133677898481525"
"CTC-806A22.1","0.131345742929493"
"CTC1","0.131715411021817"
"CTCF","0.132498818435941"
"CTCFL","0.13184865592628"
"CTD-2001C12.1","0.132138134761428"
"CTD-2002J20.1","0.132524649204711"
"CTD-2003C8.2","0.134586601404729"
"CTD-2005H7.1","0.13345792131121"
"CTD-2005H7.2","0.131684257473116"
"CTD-2006C1.10","0.131737501478413"
"CTD-2006C1.13","0.131784468184016"
"CTD-2006H14.2","0.133453299907286"
"CTD-2006K23.1","0.132438576497621"
"CTD-2006K23.2","0.131227238838662"
"CTD-2007A10.1","0.131214311968826"
"CTD-2007H13.3","0.131796368135738"
"CTD-2007H18.1","0.132012463573135"
"CTD-2007L18.5","0.131003677612972"
"CTD-2008A1.3","0.132138134761428"
"CTD-2008L17.1","0.134626649999098"
"CTD-2008L17.2","0.131024735690227"
"CTD-2008P7.1","0.132684148215871"
"CTD-2008P7.10","0.132234417855919"
"CTD-2008P7.8","0.131685695306637"
"CTD-2008P7.9","0.133212015508765"
"CTD-2012J19.3","0.133456577268537"
"CTD-2012K14.2","0.131685695306637"
"CTD-2012K14.3","0.133484105841723"
"CTD-2012K14.4","0.13172226366591"
"CTD-2012K14.6","0.134573568131657"
"CTD-2012K14.7","0.131685340692788"
"CTD-2012K14.8","0.131434867186456"
"CTD-2013M15.1","0.13367531392147"
"CTD-2013N17.4","0.132686310808013"
"CTD-2013N17.7","0.133672195918303"
"CTD-2013N24.2","0.133069096042835"
"CTD-2014B16.3","0.131746384284974"
"CTD-2015G9.2","0.133212015508765"
"CTD-2015H3.1","0.13123028355793"
"CTD-2015H3.2","0.132524649204711"
"CTD-2015H6.3","0.133489179378162"
"CTD-2016O11.1","0.135317470185117"
"CTD-2017C7.1","0.131051157593714"
"CTD-2017C7.2","0.131332163947301"
"CTD-2017D11.1","0.133284012934618"
"CTD-2017F17.1","0.132709978984641"
"CTD-2017F17.2","0.132688745530715"
"CTD-2019O4.1","0.133043014341029"
"CTD-2020K17.1","0.133483535895797"
"CTD-2020K17.3","0.132294870834153"
"CTD-2020K17.4","0.13166825387693"
"CTD-2021H9.2","0.131236642743217"
"CTD-2021H9.3","0.131530536146443"
"CTD-2021J15.1","0.132686310808013"
"CTD-2023M8.1","0.13184865592628"
"CTD-2023N9.1","0.131434867186456"
"CTD-2023N9.2","0.131659371070369"
"CTD-2023N9.3","0.133696838985308"
"CTD-2024D23.1","0.132694611024501"
"CTD-2024I7.13","0.13252880013697"
"CTD-2024P10.1","0.131494876822546"
"CTD-2024P10.2","0.131016604482809"
"CTD-2026D20.2","0.132686310808013"
"CTD-2026G6.3","0.13252880013697"
"CTD-2026J24.1","0.133212015508765"
"CTD-2026K11.2","0.131705935618716"
"CTD-2026K11.3","0.133579918427347"
"CTD-2026K11.4","0.133460164521002"
"CTD-2026K11.5","0.132234417855919"
"CTD-2026K11.6","0.131460368738585"
"CTD-2027I19.3","0.13184865592628"
"CTD-2031P19.5","0.13306855834133"
"CTD-2033A16.1","0.132486594179867"
"CTD-2033A16.3","0.130996770553952"
"CTD-2033C11.1","0.133743221001736"
"CTD-2033D15.1","0.132234417855919"
"CTD-2033D15.3","0.132512828547866"
"CTD-2034I21.1","0.133077245067143"
"CTD-2034I21.2","0.133795027173512"
"CTD-2034I4.2","0.133795027173512"
"CTD-2035E11.3","0.133552757131494"
"CTD-2035E11.4","0.133716896765467"
"CTD-2035E11.5","0.133065548739539"
"CTD-2036P10.3","0.133959777138429"
"CTD-2036P10.5","0.132917630219602"
"CTD-2036P10.6","0.134432751525287"
"CTD-2037L6.2","0.133967770072096"
"CTD-2044J15.1","0.134588046505352"
"CTD-2047H16.4","0.132709978984641"
"CTD-2047H16.5","0.131434867186456"
"CTD-2049O4.1","0.13227974754676"
"CTD-2050B12.1","0.131747728480657"
"CTD-2050E21.2","0.133696049123116"
"CTD-2050N2.1","0.133468490716187"
"CTD-2054N24.2","0.131453938054752"
"CTD-2058B24.3","0.13271033359849"
"CTD-2060L22.1","0.131705935618716"
"CTD-2061E19.6","0.133959777138429"
"CTD-2062F14.3","0.133474012787862"
"CTD-2066L21.2","0.13245508578823"
"CTD-2066L21.3","0.133578696834534"
"CTD-2072I24.1","0.133484105841723"
"CTD-2076M15.1","0.133045413442489"
"CTD-2078B5.2","0.132234417855919"
"CTD-2081C10.1","0.133762709714672"
"CTD-2081C10.7","0.133559282621011"
"CTD-2083E4.6","0.133065301574144"
"CTD-2089N3.1","0.133483783061191"
"CTD-2089N3.2","0.132686310808013"
"CTD-2090I13.1","0.133552757131494"
"CTD-2091N23.1","0.131660122669512"
"CTD-2095E4.5","0.132729696665743"
"CTD-2104P17.2","0.136168459603674"
"CTD-2105E13.14","0.133695564361629"
"CTD-2105E13.15","0.134804419536717"
"CTD-2105E13.16","0.131434867186456"
"CTD-2105E13.6","0.13397798571533"
"CTD-2113L7.1","0.133591948604362"
"CTD-2116N17.1","0.132255024681892"
"CTD-2116N20.1","0.131495231436395"
"CTD-2117L12.1","0.131226132625671"
"CTD-2118P12.1","0.133212015508765"
"CTD-2126E3.3","0.132509482614411"
"CTD-2126E3.4","0.131669598072612"
"CTD-2128A3.2","0.133696838985308"
"CTD-2129N1.1","0.13172226366591"
"CTD-2130F23.2","0.133082022912672"
"CTD-2130O13.1","0.133060344767071"
"CTD-2132N18.3","0.131638863865301"
"CTD-2134A5.4","0.133939471579725"
"CTD-2135D7.2","0.13350766743144"
"CTD-2135D7.3","0.136164016468804"
"CTD-2135D7.5","0.132688745530715"
"CTD-2135J3.3","0.13355050789059"
"CTD-2139B15.2","0.133070885881855"
"CTD-2139B15.5","0.134508815164918"
"CTD-2140B24.6","0.133680464117011"
"CTD-2143L24.1","0.132686310808013"
"CTD-2144E22.5","0.131817426212993"
"CTD-2144E22.8","0.132686258376075"
"CTD-2145A24.4","0.13371093232177"
"CTD-2145A24.5","0.133716896765467"
"CTD-2147F2.1","0.135976624358834"
"CTD-2147F2.2","0.133762709714672"
"CTD-2152M20.2","0.135719440824107"
"CTD-2154B17.1","0.133284012934618"
"CTD-2154B17.4","0.132535159322257"
"CTD-2154H6.1","0.134582529513658"
"CTD-2154I11.2","0.133073378578764"
"CTD-2161F6.2","0.134583364604339"
"CTD-2162K18.3","0.133937361419521"
"CTD-2162K18.4","0.133474296179508"
"CTD-2165H16.4","0.133474296179508"
"CTD-2168K21.1","0.135216112380472"
"CTD-2168K21.2","0.133045413442489"
"CTD-2170G1.2","0.13497135959629"
"CTD-2171N6.1","0.134333476923449"
"CTD-2175A23.1","0.133942620255682"
"CTD-2176I21.2","0.13184865592628"
"CTD-2184C24.2","0.133552757131494"
"CTD-2184D3.3","0.132294870834153"
"CTD-2184D3.5","0.134442633907003"
"CTD-2184D3.6","0.13245508578823"
"CTD-2184D3.7","0.130939924451479"
"CTD-2185K10.1","0.133956662797167"
"CTD-2186M15.3","0.133483984431032"
"CTD-2187J20.1","0.131725326207719"
"CTD-2189E23.1","0.133716896765467"
"CTD-2189E23.2","0.133460164521002"
"CTD-2192J16.11","0.132294870834153"
"CTD-2192J16.20","0.133073378578764"
"CTD-2192J16.22","0.133583897315237"
"CTD-2192J16.26","0.133042793628875"
"CTD-2193G5.1","0.132504077272102"
"CTD-2193P3.2","0.133045413442489"
"CTD-2194A8.2","0.132493391137759"
"CTD-2194D22.1","0.131685340692788"
"CTD-2194D22.3","0.131437428764143"
"CTD-2195B23.3","0.131459024542903"
"CTD-2195M15.3","0.133212015508765"
"CTD-2195M15.4","0.136168459603674"
"CTD-2196E14.3","0.134810397346205"
"CTD-2196E14.5","0.132425104087201"
"CTD-2196P11.2","0.131812339724842"
"CTD-2199O4.1","0.133956662797167"
"CTD-2199O4.3","0.133460556156428"
"CTD-2199O4.6","0.133451503732098"
"CTD-2201E18.5","0.133051568359296"
"CTD-2201E9.1","0.130707475680692"
"CTD-2201E9.4","0.130947738735298"
"CTD-2201G3.1","0.133073378578764"
"CTD-2201I18.1","0.13252500381856"
"CTD-2203K17.1","0.133960778239091"
"CTD-2207O23.11","0.131746384284974"
"CTD-2207O23.12","0.133578696834534"
"CTD-2207O23.3","0.132524649204711"
"CTD-2207P18.1","0.134767859293589"
"CTD-2207P18.2","0.13164384986622"
"CTD-2210P24.3","0.131659371070369"
"CTD-2213F21.2","0.132126281081494"
"CTD-2213F21.3","0.132889537966622"
"CTD-2213F21.4","0.135197933577876"
"CTD-2215E18.1","0.131808188792582"
"CTD-2218K11.2","0.130639012115158"
"CTD-2223O18.1","0.132012463573135"
"CTD-2227C6.2","0.135331898166757"
"CTD-2227C6.3","0.133550728602744"
"CTD-2227E11.1","0.131772806188461"
"CTD-2227I18.1","0.132686258376075"
"CTD-2228A4.1","0.132294870834153"
"CTD-2231E14.4","0.133042793628875"
"CTD-2231E14.5","0.13121076466553"
"CTD-2231E14.8","0.130947738735298"
"CTD-2231H16.1","0.132898596088688"
"CTD-2232E5.2","0.131015498269817"
"CTD-2233C11.2","0.13155711170082"
"CTD-2234N14.1","0.132126281081494"
"CTD-2234N14.2","0.136166016404259"
"CTD-2235C13.2","0.13442420212539"
"CTD-2235C13.3","0.131669725567253"
"CTD-2236F14.1","0.133456577268537"
"CTD-2240E14.4","0.134421758925976"
"CTD-2240J17.1","0.131685695306637"
"CTD-2240J17.2","0.130185774967381"
"CTD-2240J17.3","0.133475430412765"
"CTD-2240J17.4","0.131479261697011"
"CTD-2245E15.3","0.131505458438638"
"CTD-2245F17.2","0.131345742929493"
"CTD-2245F17.3","0.131678998636955"
"CTD-2245F17.6","0.133048094097905"
"CTD-2246P4.1","0.134567691361442"
"CTD-2247C11.2","0.133466548911708"
"CTD-2249K22.1","0.132435319730435"
"CTD-2251F13.1","0.130988639346533"
"CTD-2256P15.1","0.132294870834153"
"CTD-2256P15.2","0.133466548911708"
"CTD-2256P15.4","0.133212015508765"
"CTD-2256P15.5","0.13288131976048"
"CTD-2260A17.1","0.131026079885909"
"CTD-2260A17.2","0.132234947335098"
"CTD-2260A17.3","0.132294870834153"
"CTD-2263F21.1","0.13122648723952"
"CTD-2265O21.3","0.133475430412765"
"CTD-2265O21.7","0.132697620626292"
"CTD-2267D19.3","0.132264141666414"
"CTD-2269F5.1","0.133035476882644"
"CTD-2270F17.1","0.130640102642178"
"CTD-2270L9.4","0.134430166965232"
"CTD-2270P14.5","0.133038111727862"
"CTD-2277K2.1","0.132729696665743"
"CTD-2278I10.1","0.131479710232246"
"CTD-2280E9.1","0.131721778904424"
"CTD-2281M20.1","0.131235370046081"
"CTD-2283N19.1","0.131716574931955"
"CTD-2287O16.4","0.132138134761428"
"CTD-2287O16.5","0.133460556156428"
"CTD-2288F12.1","0.133470527799598"
"CTD-2288O8.1","0.132889758678776"
"CTD-2291D10.1","0.133954074575206"
"CTD-2291D10.2","0.133056975378959"
"CTD-2291D10.4","0.13063197143476"
"CTD-2292M14.1","0.131393336095172"
"CTD-2292M16.7","0.13064144683786"
"CTD-2292M16.8","0.131426066513926"
"CTD-2292P10.2","0.1347991840132"
"CTD-2292P10.4","0.132493391137759"
"CTD-2293H3.2","0.132126281081494"
"CTD-2296D1.2","0.132247433707731"
"CTD-2296D1.5","0.13225165529378"
"CTD-2298J14.2","0.130998114749634"
"CTD-2302E22.2","0.130639012115158"
"CTD-2302E22.4","0.133716896765467"
"CTD-2302E22.6","0.131776930725631"
"CTD-2306A12.1","0.131494876822546"
"CTD-2306M5.1","0.130078910890093"
"CTD-2308B18.1","0.131681108797158"
"CTD-2308B18.3","0.130660361408708"
"CTD-2308L22.1","0.13172226366591"
"CTD-2308N23.2","0.133579918427347"
"CTD-2309H9.3","0.131015852883666"
"CTD-2309O5.3","0.13099177766125"
"CTD-2310F14.1","0.131141776841468"
"CTD-2311B13.2","0.132146776030785"
"CTD-2311M21.3","0.136500750579215"
"CTD-2311M21.4","0.132239188352009"
"CTD-2313F11.3","0.132234740911526"
"CTD-2313J17.6","0.130671816356795"
"CTD-2313J17.7","0.130124555045735"
"CTD-2313J23.1","0.133045413442489"
"CTD-2314B22.1","0.131015498269817"
"CTD-2314G24.2","0.132418775329108"
"CTD-2315E11.1","0.132012463573135"
"CTD-2316B1.2","0.130098133142248"
"CTD-2319I12.2","0.13155711170082"
"CTD-2320G14.2","0.131344619259184"
"CTD-2325A15.5","0.130637667919475"
"CTD-2325B11.1","0.130093046654097"
"CTD-2325M2.1","0.132504077272102"
"CTD-2325P2.3","0.133542289684449"
"CTD-2325P2.4","0.132046975302796"
"CTD-2329K10.1","0.133048314590055"
"CTD-2330J20.2","0.130115913776377"
"CTD-2330K9.2","0.130247500642752"
"CTD-2330K9.3","0.13206043193423"
"CTD-2331H12.7","0.130246227945616"
"CTD-2332E11.2","0.130958909911808"
"CTD-2334D19.1","0.134577397491312"
"CTD-2335O3.3","0.131434867186456"
"CTD-2336H13.2","0.131123329265381"
"CTD-2336O2.1","0.13098469233538"
"CTD-2336O2.3","0.13243556689583"
"CTD-2337A12.1","0.131703323162127"
"CTD-2337I7.1","0.130972366543242"
"CTD-2339F6.1","0.130224632166856"
"CTD-2340E1.2","0.130672170970645"
"CTD-2341M24.1","0.129503382324132"
"CTD-2342J14.6","0.131725691916477"
"CTD-2342N23.3","0.129800013037743"
"CTD-2349B8.1","0.13170852364283"
"CTD-2349P21.11","0.130224632166856"
"CTD-2349P21.12","0.130989667501047"
"CTD-2349P21.5","0.13155711170082"
"CTD-2349P21.6","0.132217828071486"
"CTD-2349P21.9","0.130750964554127"
"CTD-2350C19.2","0.131775366190807"
"CTD-2350J17.1","0.130648095748229"
"CTD-2353F22.1","0.129954937878037"
"CTD-2357A8.3","0.130241141457465"
"CTD-2358C21.3","0.130187047664518"
"CTD-2358C21.4","0.132671559290226"
"CTD-2358C21.5","0.131630393234786"
"CTD-2363C16.1","0.130604489178344"
"CTD-2363C16.2","0.131121533090193"
"CTD-2366F13.1","0.130640102642178"
"CTD-2366F13.2","0.130606923901047"
"CTD-2369P2.10","0.131483421874459"
"CTD-2369P2.4","0.131138968609518"
"CTD-2369P2.5","0.131721778904424"
"CTD-2369P2.8","0.133030326687104"
"CTD-2370N5.3","0.13065620123126"
"CTD-2371O3.2","0.133446413931196"
"CTD-2371O3.3","0.130165082598884"
"CTD-2373H9.5","0.133445363935533"
"CTD-2373N4.5","0.131154489813667"
"CTD-2374C24.1","0.131638863865301"
"CTD-2376I20.1","0.133450282139286"
"CTD-2376I4.1","0.133454854556701"
"CTD-2376I4.2","0.129344693206635"
"CTD-2377D24.6","0.130088895721837"
"CTD-2377O17.1","0.132677376875017"
"CTD-2378E12.1","0.132418775329108"
"CTD-2378E21.1","0.132422311634237"
"CTD-2380F24.1","0.133460731326916"
"CTD-2383I20.1","0.131268840370103"
"CTD-2383M3.1","0.132260713415847"
"CTD-2384A14.1","0.133565704299768"
"CTD-2384A14.2","0.130976078185454"
"CTD-2384B11.2","0.132138134761428"
"CTD-2385L22.1","0.13184865592628"
"CTD-2396E7.10","0.130656933158141"
"CTD-2396E7.11","0.132225064953382"
"CTD-2396E7.9","0.131638863865301"
"CTD-2410N18.3","0.130972649934887"
"CTD-2410N18.5","0.130077638192957"
"CTD-2501B8.1","0.131226132625671"
"CTD-2501E16.2","0.132012463573135"
"CTD-2501M5.1","0.132491826602935"
"CTD-2503I6.1","0.132138134761428"
"CTD-2503O16.4","0.132418112254195"
"CTD-2506J14.1","0.130615250096232"
"CTD-2506P8.6","0.131779565570849"
"CTD-2507G9.1","0.130907811580564"
"CTD-2509G16.2","0.132126281081494"
"CTD-2509G16.5","0.131425845801772"
"CTD-2510F5.6","0.132480833762082"
"CTD-2514K5.4","0.131654082625837"
"CTD-2515A14.1","0.131630393234786"
"CTD-2515H24.2","0.13242699353525"
"CTD-2515O10.5","0.131186501777694"
"CTD-2516F10.2","0.130659457998446"
"CTD-2516F10.4","0.131344619259184"
"CTD-2517M22.16","0.131787616859974"
"CTD-2517M22.17","0.131429215189884"
"CTD-2517O10.6","0.129295976370647"
"CTD-2520I13.1","0.130081360665472"
"CTD-2521M24.5","0.131471156213979"
"CTD-2521M24.6","0.130961702364772"
"CTD-2521M24.8","0.130604489178344"
"CTD-2523D13.2","0.129955689477179"
"CTD-2524L6.3","0.131462054220771"
"CTD-2525I3.2","0.133441732739389"
"CTD-2525I3.3","0.13121076466553"
"CTD-2525I3.5","0.131665897872924"
"CTD-2525I3.6","0.130236990525206"
"CTD-2526A2.2","0.133460219488531"
"CTD-2526M8.2","0.129934011331579"
"CTD-2527I21.14","0.131771250748883"
"CTD-2527I21.15","0.130213269916639"
"CTD-2527I21.7","0.13022137539967"
"CTD-2528A14.1","0.131121975672956"
"CTD-2528A14.3","0.13221407235407"
"CTD-2528A14.5","0.130613062538925"
"CTD-2528L19.4","0.131642575245823"
"CTD-2528L19.6","0.130065371253826"
"CTD-2529O21.2","0.134413364475599"
"CTD-2530H12.4","0.133560076224994"
"CTD-2530N21.4","0.13155711170082"
"CTD-2531D15.4","0.130099405839384"
"CTD-2531D15.5","0.131668421143232"
"CTD-2532D12.4","0.129775407657192"
"CTD-2532K18.2","0.132874547754542"
"CTD-2532N20.1","0.130672922569787"
"CTD-2533K21.4","0.129934011331579"
"CTD-2534I21.8","0.132042775922754"
"CTD-2534I21.9","0.129412646201405"
"CTD-2535I10.1","0.131138520074282"
"CTD-2536I1.3","0.130615982023113"
"CTD-2537I9.12","0.132228780377298"
"CTD-2537I9.16","0.132230780312753"
"CTD-2537I9.18","0.131462274712921"
"CTD-2537O9.1","0.12982643494123"
"CTD-2538C1.2","0.131462274712921"
"CTD-2538C1.3","0.130598263112143"
"CTD-2540B15.11","0.130872963006419"
"CTD-2540B15.12","0.131461053120109"
"CTD-2540B15.6","0.131121533090193"
"CTD-2540B15.7","0.130872963006419"
"CTD-2540B15.9","0.132034742821554"
"CTD-2540F13.2","0.130639656829933"
"CTD-2540L5.6","0.131462717295684"
"CTD-2540M10.1","0.131457938778847"
"CTD-2541J13.1","0.1293780930905"
"CTD-2541J13.2","0.132411408590311"
"CTD-2541M15.3","0.130991556949096"
"CTD-2542C24.8","0.132231377140307"
"CTD-2542L18.1","0.131700208820865"
"CTD-2544H17.1","0.130961702364772"
"CTD-2544H17.2","0.130072551704806"
"CTD-2544N14.3","0.131775586682958"
"CTD-2545M3.2","0.129508468812283"
"CTD-2545M3.6","0.131121312598043"
"CTD-2545M3.8","0.13020416792343"
"CTD-2547G23.4","0.129364628519159"
"CTD-2547H18.1","0.129585134488613"
"CTD-2547L16.1","0.129290067665661"
"CTD-2547L24.4","0.133664116084566"
"CTD-2550O8.5","0.131674023471287"
"CTD-2552K11.2","0.130651244424187"
"CTD-2553L13.10","0.130602242000034"
"CTD-2554C21.2","0.129262828690266"
"CTD-2554C21.3","0.131703323162127"
"CTD-2555A7.1","0.129381137809767"
"CTD-2555A7.2","0.129484064801573"
"CTD-2555A7.3","0.131125511978084"
"CTD-2555C10.3","0.130061384206327"
"CTD-2555I5.1","0.130989667501047"
"CTD-2555O16.1","0.130961702364772"
"CTD-2555O16.2","0.129555152787584"
"CTD-2555O16.4","0.131122877132866"
"CTD-2561B21.11","0.130954710531766"
"CTD-2561B21.5","0.129939416673888"
"CTD-2561B21.7","0.130604489178344"
"CTD-2562J15.4","0.130951124871049"
"CTD-2562J15.6","0.130615250096232"
"CTD-2562J17.4","0.13006508786218"
"CTD-2562J17.7","0.129775407657192"
"CTD-2566J3.1","0.132862477882971"
"CTD-2568A17.1","0.129965093381734"
"CTD-2568A17.8","0.131413378860001"
"CTD-2568P8.1","0.131698727170149"
"CTD-2571L23.8","0.129274638252203"
"CTD-2574D22.2","0.130274757074524"
"CTD-2574D22.7","0.130056533843913"
"CTD-2576D5.4","0.129295976370647"
"CTD-2583A14.10","0.131769257259782"
"CTD-2583A14.9","0.130954931023917"
"CTD-2583P5.1","0.131418529055541"
"CTD-2583P5.3","0.130216418592597"
"CTD-2586B10.1","0.129288968833537"
"CTD-2587H19.3","0.130972165173401"
"CTD-2587H24.10","0.130205732458254"
"CTD-2587H24.5","0.131622608194028"
"CTD-2587M2.1","0.131674023471287"
"CTD-2588C8.8","0.131698215331764"
"CTD-2588E21.1","0.129983481027589"
"CTD-2589H19.6","0.131698215331764"
"CTD-2589M5.4","0.13000887434379"
"CTD-2589M5.5","0.130994926337208"
"CTD-2591A6.2","0.131697620598905"
"CTD-2600O9.1","0.131464070888109"
"CTD-2600O9.2","0.129778417258983"
"CTD-2616J11.11","0.131452503720212"
"CTD-2616J11.14","0.132231781171872"
"CTD-2616J11.16","0.130881715503569"
"CTD-2616J11.2","0.129364628519159"
"CTD-2616J11.3","0.132210753209601"
"CTD-2616J11.9","0.132214592191188"
"CTD-2619J13.13","0.131407021675527"
"CTD-2619J13.14","0.134413361953239"
"CTD-2619J13.17","0.130606923901047"
"CTD-2619J13.19","0.131654082625837"
"CTD-2619J13.23","0.130065371253826"
"CTD-2619J13.27","0.132412515161555"
"CTD-2619J13.3","0.132666163542012"
"CTD-2619J13.9","0.131700208820865"
"CTD-2620I22.3","0.129287093564086"
"CTD-2621I17.6","0.130068400772546"
"CTD-2623N2.11","0.130640558289844"
"CTD-2623N2.5","0.129974422905522"
"CTD-2626G11.2","0.130616072140716"
"CTD-2630F21.1","0.132401298646281"
"CTD-2631K10.1","0.131463618755595"
"CTD-2636A23.2","0.130040889257036"
"CTD-2639E6.9","0.131416964520718"
"CTD-2647E9.3","0.13161949019086"
"CTD-2647L4.1","0.130647875036075"
"CTD-2647L4.5","0.132031783081901"
"CTD-2649C14.3","0.13177178053009"
"CTD-2650P22.1","0.130987986754306"
"CTD-2651B20.3","0.131651516990351"
"CTD-2653D5.1","0.131121975672956"
"CTD-2653M23.3","0.130979090007325"
"CTD-2655K5.1","0.133439543168472"
"CTD-2659N19.10","0.130641010422358"
"CTD-2659N19.2","0.133526341081284"
"CTD-2659N19.9","0.129361371751973"
"CTD-2666L21.1","0.132399933451599"
"CTD-3001H11.2","0.131410855589692"
"CTD-3007L5.1","0.13248035274008"
"CTD-3010D24.3","0.133017098739906"
"CTD-3012A18.1","0.130597624564628"
"CTD-3020H12.4","0.129322398274133"
"CTD-3022G6.1","0.132479832902962"
"CTD-3023L14.1","0.129274380591887"
"CTD-3025N20.3","0.13241200332317"
"CTD-3028N15.1","0.129963820684598"
"CTD-3028N15.3","0.131644280108456"
"CTD-3032H12.1","0.129324000838137"
"CTD-3032H12.2","0.132404118618767"
"CTD-3032J10.2","0.129775892418678"
"CTD-3032J10.3","0.129939215304047"
"CTD-3035D6.2","0.129972533457473"
"CTD-3035K23.6","0.131614200154771"
"CTD-3035K23.7","0.131114608934158"
"CTD-3037G24.3","0.132028782287326"
"CTD-3037G24.4","0.131648932430296"
"CTD-3037G24.5","0.129335455786225"
"CTD-3046C4.1","0.130984240202865"
"CTD-3051D23.1","0.131452503720212"
"CTD-3051D23.3","0.133011231350322"
"CTD-3051D23.4","0.130051631230746"
"CTD-3060P21.1","0.130049448518043"
"CTD-3064C13.1","0.129260908181467"
"CTD-3064H18.2","0.131656721275698"
"CTD-3064H18.4","0.129196076862501"
"CTD-3064M3.4","0.131121975672956"
"CTD-3064M3.7","0.129918175001695"
"CTD-3065B20.2","0.130064886492339"
"CTD-3065B20.3","0.130595828389441"
"CTD-3065J16.9","0.128396507087793"
"CTD-3073N11.9","0.129260351105034"
"CTD-3074O7.2","0.129246772122843"
"CTD-3074O7.5","0.130043846189988"
"CTD-3075F15.1","0.133441071248135"
"CTD-3076O17.1","0.1334280480462"
"CTD-3076O17.2","0.129198601702806"
"CTD-3080P12.3","0.131610908326493"
"CTD-3088G3.6","0.130976566737016"
"CTD-3088G3.8","0.130584615056436"
"CTD-3096M3.1","0.132031302059899"
"CTD-3096M3.2","0.129470608170139"
"CTD-3099C6.7","0.133432651292711"
"CTD-3105H18.14","0.131684702552587"
"CTD-3105H18.18","0.129955598779277"
"CTD-3105H18.7","0.131687510654874"
"CTD-3110H11.1","0.131103133795446"
"CTD-3113P16.11","0.130596270972203"
"CTD-3113P16.5","0.131663768821392"
"CTD-3116E22.7","0.130630755772463"
"CTD-3116E22.8","0.131117990152444"
"CTD-3118D11.2","0.129939215304047"
"CTD-3126B10.1","0.13220598340634"
"CTD-3126B10.4","0.132023154212553"
"CTD-3128G10.6","0.132469145605437"
"CTD-3131K8.2","0.133433675778888"
"CTD-3131K8.3","0.13014527948002"
"CTD-3137H5.1","0.130587369914733"
"CTD-3138B18.5","0.129921760662412"
"CTD-3148I10.9","0.129344827350646"
"CTD-3149D2.3","0.131405490657862"
"CTD-3149D2.4","0.131663768821392"
"CTD-3154N5.1","0.129639432670288"
"CTD-3154N5.2","0.129271370990096"
"CTD-3157E16.1","0.130590009518792"
"CTD-3157E16.2","0.129757953015557"
"CTD-3162L10.1","0.129250342317633"
"CTD-3162L10.3","0.130632290091136"
"CTD-3179P9.1","0.132468859183112"
"CTD-3184A7.4","0.129555152787584"
"CTD-3185P2.1","0.130632884823995"
"CTD-3187F8.11","0.129196076862501"
"CTD-3187F8.14","0.130037142705595"
"CTD-3193K9.11","0.131637232562761"
"CTD-3193K9.3","0.131686964124367"
"CTD-3193K9.4","0.130049448518043"
"CTD-3193O13.1","0.129550177621917"
"CTD-3193O13.11","0.13220309863422"
"CTD-3193O13.12","0.130052487459345"
"CTD-3193O13.13","0.129965541624468"
"CTD-3193O13.14","0.130192694060575"
"CTD-3194G12.1","0.130200052481506"
"CTD-3194G12.2","0.131398785718121"
"CTD-3195I5.3","0.129475510783306"
"CTD-3195I5.4","0.130974642566841"
"CTD-3203P2.1","0.128776349572757"
"CTD-3203P2.3","0.130586057396731"
"CTD-3212A4.2","0.130939425003515"
"CTD-3214H19.16","0.130945160031208"
"CTD-3214H19.4","0.128135736427227"
"CTD-3214H19.6","0.131660532941094"
"CTD-3220F14.1","0.129462293348173"
"CTD-3220F14.3","0.129243477703916"
"CTD-3222D19.11","0.13004072818682"
"CTD-3222D19.12","0.132396462745592"
"CTD-3222D19.8","0.132654188963043"
"CTD-3224I3.3","0.129250563029787"
"CTD-3224K15.2","0.130198058992405"
"CTD-3224K15.3","0.129344164275733"
"CTD-3234P18.6","0.129257056686108"
"CTD-3239E11.2","0.130965862060127"
"CTD-3252C9.2","0.129751249351673"
"CTD-3252C9.4","0.129982749100708"
"CTDNEP1","0.130597041519331"
"CTDP1","0.131446768692519"
"CTDSP1","0.129271370990096"
"CTDSP2","0.128693438859028"
"CTDSPL","0.129361820287208"
"CTDSPL2","0.12925504001877"
"CTF1","0.131687510654874"
"CTGF","0.13096739013979"
"CTH","0.128821308049882"
"CTHRC1","0.129962219178869"
"CTIF","0.129340841830134"
"CTLA4","0.129548824029492"
"CTNNA1","0.128669363636613"
"CTNNA2","0.129361618917368"
"CTNNA3","0.132401298646281"
"CTNNAL1","0.132990865748173"
"CTNNB1","0.130137011281312"
"CTNNBIP1","0.131660532941094"
"CTNNBL1","0.130194617422872"
"CTNND1","0.130590010804649"
"CTNND2","0.128829359339007"
"CTNS","0.129179701994204"
"CTPS1","0.128798004425852"
"CTPS2","0.128856213373762"
"CTR9","0.128691019412564"
"CTRB1","0.129468425457435"
"CTRB2","0.13058272977555"
"CTRC","0.128797041941254"
"CTRL","0.130943236668911"
"CTSA","0.130187354315516"
"CTSB","0.130587369914733"
"CTSC","0.129752355922917"
"CTSD","0.130623708226769"
"CTSE","0.128735455272667"
"CTSF","0.129918175001695"
"CTSG","0.128308552000041"
"CTSH","0.129541457290694"
"CTSK","0.128367889359291"
"CTSL","0.129462293348173"
"CTSO","0.12917813745938"
"CTSS","0.130040787591811"
"CTSV","0.128694932424617"
"CTSW","0.131684241615086"
"CTSZ","0.129751844084532"
"CTTN","0.132203385056545"
"CTTNBP2","0.131606111207042"
"CTTNBP2NL","0.129749919914357"
"CTU1","0.128693438859028"
"CTU2","0.130590010804649"
"CTXN1","0.129255703093683"
"CTXN2","0.132856951201891"
"CTXN3","0.12926301834167"
"CUBN","0.129466408790097"
"CUEDC1","0.128348721800197"
"CUEDC2","0.131410260856833"
"CUL1","0.130579863817396"
"CUL2","0.129466629282248"
"CUL3","0.128854532627021"
"CUL4A","0.132207887251447"
"CUL4B","0.129557042235633"
"CUL5","0.131635704483098"
"CUL7","0.12885078607558"
"CUL9","0.129187018740434"
"CUTA","0.130031462728847"
"CUTC","0.132397724103845"
"CUX1","0.130132241082341"
"CUX2","0.130627519892165"
"CUZD1","0.128808668604322"
"CWC15","0.13160938024683"
"CWC22","0.131111369752852"
"CWC25","0.131602958660997"
"CWC27","0.129251454358053"
"CWF19L1","0.129467973324921"
"CWF19L2","0.131751959605726"
"CWH43","0.129921760662412"
"CX3CL1","0.130939425003515"
"CX3CR1","0.130939425003515"
"CXADR","0.129915056998528"
"CXADRP3","0.129253916348461"
"CXCL1","0.131755283543105"
"CXCL10","0.132991152170498"
"CXCL11","0.131605805704395"
"CXCL12","0.131107318962614"
"CXCL13","0.130971201805186"
"CXCL14","0.130880763135585"
"CXCL16","0.129961955963751"
"CXCL17","0.131115203667017"
"CXCL2","0.130593927178069"
"CXCL3","0.129915651731387"
"CXCL5","0.129254038918108"
"CXCL6","0.128854532627021"
"CXCL8","0.131757187388211"
"CXCL9","0.132987991717579"
"CXCR1","0.130035578170771"
"CXCR2","0.132398490543993"
"CXCR3","0.131121312598043"
"CXCR4","0.131683936112439"
"CXCR5","0.130047652342856"
"CXCR6","0.128882398756381"
"CXXC1","0.133652268269578"
"CXXC4","0.130635671309421"
"CXXC5","0.130974642566841"
"CXorf21","0.130974437685485"
"CXorf23","0.129548824029492"
"CXorf36","0.130586568757137"
"CXorf38","0.129364871484398"
"CXorf40A","0.131755744480606"
"CXorf40B","0.131755744480606"
"CXorf49","0.131638524455585"
"CXorf49B","0.13145402111957"
"CXorf56","0.130632290091136"
"CXorf57","0.1293028536766"
"CXorf58","0.132398029606492"
"CXorf65","0.131109838735187"
"CXorf67","0.129466629282248"
"CYB561","0.129307944270714"
"CYB561A3","0.130948006867882"
"CYB561D1","0.133026444589302"
"CYB561D2","0.128891281562942"
"CYB5A","0.130056073120062"
"CYB5B","0.129304649851788"
"CYB5D1","0.130598263112143"
"CYB5D2","0.130975972004157"
"CYB5R1","0.13157215016836"
"CYB5R2","0.13161949019086"
"CYB5R3","0.132661843538423"
"CYB5R4","0.13145645712813"
"CYB5RL","0.130145731612534"
"CYBA","0.131758006052385"
"CYBB","0.131694381417598"
"CYBRD1","0.130048996385529"
"CYC1","0.130598263112143"
"CYCS","0.130042570003777"
"CYFIP1","0.130144378020109"
"CYFIP2","0.128791955453103"
"CYGB","0.131758552582893"
"CYHR1","0.12886591710563"
"CYLC1","0.132659796244444"
"CYLD","0.129259239398811"
"CYP11A1","0.131111762097484"
"CYP17A1","0.132024597120158"
"CYP17A1-AS1","0.129918438216814"
"CYP19A1","0.130971201805186"
"CYP1A1","0.128823835194621"
"CYP1A2","0.130972732822851"
"CYP1B1","0.130049369456178"
"CYP1B1-AS1","0.131753716682204"
"CYP20A1","0.129548160954579"
"CYP21A2","0.131652385093748"
"CYP24A1","0.13157215016836"
"CYP26A1","0.130056073120062"
"CYP26B1","0.131612200219316"
"CYP26C1","0.129770203684724"
"CYP27A1","0.130945160031208"
"CYP27B1","0.130035798662922"
"CYP27C1","0.130052487459345"
"CYP2A13","0.1329956543654"
"CYP2A6","0.132400752115773"
"CYP2A7","0.132022693275051"
"CYP2B6","0.130594456959276"
"CYP2C18","0.131696086280232"
"CYP2C19","0.131610881010302"
"CYP2C8","0.132474466464513"
"CYP2C9","0.130983338742955"
"CYP2D6","0.132656768232516"
"CYP2E1","0.129565368430818"
"CYP2F1","0.131573855030994"
"CYP2J2","0.128878661199442"
"CYP2R1","0.1300580897874"
"CYP2S1","0.13014527948002"
"CYP2U1","0.129248452869584"
"CYP2W1","0.130049964189037"
"CYP39A1","0.131111762097484"
"CYP3A4","0.129954937878037"
"CYP3A43","0.130750964554127"
"CYP3A5","0.130055072019401"
"CYP3A7","0.129211314675004"
"CYP3A7-CYP3A51P","0.128886475483261"
"CYP46A1","0.130274757074524"
"CYP4A11","0.131121312598043"
"CYP4A22","0.130418057057232"
"CYP4A22-AS1","0.131564732875128"
"CYP4B1","0.128825592815018"
"CYP4F11","0.128812380246534"
"CYP4F12","0.130200052481506"
"CYP4F2","0.130213269916639"
"CYP4F22","0.130591933688967"
"CYP4F26P","0.131694381417598"
"CYP4F3","0.128833072615032"
"CYP4F35P","0.131117990152444"
"CYP4F8","0.13145402111957"
"CYP4V2","0.131614719991889"
"CYP4X1","0.131114608934158"
"CYP4Z1","0.131115715505402"
"CYP51A1","0.130073280596302"
"CYP51A1-AS1","0.130145731612534"
"CYP7A1","0.131700738602072"
"CYP7B1","0.130946677430566"
"CYP8B1","0.129791130231182"
"CYR61","0.130048996385529"
"CYS1","0.130150706778202"
"CYSLTR1","0.129290889882496"
"CYSLTR2","0.130974437685485"
"CYSRT1","0.13157649592091"
"CYSTM1","0.130073729131538"
"CYTH1","0.129309625017455"
"CYTH2","0.128825664313564"
"CYTH3","0.129283521058764"
"CYTH4","0.131686145460193"
"CYTIP","0.132034742821554"
"CYTL1","0.130645985588026"
"CYYR1","0.130764267681652"
"CYYR1-AS1","0.132408561753636"
"D21S2088E","0.130068799504393"
"D2HGDH","0.131115715505402"
"DAAM1","0.129791130231182"
"DAAM2","0.130205732458254"
"DAB1","0.129486873033523"
"DAB1-AS1","0.132476513758493"
"DAB2","0.128716897490251"
"DAB2IP","0.131458468560054"
"DACH1","0.128830866724779"
"DACH2","0.131668421143232"
"DACT1","0.130604709890499"
"DACT2","0.130881715503569"
"DACT3","0.130603353706257"
"DACT3-AS1","0.129297249067783"
"DAD1","0.131646409159988"
"DAG1","0.131689011418346"
"DAGLA","0.130643193135062"
"DAGLB","0.130947738735298"
"DALRD3","0.131645814427129"
"DAND5","0.130200845477832"
"DANT1","0.1300580897874"
"DANT2","0.129290889882496"
"DAO","0.130147914325238"
"DAP","0.128890964639342"
"DAP3","0.129263921299824"
"DAPK1","0.129302522977544"
"DAPK2","0.130594456959276"
"DAPK3","0.129967558291806"
"DAPL1","0.13265897758027"
"DAPP1","0.129319840660689"
"DARS","0.131453816238214"
"DARS-AS1","0.130944767686576"
"DARS2","0.132025415784332"
"DAW1","0.13014902603146"
"DAXX","0.131605803182035"
"DAZAP1","0.13166245630339"
"DAZAP2","0.131453816238214"
"DAZL","0.130002515158502"
"DBET","0.129983197635943"
"DBF4","0.128823835194621"
"DBF4B","0.128391723963383"
"DBH","0.130040889257036"
"DBH-AS1","0.13063899375502"
"DBI","0.130592285451691"
"DBN1","0.129961426182544"
"DBNDD1","0.131698727170149"
"DBNDD2","0.128883150355524"
"DBNL","0.130598042619993"
"DBP","0.131637205246571"
"DBR1","0.130206184590768"
"DBT","0.131652385093748"
"DBX1","0.128791362088905"
"DBX2","0.129364871484398"
"DCAF10","0.129258668512818"
"DCAF11","0.130206184590768"
"DCAF12","0.13063096065382"
"DCAF12L1","0.130049369456178"
"DCAF13","0.130592445527352"
"DCAF15","0.132399933451599"
"DCAF16","0.132468859183112"
"DCAF17","0.128878661199442"
"DCAF4","0.130954710531766"
"DCAF4L1","0.130040889257036"
"DCAF4L2","0.131575389349666"
"DCAF5","0.130047828839938"
"DCAF6","0.13014527948002"
"DCAF7","0.130206184590768"
"DCAF8","0.129577600613264"
"DCAF8L1","0.13063899375502"
"DCAKD","0.130593927178069"
"DCANP1","0.129499231391872"
"DCBLD1","0.13351532904368"
"DCBLD2","0.129770203684724"
"DCC","0.130047431850705"
"DCD","0.130592022236573"
"DCDC1","0.130208367303472"
"DCDC2","0.131658013168521"
"DCDC2B","0.130067896094131"
"DCDC2C","0.129922423737325"
"DCHS1","0.130593927178069"
"DCHS2","0.132472204892734"
"DCK","0.128866429016996"
"DCLK1","0.130052742936969"
"DCLK2","0.132471438452585"
"DCLK3","0.131610881010302"
"DCLRE1A","0.132401298646281"
"DCLRE1B","0.131654646665527"
"DCLRE1C","0.128869286493742"
"DCN","0.130198058992405"
"DCP1A","0.132031302059899"
"DCP1B","0.129207577118066"
"DCP2","0.131612200219316"
"DCPS","0.133515048651861"
"DCST1","0.12924566041662"
"DCST2","0.129262797629516"
"DCSTAMP","0.128707493585696"
"DCT","0.128706387372704"
"DCTD","0.130049369456178"
"DCTN1","0.133028011450202"
"DCTN1-AS1","0.132409874271638"
"DCTN2","0.128874691836051"
"DCTN3","0.130593927178069"
"DCTN4","0.130596270972203"
"DCTN5","0.128669363636613"
"DCTN6","0.130073729131538"
"DCTPP1","0.129763264101822"
"DCUN1D1","0.13145402111957"
"DCUN1D2","0.132657534672664"
"DCUN1D2-AS","0.130204830998343"
"DCUN1D3","0.129767055008766"
"DCUN1D4","0.130152596226251"
"DCUN1D5","0.129569528608266"
"DCX","0.13145211137558"
"DCXR","0.129284479677455"
"DDA1","0.130598042619993"
"DDAH1","0.131117197156119"
"DDAH2","0.130972830549798"
"DDB1","0.131466253600812"
"DDB2","0.129273803216633"
"DDC","0.129568625198004"
"DDC-AS1","0.130972830549798"
"DDHD1","0.129982749100708"
"DDHD2","0.129930862655621"
"DDI2","0.129764944848563"
"DDIAS","0.132396259878134"
"DDIT3","0.130036241245684"
"DDIT4","0.13164267297277"
"DDIT4L","0.129985428492639"
"DDN","0.128834764681316"
"DDO","0.129273803216633"
"DDOST","0.129475510783306"
"DDR1","0.129486873033523"
"DDR1-AS1","0.130043846189988"
"DDR2","0.133549625614476"
"DDRGK1","0.128694190458171"
"DDT","0.129273166132748"
"DDTL","0.128253591522403"
"DDX1","0.128823835194621"
"DDX10","0.131440404712168"
"DDX11","0.129267290687936"
"DDX11-AS1","0.130594456959276"
"DDX17","0.129190388128546"
"DDX18","0.128812380246534"
"DDX19A","0.130140392499597"
"DDX19B","0.131115203667017"
"DDX20","0.129475510783306"
"DDX21","0.131568099378122"
"DDX23","0.12919534493562"
"DDX24","0.12920984255555"
"DDX25","0.129195793470855"
"DDX26B","0.130052487459345"
"DDX26B-AS1","0.129982749100708"
"DDX27","0.129749919914357"
"DDX28","0.129263921299824"
"DDX31","0.130588197501749"
"DDX39A","0.128379785749266"
"DDX39B","0.129471719876362"
"DDX39B-AS1","0.131656693959507"
"DDX3X","0.129259117048054"
"DDX3Y","0.129467973324921"
"DDX4","0.129255703093683"
"DDX41","0.130580295052847"
"DDX42","0.130049964189037"
"DDX43","0.128627928881238"
"DDX46","0.129962219178869"
"DDX47","0.128866877552232"
"DDX49","0.128824189808471"
"DDX5","0.13062905090983"
"DDX50","0.13005442368371"
"DDX51","0.128226114185987"
"DDX52","0.129262797629516"
"DDX53","0.129560411623745"
"DDX54","0.130041834758064"
"DDX55","0.129199505113068"
"DDX56","0.130592022236573"
"DDX58","0.129302522977544"
"DDX59","0.128866877552232"
"DDX6","0.130963591812821"
"DDX60","0.129284479677455"
"DDX60L","0.132305568666091"
"DEAF1","0.130140129284479"
"DEAR","0.129314883853616"
"DEC1","0.129766834296612"
"DECR1","0.131462054220771"
"DECR2","0.128834764681316"
"DEDD","0.130978560226118"
"DEDD2","0.130068323789229"
"DEF6","0.13004468016398"
"DEF8","0.128878403478263"
"DEFA3","0.130943236668911"
"DEFA4","0.131566780169108"
"DEFA5","0.12862488416197"
"DEFA6","0.129259117048054"
"DEFB1","0.129967558291806"
"DEFB108B","0.128825664313564"
"DEFB118","0.128808220069086"
"DEFB119","0.133013521675111"
"DEFB124","0.128703594362726"
"DEFB126","0.13229791409071"
"DEFB127","0.130944865413523"
"DEFB131","0.130041834758064"
"DEFB132","0.130052742936969"
"DEFB133","0.130592285451691"
"DEFB134","0.131638524455585"
"DEFB135","0.129499586005722"
"DEFB136","0.132303521372111"
"DEFB4A","0.128359059242679"
"DEFB4B","0.129749715033001"
"DEGS1","0.129253916348461"
"DEGS2","0.130630755772463"
"DEK","0.129961955963751"
"DENND1A","0.130035957987849"
"DENND1B","0.130623680910578"
"DENND1C","0.130039193868148"
"DENND2A","0.129542563861938"
"DENND2C","0.132022387772404"
"DENND2D","0.12917813745938"
"DENND3","0.130621633616598"
"DENND4A","0.128392017931712"
"DENND4B","0.129311735177658"
"DENND4C","0.130962284995332"
"DENND5A","0.130028874506887"
"DENND5B","0.130974642566841"
"DENND5B-AS1","0.130590010804649"
"DENND6A","0.129748010170367"
"DENND6A-AS1","0.129915056998528"
"DENND6B","0.130028874506887"
"DENR","0.130589804637436"
"DEPDC1","0.129139004526982"
"DEPDC1-AS1","0.131109838735187"
"DEPDC1B","0.12975436735484"
"DEPDC4","0.129259239398811"
"DEPDC5","0.129759969682896"
"DEPDC7","0.130198058992405"
"DEPTOR","0.128694932424617"
"DERA","0.130632884823995"
"DERL1","0.129966204699381"
"DERL2","0.128697235177438"
"DERL3","0.131658013168521"
"DES","0.128682446051984"
"DESI1","0.129466408790097"
"DESI2","0.129467973324921"
"DET1","0.130965862060127"
"DEXI","0.13004468016398"
"DFFA","0.12926301834167"
"DFFB","0.127570733359007"
"DFNA5","0.129147110010013"
"DFNB31","0.130197464259546"
"DFNB59","0.131632127418304"
"DGAT1","0.128145891930925"
"DGAT2","0.130591492455366"
"DGAT2L6","0.128877500068001"
"DGCR14","0.12946707186501"
"DGCR2","0.128253591522403"
"DGCR5","0.130145731612534"
"DGCR6","0.129965541624468"
"DGCR6L","0.129923325197236"
"DGCR8","0.130041322919679"
"DGCR9","0.129958837960583"
"DGKA","0.128243009906311"
"DGKB","0.12955236033462"
"DGKD","0.130027545069571"
"DGKE","0.129553472040843"
"DGKG","0.130951388086168"
"DGKH","0.129267290687936"
"DGKI","0.129967106159292"
"DGKK","0.129961955963751"
"DGKQ","0.131645814427129"
"DGKZ","0.130940716896338"
"DGUOK","0.129460811697457"
"DGUOK-AS1","0.129306832564491"
"DHCR24","0.131107318962614"
"DHCR7","0.130944865413523"
"DHDDS","0.132019540729007"
"DHDH","0.13019613482223"
"DHFR","0.129930641943467"
"DHFRL1","0.130627519892165"
"DHH","0.12954483850898"
"DHODH","0.128880926636926"
"DHPS","0.129977792293634"
"DHRS1","0.130029981078131"
"DHRS11","0.132032930804511"
"DHRS12","0.131109838735187"
"DHRS13","0.129471719876362"
"DHRS2","0.133426620887503"
"DHRS3","0.13266568252001"
"DHRS4","0.130596270972203"
"DHRS4-AS1","0.131582093013551"
"DHRS4L2","0.132032833077564"
"DHRS7","0.130635408094303"
"DHRS7B","0.129776338155627"
"DHRS7C","0.132024597120158"
"DHRS9","0.129273803216633"
"DHRSX","0.130140392499597"
"DHTKD1","0.129468425457435"
"DHX15","0.130968682032613"
"DHX16","0.129764944848563"
"DHX29","0.132654188963043"
"DHX30","0.130592445527352"
"DHX32","0.129758616090471"
"DHX33","0.132399933451599"
"DHX34","0.130036241245684"
"DHX35","0.131445240612856"
"DHX36","0.129273803216633"
"DHX37","0.128693438859028"
"DHX38","0.131692850399933"
"DHX40","0.131630665714952"
"DHX57","0.132302702707937"
"DHX58","0.131406686343368"
"DHX8","0.129922423737325"
"DHX9","0.131114608934158"
"DIABLO","0.132208705915621"
"DIAPH1","0.13061281537353"
"DIAPH2","0.131109838735187"
"DIAPH2-AS1","0.129928752495418"
"DIAPH3","0.129759517550381"
"DICER1","0.129757953015557"
"DICER1-AS1","0.130588904233406"
"DIDO1","0.130144378020109"
"DIEXF","0.130590009518792"
"DIMT1","0.130300890215258"
"DIO1","0.131570619150695"
"DIO2","0.131572247895307"
"DIO2-AS1","0.130195929940874"
"DIO3","0.130211159756436"
"DIO3OS","0.130629148636777"
"DIP2A","0.130597172432114"
"DIP2B","0.13145402111957"
"DIP2C","0.132022387772404"
"DIRAS1","0.130592022236573"
"DIRAS2","0.129467973324921"
"DIRAS3","0.131960325346793"
"DIRC1","0.131446741376328"
"DIRC2","0.129198601702806"
"DIRC3","0.128815082697472"
"DIRC3-AS1","0.130205732458254"
"DIS3","0.131958794329128"
"DIS3L","0.132396462745592"
"DIS3L2","0.13145645712813"
"DISC1","0.130979090007325"
"DISP1","0.129553472040843"
"DISP2","0.129314883853616"
"DIXDC1","0.130950595089842"
"DKC1","0.130971201805186"
"DKFZP434A062","0.130162100085266"
"DKFZP434I0714","0.129288968833537"
"DKFZP434K028","0.130975972004157"
"DKFZP434L187","0.131983793969931"
"DKFZp779M0652","0.129941647530584"
"DKK1","0.130948601600741"
"DKK2","0.131458731775172"
"DKK3","0.129580983556354"
"DKK4","0.129262828690266"
"DKKL1","0.131115715505402"
"DLAT","0.131995267832786"
"DLC1","0.131644280108456"
"DLD","0.131568981725774"
"DLEC1","0.131457938778847"
"DLEU1","0.129974422905522"
"DLEU1-AS1","0.132417702039097"
"DLEU2","0.129484793930167"
"DLEU7","0.128816188910463"
"DLEU7-AS1","0.130064639326945"
"DLG1","0.131121975672956"
"DLG1-AS1","0.131123329265381"
"DLG2","0.130961702364772"
"DLG3","0.129273425158839"
"DLG3-AS1","0.129290889882496"
"DLG4","0.131406686343368"
"DLG5","0.131987029850229"
"DLGAP1","0.129940145802482"
"DLGAP1-AS1","0.129166876067808"
"DLGAP1-AS2","0.13004468016398"
"DLGAP1-AS3","0.129986909278156"
"DLGAP1-AS4","0.13014902603146"
"DLGAP1-AS5","0.129475510783306"
"DLGAP2","0.129274283638353"
"DLGAP2-AS1","0.129275284002149"
"DLGAP3","0.131686964124367"
"DLGAP4","0.130977078575401"
"DLGAP4-AS1","0.129288968833537"
"DLGAP5","0.132904432293464"
"DLK1","0.131954955347541"
"DLK2","0.130594720174394"
"DLL1","0.129162725135548"
"DLL3","0.128716897490251"
"DLL4","0.131402563802735"
"DLST","0.128882398756381"
"DLX1","0.130065816990774"
"DLX2","0.132657073735163"
"DLX2-AS1","0.129215110993414"
"DLX3","0.130209479009695"
"DLX4","0.13202596231484"
"DLX5","0.131656717471054"
"DLX6","0.130592285451691"
"DLX6-AS1","0.130635408094303"
"DMAP1","0.130211159756436"
"DMBT1","0.128820452251532"
"DMBX1","0.130598705694906"
"DMC1","0.130221823934906"
"DMD","0.129322520052621"
"DMGDH","0.130056533843913"
"DMKN","0.130056313131759"
"DMP1","0.129555152787584"
"DMPK","0.129940145802482"
"DMRT1","0.128846548328526"
"DMRT2","0.130535621113187"
"DMRT3","0.129273803216633"
"DMRTA1","0.12927224749501"
"DMRTA2","0.131113279496842"
"DMRTC1","0.129273166132748"
"DMRTC2","0.131578507352833"
"DMTF1","0.131446741376328"
"DMTN","0.129986148964584"
"DMWD","0.131573855030994"
"DMXL1","0.129187018740434"
"DMXL2","0.130594720174394"
"DNA2","0.131404692854266"
"DNAAF1","0.130974642566841"
"DNAAF2","0.12951546539882"
"DNAAF3","0.129986148964584"
"DNAAF5","0.129311735177658"
"DNAH1","0.130064954401117"
"DNAH10","0.128694190458171"
"DNAH10OS","0.128866429016996"
"DNAH11","0.129150366777199"
"DNAH12","0.129922423737325"
"DNAH14","0.13053028200025"
"DNAH17","0.130881715503569"
"DNAH2","0.130598042619993"
"DNAH3","0.129259239398811"
"DNAH5","0.129486295658269"
"DNAH6","0.129582089769346"
"DNAH7","0.129334338280619"
"DNAH8","0.130528007353209"
"DNAH9","0.128333701206392"
"DNAI1","0.130144378020109"
"DNAI2","0.131126623684307"
"DNAJA1","0.129274283638353"
"DNAJA2","0.129259117048054"
"DNAJA3","0.129166876067808"
"DNAJA4","0.130213049204485"
"DNAJB1","0.128822717689016"
"DNAJB11","0.130355922191442"
"DNAJB12","0.129934011331579"
"DNAJB13","0.128917703466429"
"DNAJB14","0.130053963310841"
"DNAJB2","0.130055465038943"
"DNAJB4","0.129288968833537"
"DNAJB5","0.129983926764537"
"DNAJB5-AS1","0.128252536089474"
"DNAJB6","0.129471719876362"
"DNAJB7","0.129147110010013"
"DNAJB8","0.128278669230208"
"DNAJB8-AS1","0.129495848448783"
"DNAJB9","0.129766834296612"
"DNAJC1","0.12889613374839"
"DNAJC10","0.130977078575401"
"DNAJC11","0.128837572913267"
"DNAJC12","0.130068323789229"
"DNAJC13","0.129429252289401"
"DNAJC14","0.129983197635943"
"DNAJC15","0.131113279496842"
"DNAJC16","0.128306313124388"
"DNAJC17","0.129258668512818"
"DNAJC18","0.130353611817243"
"DNAJC19","0.129478659459264"
"DNAJC2","0.129199505113068"
"DNAJC21","0.130588904233406"
"DNAJC22","0.130750964554127"
"DNAJC24","0.130355922191442"
"DNAJC25","0.128395400874801"
"DNAJC25-GNG10","0.129938968138652"
"DNAJC27","0.130764267681652"
"DNAJC27-AS1","0.129475290071152"
"DNAJC28","0.130200582262713"
"DNAJC3","0.128697235177438"
"DNAJC3-AS1","0.129259117048054"
"DNAJC30","0.130592022236573"
"DNAJC4","0.130881715503569"
"DNAJC5","0.130681658257926"
"DNAJC5B","0.127944052682944"
"DNAJC5G","0.129473400623103"
"DNAJC6","0.128697235177438"
"DNAJC7","0.130048996385529"
"DNAJC8","0.130216418592597"
"DNAJC9","0.129791130231182"
"DNAJC9-AS1","0.129986148964584"
"DNAL1","0.129974643617677"
"DNAL4","0.130563044104535"
"DNALI1","0.130979090007325"
"DNASE1","0.129560411623745"
"DNASE1L1","0.130300890215258"
"DNASE1L2","0.128890964639342"
"DNASE1L3","0.129274926886941"
"DNASE2","0.129766834296612"
"DNASE2B","0.129322520052621"
"DND1","0.129149789401945"
"DNER","0.1311075235793"
"DNHD1","0.129147110010013"
"DNLZ","0.128825592815018"
"DNM1","0.129256604553594"
"DNM1L","0.129273425158839"
"DNM1P35","0.127213647633256"
"DNM2","0.127963927979533"
"DNM3","0.129553472040843"
"DNM3OS","0.128333701206392"
"DNMBP","0.128694190458171"
"DNMBP-AS1","0.128825592815018"
"DNMT1","0.130528007353209"
"DNMT3A","0.130047431850705"
"DNMT3B","0.130750964554127"
"DNMT3L","0.128870589194444"
"DNPEP","0.129775160491797"
"DNPH1","0.130150706778202"
"DNTT","0.129195793470855"
"DNTTIP1","0.129266167017628"
"DNTTIP2","0.128875420964645"
"DOC2A","0.129148287673843"
"DOC2B","0.129220197481565"
"DOCK1","0.129966204699381"
"DOCK10","0.131979954988344"
"DOCK11","0.128715624793115"
"DOCK2","0.130594720174394"
"DOCK3","0.129261925280004"
"DOCK4","0.12975436735484"
"DOCK4-AS1","0.128820452251532"
"DOCK5","0.129757953015557"
"DOCK6","0.128308552000041"
"DOCK7","0.12920984255555"
"DOCK8","0.128815437311321"
"DOCK9","0.129266167017628"
"DOCK9-AS2","0.129459705126213"
"DOHH","0.130198058992405"
"DOK1","0.128789251928702"
"DOK2","0.13156006491592"
"DOK3","0.129263921299824"
"DOK4","0.128216876765577"
"DOK5","0.129311514465504"
"DOK6","0.128876922692747"
"DOK7","0.128876922692747"
"DOLK","0.12889613374839"
"DOLPP1","0.128856213373762"
"DONSON","0.130043316408781"
"DOPEY1","0.128622660443373"
"DOPEY2","0.128892554260079"
"DOT1L","0.129364871484398"
"DPAGT1","0.128294658939405"
"DPCD","0.128252247326721"
"DPCR1","0.128694932424617"
"DPEP1","0.12917813745938"
"DPEP2","0.130353611817243"
"DPEP3","0.128302192814754"
"DPF1","0.129475290071152"
"DPF2","0.130530018785132"
"DPF3","0.130049448518043"
"DPH1","0.130355922191442"
"DPH2","0.129243477703916"
"DPH3","0.128252247326721"
"DPH5","0.130355922191442"
"DPH6","0.128824100502846"
"DPH6-AS1","0.127957818540807"
"DPH7","0.129274638252203"
"DPM1","0.12886591710563"
"DPM2","0.129264142011979"
"DPM3","0.128824189808471"
"DPP10","0.128633015369389"
"DPP10-AS1","0.13015333671826"
"DPP3","0.128759517344355"
"DPP4","0.13063096065382"
"DPP6","0.129753837573633"
"DPP7","0.129187239452589"
"DPP8","0.128681629297092"
"DPP9","0.128869286493742"
"DPP9-AS1","0.130968886649299"
"DPPA2","0.129135213620038"
"DPPA3","0.128106038025405"
"DPPA4","0.128691966739573"
"DPPA5","0.128834345312168"
"DPRX","0.127567618582919"
"DPT","0.128104693829723"
"DPY19L1","0.129775609027033"
"DPY19L2","0.128253591522403"
"DPY19L3","0.128369758897748"
"DPY19L4","0.128244116119303"
"DPY30","0.128681629297092"
"DPYD","0.129595949006695"
"DPYD-AS1","0.130042570003777"
"DPYD-AS2","0.127595811066811"
"DPYS","0.13005442368371"
"DPYSL2","0.12926134790475"
"DPYSL3","0.129364871484398"
"DPYSL4","0.128742046696601"
"DPYSL5","0.130274757074524"
"DQX1","0.129364871484398"
"DR1","0.128171041137275"
"DRAIC","0.129210960061155"
"DRAM1","0.127458174120203"
"DRAM2","0.129248363050317"
"DRAP1","0.129595949006695"
"DRAXIN","0.128900440042443"
"DRC1","0.130079136946874"
"DRC3","0.129775160491797"
"DRC7","0.129161607629943"
"DRD1","0.129983197635943"
"DRD2","0.129303646647853"
"DRD3","0.129766834296612"
"DRD4","0.129159342192459"
"DRD5","0.130300890215258"
"DRG1","0.129240509946326"
"DRG2","0.129345965903772"
"DRGX","0.129262797629516"
"DRICH1","0.12754865031384"
"DROSHA","0.129429252289401"
"DRP2","0.129286525124848"
"DSC1","0.129568625198004"
"DSC2","0.130048094925618"
"DSC3","0.129274380591887"
"DSCAM","0.128682796952605"
"DSCAM-AS1","0.129595949006695"
"DSCAML1","0.127244627472131"
"DSCAS","0.129250563029787"
"DSCC1","0.130907811580564"
"DSCR3","0.129335455786225"
"DSCR4","0.128869685784182"
"DSCR8","0.128703004429615"
"DSCR9","0.128694190458171"
"DSE","0.132420625349368"
"DSEL","0.129483616266337"
"DSG1","0.128891281562942"
"DSG1-AS1","0.129934011331579"
"DSG2","0.129248363050317"
"DSG2-AS1","0.130939924451479"
"DSG3","0.128859168692026"
"DSG4","0.128838476323529"
"DSN1","0.128819233629731"
"DSP","0.129332072843135"
"DSPP","0.130152596226251"
"DST","0.130145731612534"
"DSTN","0.128710538304964"
"DSTYK","0.128634288066525"
"DTD1","0.129986148964584"
"DTD2","0.128151165840686"
"DTHD1","0.129311735177658"
"DTL","0.128325281393467"
"DTNA","0.130355922191442"
"DTNB","0.12919534493562"
"DTNBP1","0.129198601702806"
"DTWD1","0.128824320117882"
"DTWD2","0.128833974162611"
"DTX1","0.128877500068001"
"DTX2","0.129967106159292"
"DTX3","0.130353611817243"
"DTX3L","0.130353611817243"
"DTX4","0.129429252289401"
"DTYMK","0.129258115728503"
"DUBR","0.128825664313564"
"DUOX1","0.128900368543897"
"DUOX2","0.129198024327551"
"DUOXA1","0.129618032051862"
"DUOXA2","0.129307944270714"
"DUPD1","0.129136894366779"
"DUS1L","0.12927224749501"
"DUS2","0.128822497698924"
"DUS3L","0.129161607629943"
"DUS4L","0.128608162823443"
"DUSP1","0.130764267681652"
"DUSP10","0.127957818540807"
"DUSP11","0.127538423311597"
"DUSP12","0.128691966739573"
"DUSP13","0.129766834296612"
"DUSP14","0.128308623498587"
"DUSP15","0.128612323000891"
"DUSP16","0.129466408790097"
"DUSP18","0.128134264307772"
"DUSP19","0.129077889715736"
"DUSP2","0.128145963429471"
"DUSP21","0.127938850271729"
"DUSP22","0.129077889715736"
"DUSP23","0.129965541624468"
"DUSP26","0.129278434570613"
"DUSP27","0.130681658257926"
"DUSP28","0.128870589194444"
"DUSP3","0.130048094925618"
"DUSP4","0.129618032051862"
"DUSP5","0.128108928464343"
"DUSP6","0.129930862655621"
"DUSP7","0.127336541060622"
"DUSP8","0.130031992510054"
"DUSP9","0.128331390832193"
"DUT","0.129306832564491"
"DUX4","0.130032255725173"
"DUXA","0.129102409330858"
"DVL1","0.128258793933618"
"DVL2","0.128304968928706"
"DVL3","0.128306241625843"
"DXO","0.128125006294483"
"DYDC1","0.129199505113068"
"DYDC2","0.128703004429615"
"DYM","0.129077889715736"
"DYNAP","0.130300890215258"
"DYNC1H1","0.128694190458171"
"DYNC1I1","0.130535168980673"
"DYNC1I2","0.128653327834149"
"DYNC1LI1","0.128275895769203"
"DYNC1LI2","0.128391795461928"
"DYNC2H1","0.129986148964584"
"DYNC2LI1","0.128296837721288"
"DYNLL1","0.128759517344355"
"DYNLL2","0.128815437311321"
"DYNLRB1","0.129557262947787"
"DYNLRB2","0.128866877552232"
"DYNLT1","0.129986148964584"
"DYNLT3","0.128145963429471"
"DYRK1A","0.129102409330858"
"DYRK1B","0.128707493585696"
"DYRK2","0.129187018740434"
"DYRK3","0.128104693829723"
"DYRK4","0.128888520930653"
"DYSF","0.128677917654879"
"DYTN","0.12883549380991"
"DYX1C1","0.128680148511575"
"DZANK1","0.127226142065267"
"DZIP1","0.129102409330858"
"DZIP1L","0.130353611817243"
"DZIP3","0.128331390832193"
"E2F1","0.129273425158839"
"E2F2","0.130140129284479"
"E2F3","0.127957818540807"
"E2F4","0.127103548025537"
"E2F5","0.128710538304964"
"E2F6","0.129463086344499"
"E2F7","0.12886591710563"
"E2F8","0.129467973324921"
"E4F1","0.128512745540828"
"EAF1","0.129077889715736"
"EAF1-AS1","0.128690772247169"
"EAF2","0.128622440453281"
"EAPP","0.130627519892165"
"EARS2","0.12951546539882"
"EBAG9","0.128302192814754"
"EBF1","0.129311514465504"
"EBF2","0.128634288066525"
"EBF3","0.128697235177438"
"EBF4","0.128794510764863"
"EBI3","0.12951546539882"
"EBLN2","0.130630755772463"
"EBLN3","0.128681629297092"
"EBNA1BP2","0.128296837721288"
"EBP","0.127938850271729"
"EBPL","0.129429252289401"
"ECD","0.128144619233788"
"ECE1","0.128611419590629"
"ECE2","0.129275284002149"
"ECEL1","0.129541457290694"
"ECH1","0.128298396496344"
"ECHDC1","0.129248452869584"
"ECHDC2","0.129259117048054"
"ECHDC3","0.128208042630055"
"ECHS1","0.128282795774692"
"ECI1","0.129237875375861"
"ECI2","0.127458174120203"
"ECM1","0.128809397732916"
"ECM2","0.12914215320294"
"ECSCR","0.128512745540828"
"ECSIT","0.128677469119644"
"ECT2","0.128690772247169"
"ECT2L","0.128227458381669"
"EDA","0.129187239452589"
"EDA2R","0.128874243300815"
"EDAR","0.128735455272667"
"EDARADD","0.128239626963221"
"EDC3","0.128796323679111"
"EDC4","0.127564302675173"
"EDDM3A","0.128105966526859"
"EDDM3B","0.129913727561212"
"EDEM1","0.128864027657581"
"EDEM2","0.128693451639101"
"EDEM3","0.12687391276334"
"EDF1","0.128308552000041"
"EDIL3","0.128612323000891"
"EDN1","0.128135736427227"
"EDN2","0.129918175001695"
"EDN3","0.129242124111491"
"EDNRA","0.131397012766549"
"EDNRB","0.128694029014355"
"EDNRB-AS1","0.128689701302089"
"EDRF1","0.129548160954579"
"EDRF1-AS1","0.128307279302905"
"EEA1","0.128639561976286"
"EED","0.129248363050317"
"EEF1A1","0.12749324441377"
"EEF1A2","0.12914215320294"
"EEF1B2","0.128693438859028"
"EEF1D","0.129429252289401"
"EEF1E1","0.128858323533965"
"EEF1E1-BLOC1S5","0.128674227845842"
"EEF1G","0.130738240870446"
"EEF2","0.128296704386797"
"EEF2K","0.129267290687936"
"EEF2KMT","0.128677917654879"
"EEFSEC","0.128667253476409"
"EEPD1","0.128669363636613"
"EFCAB1","0.129540127853378"
"EFCAB10","0.128836995538012"
"EFCAB11","0.128084001461225"
"EFCAB12","0.12813111573321"
"EFCAB13","0.128366047255536"
"EFCAB14","0.128135736427227"
"EFCAB14-AS1","0.128791141376751"
"EFCAB2","0.128145963429471"
"EFCAB3","0.128693438859028"
"EFCAB5","0.130039398749504"
"EFCAB6","0.128202439303871"
"EFCAB6-AS1","0.128205421817489"
"EFCAB7","0.129077889715736"
"EFCAB8","0.128282875292195"
"EFCAB9","0.128821308049882"
"EFCC1","0.129136710176119"
"EFEMP1","0.128108928464343"
"EFEMP2","0.129542563861938"
"EFHB","0.128669142924458"
"EFHC1","0.12820826007138"
"EFHC2","0.128357493237269"
"EFHD1","0.128857035824575"
"EFHD2","0.127538423311597"
"EFNA1","0.130764341774644"
"EFNA2","0.128705049877007"
"EFNA3","0.128693438859028"
"EFNA4","0.128230074172707"
"EFNA5","0.128800114586055"
"EFNB1","0.128230651547961"
"EFNB2","0.12828011638276"
"EFNB3","0.130037489005514"
"EFR3A","0.128228572444605"
"EFR3B","0.128825989950895"
"EFS","0.127487134975044"
"EFTUD1","0.127560506356763"
"EFTUD2","0.129102409330858"
"EGF","0.129484064801573"
"EGFL6","0.128304968928706"
"EGFL7","0.130031992510054"
"EGFL8","0.12946707186501"
"EGFLAM","0.130972830549798"
"EGFLAM-AS1","0.12883549380991"
"EGFLAM-AS4","0.128241672410614"
"EGFR","0.128796323679111"
"EGFR-AS1","0.128292348565206"
"EGLN1","0.128425339376365"
"EGLN2","0.128677917654879"
"EGLN3","0.128634359565071"
"EGLN3-AS1","0.128108928464343"
"EGOT","0.129248363050317"
"EGR1","0.12889613374839"
"EGR2","0.127079028410415"
"EGR3","0.128296924376889"
"EGR4","0.129139004526982"
"EHBP1","0.127929374868628"
"EHBP1L1","0.12878382463052"
"EHD1","0.130047431850705"
"EHD2","0.131452209102527"
"EHD3","0.128888520930653"
"EHD4","0.128811699754382"
"EHD4-AS1","0.128735455272667"
"EHF","0.128689701302089"
"EHHADH","0.129757953015557"
"EHMT1","0.128691966739573"
"EHMT2","0.129077889715736"
"EHMT2-AS1","0.127466822510283"
"EI24","0.129248363050317"
"EID1","0.128215539269879"
"EID2","0.130746816495804"
"EID2B","0.127458174120203"
"EID3","0.129463086344499"
"EIF1","0.130031992510054"
"EIF1AD","0.130300890215258"
"EIF1AX","0.129463086344499"
"EIF1AY","0.128289425188298"
"EIF1B","0.128833974162611"
"EIF2A","0.130031462728847"
"EIF2AK1","0.130060272500104"
"EIF2AK2","0.12746809520742"
"EIF2AK3","0.129955696506225"
"EIF2AK4","0.128791362088905"
"EIF2B1","0.13015333671826"
"EIF2B2","0.128379876350139"
"EIF2B3","0.128680148511575"
"EIF2B4","0.130585665052099"
"EIF2B5","0.128144619233788"
"EIF2B5-AS1","0.127589701628085"
"EIF2D","0.128287114814099"
"EIF2S1","0.12917813745938"
"EIF2S2","0.128194400817005"
"EIF2S3","0.127573728021645"
"EIF2S3L","0.127932419587895"
"EIF3A","0.128876922692747"
"EIF3B","0.129199505113068"
"EIF3C","0.127938778773183"
"EIF3CL","0.127963927979533"
"EIF3D","0.130044109405106"
"EIF3E","0.128874243300815"
"EIF3F","0.129151270187461"
"EIF3G","0.129174022017456"
"EIF3H","0.129102409330858"
"EIF3I","0.128838476323529"
"EIF3J","0.128806466003275"
"EIF3J-AS1","0.128811699754382"
"EIF3K","0.128232660792884"
"EIF3L","0.127938850271729"
"EIF3M","0.128634288066525"
"EIF4A1","0.127055668730686"
"EIF4A2","0.12924566041662"
"EIF4A3","0.130036241245684"
"EIF4B","0.128880706646835"
"EIF4E","0.128703594362726"
"EIF4E1B","0.127080188345807"
"EIF4E2","0.127944052682944"
"EIF4E3","0.128241892400705"
"EIF4EBP1","0.128306241625843"
"EIF4EBP2","0.12926301834167"
"EIF4EBP3","0.130031462728847"
"EIF4ENIF1","0.129307944270714"
"EIF4G1","0.127553852725055"
"EIF4G2","0.128681629297092"
"EIF4G3","0.129970852710732"
"EIF4H","0.130525366463292"
"EIF5","0.128791141376751"
"EIF5A","0.130585665052099"
"EIF5A2","0.127932419587895"
"EIF5AL1","0.127548578815295"
"EIF5B","0.12886591710563"
"EIF6","0.128274100561774"
"ELAC1","0.128735455272667"
"ELAC2","0.128135736427227"
"ELANE","0.129248363050317"
"ELAVL1","0.129198024327551"
"ELAVL2","0.127375522912713"
"ELAVL3","0.131651618653599"
"ELAVL4","0.128296837721288"
"ELDR","0.128834316146081"
"ELF1","0.128866137817784"
"ELF2","0.128822497698924"
"ELF3","0.128834316146081"
"ELF4","0.12824716083857"
"ELF5","0.127929374868628"
"ELFN1","0.128377830902746"
"ELFN1-AS1","0.128759517344355"
"ELFN2","0.128306241625843"
"ELK1","0.129548160954579"
"ELK3","0.12868072588683"
"ELK4","0.129770203684724"
"ELL","0.128284276560209"
"ELL2","0.127573728021645"
"ELL3","0.128782923170609"
"ELMO1","0.127831114926807"
"ELMO1-AS1","0.127446130141785"
"ELMO2","0.127575935770222"
"ELMO3","0.127556768799824"
"ELMOD1","0.128853713378977"
"ELMOD2","0.129922423737325"
"ELMOD3","0.128691949910999"
"ELMSAN1","0.127317501292998"
"ELN","0.128202439303871"
"ELOF1","0.128215759259971"
"ELOVL1","0.128154475412939"
"ELOVL2","0.127055039139457"
"ELOVL3","0.129364871484398"
"ELOVL4","0.128834764681316"
"ELOVL5","0.129595949006695"
"ELOVL6","0.127553852725055"
"ELOVL7","0.128811476836272"
"ELP2","0.12836677638413"
"ELP3","0.128854082203875"
"ELP4","0.128869108408928"
"ELP5","0.129077889715736"
"ELP6","0.128694190458171"
"ELSPBP1","0.129077889715736"
"EMB","0.128819233629731"
"EMC1","0.128221027697836"
"EMC10","0.129548160954579"
"EMC2","0.130519167617697"
"EMC3","0.129262797629516"
"EMC4","0.128759517344355"
"EMC6","0.129266167017628"
"EMC7","0.128866429016996"
"EMC8","0.129758616090471"
"EMC9","0.128296924376889"
"EMCN","0.129595949006695"
"EMD","0.12886234691084"
"EME1","0.130740684803701"
"EME2","0.128287114814099"
"EMG1","0.129077889715736"
"EMID1","0.127831114926807"
"EMILIN1","0.129962219178869"
"EMILIN2","0.12883549380991"
"EMILIN3","0.128099607341572"
"EML1","0.131565142744187"
"EML2","0.129250342317633"
"EML3","0.12838009634023"
"EML4","0.129250593902863"
"EML5","0.129364871484398"
"EML6","0.128246426650748"
"EMP1","0.128308623498587"
"EMP2","0.129262828690266"
"EMP3","0.13058757479609"
"EMSY","0.128299882440555"
"EMX1","0.128811699754382"
"EMX2","0.127381953596546"
"EMX2OS","0.128827986126881"
"EN1","0.12951546539882"
"EN2","0.128125006294483"
"ENAH","0.12889613374839"
"ENAM","0.129258046322849"
"ENC1","0.127468166705965"
"ENDOD1","0.128812380246534"
"ENDOG","0.128246426650748"
"ENDOU","0.130982675668042"
"ENDOV","0.12743039098408"
"ENG","0.128735937257875"
"ENGASE","0.128307279302905"
"ENHO","0.128820452251532"
"ENKD1","0.130031462728847"
"ENKUR","0.128846548328526"
"ENO1","0.128252247326721"
"ENO1-AS1","0.129922423737325"
"ENO2","0.129938345948683"
"ENO3","0.128866877552232"
"ENO4","0.128891088483325"
"ENOPH1","0.128705049877007"
"ENOSF1","0.13063096065382"
"ENOX1","0.130559682922729"
"ENOX1-AS1","0.129486295658269"
"ENOX1-AS2","0.129484064801573"
"ENOX2","0.128876922692747"
"ENPEP","0.129364871484398"
"ENPP1","0.129482994076368"
"ENPP2","0.128697235177438"
"ENPP3","0.129272301488531"
"ENPP4","0.128867606680826"
"ENPP5","0.128194400817005"
"ENPP6","0.130065175113271"
"ENPP7","0.130073280596302"
"ENSA","0.131406686343368"
"ENTHD1","0.128252536089474"
"ENTHD2","0.128372597151639"
"ENTPD1","0.131637205246571"
"ENTPD1-AS1","0.129429252289401"
"ENTPD2","0.129283521058764"
"ENTPD3","0.129102409330858"
"ENTPD3-AS1","0.129918175001695"
"ENTPD4","0.128694932424617"
"ENTPD5","0.128252247326721"
"ENTPD6","0.129324000838137"
"ENTPD7","0.130300890215258"
"ENTPD8","0.130052163457042"
"ENY2","0.128875420964645"
"EOGT","0.128886195074791"
"EOMES","0.128272559791482"
"EP300","0.130781875841323"
"EP300-AS1","0.128837572913267"
"EP400","0.129322520052621"
"EP400NL","0.127944052682944"
"EPAS1","0.128822497698924"
"EPB41","0.128627928881238"
"EPB41L1","0.13015333671826"
"EPB41L2","0.129311735177658"
"EPB41L3","0.129271572359937"
"EPB41L4A","0.130152596226251"
"EPB41L4A-AS1","0.128171041137275"
"EPB41L4A-AS2","0.129161387639851"
"EPB41L4B","0.130537803825891"
"EPB41L5","0.128886195074791"
"EPB42","0.128820452251532"
"EPC1","0.129478659459264"
"EPC2","0.128876922692747"
"EPCAM","0.131111467479799"
"EPDR1","0.13015333671826"
"EPG5","0.12981996062982"
"EPGN","0.129336561999217"
"EPHA1","0.129246772122843"
"EPHA1-AS1","0.128385364778095"
"EPHA10","0.129306832564491"
"EPHA2","0.129565368430818"
"EPHA3","0.128880926636926"
"EPHA4","0.128693438859028"
"EPHA5","0.129248363050317"
"EPHA5-AS1","0.128659437272876"
"EPHA6","0.129166876067808"
"EPHA7","0.129475290071152"
"EPHA8","0.127771317741282"
"EPHB1","0.128811699754382"
"EPHB2","0.130968305993381"
"EPHB3","0.128154475412939"
"EPHB4","0.12811124043662"
"EPHB6","0.129102409330858"
"EPHX1","0.129560411623745"
"EPHX2","0.130300890215258"
"EPHX3","0.128715624793115"
"EPHX4","0.130564335244569"
"EPM2A","0.128879246439673"
"EPM2AIP1","0.128425339376365"
"EPN1","0.129258046322849"
"EPN2","0.12838009634023"
"EPN2-AS1","0.128834764681316"
"EPN3","0.129275284002149"
"EPO","0.129150366777199"
"EPOR","0.12926134790475"
"EPPIN","0.130060272500104"
"EPPIN-WFDC6","0.129285401454539"
"EPPK1","0.128811699754382"
"EPRS","0.128377830902746"
"EPS15","0.12981996062982"
"EPS15L1","0.127244627472131"
"EPS8","0.129364871484398"
"EPS8L1","0.128622660443373"
"EPS8L2","0.128869108408928"
"EPS8L3","0.129265666944157"
"EPSTI1","0.130537803825891"
"EPT1","0.130072658406333"
"EPX","0.130048094925618"
"EPYC","0.128208042630055"
"EQTN","0.128299882440555"
"ERAL1","0.128682796952605"
"ERAP1","0.129582089769346"
"ERAP2","0.129986148964584"
"ERAS","0.128702321665589"
"ERBB2","0.129270900695264"
"ERBB2IP","0.12838244390281"
"ERBB3","0.128512745540828"
"ERBB4","0.128372597151639"
"ERC1","0.128252536089474"
"ERC2","0.128694314302153"
"ERCC1","0.129261925280004"
"ERCC2","0.128639561976286"
"ERCC3","0.129323097427875"
"ERCC4","0.12889613374839"
"ERCC5","0.128620395005889"
"ERCC6","0.129564746240849"
"ERCC6-PGBD3","0.128410763731007"
"ERCC6L","0.130045597394244"
"ERCC6L2","0.128883150355524"
"ERCC8","0.128145963429471"
"EREG","0.130300890215258"
"ERF","0.127957818540807"
"ERG","0.128294658939405"
"ERGIC1","0.129483616266337"
"ERGIC2","0.129322520052621"
"ERGIC3","0.12824716083857"
"ERH","0.128713401359834"
"ERI1","0.128252536089474"
"ERI2","0.128877500068001"
"ERI3","0.12889613374839"
"ERICD","0.130300890215258"
"ERICH1","0.130046228001819"
"ERICH1-AS1","0.129248363050317"
"ERICH2","0.129751249351673"
"ERICH3","0.129595949006695"
"ERICH3-AS1","0.129557042235633"
"ERICH4","0.128125006294483"
"ERICH5","0.128390451266246"
"ERICH6","0.129151270187461"
"ERICH6-AS1","0.128694029014355"
"ERICH6B","0.129275284002149"
"ERLEC1","0.127354223519959"
"ERLIN1","0.12862488416197"
"ERLIN2","0.129163955192523"
"ERMAP","0.129986148964584"
"ERMARD","0.129259117048054"
"ERMN","0.130061384206327"
"ERMP1","0.128125006294483"
"ERN1","0.128867606680826"
"ERN2","0.128825664313564"
"ERO1A","0.129754630569959"
"ERO1B","0.129287845163228"
"ERP27","0.128854082203875"
"ERP29","0.13014902603146"
"ERP44","0.128125006294483"
"ERRFI1","0.130355922191442"
"ERV3-1","0.128830866724779"
"ERVFRD-1","0.128622440453281"
"ERVH-1","0.128125006294483"
"ERVH48-1","0.128299148095486"
"ERVK-28","0.127987287659263"
"ERVK3-1","0.128699436800652"
"ERVMER34-1","0.129364871484398"
"ERVMER61-1","0.128735455272667"
"ERVV-1","0.127821099324499"
"ERVV-2","0.129595949006695"
"ERVW-1","0.128003501112604"
"ESAM","0.128104693829723"
"ESCO1","0.128391795461928"
"ESCO2","0.129171962555959"
"ESD","0.130779287619363"
"ESF1","0.129776338155627"
"ESM1","0.127912027786"
"ESPL1","0.129475290071152"
"ESPN","0.130073280596302"
"ESPNL","0.129982126910739"
"ESR1","0.128302028909937"
"ESR2","0.130045597394244"
"ESRP1","0.129324000838137"
"ESRP2","0.128625008005953"
"ESRRA","0.129595949006695"
"ESRRB","0.128262088457715"
"ESRRG","0.128416873169733"
"ESX1","0.128735455272667"
"ESYT1","0.127458174120203"
"ESYT2","0.128272559791482"
"ESYT3","0.128824320117882"
"ETAA1","0.129265666944157"
"ETF1","0.130300890215258"
"ETFA","0.130164179188622"
"ETFB","0.128880926636926"
"ETFDH","0.128278669230208"
"ETHE1","0.128880706646835"
"ETNK1","0.129258668512818"
"ETNK2","0.130439094154783"
"ETNPPL","0.130439094154783"
"ETS1","0.129566546094648"
"ETS2","0.128325281393467"
"ETV1","0.13006508786218"
"ETV2","0.128194400817005"
"ETV3","0.129334338280619"
"ETV3L","0.128886195074791"
"ETV4","0.129102409330858"
"ETV5","0.128302028909937"
"ETV6","0.129986148964584"
"ETV7","0.129102409330858"
"EVA1A","0.128180593505516"
"EVA1B","0.129595949006695"
"EVA1C","0.131682063596015"
"EVC","0.13015333671826"
"EVC2","0.131447684546111"
"EVI2A","0.129986148964584"
"EVI2B","0.128425339376365"
"EVI5","0.129595949006695"
"EVI5L","0.129272301488531"
"EVL","0.128241672410614"
"EVPL","0.129077889715736"
"EVPLL","0.128883150355524"
"EVX1","0.129102409330858"
"EWSAT1","0.128425339376365"
"EWSR1","0.130193262122326"
"EXD1","0.130036241245684"
"EXD2","0.128715624793115"
"EXD3","0.13015333671826"
"EXO1","0.128691966739573"
"EXO5","0.128798845381967"
"EXOC1","0.13096823883989"
"EXOC2","0.12829696156527"
"EXOC3","0.129775609027033"
"EXOC3-AS1","0.128806466003275"
"EXOC3L1","0.128425339376365"
"EXOC3L2","0.129983926764537"
"EXOC3L4","0.129564746240849"
"EXOC4","0.127987287659263"
"EXOC5","0.129273803216633"
"EXOC6","0.128377830902746"
"EXOC6B","0.128684467550982"
"EXOC7","0.128833974162611"
"EXOC8","0.128633015369389"
"EXOG","0.131656693959507"
"EXOSC1","0.128252536089474"
"EXOSC10","0.130193262122326"
"EXOSC2","0.128311515535603"
"EXOSC3","0.130193262122326"
"EXOSC4","0.129429252289401"
"EXOSC5","0.128278669230208"
"EXOSC6","0.128302028909937"
"EXOSC7","0.129986148964584"
"EXOSC8","0.130353611817243"
"EXOSC9","0.129787392674243"
"EXPH5","0.128713401359834"
"EXT1","0.129322520052621"
"EXT2","0.128707493585696"
"EXTL1","0.128813965191866"
"EXTL2","0.128311515535603"
"EXTL3","0.128377830902746"
"EXTL3-AS1","0.12981996062982"
"EYA1","0.128806466003275"
"EYA2","0.129565368430818"
"EYA3","0.130777958182047"
"EYA4","0.13006508786218"
"EYS","0.128327591767666"
"EZH1","0.128325281393467"
"EZH2","0.13015333671826"
"EZR","0.130052163457042"
"EZR-AS1","0.13015333671826"
"F10","0.12981996062982"
"F10-AS1","0.129497893896175"
"F11","0.130643193135062"
"F11-AS1","0.128830866724779"
"F11R","0.129163955192523"
"F12","0.129921405155901"
"F13A1","0.128426425537974"
"F13B","0.129248363050317"
"F2","0.128140668101451"
"F2R","0.130755054478361"
"F2RL1","0.130577008663717"
"F2RL2","0.131470935501825"
"F2RL3","0.130872963006419"
"F3","0.129618032051862"
"F5","0.129295976370647"
"F7","0.128735937257875"
"F8","0.129151270187461"
"F8A1","0.130760700052689"
"F8A2","0.130355922191442"
"F8A3","0.129364871484398"
"FA2H","0.128357060886121"
"FAAH","0.130439094154783"
"FAAH2","0.12886029438961"
"FAAP100","0.130140129284479"
"FAAP20","0.130600918983554"
"FAAP24","0.130045597394244"
"FABP1","0.130355922191442"
"FABP12","0.129579866050748"
"FABP2","0.129364871484398"
"FABP3","0.128880706646835"
"FABP4","0.128735937257875"
"FABP5","0.128880926636926"
"FABP6","0.128682796952605"
"FABP7","0.129595949006695"
"FABP9","0.12889613374839"
"FADD","0.13015333671826"
"FADS1","0.12927812225604"
"FADS2","0.128716968988797"
"FADS3","0.129777839883729"
"FADS6","0.129486295658269"
"FAF1","0.129334338280619"
"FAF2","0.129941206324414"
"FAH","0.130152596226251"
"FAHD1","0.128357060886121"
"FAHD2A","0.130355922191442"
"FAHD2B","0.130533604445849"
"FAIM","0.130037489005514"
"FAIM2","0.130439094154783"
"FALEC","0.129429252289401"
"FAM101A","0.130355922191442"
"FAM101B","0.128302028909937"
"FAM102A","0.128705049877007"
"FAM102B","0.128738295937317"
"FAM103A1","0.130045597394244"
"FAM104A","0.12981996062982"
"FAM104B","0.128023376409193"
"FAM105A","0.130603353706257"
"FAM106A","0.13015333671826"
"FAM107A","0.130075959988234"
"FAM107B","0.131638729072271"
"FAM109A","0.129394474789851"
"FAM109B","0.129346037402317"
"FAM110A","0.12889613374839"
"FAM110B","0.130439094154783"
"FAM110C","0.130075959988234"
"FAM110D","0.129198384459446"
"FAM111A","0.130750964554127"
"FAM111B","0.129334118290528"
"FAM114A1","0.13063899375502"
"FAM114A2","0.12981996062982"
"FAM117A","0.130067318718876"
"FAM117B","0.128668989641117"
"FAM118A","0.129508468812283"
"FAM118B","0.130355922191442"
"FAM120A","0.128634359565071"
"FAM120AOS","0.128886195074791"
"FAM120B","0.130161370956671"
"FAM120C","0.130439094154783"
"FAM122A","0.128668989641117"
"FAM122B","0.128702321665589"
"FAM122C","0.129302522977544"
"FAM124A","0.13015333671826"
"FAM124B","0.129272946142656"
"FAM126A","0.130061384206327"
"FAM126B","0.129577600613264"
"FAM127A","0.130663199662598"
"FAM127B","0.129173306751641"
"FAM127C","0.13007687150939"
"FAM129A","0.130748350814476"
"FAM129B","0.12872263413035"
"FAM129C","0.129102409330858"
"FAM131A","0.129270900695264"
"FAM131B","0.129324000838137"
"FAM131C","0.128716968988797"
"FAM132A","0.129221744139175"
"FAM132B","0.130044459451826"
"FAM133A","0.128716968988797"
"FAM133B","0.12889613374839"
"FAM134A","0.128705269867099"
"FAM134B","0.128735455272667"
"FAM134C","0.128354750511922"
"FAM135A","0.129345757953863"
"FAM135B","0.129303833523524"
"FAM136A","0.128702321665589"
"FAM138B","0.130750964554127"
"FAM138C","0.129171962555959"
"FAM138E","0.128707617429679"
"FAM13A","0.12813111573321"
"FAM13A-AS1","0.128325281393467"
"FAM13B","0.13015333671826"
"FAM13C","0.129248363050317"
"FAM149A","0.129077889715736"
"FAM149B1","0.127129319639962"
"FAM150A","0.127821099324499"
"FAM150B","0.12740703130435"
"FAM151A","0.128307279302905"
"FAM151B","0.128275895769203"
"FAM153A","0.129490614697676"
"FAM153B","0.12927812225604"
"FAM153C","0.128032928777434"
"FAM155A","0.128681629297092"
"FAM155B","0.129326839092028"
"FAM156A","0.127912027786"
"FAM156B","0.12838244390281"
"FAM157B","0.128327591767666"
"FAM157C","0.128325281393467"
"FAM159A","0.128262088457715"
"FAM159B","0.129986148964584"
"FAM160A1","0.128416873169733"
"FAM160A2","0.12981996062982"
"FAM160B1","0.129364871484398"
"FAM160B2","0.130445542844893"
"FAM161A","0.128707617429679"
"FAM161B","0.12862488416197"
"FAM162A","0.129490614697676"
"FAM162B","0.130300890215258"
"FAM163A","0.129102409330858"
"FAM163B","0.12981996062982"
"FAM166A","0.128369758897748"
"FAM166B","0.129553472040843"
"FAM167A","0.129159342192459"
"FAM167B","0.127937506076046"
"FAM168A","0.130602242000034"
"FAM168B","0.127387156007761"
"FAM169A","0.130592285451691"
"FAM170A","0.12754865031384"
"FAM170B","0.128425339376365"
"FAM170B-AS1","0.128800645235766"
"FAM171A1","0.129149789401945"
"FAM171A2","0.127259191031544"
"FAM171B","0.12946707186501"
"FAM172A","0.129486295658269"
"FAM173A","0.127760742825175"
"FAM173B","0.129779320669245"
"FAM174A","0.128512745540828"
"FAM174B","0.129364871484398"
"FAM175A","0.129595949006695"
"FAM175B","0.129471719876362"
"FAM177A1","0.128691364795654"
"FAM177B","0.129077889715736"
"FAM178B","0.128208042630055"
"FAM179A","0.126760656039034"
"FAM179B","0.128083098050963"
"FAM180A","0.128108928464343"
"FAM180B","0.127189365235764"
"FAM181A","0.128218106822551"
"FAM181A-AS1","0.128372597151639"
"FAM181B","0.128610842215375"
"FAM182B","0.126717421062715"
"FAM183A","0.127932419587895"
"FAM183CP","0.128660924718317"
"FAM184A","0.128271790187575"
"FAM184B","0.127381953596546"
"FAM185A","0.130023161276647"
"FAM186A","0.127975358726947"
"FAM186B","0.130030071712283"
"FAM187B","0.128241672410614"
"FAM188A","0.127915910297287"
"FAM188B","0.12932401400997"
"FAM189A1","0.128215539269879"
"FAM189A2","0.127573728021645"
"FAM189B","0.127912027786"
"FAM192A","0.128096562622304"
"FAM193A","0.128735455272667"
"FAM193B","0.128690772247169"
"FAM195A","0.127381953596546"
"FAM195B","0.128208042630055"
"FAM196A","0.128587632901605"
"FAM196B","0.128612323000891"
"FAM198A","0.130548299195084"
"FAM198B","0.12926134790475"
"FAM199X","0.127731672332577"
"FAM19A1","0.129259846176648"
"FAM19A2","0.129541457290694"
"FAM19A3","0.127927151150031"
"FAM19A4","0.128283373149947"
"FAM19A5","0.129921405155901"
"FAM200A","0.129483616266337"
"FAM200B","0.127763310377846"
"FAM201A","0.127760962815266"
"FAM204A","0.128372597151639"
"FAM205A","0.128664461023445"
"FAM205C","0.128678646783473"
"FAM206A","0.129306832564491"
"FAM207A","0.127362755286257"
"FAM208A","0.128833974162611"
"FAM208B","0.129250330687744"
"FAM209A","0.127308097388443"
"FAM209B","0.12889613374839"
"FAM20A","0.128705049877007"
"FAM20B","0.127766231253131"
"FAM20C","0.12704955929196"
"FAM210A","0.12820826007138"
"FAM210B","0.128289425188298"
"FAM212A","0.129259227434726"
"FAM212B","0.127080188345807"
"FAM212B-AS1","0.127322775202758"
"FAM213A","0.13004228410132"
"FAM213B","0.128368855487486"
"FAM214A","0.128687653153441"
"FAM214B","0.128691364795654"
"FAM215A","0.128735455272667"
"FAM215B","0.130056073120062"
"FAM216A","0.127129319639962"
"FAM216B","0.129248363050317"
"FAM217B","0.129299310738851"
"FAM218A","0.128294658939405"
"FAM219A","0.128833974162611"
"FAM219B","0.130554131886544"
"FAM21A","0.128627928881238"
"FAM21C","0.129482994076368"
"FAM220A","0.128735455272667"
"FAM221A","0.127553852725055"
"FAM221B","0.128512745540828"
"FAM222A","0.12927812225604"
"FAM222A-AS1","0.128681629297092"
"FAM222B","0.128425339376365"
"FAM223A","0.128262088457715"
"FAM223B","0.130047431850705"
"FAM224A","0.128372597151639"
"FAM224B","0.129275513695328"
"FAM225A","0.127400921865624"
"FAM225B","0.128218106822551"
"FAM227A","0.128217982978568"
"FAM227B","0.129595949006695"
"FAM228A","0.129147558545249"
"FAM228B","0.127458174120203"
"FAM229A","0.128694203049544"
"FAM229B","0.128703004429615"
"FAM230A","0.129774538301828"
"FAM231D","0.128385364778095"
"FAM234A","0.128296924376889"
"FAM234B","0.129906953062246"
"FAM24A","0.128697770678508"
"FAM24B","0.129553472040843"
"FAM25A","0.128620395005889"
"FAM25G","0.129259846176648"
"FAM26D","0.12792949871261"
"FAM26E","0.127129319639962"
"FAM26F","0.129248363050317"
"FAM27C","0.128684467550982"
"FAM32A","0.128691746749482"
"FAM35A","0.129274380591887"
"FAM3A","0.130447354861935"
"FAM3B","0.128096686466287"
"FAM3C","0.130519815427107"
"FAM3D","0.129986148964584"
"FAM3D-AS1","0.129262828690266"
"FAM41C","0.128294658939405"
"FAM43A","0.127235694433508"
"FAM43B","0.127791630206043"
"FAM45A","0.128707493585696"
"FAM46A","0.128694029014355"
"FAM46B","0.130525571344649"
"FAM46C","0.128612336172723"
"FAM46D","0.12792949871261"
"FAM47A","0.129275297173981"
"FAM47C","0.130596270972203"
"FAM47E","0.128787571181961"
"FAM47E-STBD1","0.130452065517537"
"FAM49A","0.130521187551725"
"FAM49B","0.128813965191866"
"FAM50A","0.127932419587895"
"FAM50B","0.12981996062982"
"FAM53A","0.128701702238136"
"FAM53B","0.12868072588683"
"FAM53B-AS1","0.129938398092463"
"FAM53C","0.129258668512818"
"FAM57A","0.12926134790475"
"FAM57B","0.128697770678508"
"FAM58A","0.128691377967486"
"FAM60A","0.128234393212114"
"FAM63A","0.128217982978568"
"FAM63B","0.12743039098408"
"FAM64A","0.128806466003275"
"FAM65A","0.128294394012599"
"FAM65B","0.127932419587895"
"FAM65C","0.129429252289401"
"FAM66A","0.128694029014355"
"FAM66B","0.129749919914357"
"FAM66C","0.128308623498587"
"FAM66D","0.129470608170139"
"FAM66E","0.128246426650748"
"FAM69A","0.130048094925618"
"FAM69B","0.12777786434818"
"FAM69C","0.128622440453281"
"FAM71A","0.128608611358679"
"FAM71B","0.127235694433508"
"FAM71C","0.129966204699381"
"FAM71D","0.13062905090983"
"FAM71E1","0.127372478193445"
"FAM71E2","0.129262828690266"
"FAM71F1","0.127352202867589"
"FAM71F2","0.129565368430818"
"FAM72A","0.130625204736278"
"FAM72B","0.12743039098408"
"FAM72C","0.127996954505706"
"FAM72D","0.130447354861935"
"FAM73A","0.128244239963285"
"FAM73B","0.127912027786"
"FAM74A1","0.127206266768677"
"FAM74A6","0.129553472040843"
"FAM76A","0.129986148964584"
"FAM76B","0.130045597394244"
"FAM78A","0.128716968988797"
"FAM78B","0.128363638467807"
"FAM81A","0.128697770678508"
"FAM81B","0.128694945596449"
"FAM83A","0.130039777550813"
"FAM83A-AS1","0.129986148964584"
"FAM83B","0.128803627749384"
"FAM83C","0.129322520052621"
"FAM83C-AS1","0.128359149311725"
"FAM83D","0.128694203049544"
"FAM83E","0.128633015369389"
"FAM83F","0.128681629297092"
"FAM83G","0.129952227187066"
"FAM83H","0.127244627472131"
"FAM83H-AS1","0.128693451639101"
"FAM84A","0.129077889715736"
"FAM84B","0.129487776443785"
"FAM85B","0.129364871484398"
"FAM86B1","0.127975358726947"
"FAM86B2","0.129159342192459"
"FAM86C1","0.128357060886121"
"FAM87A","0.128684467550982"
"FAM87B","0.127738218939474"
"FAM89A","0.128684467550982"
"FAM89B","0.128154475412939"
"FAM8A1","0.128234393212114"
"FAM90A1","0.12889613374839"
"FAM90A26","0.127944052682944"
"FAM91A1","0.128634359565071"
"FAM92A1","0.128258793933618"
"FAM92B","0.129429252289401"
"FAM95B1","0.12889613374839"
"FAM95C","0.130737694339939"
"FAM96A","0.129495848448783"
"FAM96B","0.128693451639101"
"FAM98A","0.129484793930167"
"FAM98B","0.129986148964584"
"FAM98C","0.12838009634023"
"FAM99A","0.130051631230746"
"FAM9A","0.128694203049544"
"FAM9B","0.127912027786"
"FAM9C","0.128108928464343"
"FAN1","0.128833974162611"
"FANCA","0.127781453915793"
"FANCB","0.128378316282123"
"FANCC","0.128759517344355"
"FANCD2","0.128833974162611"
"FANCD2OS","0.128689701302089"
"FANCE","0.12981996062982"
"FANCF","0.128833974162611"
"FANCG","0.128687204618206"
"FANCI","0.128286586934407"
"FANCL","0.129482994076368"
"FANCM","0.130452065517537"
"FANK1","0.128003501112604"
"FAP","0.127308097388443"
"FAR1","0.128669142924458"
"FAR2","0.127354223519959"
"FARP1","0.128208042630055"
"FARP1-AS1","0.12829696156527"
"FARP2","0.128296704386797"
"FARS2","0.128208042630055"
"FARSA","0.129456563671854"
"FARSA-AS1","0.128215759259971"
"FARSB","0.128204518407227"
"FAS","0.129757953015557"
"FASLG","0.128368278112232"
"FASN","0.127996954505706"
"FASTK","0.128670242325331"
"FASTKD1","0.129906953062246"
"FASTKD2","0.129364871484398"
"FASTKD3","0.12981996062982"
"FASTKD5","0.128833974162611"
"FAT1","0.128611419590629"
"FAT2","0.126897272443069"
"FAT3","0.128735455272667"
"FAT4","0.128670660216879"
"FATE1","0.127912027786"
"FAU","0.129429252289401"
"FAXC","0.12868072588683"
"FAXDC2","0.130133772100006"
"FBF1","0.128639561976286"
"FBL","0.128689884010137"
"FBLIM1","0.127387156007761"
"FBLL1","0.128735455272667"
"FBLN1","0.128759517344355"
"FBLN2","0.128425339376365"
"FBLN5","0.129248363050317"
"FBLN7","0.130452065517537"
"FBN1","0.129319840660689"
"FBN2","0.127103548025537"
"FBN3","0.128612323000891"
"FBP1","0.12981996062982"
"FBP2","0.128759517344355"
"FBRS","0.129319840660689"
"FBRSL1","0.127797739644769"
"FBXL12","0.129966204699381"
"FBXL13","0.129102409330858"
"FBXL14","0.128512745540828"
"FBXL15","0.13015333671826"
"FBXL16","0.127351577972614"
"FBXL17","0.129982126910739"
"FBXL18","0.128299271939469"
"FBXL19","0.127973480347774"
"FBXL19-AS1","0.128369758897748"
"FBXL2","0.128253591522403"
"FBXL20","0.12743039098408"
"FBXL22","0.129248363050317"
"FBXL3","0.129910896962745"
"FBXL4","0.127723541125158"
"FBXL5","0.129147110010013"
"FBXL6","0.128634359565071"
"FBXL7","0.129749919914357"
"FBXL8","0.128512745540828"
"FBXO10","0.127259191031544"
"FBXO11","0.127767646604305"
"FBXO15","0.128246426650748"
"FBXO16","0.128241892400705"
"FBXO17","0.128373113870908"
"FBXO18","0.129596647677537"
"FBXO2","0.128204518407227"
"FBXO21","0.127303608232361"
"FBXO22","0.129102409330858"
"FBXO24","0.12743039098408"
"FBXO25","0.129077889715736"
"FBXO27","0.129248363050317"
"FBXO28","0.127089740714048"
"FBXO3","0.130555504011162"
"FBXO3-AS1","0.129242124111491"
"FBXO30","0.12813111573321"
"FBXO31","0.127791630206043"
"FBXO32","0.128735455272667"
"FBXO33","0.128806466003275"
"FBXO34","0.127080188345807"
"FBXO36","0.128215539269879"
"FBXO38","0.127912027786"
"FBXO39","0.129261925280004"
"FBXO4","0.12838009634023"
"FBXO40","0.129553472040843"
"FBXO41","0.129334118290528"
"FBXO42","0.128735455272667"
"FBXO43","0.129134101913815"
"FBXO44","0.128239626963221"
"FBXO45","0.128286586934407"
"FBXO46","0.126809129355143"
"FBXO47","0.12981996062982"
"FBXO48","0.128246426650748"
"FBXO5","0.129077889715736"
"FBXO6","0.128353915560618"
"FBXO7","0.128396997873143"
"FBXO8","0.12743039098408"
"FBXO9","0.129364871484398"
"FBXW10","0.129077889715736"
"FBXW11","0.129778417258983"
"FBXW12","0.128833974162611"
"FBXW2","0.129248363050317"
"FBXW4","0.127458174120203"
"FBXW5","0.13015333671826"
"FBXW7","0.128279494192792"
"FBXW8","0.12981996062982"
"FBXW9","0.130353611817243"
"FCAMR","0.128294658939405"
"FCAR","0.128208042630055"
"FCER1A","0.128735455272667"
"FCER1G","0.128208042630055"
"FCER2","0.129248363050317"
"FCF1","0.12981996062982"
"FCGBP","0.129259846176648"
"FCGR1A","0.128307279302905"
"FCGR1B","0.129779320669245"
"FCGR2A","0.129429252289401"
"FCGR2B","0.128246426650748"
"FCGR3A","0.13004228410132"
"FCGR3B","0.130420412563763"
"FCGRT","0.127912027786"
"FCHO1","0.128697770678508"
"FCHO2","0.129102409330858"
"FCHSD1","0.128313825909802"
"FCHSD2","0.128690461385392"
"FCMR","0.128608162823443"
"FCN1","0.127351577972614"
"FCN2","0.127944052682944"
"FCN3","0.12981996062982"
"FCRL1","0.128712057164151"
"FCRL2","0.127731672332577"
"FCRL3","0.128425339376365"
"FCRL4","0.128620395005889"
"FCRL5","0.12955236033462"
"FCRL6","0.12956804782275"
"FCRLA","0.128704049800715"
"FCRLB","0.127916826879381"
"FDCSP","0.128234393212114"
"FDFT1","0.129307944270714"
"FDPS","0.129262841862098"
"FDX1","0.128108928464343"
"FDX1L","0.12931921847072"
"FDXACB1","0.129077889715736"
"FDXR","0.128361414749209"
"FECH","0.128379876350139"
"FEM1A","0.128108928464343"
"FEM1B","0.127912027786"
"FEM1C","0.127791630206043"
"FEN1","0.129311514465504"
"FENDRR","0.129077889715736"
"FER","0.129487776443785"
"FER1L5","0.130048040018862"
"FER1L6","0.128759517344355"
"FER1L6-AS2","0.129270900695264"
"FERMT1","0.128833974162611"
"FERMT2","0.130045597394244"
"FERMT3","0.128294658939405"
"FES","0.127416583672591"
"FETUB","0.128272559791482"
"FEV","0.129642141792448"
"FEZ1","0.129364871484398"
"FEZ2","0.130353611817243"
"FEZF1","0.127342650499348"
"FEZF1-AS1","0.128735455272667"
"FEZF2","0.128803640921217"
"FFAR1","0.128311515535603"
"FFAR2","0.131111369752852"
"FFAR3","0.128304968928706"
"FFAR4","0.131102528140715"
"FGA","0.127791630206043"
"FGB","0.130581614261861"
"FGD1","0.130552608060843"
"FGD2","0.12829461400269"
"FGD3","0.127831114926807"
"FGD4","0.129248363050317"
"FGD5","0.128622440453281"
"FGD5-AS1","0.128279106645576"
"FGD6","0.129259846176648"
"FGF1","0.129102409330858"
"FGF10","0.129986909278156"
"FGF10-AS1","0.128694203049544"
"FGF11","0.127987287659263"
"FGF12","0.128327591767666"
"FGF12-AS2","0.129986148964584"
"FGF12-AS3","0.129774538301828"
"FGF13","0.129779333841078"
"FGF13-AS1","0.130045597394244"
"FGF14","0.127781453915793"
"FGF14-AS2","0.130533604445849"
"FGF16","0.128227458381669"
"FGF17","0.129364871484398"
"FGF18","0.129364871484398"
"FGF19","0.130274757074524"
"FGF2","0.128239626963221"
"FGF20","0.130616427760062"
"FGF21","0.129596767583661"
"FGF22","0.129102409330858"
"FGF23","0.128231568130056"
"FGF3","0.129782158923136"
"FGF5","0.128703665861272"
"FGF7","0.128354750511922"
"FGF8","0.128813965191866"
"FGF9","0.128390451266246"
"FGFBP1","0.12838009634023"
"FGFBP2","0.130589301730806"
"FGFBP3","0.130300890215258"
"FGFR1","0.129579646060657"
"FGFR1OP","0.130056945824459"
"FGFR1OP2","0.128715624793115"
"FGFR2","0.130039777550813"
"FGFR3","0.129077889715736"
"FGFR4","0.128252536089474"
"FGFRL1","0.128377830902746"
"FGG","0.130355922191442"
"FGGY","0.128742046696601"
"FGL1","0.130274757074524"
"FGL2","0.128327591767666"
"FGR","0.12926134790475"
"FH","0.130599807277331"
"FHAD1","0.127973480347774"
"FHDC1","0.128421551258442"
"FHIT","0.129334118290528"
"FHL1","0.130274757074524"
"FHL2","0.128738295937317"
"FHL3","0.130755717553274"
"FHL5","0.13055349131402"
"FHOD1","0.127017777552766"
"FHOD3","0.12838009634023"
"FIBCD1","0.128701482248044"
"FIBIN","0.129272946142656"
"FIBP","0.128307279302905"
"FICD","0.129077889715736"
"FIG4","0.129429252289401"
"FIGF","0.128691966739573"
"FIGLA","0.130300890215258"
"FIGN","0.129569528608266"
"FIGNL1","0.129265666944157"
"FILIP1","0.128809310300234"
"FILIP1L","0.128327591767666"
"FIP1L1","0.129630900939705"
"FIRRE","0.128691746749482"
"FIS1","0.129077889715736"
"FITM1","0.130353611817243"
"FITM2","0.129487776443785"
"FIZ1","0.130439094154783"
"FJX1","0.129986148964584"
"FKBP10","0.129248363050317"
"FKBP11","0.130420412563763"
"FKBP14","0.128639561976286"
"FKBP15","0.129248363050317"
"FKBP1A","0.127183058895502"
"FKBP1B","0.128765406376331"
"FKBP1C","0.128252973504842"
"FKBP2","0.129568625198004"
"FKBP3","0.128759517344355"
"FKBP4","0.129800013037743"
"FKBP5","0.129259846176648"
"FKBP6","0.129332072843135"
"FKBP7","0.130355922191442"
"FKBP8","0.128682796952605"
"FKBP9","0.127831114926807"
"FKBPL","0.130484827621821"
"FKRP","0.12916383134854"
"FKTN","0.130681658257926"
"FLAD1","0.129579866050748"
"FLCN","0.129500337604864"
"FLG","0.128824320117882"
"FLG-AS1","0.130014148253551"
"FLG2","0.128748031435879"
"FLI1","0.129495848448783"
"FLII","0.128407743946953"
"FLJ12825","0.12862488416197"
"FLJ13224","0.128702020468163"
"FLJ16779","0.128417310585101"
"FLJ20021","0.129942109734676"
"FLJ21408","0.128830866724779"
"FLJ22447","0.129248363050317"
"FLJ22763","0.128023376409193"
"FLJ26245","0.129248363050317"
"FLJ27354","0.131575389349666"
"FLJ31104","0.129993997321702"
"FLJ31356","0.130075959988234"
"FLJ33360","0.129248363050317"
"FLJ35934","0.128712057164151"
"FLJ36000","0.128722171400012"
"FLJ37035","0.129780315221114"
"FLJ37453","0.128809310300234"
"FLJ37505","0.129619317977333"
"FLJ40288","0.129077889715736"
"FLJ41941","0.129102409330858"
"FLJ42969","0.128343253574633"
"FLJ43879","0.129986148964584"
"FLJ45079","0.129163955192523"
"FLJ46066","0.128279106645576"
"FLNA","0.129158358231007"
"FLNB","0.129986148964584"
"FLNB-AS1","0.128735455272667"
"FLNC","0.128704049800715"
"FLOT1","0.127758094236064"
"FLOT2","0.129508468812283"
"FLRT1","0.128364976530331"
"FLRT2","0.128241892400705"
"FLRT3","0.129319840660689"
"FLT1","0.129364871484398"
"FLT3","0.127738218939474"
"FLT3LG","0.129986148964584"
"FLT4","0.128217982978568"
"FLVCR1","0.128813745201774"
"FLVCR1-AS1","0.128512745540828"
"FLVCR2","0.128802146963868"
"FLYWCH1","0.128208042630055"
"FLYWCH2","0.127984334142207"
"FMN1","0.128702321665589"
"FMN2","0.129326839092028"
"FMNL1","0.129364871484398"
"FMNL2","0.128703665861272"
"FMNL3","0.128691364795654"
"FMO1","0.128653327834149"
"FMO2","0.129159342192459"
"FMO3","0.128108928464343"
"FMO4","0.126787526730552"
"FMO5","0.128377830902746"
"FMOD","0.127416583672591"
"FMR1","0.128707617429679"
"FMR1NB","0.127351577972614"
"FN1","0.127777579904583"
"FN3K","0.127831114926807"
"FN3KRP","0.128108928464343"
"FNBP1","0.127750638544617"
"FNBP1L","0.128809310300234"
"FNBP4","0.128285683524145"
"FNDC1","0.129569541780099"
"FNDC3A","0.129248363050317"
"FNDC3B","0.12740703130435"
"FNDC4","0.130770678438805"
"FNDC5","0.130044109405106"
"FNDC7","0.127387156007761"
"FNDC8","0.129077889715736"
"FNDC9","0.128703665861272"
"FNIP1","0.127249501744996"
"FNIP2","0.127249501744996"
"FNTA","0.128425339376365"
"FNTB","0.128691377967486"
"FO538757.2","0.130052742936969"
"FO538757.3","0.127381953596546"
"FOCAD","0.130968682032613"
"FOCAD-AS1","0.128512745540828"
"FOLH1","0.128017266970467"
"FOLR1","0.127763310377846"
"FOLR2","0.129248363050317"
"FOLR3","0.128707493585696"
"FOPNL","0.129364871484398"
"FOS","0.127763186533864"
"FOSB","0.128017266970467"
"FOSL1","0.12780729201301"
"FOSL2","0.127964365394902"
"FOXA1","0.132205677903693"
"FOXA2","0.128689701302089"
"FOXA3","0.128811699754382"
"FOXB1","0.128376846941294"
"FOXB2","0.12981996062982"
"FOXC1","0.128809310300234"
"FOXC2","0.12981996062982"
"FOXC2-AS1","0.128735455272667"
"FOXCUT","0.128735455272667"
"FOXD1","0.128425339376365"
"FOXD2","0.129151283359294"
"FOXD2-AS1","0.130045597394244"
"FOXD3","0.128313825909802"
"FOXD3-AS1","0.128759517344355"
"FOXD4","0.127017777552766"
"FOXD4L1","0.129906599859904"
"FOXD4L3","0.128735455272667"
"FOXD4L4","0.129780315221114"
"FOXD4L5","0.130051631230746"
"FOXD4L6","0.131566461953201"
"FOXE1","0.129364871484398"
"FOXE3","0.128262088457715"
"FOXF1","0.128227458381669"
"FOXF2","0.128634359565071"
"FOXG1","0.128809310300234"
"FOXG1-AS1","0.128279106645576"
"FOXH1","0.130051631230746"
"FOXI1","0.129148287673843"
"FOXI2","0.129102409330858"
"FOXI3","0.128398191578712"
"FOXJ1","0.129364871484398"
"FOXJ2","0.128262088457715"
"FOXJ3","0.128833974162611"
"FOXK1","0.130872963006419"
"FOXK2","0.130048094925618"
"FOXL1","0.130471973249407"
"FOXL2","0.130741265459619"
"FOXL2NB","0.131572422487429"
"FOXM1","0.128358165350274"
"FOXN1","0.130776422132049"
"FOXN2","0.12838244390281"
"FOXN3","0.129248363050317"
"FOXN3-AS1","0.129780315221114"
"FOXN3-AS2","0.129364871484398"
"FOXN4","0.129937949557228"
"FOXO1","0.12932401400997"
"FOXO3","0.129494864487331"
"FOXO4","0.129149789401945"
"FOXO6","0.129364871484398"
"FOXP1","0.130045597394244"
"FOXP1-AS1","0.12916383134854"
"FOXP2","0.128396997873143"
"FOXP3","0.12881071579293"
"FOXP4","0.128732369628912"
"FOXP4-AS1","0.128702020468163"
"FOXQ1","0.128850742021369"
"FOXR1","0.130755717553274"
"FOXR2","0.13057680218634"
"FOXRED1","0.12886029438961"
"FOXRED2","0.130420412563763"
"FOXS1","0.130551989585919"
"FP325317.1","0.129077889715736"
"FP325331.1","0.129780315221114"
"FPGS","0.127342650499348"
"FPGT","0.127957818540807"
"FPGT-TNNI3K","0.128363762311789"
"FPR1","0.128512745540828"
"FPR2","0.129429252289401"
"FPR3","0.129780315221114"
"FRA10AC1","0.128703665861272"
"FRAS1","0.130681658257926"
"FRAT1","0.129929152340934"
"FRAT2","0.128512745540828"
"FREM1","0.130045597394244"
"FREM2","0.130764267681652"
"FREM2-AS1","0.129148287673843"
"FREM3","0.130760365564625"
"FRG1","0.129929152340934"
"FRG2B","0.130476755616824"
"FRG2C","0.129500461448847"
"FRGCA","0.130534267520762"
"FRK","0.128296924376889"
"FRMD1","0.129500461448847"
"FRMD3","0.130055465038943"
"FRMD4A","0.130588385148712"
"FRMD4B","0.130353611817243"
"FRMD5","0.130479593870714"
"FRMD6","0.129365005671396"
"FRMD6-AS1","0.129195333189849"
"FRMD6-AS2","0.129334338280619"
"FRMD7","0.129334338280619"
"FRMD8","0.12932401400997"
"FRMPD1","0.13074702137716"
"FRMPD2","0.130606923901047"
"FRMPD3","0.129364871484398"
"FRMPD4","0.129311514465504"
"FRRS1","0.130044459451826"
"FRRS1L","0.130596270972203"
"FRS2","0.128306313124388"
"FRS3","0.129641921802357"
"FRY","0.128244239963285"
"FRY-AS1","0.128633015369389"
"FRYL","0.130479593870714"
"FRZB","0.129336561999217"
"FSBP","0.130791302369512"
"FSCB","0.130476755616824"
"FSCN1","0.128694945596449"
"FSCN2","0.127781453915793"
"FSCN3","0.129344693206635"
"FSD1","0.128718603771049"
"FSD1L","0.129195333189849"
"FSD2","0.129780315221114"
"FSHR","0.128622660443373"
"FSIP1","0.128373113870908"
"FSIP2","0.128426425537974"
"FSIP2-AS1","0.130776146165004"
"FST","0.128634359565071"
"FSTL1","0.128378316282123"
"FSTL3","0.127964365394902"
"FSTL4","0.13187399321722"
"FSTL5","0.128735455272667"
"FTCD","0.129150366777199"
"FTCD-AS1","0.128806466003275"
"FTCDNL1","0.129986922449988"
"FTH1","0.129429252289401"
"FTHL17","0.13053028200025"
"FTL","0.128813965191866"
"FTMT","0.129983926764537"
"FTO","0.129950181739673"
"FTSJ1","0.131543852605017"
"FTSJ2","0.128308623498587"
"FTSJ3","0.128718603771049"
"FTX","0.128735937257875"
"FUBP1","0.131527236330851"
"FUBP3","0.128392082139986"
"FUCA1","0.129952447177157"
"FUCA2","0.129572366862157"
"FUK","0.130056958996292"
"FUNDC1","0.129248363050317"
"FUNDC2","0.130064639326945"
"FUOM","0.128702321665589"
"FURIN","0.129906599859904"
"FUS","0.129326839092028"
"FUT1","0.129937327367259"
"FUT10","0.130439094154783"
"FUT11","0.129993997321702"
"FUT2","0.129929152340934"
"FUT3","0.129334338280619"
"FUT4","0.129630900939705"
"FUT5","0.129652496718464"
"FUT6","0.132303521372111"
"FUT7","0.129628821836348"
"FUT8","0.128017266970467"
"FUT8-AS1","0.128722171400012"
"FUT9","0.129626195248492"
"FUZ","0.130353611817243"
"FXN","0.129997026730546"
"FXR1","0.128735937257875"
"FXR2","0.129198821874814"
"FXYD1","0.130786279361926"
"FXYD2","0.129906599859904"
"FXYD3","0.128713401359834"
"FXYD4","0.130420412563763"
"FXYD5","0.130602242000034"
"FXYD6","0.130803198759487"
"FXYD6-FXYD2","0.129102409330858"
"FXYD7","0.128729180984445"
"FYB","0.129207936827687"
"FYCO1","0.130619813804868"
"FYN","0.130613993037359"
"FYTTD1","0.128417310585101"
"FZD1","0.130355922191442"
"FZD10","0.129429252289401"
"FZD2","0.130598705694906"
"FZD3","0.1304606990494"
"FZD4","0.130476768788656"
"FZD5","0.132471030592837"
"FZD6","0.129351239813532"
"FZD7","0.129986148964584"
"FZD8","0.127987287659263"
"FZD9","0.130588385148712"
"FZR1","0.12981996062982"
"G0S2","0.129248363050317"
"G2E3","0.13059637660252"
"G3BP1","0.130772261954601"
"G3BP2","0.129351239813532"
"G6PC","0.129178509162856"
"G6PC2","0.129590220976764"
"G6PC3","0.128722171400012"
"G6PD","0.129631817521799"
"GAA","0.129161387639851"
"GAB1","0.128659874688244"
"GAB2","0.129986922449988"
"GAB3","0.129986148964584"
"GABARAP","0.130420412563763"
"GABARAPL1","0.12916383134854"
"GABARAPL2","0.129173306751641"
"GABBR1","0.130764267681652"
"GABBR2","0.130587807773457"
"GABPA","0.12919227502072"
"GABPB1","0.129102409330858"
"GABPB1-AS1","0.127213647633256"
"GABPB2","0.131963564528099"
"GABRA1","0.130681658257926"
"GABRA2","0.129835987309471"
"GABRA3","0.130045597394244"
"GABRA4","0.12963032356445"
"GABRA5","0.129906599859904"
"GABRA6","0.130353611817243"
"GABRB1","0.130681658257926"
"GABRB2","0.131411464860205"
"GABRB3","0.130764267681652"
"GABRD","0.130081360665472"
"GABRE","0.129582089769346"
"GABRG1","0.130803198759487"
"GABRG2","0.13061281537353"
"GABRG3","0.129195333189849"
"GABRP","0.128844632582643"
"GABRQ","0.129582089769346"
"GABRR1","0.130045597394244"
"GABRR2","0.13141108986397"
"GABRR3","0.129590220976764"
"GACAT2","0.129929152340934"
"GACAT3","0.128691377967486"
"GAD1","0.129644365511046"
"GAD2","0.130353611817243"
"GADD45A","0.130355922191442"
"GADD45B","0.130612193183561"
"GADD45G","0.130045597394244"
"GADD45GIP1","0.129024012153749"
"GADL1","0.130750964554127"
"GAGE10","0.129993997321702"
"GAGE12E","0.130064017136976"
"GAGE12H","0.130355922191442"
"GAGE12J","0.13157713314303"
"GAGE13","0.129644365511046"
"GAGE2A","0.130750964554127"
"GAK","0.130489316777903"
"GAL","0.129791881830325"
"GAL3ST1","0.128712057164151"
"GAL3ST2","0.12874248411197"
"GAL3ST3","0.131004056493562"
"GAL3ST4","0.128407743946953"
"GALC","0.129154108441352"
"GALE","0.130554985271369"
"GALK1","0.130589288558974"
"GALK2","0.128833974162611"
"GALM","0.129173306751641"
"GALNS","0.130300890215258"
"GALNT1","0.131982850938662"
"GALNT10","0.128426425537974"
"GALNT11","0.129178509162856"
"GALNT12","0.128844632582643"
"GALNT13","0.130606923901047"
"GALNT14","0.129173306751641"
"GALNT15","0.129780315221114"
"GALNT16","0.12981996062982"
"GALNT18","0.129024012153749"
"GALNT2","0.130616427760062"
"GALNT3","0.130097950657717"
"GALNT4","0.129782158923136"
"GALNT5","0.129198821874814"
"GALNT6","0.130075887547939"
"GALNT7","0.128377830902746"
"GALNT8","0.129497893896175"
"GALNT9","0.131419683066346"
"GALNTL5","0.130594720174394"
"GALNTL6","0.131531620123775"
"GALP","0.128738295937317"
"GALR1","0.130637667919475"
"GALR2","0.128391795461928"
"GALR3","0.129949197778222"
"GALT","0.130071637758283"
"GAMT","0.129331088881683"
"GAN","0.129982749100708"
"GANAB","0.129579866050748"
"GANC","0.129638892393513"
"GAP43","0.128325281393467"
"GAPDH","0.129569541780099"
"GAPDHS","0.130681658257926"
"GAPLINC","0.129780315221114"
"GAPT","0.129950181739673"
"GAPVD1","0.130355922191442"
"GAR1","0.129985428492639"
"GAREM1","0.130471973249407"
"GAREM2","0.130081484509454"
"GARNL3","0.130459587343177"
"GARS","0.12981996062982"
"GART","0.130807358936935"
"GAS1","0.128421551258442"
"GAS1RR","0.130595895975969"
"GAS2","0.12981996062982"
"GAS2L1","0.130439094154783"
"GAS2L2","0.130439094154783"
"GAS2L3","0.131691907368665"
"GAS5-AS1","0.130592126812864"
"GAS6","0.12874248411197"
"GAS6-AS1","0.129780315221114"
"GAS6-AS2","0.13005738322987"
"GAS7","0.129579646060657"
"GAS8","0.129999594283217"
"GAS8-AS1","0.129591565172446"
"GAST","0.129906599859904"
"GATA1","0.132056244535191"
"GATA2","0.131458731775172"
"GATA2-AS1","0.129644489355028"
"GATA3","0.130056958996292"
"GATA3-AS1","0.130045597394244"
"GATA4","0.130420412563763"
"GATA5","0.129429252289401"
"GATA6","0.128874101701098"
"GATA6-AS1","0.130565089551927"
"GATAD1","0.129644365511046"
"GATAD2A","0.13061698872281"
"GATAD2B","0.129652496718464"
"GATB","0.129801357233425"
"GATC","0.129999594283217"
"GATM","0.131411464860205"
"GATM-AS1","0.129158358231007"
"GATS","0.130763935759415"
"GATSL2","0.130681658257926"
"GATSL3","0.130986875048083"
"GBA","0.128641487701632"
"GBA2","0.130353611817243"
"GBAS","0.131779565570849"
"GBE1","0.129800013037743"
"GBF1","0.130489316777903"
"GBGT1","0.131701139607002"
"GBP1","0.131393336095172"
"GBP2","0.130353611817243"
"GBP3","0.130617929488164"
"GBP4","0.130817696379417"
"GBP5","0.131466253600812"
"GBP6","0.130750964554127"
"GBP7","0.131701139607002"
"GBX1","0.131604661496207"
"GBX2","0.129659043325362"
"GC","0.130764267681652"
"GCA","0.130750964554127"
"GCAT","0.130589288558974"
"GCC1","0.129999470439235"
"GCC2","0.130764267681652"
"GCC2-AS1","0.129380667478363"
"GCDH","0.129791881830325"
"GCFC2","0.129997246720637"
"GCG","0.132126281081494"
"GCGR","0.129999470439235"
"GCH1","0.130872963006419"
"GCHFR","0.131701139607002"
"GCK","0.130439094154783"
"GCKR","0.129986148964584"
"GCLC","0.131638863865301"
"GCLM","0.129429252289401"
"GCM1","0.13149610687952"
"GCM2","0.130439094154783"
"GCN1","0.129248363050317"
"GCNT1","0.130814446980481"
"GCNT2","0.130597360563971"
"GCNT3","0.130503994592219"
"GCNT4","0.129364871484398"
"GCNT7","0.130599626001455"
"GCOM1","0.128761838747368"
"GCSAM","0.130764267681652"
"GCSAML","0.130439094154783"
"GCSAML-AS1","0.132325080890575"
"GCSH","0.130353611817243"
"GDA","0.131440241443977"
"GDAP1","0.129672809183225"
"GDAP1L1","0.131220605444496"
"GDAP2","0.131172144619719"
"GDE1","0.131701139607002"
"GDF10","0.131172144619719"
"GDF11","0.12981996062982"
"GDF15","0.129702278301681"
"GDF3","0.130776435303881"
"GDF5","0.130078916956783"
"GDF5OS","0.130353611817243"
"GDF6","0.128751599064842"
"GDF7","0.129163955192523"
"GDF9","0.131888274931327"
"GDI1","0.130355922191442"
"GDI2","0.130601973564035"
"GDNF","0.131014380764211"
"GDNF-AS1","0.129394474789851"
"GDPD1","0.130601973564035"
"GDPD2","0.130355922191442"
"GDPD3","0.130355922191442"
"GDPD4","0.130067063276849"
"GDPD5","0.129364871484398"
"GDPGP1","0.132135288323921"
"GEM","0.129577600613264"
"GEMIN2","0.130804376423317"
"GEMIN4","0.131587404099815"
"GEMIN5","0.130681658257926"
"GEMIN6","0.129999594283217"
"GEMIN7","0.130104497511812"
"GEMIN8","0.130517760450082"
"GEN1","0.131483421874459"
"GET4","0.130750964554127"
"GFAP","0.131220605444496"
"GFER","0.129364871484398"
"GFI1","0.129364871484398"
"GFI1B","0.130355922191442"
"GFM1","0.130420412563763"
"GFM2","0.12981996062982"
"GFOD1","0.12886029438961"
"GFOD1-AS1","0.130589288558974"
"GFOD2","0.130803198759487"
"GFPT1","0.129582089769346"
"GFPT2","0.130644214526373"
"GFRA1","0.131012115326727"
"GFRA2","0.131970931266896"
"GFRA3","0.130987986754306"
"GFRA4","0.129024012153749"
"GFRAL","0.131638863865301"
"GFY","0.129150361050037"
"GGA1","0.131991945387188"
"GGA2","0.130104497511812"
"GGA3","0.129906599859904"
"GGACT","0.13059637660252"
"GGCT","0.130872963006419"
"GGCX","0.130007395932701"
"GGH","0.130625446051251"
"GGN","0.132056244535191"
"GGNBP2","0.129248363050317"
"GGPS1","0.130075887547939"
"GGT1","0.129653840914147"
"GGT2","0.13078675957453"
"GGT5","0.130503994592219"
"GGT6","0.128659874688244"
"GGT7","0.130760700052689"
"GGTLC1","0.130567657104598"
"GGTLC2","0.128722171400012"
"GGTLC3","0.130987986754306"
"GH1","0.130353611817243"
"GH2","0.13143216943898"
"GHDC","0.130065017829457"
"GHET1","0.130077638192957"
"GHITM","0.131893297938912"
"GHR","0.129248363050317"
"GHRH","0.130630293392232"
"GHRHR","0.130353611817243"
"GHRL","0.129952227187066"
"GHRLOS","0.129195333189849"
"GHSR","0.132056244535191"
"GID4","0.130439094154783"
"GID8","0.129983114567934"
"GIF","0.13101416077412"
"GIGYF1","0.130563044104535"
"GIGYF2","0.130563044104535"
"GIMAP1","0.132134913327687"
"GIMAP2","0.130353611817243"
"GIMAP4","0.130681658257926"
"GIMAP5","0.129351239813532"
"GIMAP6","0.130615250096232"
"GIMAP7","0.130627093003368"
"GIMAP8","0.130353611817243"
"GIN1","0.130078982388639"
"GINM1","0.129989747532046"
"GINS1","0.130045597394244"
"GINS2","0.130872963006419"
"GINS3","0.129989747532046"
"GINS4","0.128701482248044"
"GIP","0.129336685843199"
"GIPC1","0.12916383134854"
"GIPC2","0.128703925956733"
"GIPC3","0.132302702707937"
"GIPR","0.130056945824459"
"GIT1","0.12916383134854"
"GIT2","0.128407743946953"
"GJA1","0.129582213613328"
"GJA3","0.128354750511922"
"GJA4","0.130681658257926"
"GJA5","0.129610533441525"
"GJA8","0.129780315221114"
"GJA9","0.130420412563763"
"GJB1","0.129102409330858"
"GJB2","0.129077889715736"
"GJB3","0.128425339376365"
"GJB4","0.12981996062982"
"GJB5","0.132472204892734"
"GJB6","0.130476755616824"
"GJB7","0.127244627472131"
"GJC1","0.127912027786"
"GJC2","0.128833974162611"
"GJC3","0.129351239813532"
"GJD2","0.130078916956783"
"GJD3","0.128327591767666"
"GJD4","0.129311514465504"
"GK","0.130755054478361"
"GK-AS1","0.129929152340934"
"GK5","0.129198821874814"
"GKAP1","0.129248363050317"
"GKN1","0.130567920905286"
"GKN2","0.129364871484398"
"GLA","0.131172144619719"
"GLB1","0.130067318718876"
"GLB1L","0.128707617429679"
"GLB1L2","0.129151283359294"
"GLB1L3","0.129112926815075"
"GLCCI1","0.130803198759487"
"GLCE","0.129159342192459"
"GLDC","0.129986148964584"
"GLDN","0.132212277035301"
"GLE1","0.129334338280619"
"GLG1","0.128748031435879"
"GLI1","0.128809310300234"
"GLI2","0.12913004833808"
"GLI3","0.13148043936084"
"GLI4","0.130008945842336"
"GLIDR","0.128833974162611"
"GLIPR1","0.13203035902863"
"GLIPR1L1","0.130802576569518"
"GLIPR1L2","0.128407743946953"
"GLIPR2","0.130613993037359"
"GLIS1","0.130045597394244"
"GLIS2","0.129596767583661"
"GLIS2-AS1","0.130503994592219"
"GLIS3","0.130081360665472"
"GLIS3-AS1","0.129331088881683"
"GLMN","0.132004149113841"
"GLMP","0.129346037402317"
"GLO1","0.129659043325362"
"GLOD4","0.130045597394244"
"GLOD5","0.128327591767666"
"GLP1R","0.130802576569518"
"GLP2R","0.128302028909937"
"GLRA1","0.128809310300234"
"GLRA2","0.130619423445513"
"GLRA3","0.12981996062982"
"GLRB","0.131172144619719"
"GLRX","0.130300890215258"
"GLRX2","0.130353611817243"
"GLRX3","0.129596767583661"
"GLRX5","0.131220605444496"
"GLS","0.131470935501825"
"GLS2","0.131736029358958"
"GLT1D1","0.130646649249075"
"GLT8D1","0.129929152340934"
"GLT8D2","0.131701139607002"
"GLTP","0.130420412563763"
"GLTPD2","0.130760700052689"
"GLTSCR1","0.130764267681652"
"GLTSCR1-AS1","0.129964146298856"
"GLTSCR1L","0.131220605444496"
"GLTSCR2","0.131441126341401"
"GLTSCR2-AS1","0.131432182610812"
"GLUD1","0.129989661422029"
"GLUD2","0.129929152340934"
"GLUL","0.130760700052689"
"GLYAT","0.13143500769287"
"GLYATL1","0.130065017829457"
"GLYATL1P3","0.129906599859904"
"GLYATL2","0.130803661107444"
"GLYATL3","0.130300890215258"
"GLYCTK","0.131444730600059"
"GLYR1","0.129077889715736"
"GM140","0.131481941088942"
"GM2A","0.132546090873859"
"GMCL1","0.130764267681652"
"GMDS","0.129986148964584"
"GMDS-AS1","0.129596767583661"
"GMEB1","0.129969348710071"
"GMEB2","0.130127419776173"
"GMFB","0.132126281081494"
"GMFG","0.13061698872281"
"GMIP","0.131919691948818"
"GML","0.129986148964584"
"GMNC","0.130760700052689"
"GMNN","0.130872963006419"
"GMPPA","0.131609895247315"
"GMPPB","0.129983114567934"
"GMPR","0.129364871484398"
"GMPR2","0.130420412563763"
"GMPS","0.131393336095172"
"GNA11","0.131220605444496"
"GNA12","0.130872963006419"
"GNA13","0.131172144619719"
"GNA14","0.129248363050317"
"GNA14-AS1","0.129063310319805"
"GNA15","0.130353611817243"
"GNAI1","0.129986148964584"
"GNAI2","0.129780315221114"
"GNAI3","0.128629436586835"
"GNAL","0.128759517344355"
"GNAO1","0.131638863865301"
"GNAQ","0.130991556949096"
"GNAS","0.129986148964584"
"GNAS-AS1","0.129929152340934"
"GNAT1","0.130355922191442"
"GNAT2","0.130760700052689"
"GNAT3","0.130666961961033"
"GNAZ","0.129929152340934"
"GNB1","0.130810197190826"
"GNB1L","0.130681658257926"
"GNB2","0.129248363050317"
"GNB2L1","0.131220605444496"
"GNB3","0.130355922191442"
"GNB4","0.13001258368639"
"GNB5","0.130353611817243"
"GNE","0.128708478381598"
"GNG10","0.128641487701632"
"GNG11","0.129929152340934"
"GNG12","0.12920618687857"
"GNG12-AS1","0.131566666569887"
"GNG13","0.130599406011364"
"GNG2","0.130045597394244"
"GNG3","0.129631804349967"
"GNG4","0.131701139607002"
"GNG5","0.130067063276849"
"GNG7","0.129364871484398"
"GNG8","0.131021156907674"
"GNGT1","0.12913004833808"
"GNGT2","0.129195333189849"
"GNL1","0.128748031435879"
"GNL2","0.129626195248492"
"GNL3","0.130096038479788"
"GNL3L","0.131638863865301"
"GNLY","0.130764267681652"
"GNMT","0.131172144619719"
"GNPAT","0.128809310300234"
"GNPDA1","0.129077889715736"
"GNPDA2","0.132011444991711"
"GNPNAT1","0.130517760450082"
"GNPTAB","0.129157726053793"
"GNPTG","0.132056244535191"
"GNRH1","0.130798458696229"
"GNRH2","0.129364871484398"
"GNS","0.12915947600291"
"GOLGA1","0.130420412563763"
"GOLGA2","0.130420412563763"
"GOLGA3","0.129351239813532"
"GOLGA4","0.132138134761428"
"GOLGA5","0.130639012115158"
"GOLGA6A","0.129221744139175"
"GOLGA6B","0.130043575918381"
"GOLGA6D","0.128288221598449"
"GOLGA6L1","0.129221744139175"
"GOLGA6L10","0.130823973819401"
"GOLGA6L2","0.130300890215258"
"GOLGA6L22","0.130872963006419"
"GOLGA6L4","0.130627482278678"
"GOLGA6L6","0.128844632582643"
"GOLGA6L9","0.130355922191442"
"GOLGA7","0.128751599064842"
"GOLGA7B","0.130872963006419"
"GOLGA8A","0.130764267681652"
"GOLGA8B","0.131172144619719"
"GOLGA8G","0.130045597394244"
"GOLGA8H","0.130632095278742"
"GOLGA8K","0.132046975302796"
"GOLGA8M","0.130760700052689"
"GOLGA8N","0.129659043325362"
"GOLGA8O","0.130611638739762"
"GOLGA8Q","0.130355922191442"
"GOLGA8R","0.130487093059305"
"GOLGA8S","0.130353611817243"
"GOLGB1","0.130084613697189"
"GOLIM4","0.129102409330858"
"GOLM1","0.132546090873859"
"GOLPH3","0.129929152340934"
"GOLPH3L","0.130353611817243"
"GOLT1A","0.129929152340934"
"GOLT1B","0.131014380764211"
"GON4L","0.129929152340934"
"GOPC","0.128765406376331"
"GORAB","0.130353611817243"
"GORASP1","0.130355922191442"
"GORASP2","0.13078910713711"
"GOSR1","0.132624307356572"
"GOSR2","0.13159930048979"
"GOT1","0.130681658257926"
"GOT1L1","0.129380667478363"
"GOT2","0.129221744139175"
"GP1BA","0.131995267832786"
"GP2","0.132011444991711"
"GP5","0.130601849720053"
"GP6","0.12981996062982"
"GP9","0.129195333189849"
"GPA33","0.129648917935911"
"GPAA1","0.130420412563763"
"GPALPP1","0.131220605444496"
"GPAM","0.130300890215258"
"GPANK1","0.129610533441525"
"GPAT2","0.131106092389233"
"GPAT3","0.129364871484398"
"GPAT4","0.130687449502692"
"GPATCH1","0.130109804337651"
"GPATCH11","0.131638863865301"
"GPATCH2","0.131483435046291"
"GPATCH2L","0.13059637660252"
"GPATCH3","0.13001258368639"
"GPATCH4","0.130759479513491"
"GPATCH8","0.129248363050317"
"GPBAR1","0.130636523859625"
"GPBP1","0.131014380764211"
"GPBP1L1","0.130300890215258"
"GPC1","0.128946131711898"
"GPC2","0.130353611817243"
"GPC3","0.132011444991711"
"GPC4","0.130355922191442"
"GPC5","0.131016728326791"
"GPC5-AS1","0.130760700052689"
"GPC6","0.131220605444496"
"GPCPD1","0.130644205250082"
"GPD1","0.129248363050317"
"GPD1L","0.130636840246327"
"GPD2","0.131432182610812"
"GPER1","0.129179261094711"
"GPHA2","0.130798458696229"
"GPHN","0.131807071286977"
"GPI","0.130420412563763"
"GPIHBP1","0.13083459791233"
"GPKOW","0.130084613697189"
"GPLD1","0.129999594283217"
"GPM6A","0.131638863865301"
"GPM6B","0.131393336095172"
"GPN1","0.129364871484398"
"GPN2","0.130764267681652"
"GPN3","0.130081484509454"
"GPNMB","0.130872963006419"
"GPR1","0.130611325123154"
"GPR107","0.130353611817243"
"GPR108","0.129986148964584"
"GPR12","0.129626195248492"
"GPR132","0.130819920098014"
"GPR135","0.132000578919051"
"GPR137","0.129610533441525"
"GPR137B","0.131172144619719"
"GPR137C","0.129093423772423"
"GPR141","0.131220605444496"
"GPR142","0.131172144619719"
"GPR143","0.131172144619719"
"GPR146","0.129929152340934"
"GPR149","0.131583057442843"
"GPR15","0.130671892242086"
"GPR150","0.130300890215258"
"GPR152","0.130420412563763"
"GPR153","0.132011444991711"
"GPR155","0.130964779879208"
"GPR156","0.130355922191442"
"GPR157","0.132076704737521"
"GPR158","0.130355922191442"
"GPR158-AS1","0.132011444991711"
"GPR160","0.131638863865301"
"GPR161","0.132056244535191"
"GPR162","0.130760700052689"
"GPR17","0.130611638739762"
"GPR171","0.132126281081494"
"GPR173","0.131568108922209"
"GPR174","0.131106092389233"
"GPR176","0.131444854444041"
"GPR179","0.131051595009082"
"GPR18","0.129986148964584"
"GPR180","0.131638863865301"
"GPR182","0.130687449502692"
"GPR183","0.130420412563763"
"GPR19","0.131629062217712"
"GPR20","0.132011444991711"
"GPR21","0.129102409330858"
"GPR22","0.131106092389233"
"GPR25","0.130420412563763"
"GPR26","0.131921634323413"
"GPR27","0.132011444991711"
"GPR3","0.131220605444496"
"GPR31","0.130793535717993"
"GPR34","0.130300890215258"
"GPR35","0.130355922191442"
"GPR37","0.129364871484398"
"GPR37L1","0.132000578919051"
"GPR39","0.13207221558144"
"GPR4","0.131172144619719"
"GPR42","0.132126281081494"
"GPR50","0.132056244535191"
"GPR50-AS1","0.131701139607002"
"GPR52","0.130657980384236"
"GPR55","0.13078910713711"
"GPR6","0.130577008663717"
"GPR61","0.130043575918381"
"GPR62","0.130760700052689"
"GPR63","0.13001258368639"
"GPR65","0.130420412563763"
"GPR68","0.129780315221114"
"GPR75","0.128641487701632"
"GPR78","0.130420412563763"
"GPR82","0.130625446051251"
"GPR83","0.130355922191442"
"GPR84","0.130582211074932"
"GPR85","0.131701139607002"
"GPR87","0.131638863865301"
"GPR88","0.131393336095172"
"GPR89A","0.129610533441525"
"GPR89B","0.130355922191442"
"GPRASP1","0.130659762510688"
"GPRASP2","0.129688470990192"
"GPRC5A","0.131220605444496"
"GPRC5B","0.132059983398994"
"GPRC5C","0.131106092389233"
"GPRC5D","0.130681658257926"
"GPRC6A","0.130353611817243"
"GPRIN1","0.130760700052689"
"GPRIN2","0.131172144619719"
"GPRIN3","0.129780315221114"
"GPS1","0.131638863865301"
"GPS2","0.130764267681652"
"GPSM1","0.130300890215258"
"GPSM2","0.131106092389233"
"GPSM3","0.131907873720819"
"GPT","0.129102409330858"
"GPT2","0.130503994592219"
"GPX1","0.131483421874459"
"GPX2","0.130760700052689"
"GPX3","0.131638863865301"
"GPX4","0.131915813555904"
"GPX5","0.13001258368639"
"GPX6","0.130614581426237"
"GPX7","0.129248363050317"
"GPX8","0.131440241443977"
"GRAMD1A","0.131638863865301"
"GRAMD1B","0.130962432316628"
"GRAMD1C","0.130129413240669"
"GRAMD2","0.130123716195501"
"GRAMD3","0.130420412563763"
"GRAMD4","0.132046975302796"
"GRAP","0.129248363050317"
"GRAP2","0.130611325123154"
"GRAPL","0.130109804337651"
"GRASP","0.129986148964584"
"GRB10","0.131613578119629"
"GRB14","0.129157726053793"
"GRB2","0.129024012153749"
"GRB7","0.129702278301681"
"GREB1","0.130764267681652"
"GREB1L","0.129906599859904"
"GREM1","0.130681658257926"
"GREM2","0.129702278301681"
"GRHL1","0.130336793725311"
"GRHL2","0.13160047815362"
"GRHL3","0.130609888790645"
"GRHPR","0.130355922191442"
"GRIA1","0.130125466144618"
"GRIA2","0.132546090873859"
"GRIA3","0.132011444991711"
"GRIA4","0.13001258368639"
"GRID1","0.12977430831248"
"GRID2","0.129906599859904"
"GRID2IP","0.129195333189849"
"GRIK1","0.130041825969264"
"GRIK1-AS1","0.130300890215258"
"GRIK2","0.130045597394244"
"GRIK3","0.128833974162611"
"GRIK4","0.12981996062982"
"GRIK5","0.130489440621885"
"GRIN1","0.130420412563763"
"GRIN2A","0.130815430941933"
"GRIN2B","0.130964779879208"
"GRIN2C","0.130625446051251"
"GRIN2D","0.13159930048979"
"GRIN3A","0.131106092389233"
"GRIN3B","0.13148043936084"
"GRINA","0.130043575918381"
"GRIP1","0.132076828581504"
"GRIP2","0.129539837200447"
"GRIPAP1","0.130681658257926"
"GRK1","0.130632095278742"
"GRK4","0.130300890215258"
"GRK5","0.12937155252549"
"GRK6","0.131393336095172"
"GRK7","0.130517760450082"
"GRM1","0.13333184515582"
"GRM2","0.12967935603732"
"GRM3","0.132056244535191"
"GRM4","0.130493869202768"
"GRM5","0.131442506881461"
"GRM5-AS1","0.131713790832496"
"GRM6","0.130820043941997"
"GRM7","0.12964000255998"
"GRM7-AS1","0.131488836079205"
"GRM7-AS3","0.130659762510688"
"GRM8","0.130764267681652"
"GRN","0.132056244535191"
"GRP","0.130609888790645"
"GRPEL1","0.132011444991711"
"GRPEL2","0.132016635486474"
"GRPEL2-AS1","0.133021430131182"
"GRPR","0.132076704737521"
"GRSF1","0.131614508247378"
"GRTP1","0.129929152340934"
"GRTP1-AS1","0.130798458696229"
"GRWD1","0.132845757389084"
"GRXCR1","0.131638863865301"
"GS1-114I9.1","0.130674326964789"
"GS1-114I9.3","0.131609895247315"
"GS1-120K12.4","0.131563859132554"
"GS1-124K5.11","0.130681658257926"
"GS1-124K5.3","0.131928913521912"
"GS1-124K5.4","0.131561034050495"
"GS1-166A23.1","0.131618936828261"
"GS1-166A23.2","0.131615882493889"
"GS1-174L6.4","0.131106092389233"
"GS1-204I12.4","0.133657978775529"
"GS1-24F4.2","0.12977430831248"
"GS1-256O22.5","0.132043438997667"
"GS1-259H13.13","0.131638863865301"
"GS1-259H13.2","0.130353611817243"
"GS1-279B7.1","0.131609895247315"
"GS1-279B7.2","0.131638863865301"
"GS1-293C5.1","0.130764267681652"
"GS1-304P7.3","0.129173283314398"
"GS1-393G12.13","0.13148043936084"
"GS1-393G12.14","0.131172144619719"
"GS1-39E22.2","0.129906599859904"
"GS1-519E5.1","0.130599406011364"
"GS1-57L11.1","0.132056244535191"
"GS1-590J6.3","0.130355922191442"
"GS1-594A7.3","0.130355922191442"
"GS1-600G8.5","0.132126281081494"
"GS1-72M22.1","0.13100688157562"
"GSAP","0.130300890215258"
"GSC","0.130008945842336"
"GSDMA","0.131172144619719"
"GSDMB","0.130355922191442"
"GSDMC","0.130045597394244"
"GSDMD","0.130962212326537"
"GSE1","0.129780315221114"
"GSG1","0.130355922191442"
"GSG1L","0.132329762791588"
"GSG2","0.130681658257926"
"GSK3A","0.130572085685481"
"GSK3B","0.131638863865301"
"GSKIP","0.130764267681652"
"GSN","0.132056244535191"
"GSN-AS1","0.130764267681652"
"GSPT1","0.131106092389233"
"GSPT2","0.129063310319805"
"GSR","0.130582211074932"
"GSS","0.129929152340934"
"GSTA1","0.130353611817243"
"GSTA2","0.130027914111414"
"GSTA3","0.131701139607002"
"GSTA4","0.131638863865301"
"GSTA5","0.130629747716162"
"GSTCD","0.130069630829521"
"GSTK1","0.13001258368639"
"GSTM1","0.130109804337651"
"GSTM2","0.129364871484398"
"GSTM3","0.130524307304177"
"GSTM4","0.130764267681652"
"GSTM5","0.129929152340934"
"GSTO1","0.130045597394244"
"GSTO2","0.130300890215258"
"GSTP1","0.130644703140943"
"GSTT2B","0.129929152340934"
"GSTZ1","0.131014380764211"
"GSX1","0.12915947600291"
"GSX2","0.130547229568538"
"GTDC1","0.130733774558294"
"GTF2A1","0.131220605444496"
"GTF2A1L","0.129195333189849"
"GTF2A2","0.131701139607002"
"GTF2B","0.130300890215258"
"GTF2E1","0.130960166879144"
"GTF2E2","0.130531672307932"
"GTF2F1","0.131915813555904"
"GTF2F2","0.131172144619719"
"GTF2H1","0.129929152340934"
"GTF2H2","0.130353611817243"
"GTF2H2C","0.130784494137046"
"GTF2H3","0.131713205543843"
"GTF2H4","0.131660835733961"
"GTF2H5","0.129997026425784"
"GTF2I","0.129102409330858"
"GTF2IRD1","0.130045597394244"
"GTF2IRD2","0.132011444991711"
"GTF2IRD2B","0.131656516694554"
"GTF3A","0.130681658257926"
"GTF3C1","0.130681658257926"
"GTF3C2","0.130681658257926"
"GTF3C2-AS1","0.129686721041075"
"GTF3C3","0.131393336095172"
"GTF3C4","0.132016635486474"
"GTF3C5","0.132126281081494"
"GTF3C6","0.13060252378689"
"GTPBP1","0.130681658257926"
"GTPBP10","0.133138568311374"
"GTPBP2","0.133630356135698"
"GTPBP3","0.131220605444496"
"GTPBP4","0.131220605444496"
"GTPBP6","0.129906599859904"
"GTPBP8","0.132781073251149"
"GTSCR1","0.130300890215258"
"GTSE1","0.130764267681652"
"GTSE1-AS1","0.131393336095172"
"GTSF1","0.129539837200447"
"GTSF1L","0.130829395501115"
"GUCA1A","0.129102409330858"
"GUCA1B","0.131106092389233"
"GUCA1C","0.132056244535191"
"GUCA2A","0.130760700052689"
"GUCA2B","0.128436056262783"
"GUCD1","0.130760700052689"
"GUCY1A2","0.131735809368867"
"GUCY1A3","0.130533422257049"
"GUCY1B3","0.131220605444496"
"GUCY2C","0.131598760970884"
"GUCY2D","0.130420412563763"
"GUCY2F","0.131638863865301"
"GUF1","0.131638863865301"
"GUK1","0.132056244535191"
"GULP1","0.12981996062982"
"GUSB","0.130353611817243"
"GVQW1","0.131172144619719"
"GVQW2","0.132011444991711"
"GXYLT1","0.130502048484087"
"GXYLT2","0.131701139607002"
"GYG1","0.130109804337651"
"GYG2","0.130355922191442"
"GYG2-AS1","0.129539837200447"
"GYLTL1B","0.130760700052689"
"GYPA","0.132546090873859"
"GYPB","0.130355922191442"
"GYPC","0.130524307304177"
"GYPE","0.131393336095172"
"GYS1","0.129077889715736"
"GYS2","0.129195333189849"
"GZF1","0.13367204069102"
"GZMA","0.131573705883725"
"GZMB","0.130355922191442"
"GZMH","0.132138134761428"
"GZMK","0.130993099707405"
"GZMM","0.130760700052689"
"H1F0","0.130644205250082"
"H1FNT","0.130764267681652"
"H1FOO","0.130764267681652"
"H1FX","0.129929152340934"
"H1FX-AS1","0.131701139607002"
"H2AFB1","0.132011444991711"
"H2AFB3","0.130681658257926"
"H2AFJ","0.130764267681652"
"H2AFV","0.129929152340934"
"H2AFX","0.132138134761428"
"H2AFY","0.132011444991711"
"H2AFY2","0.132056244535191"
"H2AFZ","0.129906599859904"
"H2BFM","0.131172144619719"
"H2BFS","0.131701139607002"
"H2BFWT","0.132658623816009"
"H3F3A","0.130045597394244"
"H3F3B","0.132688745530715"
"H3F3C","0.131638863865301"
"H6PD","0.133671158499352"
"HAAO","0.13164937492967"
"HABP2","0.129077889715736"
"HABP4","0.130045597394244"
"HACD1","0.13287669419397"
"HACD2","0.129102409330858"
"HACD3","0.132011444991711"
"HACD4","0.130760700052689"
"HACE1","0.129539837200447"
"HACL1","0.130353611817243"
"HADH","0.131220605444496"
"HADHA","0.133978689763371"
"HADHB","0.130760700052689"
"HAGH","0.134060971102706"
"HAGHL","0.130420412563763"
"HAGLR","0.131701139607002"
"HAGLROS","0.132781073251149"
"HAL","0.131701139607002"
"HAMP","0.132126281081494"
"HAND1","0.132845757389084"
"HAND2","0.130681658257926"
"HAND2-AS1","0.130355922191442"
"HAO1","0.132688745530715"
"HAO2","0.132056244535191"
"HAP1","0.133671158499352"
"HAPLN1","0.133501504696014"
"HAPLN2","0.132056244535191"
"HAPLN3","0.131608593860174"
"HAPLN4","0.133795027173512"
"HAR1A","0.131393336095172"
"HAR1B","0.132546090873859"
"HARBI1","0.134225328159731"
"HARS","0.132062109797385"
"HARS2","0.132546090873859"
"HAS1","0.133978689763371"
"HAS2","0.132546090873859"
"HAS2-AS1","0.133671158499352"
"HAS3","0.129780315221114"
"HAT1","0.133672795924273"
"HAUS1","0.133795027173512"
"HAUS2","0.134060971102706"
"HAUS3","0.133671158499352"
"HAUS4","0.130764267681652"
"HAUS5","0.132011444991711"
"HAUS6","0.132624307356572"
"HAUS7","0.132484753126735"
"HAUS8","0.131106092389233"
"HAVCR1","0.133501504696014"
"HAVCR2","0.133988131326557"
"HAX1","0.132624307356572"
"HBA1","0.133727332737105"
"HBA2","0.133978689763371"
"HBB","0.131106092389233"
"HBD","0.132056244535191"
"HBE1","0.130760700052689"
"HBEGF","0.132056244535191"
"HBG1","0.128759517344355"
"HBG2","0.133727332737105"
"HBM","0.133727332737105"
"HBP1","0.130353611817243"
"HBQ1","0.133988131326557"
"HBS1L","0.13287669419397"
"HBZ","0.132781073251149"
"HCAR1","0.131220605444496"
"HCAR2","0.134085970743509"
"HCAR3","0.132056244535191"
"HCCAT5","0.133501504696014"
"HCCS","0.132781073251149"
"HCFC1","0.132781073251149"
"HCFC1-AS1","0.13211906026755"
"HCFC1R1","0.133672795924273"
"HCFC2","0.13287669419397"
"HCG11","0.132056244535191"
"HCG14","0.133501504696014"
"HCG15","0.13287669419397"
"HCG16","0.132658623816009"
"HCG17","0.132011444991711"
"HCG18","0.132134617528156"
"HCG20","0.133988131326557"
"HCG2040054","0.132126281081494"
"HCG21","0.132688745530715"
"HCG22","0.132056244535191"
"HCG23","0.132845757389084"
"HCG24","0.134225328159731"
"HCG25","0.131638863865301"
"HCG27","0.133795027173512"
"HCG9","0.134085970743509"
"HCK","0.132011444991711"
"HCLS1","0.133795027173512"
"HCN1","0.132658623816009"
"HCN2","0.133978689763371"
"HCN3","0.131172144619719"
"HCN4","0.133988131326557"
"HCP5B","0.132658623816009"
"HCRT","0.130420412563763"
"HCRTR1","0.130764267681652"
"HCRTR2","0.131731700835016"
"HCST","0.132658623816009"
"HDAC1","0.132134617528156"
"HDAC10","0.132056244535191"
"HDAC11","0.133552068414609"
"HDAC11-AS1","0.132688745530715"
"HDAC2","0.13287669419397"
"HDAC3","0.130045597394244"
"HDAC4","0.131644465500497"
"HDAC5","0.130760700052689"
"HDAC6","0.131658377358347"
"HDAC7","0.132546090873859"
"HDAC8","0.133021430131182"
"HDAC9","0.131660127307464"
"HDC","0.133002857260087"
"HDDC2","0.132658623816009"
"HDDC3","0.133671158499352"
"HDGF","0.132658623816009"
"HDGFL1","0.133501504696014"
"HDHD2","0.133630356135698"
"HDHD3","0.131701139607002"
"HDLBP","0.132546090873859"
"HDX","0.131172144619719"
"HEATR1","0.132688745530715"
"HEATR3","0.132272726574994"
"HEATR4","0.130353611817243"
"HEATR5A","0.130353611817243"
"HEATR5B","0.133657978775529"
"HEATR6","0.132781073251149"
"HEATR9","0.132126281081494"
"HEBP1","0.131701139607002"
"HEBP2","0.131638863865301"
"HECA","0.133501504696014"
"HECTD1","0.1335549066685"
"HECTD2","0.133672795924273"
"HECTD3","0.132056244535191"
"HECTD4","0.132126281081494"
"HECW1","0.130300890215258"
"HECW2","0.132364285728401"
"HEG1","0.132511346522316"
"HELB","0.131106092389233"
"HELLS","0.132530108007912"
"HELQ","0.13287669419397"
"HELT","0.132781073251149"
"HELZ","0.132056244535191"
"HELZ2","0.131638863865301"
"HEMGN","0.132546090873859"
"HEMK1","0.132624307356572"
"HENMT1","0.133501504696014"
"HEPACAM","0.131631494830377"
"HEPACAM2","0.134225328159731"
"HEPH","0.131172144619719"
"HEPHL1","0.132845757389084"
"HEPN1","0.133672795924273"
"HERC1","0.131393336095172"
"HERC2","0.132398915804446"
"HERC3","0.132658623816009"
"HERC4","0.133671158499352"
"HERC5","0.132546090873859"
"HERC6","0.132624307356572"
"HERPUD1","0.131642828075575"
"HERPUD2","0.132011444991711"
"HES1","0.13287669419397"
"HES2","0.13205185846885"
"HES4","0.132126281081494"
"HES5","0.13197982845805"
"HES6","0.132011444991711"
"HES7","0.130045597394244"
"HESX1","0.131701139607002"
"HEXA","0.131638863865301"
"HEXA-AS1","0.13109459883666"
"HEXB","0.131638863865301"
"HEXDC","0.131393336095172"
"HEXIM1","0.132196997735954"
"HEXIM2","0.132046552536779"
"HEY1","0.12981996062982"
"HEY2","0.133672795924273"
"HEYL","0.133657978775529"
"HFE","0.132011444991711"
"HFE2","0.132688745530715"
"HFM1","0.129539837200447"
"HGD","0.131731700835016"
"HGF","0.130300890215258"
"HGFAC","0.130760700052689"
"HGH1","0.131638863865301"
"HGS","0.130420412563763"
"HGSNAT","0.132658623816009"
"HHAT","0.131172144619719"
"HHATL","0.132845757389084"
"HHATL-AS1","0.132688745530715"
"HHEX","0.133021430131182"
"HHIP","0.132688745530715"
"HHIP-AS1","0.13287669419397"
"HHIPL1","0.131638863865301"
"HHIPL2","0.132056244535191"
"HHLA1","0.129929152340934"
"HHLA2","0.131608593860174"
"HHLA3","0.132159139448988"
"HIBADH","0.129042288626275"
"HIBCH","0.131659117470208"
"HIC1","0.133978689763371"
"HIC2","0.131701139607002"
"HID1","0.133978689763371"
"HID1-AS1","0.132956308072252"
"HIF1A","0.131638863865301"
"HIF1A-AS1","0.130645955199199"
"HIF1A-AS2","0.132624307356572"
"HIF1AN","0.134133478833477"
"HIF3A","0.133672795924273"
"HIGD1A","0.131220605444496"
"HIGD1B","0.132658623816009"
"HIGD1C","0.132658623816009"
"HIGD2A","0.130760700052689"
"HIGD2B","0.133672795924273"
"HILPDA","0.132029320491536"
"HINFP","0.131660127307464"
"HINT1","0.129364871484398"
"HINT2","0.131106092389233"
"HINT3","0.130759289681467"
"HIP1","0.132546090873859"
"HIP1R","0.132688745530715"
"HIPK1","0.131712914171178"
"HIPK1-AS1","0.131220605444496"
"HIPK2","0.131631494830377"
"HIPK3","0.132126281081494"
"HIPK4","0.130681658257926"
"HIRA","0.132546090873859"
"HIRIP3","0.132688745530715"
"HIST1H1A","0.132126281081494"
"HIST1H1B","0.132056244535191"
"HIST1H1C","0.133021430131182"
"HIST1H1D","0.132074481018924"
"HIST1H1E","0.132126281081494"
"HIST1H1T","0.131613936385757"
"HIST1H2AA","0.131172144619719"
"HIST1H2AB","0.132126281081494"
"HIST1H2AC","0.130045597394244"
"HIST1H2AD","0.132624307356572"
"HIST1H2AE","0.130353611817243"
"HIST1H2AG","0.130993099707405"
"HIST1H2AH","0.131393336095172"
"HIST1H2AI","0.130300890215258"
"HIST1H2AJ","0.131701139607002"
"HIST1H2AK","0.132624307356572"
"HIST1H2AL","0.131670558641149"
"HIST1H2AM","0.132624307356572"
"HIST1H2BA","0.132624307356572"
"HIST1H2BB","0.131628753534501"
"HIST1H2BC","0.131449283024924"
"HIST1H2BD","0.131658377358347"
"HIST1H2BE","0.132126281081494"
"HIST1H2BF","0.132056244535191"
"HIST1H2BG","0.131629648351752"
"HIST1H2BH","0.13197982845805"
"HIST1H2BI","0.131701139607002"
"HIST1H2BJ","0.130760700052689"
"HIST1H2BK","0.130659762510688"
"HIST1H2BL","0.132081257162387"
"HIST1H2BM","0.132333226389143"
"HIST1H2BN","0.13168003404425"
"HIST1H2BO","0.132076828581504"
"HIST1H3A","0.131220605444496"
"HIST1H3B","0.131106092389233"
"HIST1H3C","0.132954262624859"
"HIST1H3E","0.131731700835016"
"HIST1H3F","0.132333226389143"
"HIST1H3G","0.130760700052689"
"HIST1H3H","0.132658623816009"
"HIST1H3I","0.131984122875653"
"HIST1H3J","0.132011444991711"
"HIST1H4A","0.130300890215258"
"HIST1H4B","0.131459408414374"
"HIST1H4C","0.130420412563763"
"HIST1H4D","0.131638863865301"
"HIST1H4E","0.130823973819401"
"HIST1H4F","0.131628753534501"
"HIST1H4H","0.130045597394244"
"HIST1H4I","0.12981996062982"
"HIST1H4J","0.130969208460091"
"HIST1H4L","0.131608593860174"
"HIST2H2AA3","0.131106092389233"
"HIST2H2AA4","0.132521928726593"
"HIST2H2AB","0.130848363770193"
"HIST2H2AC","0.132781073251149"
"HIST2H2BE","0.132126281081494"
"HIST2H2BF","0.131670682485132"
"HIST2H3A","0.130045597394244"
"HIST2H3D","0.130353611817243"
"HIST2H3PS2","0.131638863865301"
"HIST2H4A","0.132624307356572"
"HIST2H4B","0.132688745530715"
"HIST3H2A","0.132333226389143"
"HIST3H2BB","0.130760700052689"
"HIST4H4","0.132126281081494"
"HIVEP1","0.133021430131182"
"HIVEP2","0.132016635486474"
"HIVEP3","0.129077889715736"
"HJURP","0.131973712760631"
"HK1","0.131573705883725"
"HK2","0.132181285769959"
"HK3","0.131994474099561"
"HKDC1","0.132658623816009"
"HKR1","0.13287669419397"
"HLA-A","0.131617687518888"
"HLA-B","0.130623842139705"
"HLA-C","0.132546090873859"
"HLA-DMA","0.131595574459395"
"HLA-DMB","0.13097738774141"
"HLA-DOA","0.130731792521487"
"HLA-DOB","0.132688745530715"
"HLA-DPA1","0.13287669419397"
"HLA-DPB1","0.132333226389143"
"HLA-DQA1","0.131984122875653"
"HLA-DQA2","0.132011444991711"
"HLA-DQB1","0.132546090873859"
"HLA-DQB1-AS1","0.131934647373599"
"HLA-DQB2","0.130689884225394"
"HLA-DRA","0.131608593860174"
"HLA-DRB1","0.131701139607002"
"HLA-DRB5","0.132671262454259"
"HLA-E","0.130353611817243"
"HLA-F","0.131393336095172"
"HLA-G","0.131701139607002"
"HLCS","0.130406395094622"
"HLF","0.131916442549882"
"HLTF","0.132126281081494"
"HLX","0.133630356135698"
"HLX-AS1","0.130353611817243"
"HM13","0.130854910624288"
"HM13-AS1","0.131106092389233"
"HMBOX1","0.131670682485132"
"HMBS","0.132546090873859"
"HMCES","0.131608593860174"
"HMCN1","0.132056244535191"
"HMCN2","0.131605757104438"
"HMG20A","0.131172144619719"
"HMG20B","0.131588259854058"
"HMGA1","0.130609888790645"
"HMGA1P4","0.129077889715736"
"HMGA2","0.132781073251149"
"HMGB1","0.131638863865301"
"HMGB2","0.131106092389233"
"HMGB3","0.131630699642633"
"HMGB4","0.131106092389233"
"HMGCL","0.132688745530715"
"HMGCLL1","0.131608593860174"
"HMGCR","0.13163801424797"
"HMGCS1","0.130627220064487"
"HMGCS2","0.131393336095172"
"HMGN1","0.132546090873859"
"HMGN2","0.132333226389143"
"HMGN3","0.132242651340314"
"HMGN3-AS1","0.130681658257926"
"HMGN4","0.131444730600059"
"HMGN5","0.130660415106939"
"HMGXB3","0.131731700835016"
"HMGXB4","0.131608572566016"
"HMHA1","0.132056244535191"
"HMHB1","0.132126281081494"
"HMMR","0.129364871484398"
"HMOX1","0.131683290347333"
"HMOX2","0.132546090873859"
"HMP19","0.131638863865301"
"HMSD","0.131731700835016"
"HMX1","0.130949862899449"
"HMX2","0.131573705883725"
"HMX3","0.132056244535191"
"HN1","0.132845757389084"
"HN1L","0.130045597394244"
"HNCAT21","0.133018032548037"
"HNF1A","0.131172144619719"
"HNF1B","0.130300890215258"
"HNF4A","0.131466723019711"
"HNF4A-AS1","0.131393336095172"
"HNF4G","0.131587930076214"
"HNMT","0.132056244535191"
"HNRNPA0","0.132624307356572"
"HNRNPA1","0.132011444991711"
"HNRNPA1L2","0.132333226389143"
"HNRNPA2B1","0.132159139448988"
"HNRNPA3","0.133940230776726"
"HNRNPAB","0.13316211114404"
"HNRNPC","0.132624307356572"
"HNRNPCL1","0.130681658257926"
"HNRNPCL2","0.130999646561499"
"HNRNPCL3","0.130199449786973"
"HNRNPCL4","0.132658623816009"
"HNRNPD","0.132056244535191"
"HNRNPDL","0.130949862899449"
"HNRNPF","0.13076840463434"
"HNRNPH1","0.129539837200447"
"HNRNPH2","0.132941408252445"
"HNRNPH3","0.131411625262537"
"HNRNPK","0.131487086130088"
"HNRNPL","0.132688745530715"
"HNRNPLL","0.130420412563763"
"HNRNPM","0.132333226389143"
"HNRNPR","0.130854241956628"
"HNRNPU","0.132546090873859"
"HNRNPU-AS1","0.131393336095172"
"HNRNPUL1","0.131712914171178"
"HNRNPUL2","0.131643560209602"
"HNRNPUL2-BSCL2","0.132845757389084"
"HOGA1","0.131675111066014"
"HOMER1","0.132242651340314"
"HOMER2","0.131628753534501"
"HOMER3","0.131598980960975"
"HOMEZ","0.132126281081494"
"HOOK1","0.132688745530715"
"HOOK2","0.132011444991711"
"HOOK3","0.132126281081494"
"HOPX","0.133501504696014"
"HORMAD1","0.131636376823049"
"HORMAD2","0.130993099707405"
"HORMAD2-AS1","0.133630356135698"
"HOTAIR","0.131601328523555"
"HOTAIRM1","0.131692551060802"
"HOTTIP","0.130129413240669"
"HOXA-AS2","0.130113612464685"
"HOXA-AS3","0.131701139607002"
"HOXA1","0.130817426965307"
"HOXA10","0.130656843888332"
"HOXA10-AS","0.13164937492967"
"HOXA11","0.131623197099225"
"HOXA11-AS","0.131999707850669"
"HOXA13","0.132546090873859"
"HOXA2","0.132658623816009"
"HOXA3","0.132658623816009"
"HOXA4","0.130644703140943"
"HOXA5","0.132781073251149"
"HOXA6","0.131919691948818"
"HOXA7","0.132011444991711"
"HOXA9","0.130993099707405"
"HOXB-AS1","0.132041928353737"
"HOXB-AS2","0.132081257162387"
"HOXB-AS3","0.131994474099561"
"HOXB-AS4","0.130609888790645"
"HOXB1","0.131610548710784"
"HOXB13","0.132245952922214"
"HOXB2","0.130334365083822"
"HOXB3","0.130986648454878"
"HOXB4","0.132242651340314"
"HOXB5","0.130027914111414"
"HOXB6","0.131610548710784"
"HOXB7","0.131917426511334"
"HOXB8","0.130962212326537"
"HOXB9","0.130636480777956"
"HOXC-AS1","0.131573705883725"
"HOXC10","0.131608593860174"
"HOXC11","0.130644703140943"
"HOXC12","0.130601973564035"
"HOXC13","0.130045597394244"
"HOXC13-AS","0.131984122875653"
"HOXC4","0.130353611817243"
"HOXC5","0.131418401406"
"HOXC6","0.129042288626275"
"HOXC8","0.131608593860174"
"HOXC9","0.13083459791233"
"HOXD-AS2","0.131570221816139"
"HOXD1","0.131701139607002"
"HOXD10","0.131618936828261"
"HOXD11","0.130738976969509"
"HOXD13","0.130823973819401"
"HOXD3","0.130300890215258"
"HOXD4","0.130619259579337"
"HOXD8","0.131608593860174"
"HOXD9","0.130045597394244"
"HP","0.131990155060154"
"HP09025","0.132000578919051"
"HP1BP3","0.129173283314398"
"HPCA","0.130960166879144"
"HPCAL1","0.131608593860174"
"HPCAL4","0.133421528398501"
"HPD","0.130612044649614"
"HPDL","0.131410488757531"
"HPGD","0.130420412563763"
"HPGDS","0.130199449786973"
"HPN","0.130744431159738"
"HPN-AS1","0.131701139607002"
"HPR","0.132447015787366"
"HPRT1","0.131974202683681"
"HPS1","0.131666069485068"
"HPS3","0.131440241443977"
"HPS4","0.129962339305971"
"HPS5","0.129596767583661"
"HPS6","0.130045597394244"
"HPSE","0.131220605444496"
"HPSE2","0.131904572138919"
"HPX","0.129539837200447"
"HR","0.13213882462905"
"HRAS","0.13245164746379"
"HRASLS","0.130034460965509"
"HRASLS2","0.130084613697189"
"HRASLS5","0.13144228689137"
"HRAT17","0.131597844455969"
"HRAT92","0.129997026425784"
"HRC","0.13163801424797"
"HRCT1","0.130074059410404"
"HRG","0.1316161456723"
"HRH1","0.130681658257926"
"HRH2","0.130420412563763"
"HRH3","0.131638863865301"
"HRH4","0.131442506881461"
"HRK","0.130012202145419"
"HRNR","0.132024707491472"
"HRSP12","0.130300890215258"
"HS1BP3","0.1316003424568"
"HS2ST1","0.130786539584439"
"HS3ST1","0.130567657104598"
"HS3ST2","0.131909367678168"
"HS3ST3A1","0.131106092389233"
"HS3ST3B1","0.132333226389143"
"HS3ST4","0.129804869540495"
"HS3ST5","0.13245164746379"
"HS3ST6","0.131601109800037"
"HS6ST1","0.130502048484087"
"HS6ST2","0.131666069485068"
"HS6ST3","0.131999202324484"
"HSBP1","0.131601836414149"
"HSBP1L1","0.129077889715736"
"HSCB","0.12964000255998"
"HSD11B1","0.131220605444496"
"HSD11B1L","0.129906599859904"
"HSD11B2","0.130786539584439"
"HSD17B1","0.131597844455969"
"HSD17B10","0.130681658257926"
"HSD17B11","0.130304895965366"
"HSD17B12","0.131641940912647"
"HSD17B13","0.131409359825053"
"HSD17B14","0.133667936681888"
"HSD17B2","0.131611024179793"
"HSD17B3","0.13083459791233"
"HSD17B4","0.130300890215258"
"HSD17B6","0.131588643518494"
"HSD17B7","0.130864025577161"
"HSD17B8","0.133362867270242"
"HSD3B1","0.130672401148938"
"HSD3B2","0.130681658257926"
"HSD3B7","0.131618936828261"
"HSDL1","0.133671158499352"
"HSDL2","0.131563859132554"
"HSF1","0.131442292653314"
"HSF2","0.130300890215258"
"HSF2BP","0.131106092389233"
"HSF4","0.130595976932795"
"HSF5","0.132011444991711"
"HSFX1","0.131172144619719"
"HSFY2","0.131629648351752"
"HSH2D","0.131638863865301"
"HSP90AA1","0.133979207945071"
"HSP90AB1","0.130832651804198"
"HSP90B1","0.132011444991711"
"HSPA12A","0.130918926094562"
"HSPA12B","0.132056244535191"
"HSPA13","0.131601823242317"
"HSPA14","0.132011444991711"
"HSPA1A","0.131918809241355"
"HSPA1B","0.132618897567778"
"HSPA1L","0.132056244535191"
"HSPA2","0.131106092389233"
"HSPA4","0.131608593860174"
"HSPA4L","0.131605757104438"
"HSPA5","0.129780315221114"
"HSPA6","0.130962212326537"
"HSPA8","0.131731700835016"
"HSPA9","0.131598980960975"
"HSPB1","0.131448839507408"
"HSPB11","0.130420412563763"
"HSPB2","0.131560307436383"
"HSPB2-C11orf52","0.132011444991711"
"HSPB3","0.129929152340934"
"HSPB6","0.131984122875653"
"HSPB7","0.131918796069522"
"HSPB8","0.130609888790645"
"HSPB9","0.130760700052689"
"HSPBAP1","0.131608593860174"
"HSPBP1","0.130027914111414"
"HSPD1","0.130572085685481"
"HSPE1","0.130097950657717"
"HSPE1-MOB4","0.130630293392232"
"HSPG2","0.131608593860174"
"HSPH1","0.130823973819401"
"HTATIP2","0.130760700052689"
"HTATSF1","0.132324816002231"
"HTN1","0.131984122875653"
"HTR1B","0.129985261570332"
"HTR1D","0.13233283512038"
"HTR1E","0.131731700835016"
"HTR1F","0.130104497511812"
"HTR2A","0.130353611817243"
"HTR2A-AS1","0.131404126073946"
"HTR2B","0.132011444991711"
"HTR2C","0.131598760970884"
"HTR3A","0.13005738322987"
"HTR3B","0.131571138331053"
"HTR3C","0.13165799748007"
"HTR3D","0.130816559874411"
"HTR3E","0.131974823647012"
"HTR3E-AS1","0.13135215740972"
"HTR4","0.132007221442633"
"HTR5A","0.130721855446505"
"HTR6","0.131595574459395"
"HTR7","0.130738976969509"
"HTRA1","0.13161379810972"
"HTRA2","0.131611532672236"
"HTRA3","0.130057291581132"
"HTRA4","0.130959182917693"
"HTT","0.132155279460416"
"HTT-AS","0.132321169589212"
"HULC","0.12981996062982"
"HUNK","0.130612044649614"
"HUNK-AS1","0.131439257482525"
"HUS1","0.13060901524077"
"HUS1B","0.132163080946242"
"HUWE1","0.130334365083822"
"HVCN1","0.131570221816139"
"HYAL1","0.131172144619719"
"HYAL2","0.129929152340934"
"HYAL3","0.132015922044195"
"HYAL4","0.130612044649614"
"HYDIN","0.131608911285863"
"HYI","0.132246720265451"
"HYI-AS1","0.132064156748275"
"HYKK","0.132062662790926"
"HYLS1","0.131435841400787"
"HYOU1","0.131986853478254"
"HYPK","0.131986853478254"
"HYPM","0.130731792521487"
"IAH1","0.132546090873859"
"IAPP","0.13071882603766"
"IARS","0.131411625262537"
"IARS2","0.132001753298061"
"IBA57","0.131608593860174"
"IBA57-AS1","0.131220605444496"
"IBSP","0.132342249164221"
"IBTK","0.131611940694707"
"ICA1","0.132658623816009"
"ICA1L","0.133358235593818"
"ICAM1","0.134012414425976"
"ICAM2","0.131608593860174"
"ICAM3","0.131611532672236"
"ICAM4","0.131172144619719"
"ICAM5","0.130129413240669"
"ICE1","0.131411405272446"
"ICE2","0.132126281081494"
"ICK","0.132016648658307"
"ICMT","0.131934647373599"
"ICOS","0.131984122875653"
"ICOSLG","0.131615882493889"
"ICT1","0.132487646867003"
"ID1","0.132000836783147"
"ID2","0.132126281081494"
"ID2-AS1","0.131605757104438"
"ID3","0.130672401148938"
"ID4","0.131638863865301"
"IDE","0.13353525621595"
"IDH1","0.132620274162345"
"IDH1-AS1","0.132246720265451"
"IDH2","0.133534635252619"
"IDH3A","0.133362867270242"
"IDH3B","0.131928913521912"
"IDH3G","0.130848363770193"
"IDI1","0.132008749431615"
"IDI2","0.131602025711921"
"IDI2-AS1","0.130949862899449"
"IDNK","0.133128060118218"
"IDO1","0.132073344513918"
"IDO2","0.131466723019711"
"IDS","0.131984122875653"
"IDUA","0.132624307356572"
"IER2","0.132126281081494"
"IER3","0.131991635845671"
"IER3IP1","0.13159573156204"
"IER5","0.132781073251149"
"IER5L","0.132257551160121"
"IFFO1","0.132257551160121"
"IFFO2","0.13164937492967"
"IFI16","0.133983193465582"
"IFI27","0.132074481018924"
"IFI27L1","0.131927997006998"
"IFI27L2","0.132033749072418"
"IFI30","0.13301914425426"
"IFI35","0.132949028873752"
"IFI44","0.130420412563763"
"IFI44L","0.131935909655467"
"IFI6","0.132671262454259"
"IFIH1","0.131623197099225"
"IFIT1","0.131428526795451"
"IFIT1B","0.130949862899449"
"IFIT2","0.13315855944787"
"IFIT3","0.133765797585431"
"IFIT5","0.132781073251149"
"IFITM1","0.132658623816009"
"IFITM10","0.133703266634784"
"IFITM2","0.130672401148938"
"IFITM3","0.13109459883666"
"IFITM5","0.131220605444496"
"IFNA1","0.131479721126332"
"IFNA5","0.133025786777842"
"IFNA6","0.131434533057724"
"IFNAR1","0.131966021146561"
"IFNAR2","0.131106092389233"
"IFNB1","0.13135215740972"
"IFNE","0.131608572566016"
"IFNG","0.132781073251149"
"IFNG-AS1","0.133456316627406"
"IFNGR1","0.13250398151856"
"IFNGR2","0.132011444991711"
"IFNK","0.133456316627406"
"IFNL1","0.131731700835016"
"IFNL2","0.131615937569771"
"IFNL3","0.131964271197444"
"IFNLR1","0.131630699642633"
"IFNW1","0.131975462709748"
"IFRD1","0.130979333849542"
"IFRD2","0.133456316627406"
"IFT122","0.133671158499352"
"IFT140","0.132658623816009"
"IFT172","0.131636376823049"
"IFT20","0.131529485332884"
"IFT22","0.132469114836269"
"IFT27","0.13195980090278"
"IFT43","0.133672795924273"
"IFT46","0.133918432048637"
"IFT52","0.132624307356572"
"IFT57","0.133630356135698"
"IFT74","0.132465630768683"
"IFT74-AS1","0.132845757389084"
"IFT80","0.130744431159738"
"IFT81","0.131925884113068"
"IFT88","0.133630356135698"
"IGBP1","0.131683290347333"
"IGBP1-AS1","0.132081257162387"
"IGBP1-AS2","0.132671262454259"
"IGDCC3","0.131457455322085"
"IGDCC4","0.131950359339594"
"IGF1","0.131731700835016"
"IGF1R","0.131466723019711"
"IGF2","0.131502643390693"
"IGF2-AS","0.13287669419397"
"IGF2BP1","0.131631494830377"
"IGF2BP2","0.133470623077091"
"IGF2BP2-AS1","0.133781536481552"
"IGF2BP3","0.131629648351752"
"IGF2R","0.132671262454259"
"IGFALS","0.132046552536779"
"IGFBP1","0.132389800851574"
"IGFBP2","0.133166360933695"
"IGFBP3","0.134022258198626"
"IGFBP4","0.132546090873859"
"IGFBP5","0.134003898044357"
"IGFBP6","0.133010510722397"
"IGFBP7","0.133788179005135"
"IGFBP7-AS1","0.133456316627406"
"IGFBPL1","0.134085970743509"
"IGFL1","0.13304228886523"
"IGFL2","0.133456316627406"
"IGFL3","0.133766380277045"
"IGFL4","0.133986729770711"
"IGFLR1","0.13217310648864"
"IGFN1","0.133672795924273"
"IGHA1","0.130420412563763"
"IGHA2","0.133672795924273"
"IGHD","0.131608593860174"
"IGHE","0.133657978775529"
"IGHEP1","0.132643418773315"
"IGHEP2","0.131745964629752"
"IGHG1","0.132781073251149"
"IGHG2","0.131617687518888"
"IGHG3","0.132203544590049"
"IGHG4","0.132254521751277"
"IGHGP","0.133453832160796"
"IGHM","0.132671262454259"
"IGHMBP2","0.133671158499352"
"IGHV1-12","0.133988131326557"
"IGHV1-14","0.133978689763371"
"IGHV1-17","0.133986729770711"
"IGHV1-18","0.133169390342539"
"IGHV1-2","0.132845757389084"
"IGHV1-24","0.132466767273689"
"IGHV1-3","0.13304440175916"
"IGHV1-45","0.132120810216668"
"IGHV1-46","0.132546090873859"
"IGHV1-58","0.133376850575135"
"IGHV1-67","0.132515152583131"
"IGHV1-69","0.133376850575135"
"IGHV1-69-2","0.132051189067206"
"IGHV1OR15-2","0.131975462709748"
"IGHV1OR15-6","0.132653444315713"
"IGHV1OR15-9","0.131701139607002"
"IGHV1OR16-1","0.131529485332884"
"IGHV1OR16-3","0.135111716722942"
"IGHV1OR21-1","0.133784870121437"
"IGHV2-26","0.132041928353737"
"IGHV2-5","0.133362867270242"
"IGHV2-70","0.131931481074584"
"IGHV2OR16-5","0.133035200821684"
"IGHV3-11","0.132376802744953"
"IGHV3-13","0.132288438540989"
"IGHV3-15","0.132658623816009"
"IGHV3-16","0.131441898061479"
"IGHV3-20","0.134114855002819"
"IGHV3-21","0.132256634645207"
"IGHV3-22","0.132071231619988"
"IGHV3-23","0.133805236254167"
"IGHV3-29","0.132155992902696"
"IGHV3-30","0.133780159886986"
"IGHV3-33","0.13316211114404"
"IGHV3-35","0.135095100448776"
"IGHV3-36","0.133727332737105"
"IGHV3-37","0.132635617287489"
"IGHV3-38","0.132845757389084"
"IGHV3-41","0.131606298921129"
"IGHV3-43","0.132624307356572"
"IGHV3-48","0.132029320491536"
"IGHV3-49","0.1316161456723"
"IGHV3-52","0.13202583642395"
"IGHV3-53","0.132624307356572"
"IGHV3-60","0.132074481018924"
"IGHV3-62","0.132139180704037"
"IGHV3-64","0.13245644300304"
"IGHV3-66","0.130854910624288"
"IGHV3-7","0.130960166879144"
"IGHV3-71","0.132501832627031"
"IGHV3-72","0.132228325296872"
"IGHV3-73","0.131435841400787"
"IGHV3-74","0.133928940241793"
"IGHV3OR15-7","0.131685236455465"
"IGHV3OR16-13","0.132026972928956"
"IGHV3OR16-15","0.132333226389143"
"IGHV3OR16-9","0.131435841400787"
"IGHV4-28","0.132956308072252"
"IGHV4-31","0.131665085523616"
"IGHV4-34","0.133552068414609"
"IGHV4-39","0.132257551160121"
"IGHV4-4","0.134537266573031"
"IGHV4-55","0.132359362750165"
"IGHV4-59","0.131574673401493"
"IGHV4-61","0.13287669419397"
"IGHV4OR15-8","0.132256634645207"
"IGHV5-51","0.133018032548037"
"IGHV5-78","0.132076828581504"
"IGHV6-1","0.13314329782866"
"IGHV7-27","0.13202583642395"
"IGHV7-81","0.132166330345178"
"IGHVII-44-2","0.133439337884823"
"IGIP","0.133789974634957"
"IGKC","0.13336693619538"
"IGKV1-12","0.133774736924515"
"IGKV1-13","0.13192646809228"
"IGKV1-16","0.132011444991711"
"IGKV1-17","0.13162711610958"
"IGKV1-27","0.131457455322085"
"IGKV1-33","0.131651012354591"
"IGKV1-35","0.131629648351752"
"IGKV1-37","0.13076840463434"
"IGKV1-39","0.132624307356572"
"IGKV1-5","0.132064143576442"
"IGKV1-6","0.133657978775529"
"IGKV1-8","0.133932832621909"
"IGKV1-9","0.131449283024924"
"IGKV1D-12","0.131991635845671"
"IGKV1D-13","0.131601328523555"
"IGKV1D-16","0.131628753534501"
"IGKV1D-17","0.130949862899449"
"IGKV1D-27","0.131442292653314"
"IGKV1D-33","0.132333226389143"
"IGKV1D-37","0.131601836414149"
"IGKV1D-39","0.131573705883725"
"IGKV1D-43","0.131916442549882"
"IGKV1D-8","0.132013652972856"
"IGKV1OR-2","0.131701139607002"
"IGKV1OR-3","0.13261951853111"
"IGKV1OR1-1","0.132503334355132"
"IGKV1OR2-108","0.132126281081494"
"IGKV1OR22-5","0.131457462306242"
"IGKV2-10","0.131449283024924"
"IGKV2-18","0.131636195205846"
"IGKV2-19","0.13312798570492"
"IGKV2-24","0.132228325296872"
"IGKV2-26","0.131578134464607"
"IGKV2-28","0.131615937569771"
"IGKV2-29","0.131459408414374"
"IGKV2-30","0.132146578858855"
"IGKV2D-24","0.132658623816009"
"IGKV2D-26","0.13143500769287"
"IGKV2D-28","0.131413972825117"
"IGKV2D-29","0.131455740126959"
"IGKV2D-30","0.133667448981112"
"IGKV2OR2-2","0.132473274448854"
"IGKV2OR22-3","0.13081097571278"
"IGKV3-11","0.130614581426237"
"IGKV3-15","0.131602747224959"
"IGKV3-20","0.131413972825117"
"IGKV3-7","0.131587485605749"
"IGKV3D-11","0.132139180704037"
"IGKV3D-15","0.131919471958726"
"IGKV3D-20","0.130877832888649"
"IGKV4-1","0.132624307356572"
"IGKV5-2","0.133149858846308"
"IGKV6-21","0.131611024179793"
"IGKV6D-21","0.131601836414149"
"IGKV6D-41","0.131404094956315"
"IGKV7-3","0.13233283512038"
"IGLC2","0.131899940462495"
"IGLC3","0.130962432316628"
"IGLC4","0.131929133512004"
"IGLC5","0.133671966277722"
"IGLC6","0.130487093059305"
"IGLC7","0.130760700052689"
"IGLCOR22-2","0.132011444991711"
"IGLJ2","0.132438996669217"
"IGLJ3","0.131623197099225"
"IGLL1","0.131172144619719"
"IGLL5","0.130636840246327"
"IGLON5","0.131571358321145"
"IGLV1-36","0.132151210535279"
"IGLV1-40","0.131909367678168"
"IGLV1-41","0.130609888790645"
"IGLV1-44","0.132016648658307"
"IGLV1-47","0.131588259854058"
"IGLV1-50","0.132333226389143"
"IGLV1-51","0.134034963171428"
"IGLV10-54","0.131922039511397"
"IGLV11-55","0.131925884113068"
"IGLV2-11","0.132845757389084"
"IGLV2-14","0.13245164746379"
"IGLV2-18","0.133780159886986"
"IGLV2-23","0.132056244535191"
"IGLV2-34","0.132228325296872"
"IGLV2-5","0.131917426511334"
"IGLV2-8","0.13161379810972"
"IGLV3-1","0.131994474099561"
"IGLV3-10","0.131917426511334"
"IGLV3-12","0.132624307356572"
"IGLV3-16","0.132546090873859"
"IGLV3-19","0.13159573156204"
"IGLV3-21","0.132459268085098"
"IGLV3-24","0.131731700835016"
"IGLV3-25","0.133364667124041"
"IGLV3-27","0.132624307356572"
"IGLV3-31","0.132546090873859"
"IGLV3-6","0.13436194706024"
"IGLV3-9","0.133128216423832"
"IGLV4-3","0.130949862899449"
"IGLV4-60","0.132973429595257"
"IGLV4-69","0.132643418773315"
"IGLV5-37","0.132081257162387"
"IGLV5-45","0.131670682485132"
"IGLV5-48","0.132026972928956"
"IGLV5-52","0.131999707850669"
"IGLV6-57","0.132455716388928"
"IGLV7-43","0.133453832160796"
"IGLV7-46","0.133166360933695"
"IGLV8-61","0.131473174272238"
"IGLV9-49","0.133700270949333"
"IGLVI-70","0.132228325296872"
"IGLVIVOR22-1","0.130833088772274"
"IGSF1","0.132242651340314"
"IGSF10","0.131917426511334"
"IGSF11","0.132781073251149"
"IGSF21","0.131479721126332"
"IGSF22","0.129983546375207"
"IGSF23","0.133424256479995"
"IGSF3","0.133698471095534"
"IGSF5","0.131651012354591"
"IGSF6","0.132454949045691"
"IGSF8","0.131608593860174"
"IGSF9","0.133366168852143"
"IGSF9B","0.133536011847186"
"IHH","0.131928913521912"
"IK","0.131488836079205"
"IKBIP","0.1335549066685"
"IKBKAP","0.132228325296872"
"IKBKB","0.132546090873859"
"IKBKE","0.132026189426403"
"IKBKG","0.131435841400787"
"IKZF1","0.131106092389233"
"IKZF2","0.13304228886523"
"IKZF3","0.133030418454267"
"IKZF4","0.133559156458155"
"IKZF5","0.132469114836269"
"IL10","0.133032218308065"
"IL10RA","0.13353609335312"
"IL10RB","0.132658623816009"
"IL10RB-AS1","0.131656739933425"
"IL11","0.131620574253183"
"IL11RA","0.135590310694281"
"IL12A","0.131673934618952"
"IL12A-AS1","0.132507653394539"
"IL12B","0.132645531667244"
"IL12RB1","0.131645310158719"
"IL12RB2","0.132340768378704"
"IL13","0.133789137497787"
"IL13RA1","0.132256634645207"
"IL13RA2","0.132342262336053"
"IL15","0.133770212368098"
"IL15RA","0.132643418773315"
"IL16","0.131973712760631"
"IL17A","0.133788516534456"
"IL17B","0.131936593481731"
"IL17C","0.134024755561209"
"IL17D","0.132033749072418"
"IL17F","0.132228325296872"
"IL17RA","0.13293677657602"
"IL17RB","0.132463517874753"
"IL17RC","0.133630356135698"
"IL17RD","0.13263334821615"
"IL17RE","0.134095999486877"
"IL17REL","0.131596715523491"
"IL18","0.131701139607002"
"IL18BP","0.131615882493889"
"IL18R1","0.132658623816009"
"IL18RAP","0.135095100448776"
"IL19","0.131455740126959"
"IL1A","0.132781073251149"
"IL1B","0.13287669419397"
"IL1F10","0.132671262454259"
"IL1R1","0.132089436443705"
"IL1R2","0.133362867270242"
"IL1RAP","0.132166330345178"
"IL1RAPL1","0.132546090873859"
"IL1RAPL2","0.132074481018924"
"IL1RL1","0.131629779635252"
"IL1RL2","0.13109459883666"
"IL1RN","0.131615937569771"
"IL2","0.131414220345766"
"IL20","0.133789137497787"
"IL20RA","0.131502643390693"
"IL20RB","0.131613578119629"
"IL20RB-AS1","0.132845757389084"
"IL21","0.1335549066685"
"IL21-AS1","0.133450530578896"
"IL21R","0.132546090873859"
"IL21R-AS1","0.132354934169282"
"IL22","0.132483668806602"
"IL22RA1","0.134102880482144"
"IL22RA2","0.13263334821615"
"IL23A","0.13440774275692"
"IL23R","0.131629779635252"
"IL24","0.133671158499352"
"IL25","0.132845757389084"
"IL26","0.133794610535358"
"IL27","0.132465630768683"
"IL27RA","0.132781073251149"
"IL2RA","0.132134139808185"
"IL2RB","0.132636343901601"
"IL2RG","0.132354934169282"
"IL3","0.133727332737105"
"IL31","0.133687278401462"
"IL31RA","0.132532054116044"
"IL32","0.132956528062343"
"IL33","0.133032218308065"
"IL34","0.132530108007912"
"IL36B","0.133456316627406"
"IL36G","0.132781073251149"
"IL36RN","0.133817620649886"
"IL37","0.132134139808185"
"IL3RA","0.134379756546562"
"IL4","0.134560606485387"
"IL4I1","0.133630356135698"
"IL4R","0.133091867461909"
"IL5","0.133620827171198"
"IL5RA","0.133988131326557"
"IL6","0.13298719545312"
"IL6R","0.134142647625139"
"IL6ST","0.132513096471433"
"IL7","0.133713590905433"
"IL7R","0.13395998226305"
"IL9R","0.133988131326557"
"ILDR1","0.132383253997479"
"ILDR2","0.133948164035051"
"ILF2","0.133727332737105"
"ILF3","0.133672795924273"
"ILF3-AS1","0.13206039460226"
"ILK","0.133465650388794"
"ILKAP","0.132845757389084"
"ILVBL","0.135633023396717"
"IMMP1L","0.132412723115935"
"IMMP2L","0.132575289092363"
"IMMT","0.133672795924273"
"IMP3","0.133988131326557"
"IMP4","0.134119584520104"
"IMPA1","0.134064114751435"
"IMPA2","0.131984122875653"
"IMPACT","0.135345048809912"
"IMPAD1","0.133713590905433"
"IMPDH1","0.134046628702596"
"IMPDH2","0.133186511865544"
"IMPG1","0.134426087230691"
"IMPG2","0.13206039460226"
"INA","0.135770478814675"
"INADL","0.132378792261524"
"INAFM1","0.131714664120296"
"INAFM2","0.135963867583579"
"INCA1","0.133671158499352"
"INCENP","0.133842537948008"
"INE2","0.133952483074458"
"INF2","0.132032640678929"
"ING1","0.134013098981833"
"ING2","0.132228325296872"
"ING3","0.132051189067206"
"ING4","0.134002417258841"
"ING5","0.133994484000516"
"INHA","0.132087109438188"
"INHBA","0.132053178583777"
"INHBA-AS1","0.135636710112058"
"INHBB","0.133159286061982"
"INHBC","0.132624307356572"
"INHBE","0.133184565757412"
"INIP","0.13251750014571"
"INMT","0.133701772677435"
"INMT-FAM188B","0.133831242563709"
"INO80","0.133706091716842"
"INO80B","0.133547286047192"
"INO80B-WBP1","0.132062109797385"
"INO80C","0.13379309944435"
"INO80D","0.134383168942493"
"INO80E","0.134375291041865"
"INPP1","0.134360574935622"
"INPP4A","0.133380334642721"
"INPP4B","0.133933588253144"
"INPP5A","0.133796112263459"
"INPP5B","0.133781536481552"
"INPP5D","0.133814021701444"
"INPP5E","0.13402498628012"
"INPP5F","0.133071743918987"
"INPP5J","0.131966347756875"
"INPP5K","0.134101422381643"
"INPPL1","0.13369383941911"
"INS-IGF2","0.132352366616611"
"INSC","0.132352586606703"
"INSIG1","0.133021430131182"
"INSIG2","0.133806793986452"
"INSL3","0.133796535652605"
"INSL4","0.133948164035051"
"INSL5","0.133840425054078"
"INSL6","0.133630356135698"
"INSM1","0.133375721642657"
"INSM2","0.134134846139314"
"INSR","0.133780159886986"
"INSRR","0.133944862453151"
"INTS1","0.133698471095534"
"INTS10","0.13314246069149"
"INTS12","0.131644465500497"
"INTS2","0.131978113262925"
"INTS3","0.132845757389084"
"INTS4","0.131946035044917"
"INTS5","0.133394888613054"
"INTS6","0.132497434664466"
"INTS6-AS1","0.132514932593039"
"INTS7","0.132190546483428"
"INTS8","0.133832623568253"
"INTS9","0.134114073176216"
"INTU","0.132845757389084"
"INVS","0.132062109797385"
"IP6K1","0.133630356135698"
"IP6K2","0.132956528062343"
"IP6K3","0.132492972928511"
"IPCEF1","0.132192535999999"
"IPMK","0.132661623597032"
"IPO11","0.133186511865544"
"IPO13","0.133831856225016"
"IPO4","0.133828554643115"
"IPO5","0.133809819164061"
"IPO7","0.133560140419607"
"IPO8","0.133622542366323"
"IPO9","0.133713590905433"
"IPO9-AS1","0.133076205654942"
"IPP","0.135119470952747"
"IPPK","0.134225328159731"
"IQCA1","0.133851537439598"
"IQCA1-AS1","0.134525765088242"
"IQCA1L","0.133728546330214"
"IQCB1","0.133480605813576"
"IQCC","0.133837771581735"
"IQCD","0.135112072797929"
"IQCE","0.132955391557337"
"IQCF1","0.133465650388794"
"IQCF3","0.133671158499352"
"IQCF5","0.134126145537752"
"IQCG","0.132672873827072"
"IQCH","0.134060971102706"
"IQCH-AS1","0.135361725205759"
"IQCJ","0.133833350182365"
"IQCJ-SCHIP1","0.133727332737105"
"IQCJ-SCHIP1-AS1","0.13375817015406"
"IQCK","0.133978689763371"
"IQGAP1","0.133672795924273"
"IQGAP2","0.133816524811873"
"IQGAP3","0.133168473827625"
"IQSEC1","0.133715938468013"
"IQSEC2","0.135346643800931"
"IQSEC3","0.134060971102706"
"IQUB","0.132624307356572"
"IRAK1","0.134115873030015"
"IRAK1BP1","0.134398569861942"
"IRAK2","0.133502864633665"
"IRAK3","0.133671158499352"
"IRAK4","0.134055329304158"
"IREB2","0.132545819973907"
"IRF1","0.134162798556988"
"IRF2","0.133959762272958"
"IRF2BP1","0.134574150397684"
"IRF2BP2","0.134085970743509"
"IRF2BPL","0.133978689763371"
"IRF3","0.134525765088242"
"IRF4","0.133470623077091"
"IRF5","0.134396998627534"
"IRF6","0.134442912601183"
"IRF7","0.135633023396717"
"IRF8","0.135772588719986"
"IRF9","0.13287669419397"
"IRG1","0.133408654470918"
"IRGC","0.135538341139835"
"IRGM","0.13382065005873"
"IRGQ","0.133608735054835"
"IRS1","0.133845086187072"
"IRS2","0.135950296991561"
"IRS4","0.133176386476094"
"IRX1","0.133438123589373"
"IRX2","0.133472426532257"
"IRX3","0.135621403671644"
"IRX4","0.134411584421256"
"IRX5","0.134176564414852"
"IRX6","0.133978689763371"
"ISCA1","0.13377201221954"
"ISCA2","0.134441418643834"
"ISCU","0.135436984894694"
"ISG15","0.134402819395042"
"ISG20","0.133657978775529"
"ISG20L2","0.134590103689107"
"ISL1","0.135524648203348"
"ISL2","0.133834416601572"
"ISLR","0.134085970743509"
"ISLR2","0.133727332737105"
"ISM1","0.134394250822535"
"ISM1-AS1","0.133903810962246"
"ISM2","0.134060971102706"
"ISOC1","0.135902672267567"
"ISOC2","0.135127404211072"
"ISPD","0.133853501383799"
"ISPD-AS1","0.136024782490095"
"IST1","0.133820609290083"
"ISX","0.133657978775529"
"ISY1","0.132647319103163"
"ISYNA1","0.133215939530375"
"ITCH","0.135131723250479"
"ITCH-AS1","0.133842492793749"
"ITFG1","0.133620827171198"
"ITFG1-AS1","0.134405849060442"
"ITFG2","0.133727332737105"
"ITGA1","0.13377201221954"
"ITGA10","0.134225328159731"
"ITGA11","0.134065243683913"
"ITGA2","0.134225328159731"
"ITGA2B","0.133860866387555"
"ITGA3","0.134060971102706"
"ITGA4","0.135772588719986"
"ITGA5","0.134192226221819"
"ITGA6","0.134135969129578"
"ITGA7","0.134395744779884"
"ITGA8","0.133715938468013"
"ITGA9","0.135015525876897"
"ITGAD","0.134014015496747"
"ITGAE","0.134375291041865"
"ITGAL","0.133988131326557"
"ITGAM","0.135559983562311"
"ITGAV","0.133854259689201"
"ITGAX","0.135800147758393"
"ITGB1","0.133854259689201"
"ITGB1BP1","0.134170113162325"
"ITGB1BP2","0.133804947483116"
"ITGB2","0.134066160198828"
"ITGB2-AS1","0.134584506727592"
"ITGB3","0.134412845193996"
"ITGB3BP","0.136017324354448"
"ITGB4","0.133408654470918"
"ITGB5","0.133842537948008"
"ITGB5-AS1","0.135786318073353"
"ITGB6","0.134587756126528"
"ITGB7","0.135524648203348"
"ITGB8","0.135963941996877"
"ITGBL1","0.13402919091162"
"ITIH1","0.133845757425465"
"ITIH2","0.134143631586591"
"ITIH3","0.132228325296872"
"ITIH4","0.133630356135698"
"ITIH4-AS1","0.133906446612372"
"ITIH5","0.133456316627406"
"ITIH6","0.134705665986804"
"ITK","0.135643232784703"
"ITLN1","0.135136957001586"
"ITLN2","0.135977721606818"
"ITM2A","0.135360267105258"
"ITM2B","0.133525786898027"
"ITM2C","0.134525765088242"
"ITPA","0.134145897024075"
"ITPK1","0.135621403671644"
"ITPK1-AS1","0.134097047579696"
"ITPKA","0.13394009701149"
"ITPKB","0.133890003650758"
"ITPKB-AS1","0.133727332737105"
"ITPKC","0.135119470952747"
"ITPR1","0.133016664571576"
"ITPR1-AS1","0.133851537439598"
"ITPR2","0.134081335613701"
"ITPR3","0.133854259689201"
"ITPRIP","0.135394813853193"
"ITPRIPL1","0.135104536078719"
"ITPRIPL2","0.134038451625089"
"ITSN1","0.134148244586655"
"ITSN2","0.133845086187072"
"IVD","0.135015525876897"
"IVL","0.133593073247868"
"IVNS1ABP","0.13513922243907"
"IWS1","0.134455584434412"
"IYD","0.133510153600173"
"IZUMO1","0.134013098981833"
"IZUMO2","0.133860866387555"
"IZUMO4","0.13410359443379"
"JADE1","0.134611972264778"
"JADE2","0.13410359443379"
"JADE3","0.135866928306011"
"JADRR","0.134525765088242"
"JAG1","0.134525765088242"
"JAG2","0.135772588719986"
"JAGN1","0.132333226389143"
"JAK1","0.136125378003473"
"JAK2","0.134705665986804"
"JAK3","0.134092585843741"
"JAKMIP1","0.135228608147184"
"JAKMIP2","0.135015525876897"
"JAKMIP2-AS1","0.135772588719986"
"JAKMIP3","0.135015525876897"
"JAM2","0.13402919091162"
"JAM3","0.134014235486839"
"JAML","0.135633023396717"
"JARID2","0.134705665986804"
"JARID2-AS1","0.135377713439081"
"JAZF1","0.135978342570149"
"JAZF1-AS1","0.133988131326557"
"JCHAIN","0.135104536078719"
"JDP2","0.133671158499352"
"JHDM1D-AS1","0.132658623816009"
"JKAMP","0.133869880107835"
"JMJD1C","0.135380538521139"
"JMJD1C-AS1","0.135675010927535"
"JMJD4","0.133671158499352"
"JMJD6","0.133671158499352"
"JMJD7","0.133978689763371"
"JMJD7-PLA2G4B","0.13538803770973"
"JMJD8","0.134525765088242"
"JMY","0.134085970743509"
"JOSD1","0.134580256937936"
"JOSD2","0.135772588719986"
"JPH1","0.135904091580568"
"JPH2","0.134411584421256"
"JPH3","0.133988131326557"
"JPH4","0.137078439637258"
"JPX","0.13516343857732"
"JRK","0.133906446612372"
"JRKL","0.134411584421256"
"JSRP1","0.134587756126528"
"JTB","0.133811494337211"
"JUN","0.134479442526654"
"JUNB","0.133978689763371"
"JUND","0.135772588719986"
"JUP","0.135833277906893"
"KAAG1","0.136125378003473"
"KALRN","0.134411584421256"
"KANK1","0.135708279715848"
"KANK2","0.133881006558054"
"KANK3","0.133890003650758"
"KANK4","0.133879291362929"
"KANSL1","0.134611972264778"
"KANSL1-AS1","0.135866928306011"
"KANSL1L","0.136982370714952"
"KANSL2","0.134261359506147"
"KANSL3","0.133978689763371"
"KANTR","0.134225328159731"
"KARS","0.134411584421256"
"KAT2A","0.136018980077603"
"KAT2B","0.134146402006871"
"KAT5","0.135448174218962"
"KAT6A","0.135902672267567"
"KAT6B","0.134085970743509"
"KAT7","0.135997993022699"
"KAT8","0.135663098631397"
"KATNA1","0.135906916662626"
"KATNAL1","0.135524648203348"
"KATNAL2","0.13471992264656"
"KATNB1","0.135145998582533"
"KATNBL1","0.13387642364816"
"KAZALD1","0.13443673644131"
"KAZN","0.13600549221129"
"KB-1000E4.2","0.136188190800668"
"KB-1043D8.6","0.134513373381064"
"KB-1043D8.8","0.134085970743509"
"KB-1107E3.1","0.134145897024075"
"KB-1125A3.11","0.135621403671644"
"KB-1125A3.12","0.135015525876897"
"KB-1183D5.13","0.134173772234742"
"KB-1184D12.1","0.134574150397684"
"KB-1205A7.2","0.133834416601572"
"KB-1208A12.3","0.135678260326471"
"KB-1254G8.1","0.13603951098323"
"KB-1410C5.2","0.134585490689044"
"KB-1410C5.3","0.135564615238736"
"KB-1410C5.5","0.13564489380768"
"KB-1440D3.14","0.135436984894694"
"KB-1448A5.1","0.133988131326557"
"KB-1458E12.1","0.135185551636814"
"KB-1460A1.1","0.135436984894694"
"KB-1460A1.3","0.135875284953481"
"KB-1460A1.5","0.134443283295405"
"KB-1466C5.1","0.134421024475315"
"KB-1471A8.1","0.133847075703643"
"KB-1507C5.3","0.133874708453035"
"KB-1507C5.4","0.135680607889051"
"KB-1517D11.4","0.136018980077603"
"KB-1562D12.1","0.135637818935966"
"KB-1568E2.1","0.134145677033984"
"KB-1592A4.15","0.134483904262609"
"KB-1608C10.2","0.134074371996071"
"KB-1615E4.2","0.134613961781349"
"KB-1615E4.3","0.133978689763371"
"KB-1639H6.2","0.135647923216524"
"KB-1732A1.1","0.136383413696672"
"KB-173C10.1","0.138715856485182"
"KB-173C10.2","0.133630356135698"
"KB-1836B5.4","0.135677123821465"
"KB-1930G5.3","0.133906446612372"
"KB-1930G5.4","0.134453236871832"
"KB-1958F4.2","0.135621403671644"
"KB-1980E6.3","0.134126516698152"
"KB-1991G8.1","0.135922496860134"
"KB-208E9.1","0.134192226221819"
"KB-226F1.2","0.135875284953481"
"KB-431C1.5","0.135524648203348"
"KB-51A8.1","0.136073233301392"
"KB-68A7.1","0.13387434184379"
"KB-68A7.2","0.135902672267567"
"KB-7G2.9","0.134587756126528"
"KBTBD11","0.135621403671644"
"KBTBD11-OT1","0.135436984894694"
"KBTBD12","0.135524648203348"
"KBTBD2","0.134192226221819"
"KBTBD3","0.135633023396717"
"KBTBD4","0.135833277906893"
"KBTBD6","0.134092148783081"
"KBTBD7","0.135866928306011"
"KBTBD8","0.135875284953481"
"KC6","0.134586619621522"
"KCCAT211","0.135879867863375"
"KCMF1","0.136646753941081"
"KCNA1","0.136204894838628"
"KCNA2","0.133988131326557"
"KCNA3","0.137877732409028"
"KCNA4","0.133622542366323"
"KCNA5","0.133845086187072"
"KCNA7","0.133858084293693"
"KCNAB1","0.134479442526654"
"KCNAB1-AS1","0.135569410777985"
"KCNAB1-AS2","0.133622542366323"
"KCNAB2","0.134159860376892"
"KCNAB3","0.134225328159731"
"KCNB1","0.134574150397684"
"KCNB2","0.135524648203348"
"KCNC1","0.134587536136436"
"KCNC2","0.133988131326557"
"KCNC3","0.134705665986804"
"KCNC4","0.135579515058543"
"KCNC4-AS1","0.133880888697885"
"KCND1","0.134705665986804"
"KCND2","0.133874708453035"
"KCND3","0.134574150397684"
"KCNE1","0.132781073251149"
"KCNE1B","0.132671262454259"
"KCNE2","0.135772588719986"
"KCNE3","0.135621403671644"
"KCNE4","0.132575289092363"
"KCNE5","0.134406069050533"
"KCNF1","0.136687264944652"
"KCNG1","0.133988131326557"
"KCNG2","0.134060971102706"
"KCNG3","0.13377428009234"
"KCNG4","0.133606985105718"
"KCNH1","0.133727332737105"
"KCNH2","0.133424316277885"
"KCNH3","0.133657978775529"
"KCNH4","0.133088694582375"
"KCNH5","0.133501504696014"
"KCNH6","0.133823063282391"
"KCNH7","0.132958875624923"
"KCNH8","0.133759920103177"
"KCNIP1","0.134060971102706"
"KCNIP2","0.133630356135698"
"KCNIP2-AS1","0.133200277723408"
"KCNIP3","0.134225328159731"
"KCNIP4","0.133818634701508"
"KCNIP4-IT1","0.133380334642721"
"KCNJ1","0.134006736298248"
"KCNJ10","0.133456316627406"
"KCNJ11","0.132658623816009"
"KCNJ12","0.13287669419397"
"KCNJ13","0.135524648203348"
"KCNJ14","0.134411584421256"
"KCNJ15","0.134705665986804"
"KCNJ16","0.135015525876897"
"KCNJ18","0.133501504696014"
"KCNJ2","0.133630356135698"
"KCNJ2-AS1","0.133501504696014"
"KCNJ3","0.134128972996024"
"KCNJ4","0.134225328159731"
"KCNJ5","0.133525786898027"
"KCNJ6","0.134038451625089"
"KCNJ8","0.13382065005873"
"KCNJ9","0.13287669419397"
"KCNK1","0.134225328159731"
"KCNK10","0.135609617598079"
"KCNK12","0.133184565757412"
"KCNK13","0.13379849623059"
"KCNK15","0.133710341506497"
"KCNK15-AS1","0.134411584421256"
"KCNK16","0.133510229637421"
"KCNK17","0.132993742307215"
"KCNK2","0.134225328159731"
"KCNK3","0.134060971102706"
"KCNK4","0.133021430131182"
"KCNK5","0.132658623816009"
"KCNK6","0.133200277723408"
"KCNK7","0.131731700835016"
"KCNK9","0.133465430398703"
"KCNMA1","0.132692997369994"
"KCNMA1-AS1","0.133727332737105"
"KCNMA1-AS3","0.13287669419397"
"KCNMB1","0.133559156458155"
"KCNMB2","0.134411584421256"
"KCNMB2-AS1","0.133988131326557"
"KCNMB3","0.133671158499352"
"KCNMB4","0.133800485747161"
"KCNN1","0.132333226389143"
"KCNN2","0.13380446891093"
"KCNN3","0.134060971102706"
"KCNN4","0.133819733543816"
"KCNQ1","0.131726756236659"
"KCNQ1-AS1","0.133470623077091"
"KCNQ1DN","0.132398915804446"
"KCNQ1OT1","0.131950359339594"
"KCNQ2","0.133456316627406"
"KCNQ3","0.133671158499352"
"KCNQ4","0.133510153600173"
"KCNQ5","0.133832146629708"
"KCNQ5-AS1","0.133472426532257"
"KCNRG","0.131631494830377"
"KCNS1","0.132672873827072"
"KCNS2","0.132513096471433"
"KCNS3","0.133559156458155"
"KCNT1","0.134060971102706"
"KCNT2","0.134421819854341"
"KCNU1","0.132192535999999"
"KCNV1","0.133491856043616"
"KCNV2","0.133470623077091"
"KCP","0.132573573897238"
"KCTD1","0.132057640319732"
"KCTD10","0.131714664120296"
"KCTD11","0.133562185867"
"KCTD12","0.133501504696014"
"KCTD13","0.133702540020672"
"KCTD14","0.133456316627406"
"KCTD15","0.13287669419397"
"KCTD16","0.133813370860231"
"KCTD17","0.132515152583131"
"KCTD18","0.132134139808185"
"KCTD19","0.133671158499352"
"KCTD2","0.131731147481007"
"KCTD20","0.132671262454259"
"KCTD21","0.133630356135698"
"KCTD21-AS1","0.132781073251149"
"KCTD3","0.133496317779571"
"KCTD4","0.133229746841863"
"KCTD5","0.133456316627406"
"KCTD6","0.132971483487125"
"KCTD7","0.135015525876897"
"KCTD8","0.133728546330214"
"KCTD9","0.133816067148836"
"KDELC1","0.134060971102706"
"KDELC2","0.133501504696014"
"KDELR1","0.131726756236659"
"KDELR2","0.133978689763371"
"KDELR3","0.134085970743509"
"KDF1","0.133169390342539"
"KDM1A","0.132224751659285"
"KDM1B","0.133739796560255"
"KDM2A","0.132039187533024"
"KDM2B","0.131984122875653"
"KDM3A","0.132492972928511"
"KDM3B","0.133456316627406"
"KDM4A","0.134138397835484"
"KDM4A-AS1","0.133978689763371"
"KDM4B","0.133978689763371"
"KDM4C","0.133800431302866"
"KDM4D","0.134411584421256"
"KDM5A","0.132378792261524"
"KDM5B","0.132658623816009"
"KDM5C","0.133561269352085"
"KDM5D","0.131631494830377"
"KDM6A","0.133978689763371"
"KDM6B","0.134081335613701"
"KDM7A","0.133021430131182"
"KDM8","0.134114480006584"
"KDR","0.133671158499352"
"KDSR","0.133727332737105"
"KEAP1","0.134411584421256"
"KEL","0.13287669419397"
"KERA","0.133422566328768"
"KHDC1","0.135436984894694"
"KHDC1L","0.133671158499352"
"KHDC3L","0.133630356135698"
"KHDRBS1","0.13300110731097"
"KHDRBS2","0.133501504696014"
"KHDRBS3","0.133021430131182"
"KHK","0.134085970743509"
"KHNYN","0.131731147481007"
"KHSRP","0.135882083150728"
"KIAA0040","0.133480605813576"
"KIAA0087","0.133657978775529"
"KIAA0100","0.136073233301392"
"KIAA0101","0.134411584421256"
"KIAA0125","0.133956732864114"
"KIAA0141","0.134574150397684"
"KIAA0196","0.134014015496747"
"KIAA0196-AS1","0.132333226389143"
"KIAA0226L","0.132085394243063"
"KIAA0232","0.133727332737105"
"KIAA0319","0.133630356135698"
"KIAA0319L","0.133727332737105"
"KIAA0355","0.133988131326557"
"KIAA0368","0.134060971102706"
"KIAA0391","0.133854259689201"
"KIAA0408","0.133978689763371"
"KIAA0430","0.132228325296872"
"KIAA0513","0.134085970743509"
"KIAA0556","0.132575289092363"
"KIAA0586","0.133807930491458"
"KIAA0753","0.133843674453014"
"KIAA0825","0.132692997369994"
"KIAA0895","0.132671262454259"
"KIAA0895L","0.134085970743509"
"KIAA0907","0.134574150397684"
"KIAA0922","0.133728546330214"
"KIAA0930","0.13379849623059"
"KIAA1024","0.134085970743509"
"KIAA1024L","0.134404932545527"
"KIAA1033","0.133501504696014"
"KIAA1107","0.133720367048896"
"KIAA1109","0.134449646653049"
"KIAA1143","0.133470623077091"
"KIAA1147","0.134085970743509"
"KIAA1161","0.133467997951374"
"KIAA1191","0.13287669419397"
"KIAA1210","0.132658623816009"
"KIAA1211","0.133501504696014"
"KIAA1211L","0.133577361281872"
"KIAA1217","0.131975462709748"
"KIAA1257","0.133502864633665"
"KIAA1324","0.133404192734963"
"KIAA1324L","0.134085970743509"
"KIAA1328","0.13287669419397"
"KIAA1429","0.13375817015406"
"KIAA1456","0.132048302485896"
"KIAA1462","0.133671158499352"
"KIAA1468","0.132333226389143"
"KIAA1522","0.133228031646738"
"KIAA1524","0.133501504696014"
"KIAA1549","0.134395744779884"
"KIAA1549L","0.133978689763371"
"KIAA1551","0.133831242563709"
"KIAA1586","0.133671158499352"
"KIAA1614","0.133727332737105"
"KIAA1614-AS1","0.133978689763371"
"KIAA1644","0.13250398151856"
"KIAA1671","0.132062109797385"
"KIAA1683","0.131956906193689"
"KIAA1715","0.134379756546562"
"KIAA1755","0.134065243683913"
"KIAA1841","0.131608593860174"
"KIAA1919","0.133168473827625"
"KIAA1958","0.132085394243063"
"KIAA2012","0.133727332737105"
"KIAA2013","0.132526903782921"
"KIAA2022","0.133988131326557"
"KIAA2026","0.13376395582169"
"KIDINS220","0.13405605591827"
"KIF11","0.134041960219026"
"KIF12","0.133630356135698"
"KIF13A","0.132011444991711"
"KIF13B","0.13375817015406"
"KIF14","0.133021430131182"
"KIF15","0.133834136146279"
"KIF16B","0.135621403671644"
"KIF17","0.132845757389084"
"KIF18A","0.133842492793749"
"KIF18B","0.133501504696014"
"KIF19","0.13135215740972"
"KIF1A","0.133820609290083"
"KIF1B","0.13387642364816"
"KIF1BP","0.134085970743509"
"KIF1C","0.134705665986804"
"KIF20A","0.133832146629708"
"KIF20B","0.132671262454259"
"KIF21A","0.132166330345178"
"KIF21B","0.134438595768288"
"KIF22","0.133988131326557"
"KIF23","0.133727332737105"
"KIF24","0.132845757389084"
"KIF25","0.132546090873859"
"KIF25-AS1","0.133774060102248"
"KIF26A","0.134395018165772"
"KIF26B","0.135524648203348"
"KIF27","0.133846022015594"
"KIF2A","0.133489866527044"
"KIF2C","0.134135572753426"
"KIF3A","0.133620827171198"
"KIF3B","0.132624307356572"
"KIF3C","0.133807710501366"
"KIF4A","0.134060971102706"
"KIF4B","0.13229849686521"
"KIF5A","0.133727332737105"
"KIF5B","0.133978689763371"
"KIF5C","0.133021430131182"
"KIF6","0.133822885916239"
"KIF7","0.135886645246746"
"KIF9","0.133215939530375"
"KIF9-AS1","0.131608593860174"
"KIFAP3","0.135640644018024"
"KIFC1","0.132867426912231"
"KIFC2","0.133832146629708"
"KIFC3","0.132658623816009"
"KIN","0.133835825473603"
"KIR2DL1","0.134442147464458"
"KIR2DL3","0.133415201325012"
"KIR2DL4","0.132228325296872"
"KIR3DL1","0.133501504696014"
"KIR3DL2","0.136006863237663"
"KIR3DL3","0.132781073251149"
"KIR3DX1","0.133774060102248"
"KIRREL","0.133671158499352"
"KIRREL2","0.132526903782921"
"KIRREL3","0.135875284953481"
"KIRREL3-AS3","0.133810278054037"
"KISS1","0.133470623077091"
"KISS1R","0.132573573897238"
"KIT","0.132546090873859"
"KITLG","0.133713370915342"
"KIZ","0.134148244586655"
"KIZ-AS1","0.135564615238736"
"KL","0.133501504696014"
"KLB","0.133866351805565"
"KLC1","0.132228325296872"
"KLC2","0.134445737683241"
"KLC3","0.134121693797524"
"KLC4","0.135553422544663"
"KLF1","0.132658623816009"
"KLF10","0.13287669419397"
"KLF11","0.134085970743509"
"KLF12","0.134142647625139"
"KLF13","0.132781073251149"
"KLF14","0.133978689763371"
"KLF15","0.133988131326557"
"KLF16","0.132228325296872"
"KLF17","0.134402819651598"
"KLF2","0.133990649653826"
"KLF3","0.134225328159731"
"KLF4","0.132781073251149"
"KLF5","0.134580256937936"
"KLF6","0.133727332737105"
"KLF7","0.134085970743509"
"KLF8","0.135568684163873"
"KLF9","0.134442185987071"
"KLHDC1","0.133501504696014"
"KLHDC10","0.133727332737105"
"KLHDC2","0.1347939418633"
"KLHDC3","0.133867890591264"
"KLHDC4","0.134134846139314"
"KLHDC7A","0.132061300032036"
"KLHDC7B","0.133978689763371"
"KLHDC8A","0.133869880107835"
"KLHDC8B","0.134092585843741"
"KLHDC9","0.133834136146279"
"KLHL1","0.135572235860043"
"KLHL10","0.133301776852663"
"KLHL11","0.133630356135698"
"KLHL12","0.133860866387555"
"KLHL13","0.132598933793721"
"KLHL14","0.133501504696014"
"KLHL15","0.133470623077091"
"KLHL17","0.134128056481109"
"KLHL18","0.135988925726902"
"KLHL2","0.132658623816009"
"KLHL20","0.134060971102706"
"KLHL21","0.135772588719986"
"KLHL22","0.13206039460226"
"KLHL23","0.133470623077091"
"KLHL24","0.134705665986804"
"KLHL25","0.134426924367861"
"KLHL26","0.132546090873859"
"KLHL28","0.133776627654919"
"KLHL29","0.133713370915342"
"KLHL3","0.133593073247868"
"KLHL30","0.13561632909258"
"KLHL31","0.135524648203348"
"KLHL32","0.134060971102706"
"KLHL33","0.134574150397684"
"KLHL34","0.134225328159731"
"KLHL35","0.133984198401299"
"KLHL36","0.133215939530375"
"KLHL38","0.135621403671644"
"KLHL4","0.135436984894694"
"KLHL40","0.1347939418633"
"KLHL41","0.133456316627406"
"KLHL42","0.133470623077091"
"KLHL5","0.134395744779884"
"KLHL6","0.133657978775529"
"KLHL6-AS1","0.134085970743509"
"KLHL7","0.133229746841863"
"KLHL7-AS1","0.133422566328768"
"KLHL8","0.133510229637421"
"KLHL9","0.132511346522316"
"KLK1","0.133988131326557"
"KLK10","0.135875284953481"
"KLK11","0.133874708453035"
"KLK12","0.132867110568778"
"KLK13","0.136346024593142"
"KLK14","0.133470623077091"
"KLK15","0.133694572377123"
"KLK2","0.134010986087903"
"KLK3","0.131989270021236"
"KLK4","0.134060971102706"
"KLK5","0.132691247420877"
"KLK6","0.13287669419397"
"KLK7","0.134085970743509"
"KLK8","0.133384763223604"
"KLKB1","0.133978689763371"
"KLLN","0.134060971102706"
"KLRB1","0.133438123589373"
"KLRC1","0.133501504696014"
"KLRC2","0.132845757389084"
"KLRC3","0.133867199246566"
"KLRC4","0.133200277723408"
"KLRC4-KLRK1","0.133489866527044"
"KLRD1","0.133988131326557"
"KLRF1","0.134426924367861"
"KLRF2","0.134574150397684"
"KLRG1","0.134125943587179"
"KLRG2","0.133491856043616"
"KLRK1","0.136002599447618"
"KMO","0.132647319103163"
"KMT2A","0.133990649653826"
"KMT2B","0.132546090873859"
"KMT2C","0.133771030693404"
"KMT2D","0.132647319103163"
"KMT2E","0.134404932545527"
"KMT2E-AS1","0.133454599504033"
"KMT5A","0.133831242563709"
"KMT5B","0.133470623077091"
"KMT5C","0.133657978775529"
"KNCN","0.133470623077091"
"KNDC1","0.132011444991711"
"KNG1","0.13409737887208"
"KNOP1","0.133813037739992"
"KNSTRN","0.132203544590049"
"KNTC1","0.133630356135698"
"KPNA1","0.133214189581258"
"KPNA2","0.133727332737105"
"KPNA3","0.134085970743509"
"KPNA4","0.133975709878303"
"KPNA5","0.133810278054037"
"KPNA6","0.135349512101194"
"KPNA7","0.132085394243063"
"KPNB1","0.133671158499352"
"KPTN","0.132692997369994"
"KRAS","0.130658593837449"
"KRBA1","0.133456316627406"
"KRBA2","0.133467997951374"
"KRBOX1","0.133472426532257"
"KRBOX1-AS1","0.133713370915342"
"KRBOX4","0.133470623077091"
"KRCC1","0.133630356135698"
"KREMEN1","0.131500928195568"
"KREMEN2","0.134085970743509"
"KRI1","0.133215939530375"
"KRIT1","0.133835825473603"
"KRR1","0.132671262454259"
"KRT1","0.132333226389143"
"KRT10","0.131984122875653"
"KRT12","0.133456316627406"
"KRT13","0.135621403671644"
"KRT14","0.132333226389143"
"KRT15","0.132671262454259"
"KRT16","0.132552366828002"
"KRT17","0.133456316627406"
"KRT18","0.132691247420877"
"KRT19","0.133988131326557"
"KRT2","0.134085970743509"
"KRT20","0.133367662809492"
"KRT222","0.133982818469348"
"KRT23","0.133376850575135"
"KRT24","0.133978689763371"
"KRT25","0.134364675141734"
"KRT26","0.133727332737105"
"KRT27","0.133978689763371"
"KRT28","0.133456316627406"
"KRT3","0.133470623077091"
"KRT31","0.133214189581258"
"KRT32","0.134445737683241"
"KRT33B","0.133906446612372"
"KRT34","0.132192535999999"
"KRT35","0.133727332737105"
"KRT36","0.132692997369994"
"KRT37","0.132705089486357"
"KRT39","0.133671158499352"
"KRT4","0.131643560209602"
"KRT40","0.133228031646738"
"KRT5","0.130760700052689"
"KRT6A","0.133200277723408"
"KRT6B","0.133470623077091"
"KRT6C","0.133727332737105"
"KRT7","0.133988131326557"
"KRT71","0.132845757389084"
"KRT72","0.133978689763371"
"KRT73","0.133470623077091"
"KRT73-AS1","0.132228325296872"
"KRT74","0.133657978775529"
"KRT75","0.132546090873859"
"KRT76","0.132228325296872"
"KRT77","0.132546090873859"
"KRT78","0.133294769443853"
"KRT79","0.133978689763371"
"KRT8","0.133480605813576"
"KRT80","0.132671262454259"
"KRT81","0.132781073251149"
"KRT82","0.132546090873859"
"KRT83","0.133804681092522"
"KRT85","0.131955339166825"
"KRT86","0.133456316627406"
"KRT9","0.133990649653826"
"KRTAP1-1","0.131701139607002"
"KRTAP1-3","0.133630356135698"
"KRTAP1-5","0.135228608147184"
"KRTAP10-2","0.132011444991711"
"KRTAP10-3","0.133561269352085"
"KRTAP10-9","0.132011444991711"
"KRTAP11-1","0.134225328159731"
"KRTAP12-2","0.132546090873859"
"KRTAP12-3","0.134148244586655"
"KRTAP12-4","0.132781073251149"
"KRTAP13-1","0.133294769443853"
"KRTAP13-2","0.132396200309685"
"KRTAP13-4","0.135894208186738"
"KRTAP16-1","0.135293630749174"
"KRTAP17-1","0.134323031604207"
"KRTAP19-1","0.133978689763371"
"KRTAP19-3","0.131608593860174"
"KRTAP19-4","0.135228608147184"
"KRTAP19-5","0.133978689763371"
"KRTAP2-2","0.133470623077091"
"KRTAP2-3","0.133978689763371"
"KRTAP2-4","0.135524648203348"
"KRTAP21-1","0.134705665986804"
"KRTAP3-1","0.135524648203348"
"KRTAP3-2","0.133265300325398"
"KRTAP3-3","0.133294769443853"
"KRTAP4-1","0.133988131326557"
"KRTAP4-11","0.135866928306011"
"KRTAP4-12","0.133845757425465"
"KRTAP4-3","0.131984122875653"
"KRTAP4-4","0.132333226389143"
"KRTAP4-5","0.133456316627406"
"KRTAP4-6","0.134323031604207"
"KRTAP4-7","0.130045597394244"
"KRTAP4-8","0.132228325296872"
"KRTAP4-9","0.1347939418633"
"KRTAP5-10","0.132795080557979"
"KRTAP5-11","0.134323031604207"
"KRTAP5-2","0.133988131326557"
"KRTAP5-4","0.135833277906893"
"KRTAP5-7","0.133978689763371"
"KRTAP5-8","0.135293630749174"
"KRTAP5-9","0.130045597394244"
"KRTAP5-AS1","0.133657978775529"
"KRTAP6-1","0.135436984894694"
"KRTAP7-1","0.13287669419397"
"KRTAP9-3","0.132396200309685"
"KRTCAP2","0.1347939418633"
"KRTCAP3","0.133456316627406"
"KRTDAP","0.133978689763371"
"KSR1","0.134051260379021"
"KSR2","0.13539038527231"
"KTI12","0.135879867863375"
"KTN1","0.133456316627406"
"KTN1-AS1","0.132658623816009"
"KXD1","0.13382065005873"
"KY","0.1347939418633"
"KYNU","0.133988131326557"
"L1CAM","0.13287669419397"
"L1TD1","0.131984122875653"
"L29074.3","0.132671262454259"
"L2HGDH","0.133599620101962"
"L34079.3","0.133720367048896"
"L34079.4","0.13287669419397"
"L3HYPDH","0.134574150397684"
"L3MBTL1","0.135228608147184"
"L3MBTL2","0.133832623568253"
"L3MBTL3","0.132683882417121"
"L3MBTL4","0.135293630749174"
"L3MBTL4-AS1","0.134584506727592"
"LA16c-306A4.1","0.13405144973171"
"LA16c-306E5.2","0.134135969129578"
"LA16c-312E8.2","0.135621403671644"
"LA16c-313D11.9","0.133279212183248"
"LA16c-316G12.2","0.133438123589373"
"LA16c-321D4.2","0.132845757389084"
"LA16c-325D7.1","0.133694572377123"
"LA16c-325D7.2","0.133988131326557"
"LA16c-329F2.1","0.134125943587179"
"LA16c-349E10.1","0.132793365362853"
"LA16c-352F7.1","0.133438123589373"
"LA16c-358B7.3","0.133470623077091"
"LA16c-358B7.4","0.133470623077091"
"LA16c-359F1.1","0.133978689763371"
"LA16c-360A4.1","0.133657978775529"
"LA16c-360H6.3","0.135569410777985"
"LA16c-361A3.3","0.132573573897238"
"LA16c-366D1.3","0.132671262454259"
"LA16c-380H5.3","0.134572636316629"
"LA16c-380H5.5","0.134225328159731"
"LA16c-380H5.6","0.135228608147184"
"LA16c-385E7.1","0.134225328159731"
"LA16c-390E6.4","0.135833277906893"
"LA16c-390E6.5","0.135977721606818"
"LA16c-390H2.4","0.133265300325398"
"LA16c-395F10.1","0.13561632909258"
"LA16c-395F10.2","0.135228608147184"
"LA16c-431H6.6","0.132845757389084"
"LA16c-444G7.1","0.134081335613701"
"LA16c-444G7.2","0.133988131326557"
"LA16c-60D12.1","0.1347939418633"
"LA16c-60D12.2","0.1347939418633"
"LA16c-OS12.2","0.134574150397684"
"LACC1","0.132781073251149"
"LACE1","0.132845757389084"
"LACRT","0.132546090873859"
"LACTB","0.133294769443853"
"LACTB2","0.129780315221114"
"LACTB2-AS1","0.132333226389143"
"LAD1","0.133739796560255"
"LAG3","0.133470623077091"
"LAGE3","0.13278127324649"
"LAIR1","0.132011444991711"
"LAIR2","0.133713370915342"
"LALBA","0.131701139607002"
"LAMA1","0.132546090873859"
"LAMA2","0.129539837200447"
"LAMA3","0.135293630749174"
"LAMA4","0.133988131326557"
"LAMA5","0.135293630749174"
"LAMA5-AS1","0.132765611439523"
"LAMB1","0.133392942504922"
"LAMB2","0.133456316627406"
"LAMB3","0.132781073251149"
"LAMB4","0.133657978775529"
"LAMC1","0.133867199246566"
"LAMC2","0.134323031604207"
"LAMC3","0.132658623816009"
"LAMP1","0.134038451625089"
"LAMP2","0.133424316277885"
"LAMP3","0.133813037739992"
"LAMP5","0.133810545778173"
"LAMP5-AS1","0.134225328159731"
"LAMTOR1","0.132658623816009"
"LAMTOR2","0.133994484000516"
"LAMTOR3","0.134128972996024"
"LAMTOR4","0.131989270021236"
"LAMTOR5","0.133294769443853"
"LANCL1","0.132011444991711"
"LANCL1-AS1","0.133380334642721"
"LANCL2","0.132671262454259"
"LANCL3","0.133759920103177"
"LAP3","0.133021430131182"
"LAPTM4A","0.133657978775529"
"LAPTM4B","0.132845757389084"
"LAPTM5","0.134404932545527"
"LARGE","0.13381470663492"
"LARP1","0.133727332737105"
"LARP1B","0.132224751659285"
"LARP4","0.133776627654919"
"LARP4B","0.133869880107835"
"LARP6","0.135524648203348"
"LARP7","0.132658623816009"
"LARS","0.133823063282391"
"LARS2","0.133472426532257"
"LARS2-AS1","0.133489866527044"
"LAS1L","0.132658623816009"
"LASP1","0.134058881000328"
"LAT","0.1347939418633"
"LAT2","0.133978689763371"
"LATS1","0.132658623816009"
"LATS2","0.132749899473528"
"LATS2-AS1","0.134225328159731"
"LAX1","0.131448839507408"
"LAYN","0.133948931378288"
"LBH","0.133737807043683"
"LBHD1","0.133593073247868"
"LBP","0.133586621995341"
"LBR","0.131172144619719"
"LBX1","0.133657978775529"
"LBX2","0.133630356135698"
"LBX2-AS1","0.133759920103177"
"LCA5","0.133021430131182"
"LCA5L","0.13336693619538"
"LCAT","0.132781073251149"
"LCE1A","0.132845757389084"
"LCE1B","0.133657978775529"
"LCE1C","0.132658623816009"
"LCE1D","0.132781073251149"
"LCE1E","0.133456316627406"
"LCE3A","0.133720367048896"
"LCE3D","0.133324395083652"
"LCE5A","0.133838597882234"
"LCK","0.134225328159731"
"LCLAT1","0.13402498628012"
"LCMT1","0.132867110568778"
"LCMT1-AS1","0.133279212183248"
"LCMT1-AS2","0.132203544590049"
"LCMT2","0.132552366828002"
"LCN1","0.134418026883963"
"LCN10","0.133214189581258"
"LCN12","0.133324395083652"
"LCN15","0.134086204086297"
"LCN2","0.132658623816009"
"LCN6","0.133727332737105"
"LCN8","0.132683882417121"
"LCNL1","0.13264901573483"
"LCOR","0.133974937687831"
"LCORL","0.133470623077091"
"LCP1","0.133525786898027"
"LCP2","0.132333226389143"
"LCT","0.134118142101354"
"LCTL","0.133727332737105"
"LDAH","0.133456316627406"
"LDB1","0.133324395083652"
"LDB2","0.134446397254114"
"LDB3","0.131984122875653"
"LDHA","0.134044902877615"
"LDHAL6A","0.133206824577502"
"LDHAL6B","0.135228608147184"
"LDHB","0.132228325296872"
"LDHC","0.133470623077091"
"LDHD","0.133845144736329"
"LDLR","0.133525786898027"
"LDLRAD1","0.133470623077091"
"LDLRAD2","0.133470623077091"
"LDLRAD3","0.134225328159731"
"LDLRAD4","0.133835825473603"
"LDLRAD4-AS1","0.133657978775529"
"LDLRAP1","0.132781073251149"
"LDOC1","0.134225328159731"
"LDOC1L","0.133470623077091"
"LEAP2","0.133021430131182"
"LECT1","0.13381470663492"
"LECT2","0.133880888697885"
"LEF1","0.135873021942418"
"LEFTY1","0.134323031604207"
"LEFTY2","0.133511979586538"
"LEKR1","0.132322455103761"
"LELP1","0.133737807043683"
"LEMD1","0.133470623077091"
"LEMD1-AS1","0.13727047385734"
"LEMD2","0.133978689763371"
"LEMD3","0.133858629877795"
"LENEP","0.134144760519069"
"LENG1","0.134160852448856"
"LENG8","0.133988131326557"
"LENG8-AS1","0.135609617598079"
"LENG9","0.134066160198828"
"LEO1","0.134455584434412"
"LEP","0.13375817015406"
"LEPR","0.133472426532257"
"LEPROT","0.134225328159731"
"LEPROTL1","0.1347939418633"
"LETM1","0.133727332737105"
"LETM2","0.134046628702596"
"LETMD1","0.133962329825629"
"LEUTX","0.133502864633665"
"LEXM","0.135228608147184"
"LFNG","0.133978689763371"
"LGALS1","0.135621403671644"
"LGALS12","0.134420221474647"
"LGALS13","0.132290239444475"
"LGALS14","0.133850450596476"
"LGALS16","0.134130777214176"
"LGALS2","0.133810278054037"
"LGALS3","0.133470623077091"
"LGALS3BP","0.13399911567694"
"LGALS4","0.134142647625139"
"LGALS7","0.131984122875653"
"LGALS7B","0.133324395083652"
"LGALS8","0.133215939530375"
"LGALS8-AS1","0.132561481780874"
"LGALS9","0.134225328159731"
"LGALS9B","0.133415201325012"
"LGALS9C","0.134034963171428"
"LGALSL","0.131728471431784"
"LGI1","0.135887266210077"
"LGI2","0.133324395083652"
"LGI3","0.133853501383799"
"LGI4","0.133021430131182"
"LGMN","0.134555942012493"
"LGR4","0.133796535652605"
"LGR5","0.139301913211375"
"LGR6","0.132061300032036"
"LGSN","0.133214189581258"
"LHB","0.13197982845805"
"LHCGR","0.135524648203348"
"LHFP","0.132867110568778"
"LHFPL1","0.133657978775529"
"LHFPL2","0.133796879606696"
"LHFPL3","0.133657978775529"
"LHFPL4","0.133727332737105"
"LHFPL5","0.132539368721381"
"LHPP","0.133324395083652"
"LHX1","0.133706091716842"
"LHX2","0.132845757389084"
"LHX3","0.133219513124722"
"LHX4","0.1326708843105"
"LHX5","0.133324395083652"
"LHX5-AS1","0.135228608147184"
"LHX6","0.133987085845698"
"LHX8","0.134051260379021"
"LHX9","0.133988131326557"
"LIAS","0.133678380917564"
"LIF","0.133119893211636"
"LIFR","0.136663018033876"
"LIFR-AS1","0.132845757389084"
"LIG1","0.133940230776726"
"LIG3","0.13336693619538"
"LIG4","0.133805962868279"
"LILRA1","0.131456204511164"
"LILRA2","0.132658623816009"
"LILRA4","0.133727332737105"
"LILRA5","0.13379309944435"
"LILRA6","0.13287669419397"
"LILRB1","0.1326708843105"
"LILRB2","0.133852509740084"
"LILRB3","0.132552366828002"
"LILRB4","0.133445898902471"
"LILRB5","0.132781073251149"
"LIM2","0.132658623816009"
"LIMA1","0.133630356135698"
"LIMCH1","0.132310362987397"
"LIMD1","0.133119893211636"
"LIMD1-AS1","0.136663018033876"
"LIMD2","0.134101775033782"
"LIME1","0.133816524811873"
"LIMK1","0.131701139607002"
"LIMK2","0.132781073251149"
"LIMS1","0.132845757389084"
"LIMS1-AS1","0.133802280544215"
"LIMS2","0.134411121044513"
"LIMS3","0.13322358204986"
"LIMS3L","0.13355135497233"
"LIN28A","0.133630356135698"
"LIN28B","0.13379849623059"
"LIN37","0.133119893211636"
"LIN52","0.135341049893332"
"LIN54","0.132290239444475"
"LIN7A","0.134046628702596"
"LIN7B","0.137842583609716"
"LIN7C","0.131455740126959"
"LIN9","0.132290239444475"
"LINC-PINT","0.133324395083652"
"LINC-ROR","0.133214189581258"
"LINC00028","0.133703266634784"
"LINC00032","0.133630356135698"
"LINC00052","0.135605154306797"
"LINC00083","0.13440825274425"
"LINC00092","0.133119893211636"
"LINC00094","0.13278127324649"
"LINC00102","0.133193826470881"
"LINC00106","0.136664456247475"
"LINC00111","0.133260838589442"
"LINC00113","0.132266381352233"
"LINC00114","0.131964271197444"
"LINC00115","0.133214881448298"
"LINC00116","0.133456316627406"
"LINC00152","0.133778505313055"
"LINC00158","0.134364444422823"
"LINC00159","0.133746509487868"
"LINC00160","0.134409114881539"
"LINC00161","0.133813370860231"
"LINC00162","0.131397563789131"
"LINC00163","0.132504101698369"
"LINC00165","0.132541358237952"
"LINC00167","0.134356171513336"
"LINC00174","0.131629779635252"
"LINC00176","0.131311726466843"
"LINC00184","0.133978689763371"
"LINC00200","0.131984122875653"
"LINC00202-1","0.132573573897238"
"LINC00202-2","0.132845757389084"
"LINC00205","0.134364444422823"
"LINC00208","0.13322713374603"
"LINC00211","0.13399911567694"
"LINC00216","0.13287669419397"
"LINC00221","0.13411408291004"
"LINC00222","0.133454599504033"
"LINC00226","0.138093750130319"
"LINC00235","0.134085070995822"
"LINC00237","0.133456316627406"
"LINC00239","0.13335167457617"
"LINC00240","0.133491856043616"
"LINC00242","0.132845757389084"
"LINC00243","0.132155279460416"
"LINC00251","0.13379455754485"
"LINC00261","0.133376850575135"
"LINC00264","0.133249588359402"
"LINC00265","0.133630356135698"
"LINC00266-1","0.132061300032036"
"LINC00266-4P","0.133456316627406"
"LINC00269","0.134446397254114"
"LINC00271","0.134726963581125"
"LINC00276","0.133805148844478"
"LINC00278","0.133224308663972"
"LINC00282","0.135865317472367"
"LINC00284","0.135597653653118"
"LINC00294","0.132288249927903"
"LINC00297","0.13273380754374"
"LINC00298","0.135869979362132"
"LINC00299","0.135593520395403"
"LINC00301","0.133657978775529"
"LINC00302","0.13287669419397"
"LINC00303","0.133987501847936"
"LINC00304","0.134104503115276"
"LINC00305","0.132253709519004"
"LINC00307","0.133796879606696"
"LINC00308","0.133176386476094"
"LINC00309","0.13409737887208"
"LINC00310","0.134406249055434"
"LINC00311","0.133715938468013"
"LINC00313","0.133456316627406"
"LINC00314","0.134101422381643"
"LINC00315","0.133561269352085"
"LINC00316","0.135346159575454"
"LINC00319","0.134552546138659"
"LINC00320","0.133988131326557"
"LINC00322","0.131617687518888"
"LINC00323","0.132521928726593"
"LINC00324","0.134735875583549"
"LINC00326","0.134561443622556"
"LINC00327","0.132559731831757"
"LINC00330","0.133739796560255"
"LINC00332","0.134097775968624"
"LINC00333","0.133801167329029"
"LINC00334","0.134577431855878"
"LINC00336","0.133657978775529"
"LINC00337","0.13402919091162"
"LINC00339","0.133940230776726"
"LINC00342","0.131731700835016"
"LINC00345","0.133510229637421"
"LINC00346","0.135651526687569"
"LINC00347","0.135594374183522"
"LINC00348","0.134006311460793"
"LINC00349","0.133867890591264"
"LINC00351","0.134225328159731"
"LINC00352","0.133842492793749"
"LINC00354","0.133792810681559"
"LINC00355","0.133763229207578"
"LINC00359","0.136907665023206"
"LINC00364","0.133805236254167"
"LINC00365","0.1347939418633"
"LINC00371","0.133819733543816"
"LINC00374","0.135360267105258"
"LINC00375","0.133524071702901"
"LINC00377","0.133978689763371"
"LINC00379","0.135377713439081"
"LINC00381","0.133858629877795"
"LINC00383","0.135876645548742"
"LINC00384","0.135548318031144"
"LINC00385","0.134433485385509"
"LINC00387","0.133490948237471"
"LINC00390","0.134422497011909"
"LINC00392","0.133994484000516"
"LINC00393","0.135885107756604"
"LINC00396","0.134574150397684"
"LINC00398","0.134705665986804"
"LINC00399","0.132546090873859"
"LINC00400","0.133858629877795"
"LINC00402","0.13684520386968"
"LINC00403","0.134101422381643"
"LINC00407","0.134107371415539"
"LINC00410","0.134323031604207"
"LINC00412","0.132333226389143"
"LINC00421","0.133706091716842"
"LINC00423","0.133978689763371"
"LINC00426","0.133620827171198"
"LINC00427","0.134398569861942"
"LINC00431","0.134426087230691"
"LINC00434","0.134135572753426"
"LINC00437","0.134418229635559"
"LINC00440","0.135621409567713"
"LINC00441","0.133694572377123"
"LINC00443","0.133978689763371"
"LINC00444","0.13379849623059"
"LINC00445","0.136007077332314"
"LINC00448","0.135360888068589"
"LINC00449","0.133620827171198"
"LINC00452","0.135537856914358"
"LINC00457","0.133845757425465"
"LINC00458","0.134390949240635"
"LINC00460","0.1344393223824"
"LINC00461","0.133940230776726"
"LINC00462","0.135228608147184"
"LINC00463","0.134744351932516"
"LINC00467","0.134021011630301"
"LINC00469","0.134455584434412"
"LINC00470","0.133836175264423"
"LINC00471","0.134423811693429"
"LINC00472","0.135524648203348"
"LINC00473","0.1347939418633"
"LINC00475","0.134438117061933"
"LINC00477","0.135524648203348"
"LINC00479","0.133727332737105"
"LINC00482","0.136019672807973"
"LINC00484","0.136006863237663"
"LINC00485","0.133984198401299"
"LINC00486","0.134047630770635"
"LINC00487","0.134003911216189"
"LINC00488","0.136016763087173"
"LINC00491","0.134370859062665"
"LINC00492","0.134378919409393"
"LINC00493","0.134155398640937"
"LINC00494","0.133994484000516"
"LINC00500","0.133978689763371"
"LINC00501","0.13375817015406"
"LINC00504","0.133984198401299"
"LINC00506","0.134063130789984"
"LINC00507","0.134457459134036"
"LINC00511","0.133657978775529"
"LINC00517","0.133880888697885"
"LINC00518","0.133823922966691"
"LINC00519","0.133906446612372"
"LINC00520","0.134431452824494"
"LINC00521","0.134574150397684"
"LINC00523","0.133258849072871"
"LINC00524","0.133727332737105"
"LINC00525","0.135356223595695"
"LINC00526","0.133842492793749"
"LINC00528","0.134427383899356"
"LINC00533","0.133480605813576"
"LINC00534","0.13600684932698"
"LINC00535","0.135948053135544"
"LINC00536","0.134063130789984"
"LINC00538","0.136017114758027"
"LINC00539","0.134126145537752"
"LINC00540","0.135618718028213"
"LINC00543","0.133818859340966"
"LINC00544","0.134413078530852"
"LINC00545","0.134576705241766"
"LINC00547","0.134421422757797"
"LINC00548","0.134118868715466"
"LINC00550","0.133944862453151"
"LINC00551","0.134422913014147"
"LINC00554","0.131973712760631"
"LINC00556","0.136015750485919"
"LINC00560","0.133759920103177"
"LINC00562","0.135564615238736"
"LINC00563","0.134572636316629"
"LINC00564","0.134705665986804"
"LINC00565","0.135772588719986"
"LINC00566","0.135228499097141"
"LINC00567","0.133846022015594"
"LINC00570","0.134449279852718"
"LINC00571","0.133271847179492"
"LINC00572","0.134125943587179"
"LINC00574","0.134705665986804"
"LINC00575","0.132776367164263"
"LINC00577","0.134153409124365"
"LINC00578","0.134038451625089"
"LINC00581","0.133847075703643"
"LINC00582","0.13405605591827"
"LINC00589","0.133324395083652"
"LINC00592","0.135609617598079"
"LINC00593","0.134038451625089"
"LINC00596","0.133789235517121"
"LINC00598","0.13402919091162"
"LINC00599","0.134063130789984"
"LINC00601","0.133845757425465"
"LINC00602","0.133524071702901"
"LINC00603","0.134364675141734"
"LINC00604","0.13375817015406"
"LINC00605","0.133854259689201"
"LINC00606","0.133988131326557"
"LINC00607","0.133867890591264"
"LINC00608","0.13561632909258"
"LINC00609","0.133727332737105"
"LINC00615","0.1347939418633"
"LINC00616","0.135436984894694"
"LINC00618","0.134421819854341"
"LINC00619","0.133293054248728"
"LINC00620","0.134047630770635"
"LINC00621","0.136006863237663"
"LINC00623","0.133845757425465"
"LINC00624","0.133956732864114"
"LINC00626","0.133491856043616"
"LINC00628","0.134574150397684"
"LINC00629","0.135879511374847"
"LINC00630","0.134422913014147"
"LINC00632","0.13440825274425"
"LINC00633","0.135639734717935"
"LINC00635","0.134119163385173"
"LINC00636","0.135888423377272"
"LINC00637","0.134013098981833"
"LINC00638","0.135866928306011"
"LINC00639","0.133818634701508"
"LINC00640","0.135953649517301"
"LINC00642","0.134451994215629"
"LINC00643","0.133975840973046"
"LINC00645","0.135524648203348"
"LINC00648","0.134444851271835"
"LINC00649","0.135886645246746"
"LINC00652","0.135293630749174"
"LINC00654","0.134006311460793"
"LINC00656","0.134457459134036"
"LINC00657","0.134455584434412"
"LINC00658","0.134574150397684"
"LINC00659","0.133988131326557"
"LINC00662","0.134110959437546"
"LINC00664","0.134010986087903"
"LINC00665","0.13442546626736"
"LINC00667","0.133978689763371"
"LINC00668","0.132776367164263"
"LINC00670","0.134584506727592"
"LINC00671","0.1347939418633"
"LINC00672","0.135436984894694"
"LINC00675","0.135293630749174"
"LINC00677","0.134323031604207"
"LINC00678","0.133569182000554"
"LINC00680","0.133822885916239"
"LINC00681","0.134574150397684"
"LINC00682","0.134494225901676"
"LINC00683","0.133986187917871"
"LINC00684","0.137282618252722"
"LINC00685","0.134769949066412"
"LINC00686","0.134126145537752"
"LINC00687","0.134421024475315"
"LINC00690","0.133599620101962"
"LINC00691","0.135293630749174"
"LINC00693","0.135998843834741"
"LINC00694","0.133510153600173"
"LINC00698","0.135436984894694"
"LINC00702","0.137865519304463"
"LINC00703","0.135879867863375"
"LINC00704","0.138699631282271"
"LINC00705","0.135886645246746"
"LINC00706","0.135293630749174"
"LINC00707","0.136006863237663"
"LINC00836","0.135524648203348"
"LINC00838","0.134402819651598"
"LINC00839","0.134055329304158"
"LINC00840","0.134153409124365"
"LINC00841","0.134374652033043"
"LINC00843","0.136016685850677"
"LINC00844","0.134173772234742"
"LINC00845","0.134395744779884"
"LINC00847","0.139680790321578"
"LINC00850","0.134152673167538"
"LINC00852","0.134119163385173"
"LINC00853","0.134378919409393"
"LINC00856","0.135356620692239"
"LINC00857","0.133828554643115"
"LINC00858","0.133456316627406"
"LINC00861","0.134735875583549"
"LINC00862","0.134395744779884"
"LINC00863","0.134705665986804"
"LINC00864","0.133962329825629"
"LINC00865","0.132653444315713"
"LINC00866","0.133809819164061"
"LINC00867","0.135998251818442"
"LINC00868","0.134055329304158"
"LINC00869","0.134732559962882"
"LINC00870","0.136017114758027"
"LINC00871","0.135627770772974"
"LINC00877","0.133702540020672"
"LINC00880","0.134417832539015"
"LINC00881","0.133657978775529"
"LINC00882","0.132500032773232"
"LINC00884","0.134102459347213"
"LINC00885","0.133119893211636"
"LINC00886","0.135998843834741"
"LINC00887","0.134415770070353"
"LINC00890","0.134102043344974"
"LINC00891","0.133728546330214"
"LINC00893","0.134102880482144"
"LINC00894","0.135553001409732"
"LINC00895","0.133906446612372"
"LINC00896","0.132776367164263"
"LINC00898","0.133958845758044"
"LINC00900","0.134705665986804"
"LINC00901","0.134423811693429"
"LINC00906","0.133586621995341"
"LINC00907","0.134574150397684"
"LINC00908","0.133845086187072"
"LINC00909","0.134126145537752"
"LINC00910","0.134568004640204"
"LINC00911","0.134574150397684"
"LINC00917","0.134065243683913"
"LINC00919","0.136011246855124"
"LINC00920","0.133789235517121"
"LINC00921","0.134021011630301"
"LINC00922","0.133366799454653"
"LINC00923","0.134423811693429"
"LINC00924","0.133997196507921"
"LINC00926","0.134225328159731"
"LINC00927","0.134936581849938"
"LINC00929","0.132914798280256"
"LINC00930","0.134735875583549"
"LINC00934","0.134449279852718"
"LINC00935","0.135866928306011"
"LINC00936","0.135631272510073"
"LINC00937","0.135206856674665"
"LINC00939","0.13377201221954"
"LINC00940","0.133789553500026"
"LINC00941","0.13381470663492"
"LINC00942","0.13379849623059"
"LINC00943","0.133727332737105"
"LINC00944","0.13375817015406"
"LINC00950","0.136125378003473"
"LINC00951","0.134936581849938"
"LINC00954","0.133832623568253"
"LINC00957","0.134413078530852"
"LINC00958","0.1347280966716"
"LINC00959","0.133727332737105"
"LINC00960","0.133456316627406"
"LINC00961","0.133809819164061"
"LINC00964","0.136001248841326"
"LINC00967","0.133630356135698"
"LINC00968","0.134421876048577"
"LINC00969","0.134378919409393"
"LINC00970","0.134426924367861"
"LINC00971","0.135524648203348"
"LINC00972","0.13278127324649"
"LINC00973","0.134412845193996"
"LINC00976","0.133657978775529"
"LINC00977","0.133860866387555"
"LINC00982","0.134403978100719"
"LINC00987","0.133801118562499"
"LINC00989","0.135882239456341"
"LINC00992","0.134225328159731"
"LINC00993","0.134093982998246"
"LINC00994","0.134602711551309"
"LINC00996","0.134407293721386"
"LINC00997","0.135621403671644"
"LINC00998","0.13388825370164"
"LINC01001","0.134735875583549"
"LINC01003","0.134448510148043"
"LINC01004","0.134561443622556"
"LINC01005","0.133823063282391"
"LINC01006","0.133712454400427"
"LINC01007","0.134705665986804"
"LINC01010","0.1347939418633"
"LINC01011","0.133818859340966"
"LINC01012","0.135594690473416"
"LINC01013","0.133804681092522"
"LINC01016","0.133324395083652"
"LINC01017","0.133608735054835"
"LINC01018","0.133940230776726"
"LINC01019","0.134092585843741"
"LINC01021","0.135220479978992"
"LINC01022","0.135884990672815"
"LINC01023","0.133845086187072"
"LINC01024","0.134448510148043"
"LINC01028","0.133293054248728"
"LINC01030","0.134225328159731"
"LINC01031","0.132781073251149"
"LINC01032","0.13438631756421"
"LINC01033","0.136677200924411"
"LINC01034","0.134402819651598"
"LINC01036","0.135237926312815"
"LINC01037","0.134395744779884"
"LINC01046","0.135293630749174"
"LINC01047","0.135885107756604"
"LINC01048","0.133879291362929"
"LINC01050","0.13442650323293"
"LINC01054","0.134769949066412"
"LINC01055","0.134404932545527"
"LINC01058","0.134936581849938"
"LINC01060","0.136018980077603"
"LINC01063","0.134449987472896"
"LINC01067","0.135551964444163"
"LINC01068","0.13600734746314"
"LINC01070","0.135866928306011"
"LINC01072","0.135436984894694"
"LINC01076","0.135605940703456"
"LINC01077","0.13394009701149"
"LINC01080","0.135866928306011"
"LINC01082","0.134602711551309"
"LINC01085","0.134769949066412"
"LINC01087","0.133880888697885"
"LINC01088","0.132546090873859"
"LINC01089","0.133688724218444"
"LINC01090","0.13394009701149"
"LINC01091","0.134065243683913"
"LINC01093","0.137219430287837"
"LINC01094","0.133902095767121"
"LINC01095","0.13438631756421"
"LINC01096","0.135293630749174"
"LINC01097","0.133597816908826"
"LINC01098","0.135875284953481"
"LINC01099","0.135293630749174"
"LINC01100","0.137849422101787"
"LINC01102","0.13404044114166"
"LINC01104","0.136857348265063"
"LINC01106","0.134576705241766"
"LINC01107","0.136018980077603"
"LINC01108","0.135360267105258"
"LINC01109","0.134039646550017"
"LINC01111","0.135772588719986"
"LINC01114","0.137859922922706"
"LINC01115","0.134423811693429"
"LINC01116","0.135221938079493"
"LINC01117","0.134744773067447"
"LINC01118","0.133817620649886"
"LINC01119","0.133739796560255"
"LINC01120","0.136007116744229"
"LINC01122","0.134705665986804"
"LINC01123","0.135875284953481"
"LINC01124","0.134417832539015"
"LINC01125","0.135772588719986"
"LINC01126","0.136667372546656"
"LINC01127","0.13534598417467"
"LINC01132","0.134705665986804"
"LINC01133","0.135875284953481"
"LINC01134","0.135772588719986"
"LINC01135","0.133657978775529"
"LINC01136","0.135875284953481"
"LINC01137","0.135293630749174"
"LINC01138","0.135833277906893"
"LINC01139","0.135960758108347"
"LINC01140","0.133657978775529"
"LINC01142","0.134404932545527"
"LINC01143","0.134446397254114"
"LINC01144","0.13685148036216"
"LINC01146","0.133511300021586"
"LINC01149","0.133694572377123"
"LINC01150","0.134576705241766"
"LINC01151","0.135833277906893"
"LINC01152","0.135833277906893"
"LINC01153","0.13541225384798"
"LINC01154","0.136018980077603"
"LINC01160","0.134432274705355"
"LINC01162","0.135533083591268"
"LINC01163","0.135872791223507"
"LINC01165","0.134065243683913"
"LINC01166","0.13589221634765"
"LINC01167","0.135621403671644"
"LINC01168","0.135377713439081"
"LINC01169","0.133657978775529"
"LINC01170","0.136018980077603"
"LINC01176","0.135221516944562"
"LINC01179","0.13541225384798"
"LINC01180","0.133832701406447"
"LINC01181","0.134457459134036"
"LINC01182","0.136016927257904"
"LINC01183","0.135833277906893"
"LINC01184","0.13561632909258"
"LINC01185","0.137227274289975"
"LINC01186","0.135377713439081"
"LINC01187","0.134433485385509"
"LINC01191","0.135956965137969"
"LINC01194","0.134187614300222"
"LINC01197","0.136677685149888"
"LINC01198","0.133727332737105"
"LINC01202","0.137227933916236"
"LINC01203","0.135569410777985"
"LINC01204","0.135879867863375"
"LINC01205","0.136512234686385"
"LINC01206","0.134795301709668"
"LINC01207","0.134624970371399"
"LINC01208","0.135384788310794"
"LINC01209","0.134624970371399"
"LINC01212","0.134479717954126"
"LINC01213","0.135833277906893"
"LINC01214","0.134443283295405"
"LINC01215","0.135962749947435"
"LINC01219","0.136037690487178"
"LINC01220","0.136073233301392"
"LINC01221","0.136465066865087"
"LINC01222","0.134072656800946"
"LINC01224","0.136508644467603"
"LINC01226","0.134936581849938"
"LINC01227","0.134395018165772"
"LINC01228","0.133988131326557"
"LINC01229","0.134767836172483"
"LINC01230","0.134744773067447"
"LINC01233","0.13568930071889"
"LINC01234","0.135436984894694"
"LINC01235","0.134225328159731"
"LINC01239","0.135879867863375"
"LINC01241","0.13564489380768"
"LINC01242","0.135875284953481"
"LINC01243","0.135902672267567"
"LINC01247","0.135875284953481"
"LINC01248","0.136204894838628"
"LINC01249","0.134829506885525"
"LINC01250","0.136073233301392"
"LINC01251","0.136756293303558"
"LINC01252","0.134456422796512"
"LINC01254","0.136867555875283"
"LINC01257","0.135875284953481"
"LINC01258","0.134204318338182"
"LINC01259","0.1369287293983"
"LINC01260","0.136349340213809"
"LINC01262","0.135991038620832"
"LINC01264","0.137296472275961"
"LINC01265","0.136188190800668"
"LINC01266","0.133988131326557"
"LINC01267","0.135772588719986"
"LINC01268","0.135902672267567"
"LINC01269","0.134441367204249"
"LINC01270","0.135578598543629"
"LINC01271","0.135263206008246"
"LINC01272","0.134198546708951"
"LINC01273","0.134443283295405"
"LINC01276","0.134456422796512"
"LINC01277","0.136018980077603"
"LINC01280","0.136027322368247"
"LINC01281","0.135896899726238"
"LINC01282","0.13568930071889"
"LINC01284","0.135237926312815"
"LINC01285","0.134777861714881"
"LINC01287","0.134095136577363"
"LINC01289","0.135879867863375"
"LINC01290","0.136512234686385"
"LINC01291","0.135552585407494"
"LINC01293","0.136646753941081"
"LINC01297","0.133630356135698"
"LINC01297.1","0.135833277906893"
"LINC01299","0.135879867863375"
"LINC01300","0.136125378003473"
"LINC01301","0.1347939418633"
"LINC01304","0.135772588719986"
"LINC01305","0.133630356135698"
"LINC01307","0.134134846139314"
"LINC01309","0.134204318338182"
"LINC01310","0.136018980077603"
"LINC01311","0.135524648203348"
"LINC01312","0.135866928306011"
"LINC01314","0.133866351805565"
"LINC01315","0.13479729122624"
"LINC01317","0.135902672267567"
"LINC01318","0.134460013015295"
"LINC01320","0.134500925023362"
"LINC01322","0.134058814735465"
"LINC01324","0.135568684163873"
"LINC01326","0.136356779597206"
"LINC01330","0.13729481770203"
"LINC01331","0.134142647625139"
"LINC01332","0.135293630749174"
"LINC01336","0.134936581849938"
"LINC01337","0.134225328159731"
"LINC01338","0.134760034686657"
"LINC01340","0.136188190800668"
"LINC01342","0.134323031604207"
"LINC01344","0.137861991377939"
"LINC01347","0.135578598543629"
"LINC01348","0.134479717954126"
"LINC01349","0.135361725205759"
"LINC01350","0.1347939418633"
"LINC01351","0.135293630749174"
"LINC01352","0.134404932545527"
"LINC01353","0.135221100942324"
"LINC01354","0.134705665986804"
"LINC01355","0.133630356135698"
"LINC01356","0.134584506727592"
"LINC01358","0.135879867863375"
"LINC01360","0.133119893211636"
"LINC01361","0.134187614300222"
"LINC01362","0.135293630749174"
"LINC01363","0.13404044114166"
"LINC01364","0.133630356135698"
"LINC01366","0.135866928306011"
"LINC01372","0.136863762904905"
"LINC01374","0.135833277906893"
"LINC01376","0.134142647625139"
"LINC01378","0.135887266210077"
"LINC01381","0.133997196507921"
"LINC01385","0.134160852448856"
"LINC01388","0.134225328159731"
"LINC01389","0.135956965137969"
"LINC01391","0.134225328159731"
"LINC01392","0.134225328159731"
"LINC01393","0.134769949066412"
"LINC01394","0.134261359506147"
"LINC01395","0.133324395083652"
"LINC01396","0.135360267105258"
"LINC01397","0.135533083591268"
"LINC01399","0.133984198401299"
"LINC01400","0.134574150397684"
"LINC01402","0.133842492793749"
"LINC01405","0.134261359506147"
"LINC01410","0.133688724218444"
"LINC01411","0.135866928306011"
"LINC01412","0.135866928306011"
"LINC01413","0.133119893211636"
"LINC01415","0.1347939418633"
"LINC01416","0.135436984894694"
"LINC01419","0.135902672267567"
"LINC01420","0.1344393223824"
"LINC01422","0.135875284953481"
"LINC01423","0.134225328159731"
"LINC01424","0.133489866527044"
"LINC01425","0.133500291431536"
"LINC01426","0.133809819164061"
"LINC01427","0.135866928306011"
"LINC01429","0.135833277906893"
"LINC01431","0.134124801503026"
"LINC01433","0.137222340008637"
"LINC01435","0.135879867863375"
"LINC01436","0.133865449297448"
"LINC01438","0.1347939418633"
"LINC01441","0.134732559962882"
"LINC01443","0.135293630749174"
"LINC01444","0.134561022487625"
"LINC01445","0.133966758406512"
"LINC01446","0.134760761300769"
"LINC01447","0.134038451625089"
"LINC01448","0.135436984894694"
"LINC01449","0.133500291431536"
"LINC01451","0.135293630749174"
"LINC01455","0.132521928726593"
"LINC01456","0.136332843689647"
"LINC01460","0.1347939418633"
"LINC01465","0.133657978775529"
"LINC01467","0.133489041201496"
"LINC01468","0.134574150397684"
"LINC01470","0.134134846139314"
"LINC01471","0.133988131326557"
"LINC01473","0.133569182000554"
"LINC01474","0.134118126419603"
"LINC01475","0.133747546453437"
"LINC01476","0.135524648203348"
"LINC01477","0.132671262454259"
"LINC01478","0.134395744779884"
"LINC01479","0.132936005349492"
"LINC01480","0.133324395083652"
"LINC01481","0.135538110420924"
"LINC01482","0.135293630749174"
"LINC01483","0.135533083591268"
"LINC01484","0.135886645246746"
"LINC01485","0.133850450596476"
"LINC01487","0.132559731831757"
"LINC01489","0.135538110420924"
"LINC01490","0.133788179005135"
"LINC01492","0.133789553500026"
"LINC01496","0.133874708453035"
"LINC01497","0.133727332737105"
"LINC01498","0.134420221474647"
"LINC01500","0.131987554826111"
"LINC01501","0.133823922966691"
"LINC01502","0.133260838589442"
"LINC01503","0.133233496429615"
"LINC01504","0.135209724974928"
"LINC01505","0.133874708453035"
"LINC01506","0.133021430131182"
"LINC01507","0.133119893211636"
"LINC01508","0.133797606220808"
"LINC01509","0.134225328159731"
"LINC01510","0.133358235593818"
"LINC01511","0.134323031604207"
"LINC01513","0.134378919409393"
"LINC01514","0.134574150397684"
"LINC01515","0.134155398640937"
"LINC01516","0.134378919409393"
"LINC01518","0.133988131326557"
"LINC01519","0.133402203218391"
"LINC01521","0.134370859062665"
"LINC01523","0.134173772234742"
"LINC01524","0.134574150397684"
"LINC01525","0.134047630770635"
"LINC01526","0.134225328159731"
"LINC01527","0.134936581849938"
"LINC01529","0.133947331760415"
"LINC01531","0.133657978775529"
"LINC01532","0.134705665986804"
"LINC01534","0.134936581849938"
"LINC01535","0.1347939418633"
"LINC01537","0.133688724218444"
"LINC01539","0.134039230547779"
"LINC01541","0.133879291362929"
"LINC01543","0.133867890591264"
"LINC01545","0.135902672267567"
"LINC01546","0.135356223595695"
"LINC01547","0.135436984894694"
"LINC01548","0.133470623077091"
"LINC01549","0.133906446612372"
"LINC01550","0.134142647625139"
"LINC01551","0.133727332737105"
"LINC01552","0.136332843689647"
"LINC01553","0.1347939418633"
"LINC01554","0.136018980077603"
"LINC01555","0.135866928306011"
"LINC01556","0.132867110568778"
"LINC01558","0.133880888697885"
"LINC01559","0.133524071702901"
"LINC01560","0.134705665986804"
"LINC01561","0.134102043344974"
"LINC01562","0.135616726189124"
"LINC01563","0.134705665986804"
"LINC01564","0.132776367164263"
"LINC01565","0.133688724218444"
"LINC01567","0.133629166399331"
"LINC01569","0.135833277906893"
"LINC01571","0.133597816908826"
"LINC01572","0.134225328159731"
"LINC01574","0.135537681493581"
"LINC01579","0.132650248338713"
"LINC01580","0.133866351805565"
"LINC01583","0.135866928306011"
"LINC01586","0.134936581849938"
"LINC01588","0.134705665986804"
"LINC01589","0.134936581849938"
"LINC01591","0.134225328159731"
"LINC01592","0.133850450596476"
"LINC01594","0.134190476272702"
"LINC01596","0.134558330948125"
"LINC01597","0.133809819164061"
"LINC01598","0.134047630770635"
"LINC01600","0.136667417005263"
"LINC01602","0.135293630749174"
"LINC01603","0.133827646192284"
"LINC01605","0.133727332737105"
"LINC01606","0.134119163385173"
"LINC01607","0.133800485747161"
"LINC01608","0.134574150397684"
"LINC01609","0.133366799454653"
"LINC01611","0.134438595768288"
"LINC01612","0.132573573897238"
"LINC01614","0.133645258329118"
"LINC01615","0.133975840973046"
"LINC01616","0.134575105623893"
"LINC01618","0.134135969129578"
"LINC01620","0.134936581849938"
"LINC01621","0.134160852448856"
"LINC01623","0.134936581849938"
"LINC01624","0.134004561511676"
"LINC01625","0.134574150397684"
"LINC01626","0.134013098981833"
"LINC01627","0.131608593860174"
"LINC01629","0.134479442526654"
"LINCMD1","0.134323031604207"
"LINCR-0001","0.13568930071889"
"LINGO1","0.133906446612372"
"LINGO1-AS1","0.135436984894694"
"LINGO2","0.135979524623203"
"LINGO3","0.135524648203348"
"LINGO4","0.136073233301392"
"LINS1","0.134574150397684"
"LIPA","0.136188190800668"
"LIPC","0.133657978775529"
"LIPE","0.13568930071889"
"LIPE-AS1","0.134225328159731"
"LIPF","0.13471992264656"
"LIPG","0.136125378003473"
"LIPH","0.134323031604207"
"LIPI","0.135436984894694"
"LIPJ","0.135533083591268"
"LIPK","0.13568930071889"
"LIPM","0.135833277906893"
"LIPN","0.134494225901676"
"LIPT1","0.135879867863375"
"LIPT2","0.135621403671644"
"LITAF","0.134936581849938"
"LIX1","0.136018980077603"
"LIX1L","0.134047630770635"
"LKAAEAR1","0.134574150397684"
"LL09NC01-139C3.1","0.133119893211636"
"LL09NC01-251B2.3","0.134390488261631"
"LL09NC01-254D11.1","0.134183111268946"
"LL0XNC01-116E7.2","0.13404044114166"
"LL0XNC01-16G2.1","0.135879867863375"
"LL0XNC01-237H1.2","0.135293630749174"
"LL0XNC01-250H12.3","0.13568930071889"
"LL0XNC01-7P3.1","0.135559554634969"
"LL21NC02-1C16.2","0.134705665986804"
"LL21NC02-21A1.1","0.134047630770635"
"LL22NC01-81G9.3","0.135553001409732"
"LL22NC03-102D1.18","0.134486860897921"
"LL22NC03-104C7.1","0.135621403671644"
"LL22NC03-121E8.3","0.135293630749174"
"LL22NC03-27C5.1","0.134422913014147"
"LL22NC03-2H8.4","0.134323031604207"
"LL22NC03-2H8.5","0.134225328159731"
"LL22NC03-32F9.1","0.134705665986804"
"LL22NC03-63E9.3","0.133657978775529"
"LL22NC03-75H12.2","0.134404932545527"
"LL22NC03-86G7.1","0.134574150397684"
"LL22NC03-N95F10.1","0.135436984894694"
"LLGL1","0.134460013015295"
"LLGL2","0.135533083591268"
"LLNLF-187D8.1","0.135524648203348"
"LLNLR-245B6.1","0.132781073251149"
"LLNLR-246C6.1","0.135533083591268"
"LLNLR-249E10.1","0.133988131326557"
"LLNLR-268E12.1","0.136018980077603"
"LLNLR-284B4.1","0.133470623077091"
"LLNLR-284B4.2","0.133324395083652"
"LLNLR-304G9.1","0.134183111268946"
"LLNLR-307A6.1","0.134561443622556"
"LLPH","0.133021430131182"
"LLPH-AS1","0.134705665986804"
"LLfos-48D6.2","0.133727332737105"
"LMAN1","0.134574150397684"
"LMAN1L","0.1347860409962"
"LMAN2","0.133727332737105"
"LMAN2L","0.135293630749174"
"LMBR1","0.133966758406512"
"LMBR1L","0.13388825370164"
"LMBRD1","0.132290239444475"
"LMBRD2","0.134092585843741"
"LMCD1","0.131172144619719"
"LMCD1-AS1","0.133510229637421"
"LMF1","0.133657978775529"
"LMF1-AS1","0.134081335613701"
"LMF2","0.134422913014147"
"LMLN","0.13555153551682"
"LMLN-AS1","0.133422566328768"
"LMNA","0.132333226389143"
"LMNB1","0.135524648203348"
"LMNB2","0.135621403671644"
"LMNTD1","0.130484136948239"
"LMNTD2","0.133021430131182"
"LMO1","0.1347939418633"
"LMO2","0.134144148410896"
"LMO3","0.133119893211636"
"LMO4","0.133119893211636"
"LMO7","0.132228325296872"
"LMO7-AS1","0.134225328159731"
"LMO7DN","0.133470623077091"
"LMOD1","0.134225328159731"
"LMOD2","0.1347939418633"
"LMOD3","0.135866928306011"
"LMTK2","0.135833277906893"
"LMTK3","0.134323031604207"
"LMX1A","0.134705665986804"
"LMX1B","0.132853328199018"
"LNP1","0.134574150397684"
"LNPEP","0.133119893211636"
"LNX1","0.135293630749174"
"LNX1-AS1","0.133436408394248"
"LNX2","0.134047630770635"
"LOH12CR2","0.133415201325012"
"LONP1","0.135524648203348"
"LONP2","0.134323031604207"
"LONRF1","0.133727332737105"
"LONRF2","0.132853328199018"
"LONRF3","0.134225328159731"
"LOR","0.132779523297373"
"LOX","0.134452100366826"
"LOXHD1","0.132228325296872"
"LOXL1","0.135293630749174"
"LOXL1-AS1","0.133727332737105"
"LOXL2","0.13442546626736"
"LOXL3","0.132853328199018"
"LOXL4","0.13568930071889"
"LPA","0.133606252296746"
"LPAR1","0.131483623353487"
"LPAR2","0.134415770070353"
"LPAR3","0.131172144619719"
"LPAR4","0.133119893211636"
"LPAR5","0.133832146629708"
"LPAR6","0.132761149703568"
"LPCAT1","0.134705665986804"
"LPCAT2","0.134558330948125"
"LPCAT3","0.134225328159731"
"LPCAT4","0.134323031604207"
"LPGAT1","0.133948931378288"
"LPIN1","0.133532507090821"
"LPIN2","0.132853328199018"
"LPIN3","0.134047630770635"
"LPL","0.135549880942889"
"LPO","0.134574150397684"
"LPP","0.134555942012493"
"LPP-AS1","0.135293630749174"
"LPP-AS2","0.134413078530852"
"LPXN","0.133324395083652"
"LRAT","0.134047630770635"
"LRBA","0.133324395083652"
"LRCH1","0.133500291431536"
"LRCH2","0.134574150397684"
"LRCH3","0.133119893211636"
"LRCH4","0.132776367164263"
"LRCOL1","0.133456316627406"
"LRFN1","0.134449987472896"
"LRFN2","0.131731700835016"
"LRFN3","0.134225328159731"
"LRFN4","0.133948931378288"
"LRFN5","0.131588727039016"
"LRG1","0.134574150397684"
"LRGUK","0.133988131326557"
"LRIF1","0.133324395083652"
"LRIG1","0.133762469424369"
"LRIG2","0.137221835294422"
"LRIG3","0.135228499097141"
"LRIT3","0.133727332737105"
"LRMP","0.133599620101962"
"LRP1","0.134477453010082"
"LRP1-AS","0.133580366057844"
"LRP10","0.133956732864114"
"LRP11","0.134421422757797"
"LRP12","0.133599620101962"
"LRP1B","0.133832146629708"
"LRP2","0.133880888697885"
"LRP2BP","0.131731700835016"
"LRP3","0.133279212183248"
"LRP4","0.133984198401299"
"LRP4-AS1","0.135436984894694"
"LRP5","0.133866351805565"
"LRP5L","0.133997196507921"
"LRP6","0.133975840973046"
"LRP8","0.134055329304158"
"LRPAP1","0.13568930071889"
"LRPPRC","0.133914141880401"
"LRR1","0.133727332737105"
"LRRC1","0.134574150397684"
"LRRC10","0.136916101041642"
"LRRC10B","0.135436984894694"
"LRRC14","0.134039052959034"
"LRRC14B","0.135436984894694"
"LRRC15","0.133511300021586"
"LRRC16A","0.1347939418633"
"LRRC16B","0.133402203218391"
"LRRC17","0.134936581849938"
"LRRC18","0.133832747963653"
"LRRC19","0.1347939418633"
"LRRC2","0.131052758594638"
"LRRC2-AS1","0.134404932545527"
"LRRC20","0.133847075703643"
"LRRC23","0.133727332737105"
"LRRC24","0.133953036568854"
"LRRC25","0.133831023950379"
"LRRC26","0.132781073251149"
"LRRC27","0.134423334149078"
"LRRC28","0.134705665986804"
"LRRC29","0.136017345476938"
"LRRC3","0.134936581849938"
"LRRC3-AS1","0.129906599859904"
"LRRC31","0.134323031604207"
"LRRC32","0.134173772234742"
"LRRC34","0.133456316627406"
"LRRC36","0.133727332737105"
"LRRC37A","0.135293630749174"
"LRRC37A2","0.131483623353487"
"LRRC37A3","0.135895862760668"
"LRRC37B","0.134153409124365"
"LRRC38","0.133119893211636"
"LRRC39","0.135247114078458"
"LRRC3B","0.134561022487625"
"LRRC4","0.134047630770635"
"LRRC40","0.133597816908826"
"LRRC41","0.133119893211636"
"LRRC42","0.132333226389143"
"LRRC43","0.134147153186868"
"LRRC45","0.133119893211636"
"LRRC46","0.133657978775529"
"LRRC47","0.132322455103761"
"LRRC49","0.134323031604207"
"LRRC4B","0.136125378003473"
"LRRC4C","0.133021430131182"
"LRRC52","0.133818859340966"
"LRRC53","0.135621403671644"
"LRRC55","0.133470623077091"
"LRRC56","0.133845687521017"
"LRRC57","0.134936581849938"
"LRRC58","0.132228325296872"
"LRRC59","0.1347939418633"
"LRRC6","0.134705665986804"
"LRRC61","0.133727332737105"
"LRRC63","0.1347939418633"
"LRRC66","0.135833277906893"
"LRRC69","0.134047630770635"
"LRRC7","0.13568930071889"
"LRRC70","0.133324395083652"
"LRRC71","0.135621403671644"
"LRRC72","0.133456316627406"
"LRRC73","0.133422566328768"
"LRRC74A","0.133762469424369"
"LRRC74B","0.135436984894694"
"LRRC75A","0.133119893211636"
"LRRC75B","0.133021430131182"
"LRRC8A","0.133727332737105"
"LRRC8B","0.132333226389143"
"LRRC8C","0.133988131326557"
"LRRC8D","0.1347939418633"
"LRRC8E","0.133610551418014"
"LRRC9","0.133395947280894"
"LRRCC1","0.132228325296872"
"LRRD1","0.134323031604207"
"LRRFIP1","0.132781073251149"
"LRRFIP2","0.133119893211636"
"LRRIQ1","0.133832701406447"
"LRRIQ3","0.133727332737105"
"LRRIQ4","0.134705665986804"
"LRRK1","0.133021430131182"
"LRRK2","0.131608593860174"
"LRRN1","0.133324395083652"
"LRRN2","0.133324395083652"
"LRRN3","0.133804681092522"
"LRRN4","0.13349046786099"
"LRRN4CL","0.133657978775529"
"LRRTM1","0.131483623353487"
"LRRTM2","0.133832747963653"
"LRRTM3","0.131483623353487"
"LRRTM4","0.133977942463802"
"LRSAM1","0.134047630770635"
"LRTM1","0.133832146629708"
"LRTM2","0.131822907342979"
"LRTOMT","0.133119893211636"
"LRWD1","0.133806793986452"
"LSAMP","0.134546362217728"
"LSAMP-AS1","0.133727332737105"
"LSG1","0.134047630770635"
"LSINCT5","0.133491856043616"
"LSM1","0.135533083591268"
"LSM10","0.134004561511676"
"LSM11","0.133657978775529"
"LSM12","0.133806793986452"
"LSM14A","0.134032195687591"
"LSM14B","0.131984122875653"
"LSM2","0.1347939418633"
"LSM3","0.135533083591268"
"LSM4","0.135866928306011"
"LSM5","0.135866928306011"
"LSM6","0.133456316627406"
"LSM7","0.135436984894694"
"LSM8","0.132228325296872"
"LSMEM1","0.135293630749174"
"LSMEM2","0.134936581849938"
"LSP1","0.133279212183248"
"LSR","0.135533083591268"
"LSS","0.134378919409393"
"LST1","0.133422566328768"
"LTA","0.131052758594638"
"LTA4H","0.131588727039016"
"LTB","0.132778834692282"
"LTB4R","0.134084340389672"
"LTB4R2","0.134021011630301"
"LTBP1","0.133858084293693"
"LTBP2","0.133842537948008"
"LTBP3","0.132853328199018"
"LTBP4","0.133674882152964"
"LTBR","0.133502864633665"
"LTC4S","0.133480605813576"
"LTF","0.134431452824494"
"LTK","0.135524648203348"
"LTN1","0.134003184602077"
"LTV1","0.133324395083652"
"LUADT1","0.133727332737105"
"LUC7L","0.133489041201496"
"LUC7L2","0.135293630749174"
"LUC7L3","0.13523560008083"
"LUCAT1","0.133456316627406"
"LUM","0.133657978775529"
"LURAP1","0.133617652401703"
"LURAP1L","0.133249588359402"
"LURAP1L-AS1","0.13588015590009"
"LUZP1","0.134047630770635"
"LUZP2","0.131636195205846"
"LUZP4","0.133815903848542"
"LVCAT1","0.133610551418014"
"LVRN","0.132776367164263"
"LXN","0.133252593135373"
"LY6D","0.133395947280894"
"LY6E","0.133489866527044"
"LY6G5B","0.135344560244679"
"LY6G5C","0.132772158293618"
"LY6G6C","0.133429908636059"
"LY6G6D","0.134936581849938"
"LY6G6E","0.132334491166767"
"LY6G6F","0.132853328199018"
"LY6H","0.131483623353487"
"LY6K","0.133789235517121"
"LY75","0.13230861303828"
"LY75-CD302","0.131608593860174"
"LY86","0.133456316627406"
"LY86-AS1","0.133655120376532"
"LY9","0.133119893211636"
"LY96","0.133429908636059"
"LYAR","0.133374737681205"
"LYG1","0.134323031604207"
"LYG2","0.132671262454259"
"LYL1","0.131483623353487"
"LYN","0.13379849623059"
"LYNX1","0.135533083591268"
"LYPD1","0.133119893211636"
"LYPD2","0.133470623077091"
"LYPD3","0.132761149703568"
"LYPD4","0.132671262454259"
"LYPD5","0.132752904249499"
"LYPD6","0.135544525060766"
"LYPD6B","0.133987501847936"
"LYPD8","0.1347939418633"
"LYPLA1","0.131467776189966"
"LYPLA2","0.133470623077091"
"LYPLAL1","0.132717125549364"
"LYPLAL1-AS1","0.134323031604207"
"LYRM1","0.133801118562499"
"LYRM2","0.13280540142586"
"LYRM4","0.133241409078084"
"LYRM5","0.133891327425936"
"LYRM7","0.132853328199018"
"LYRM9","0.133956732864114"
"LYSMD1","0.132671262454259"
"LYSMD2","0.135552572482389"
"LYSMD3","0.134401109800456"
"LYSMD4","0.133366799454653"
"LYST","0.131608593860174"
"LYVE1","0.131984122875653"
"LYZ","0.132006593156834"
"LYZL1","0.132853328199018"
"LYZL2","0.13382589069221"
"LYZL4","0.133747130451199"
"LYZL6","0.133404192734963"
"LZIC","0.131955339166825"
"LZTFL1","0.133429908636059"
"LZTR1","0.13349046786099"
"LZTS1","0.134001584984204"
"LZTS1-AS1","0.133324395083652"
"LZTS2","0.133021430131182"
"M1AP","0.131953349650254"
"M6PR","0.132333226389143"
"MAATS1","0.133429908636059"
"MAB21L1","0.132776367164263"
"MAB21L2","0.133119893211636"
"MAB21L3","0.131987554826111"
"MACC1","0.133438916749892"
"MACC1-AS1","0.133429908636059"
"MACF1","0.131106092389233"
"MACROD1","0.13441068959522"
"MACROD2","0.133905896426332"
"MACROD2-AS1","0.133940230776726"
"MAD1L1","0.132853328199018"
"MAD2L1","0.135205261683646"
"MAD2L1BP","0.132892539460166"
"MAD2L2","0.132228325296872"
"MADCAM1","0.132781073251149"
"MADD","0.13064081367604"
"MAEA","0.133021430131182"
"MAEL","0.131052758594638"
"MAF","0.13349046786099"
"MAF1","0.133374737681205"
"MAFA","0.133021430131182"
"MAFA-AS1","0.131588727039016"
"MAFB","0.132853328199018"
"MAFF","0.134401109800456"
"MAFG","0.133799097564535"
"MAFG-AS1","0.131483623353487"
"MAFK","0.135346643800931"
"MAFTRR","0.131999590889118"
"MAG","0.133532507090821"
"MAGEA1","0.134378919409393"
"MAGEA10","0.133021430131182"
"MAGEA11","0.132778834692282"
"MAGEA12","0.132650248338713"
"MAGEA2","0.131529485332884"
"MAGEA2B","0.132853328199018"
"MAGEA3","0.133119893211636"
"MAGEA4","0.132645531667244"
"MAGEA6","0.133021430131182"
"MAGEA8","0.132645531667244"
"MAGEA8-AS1","0.131625186615797"
"MAGEA9","0.132650248338713"
"MAGEA9B","0.133456316627406"
"MAGEB1","0.132776367164263"
"MAGEB10","0.133456316627406"
"MAGEB16","0.13144136819862"
"MAGEB2","0.133804681092522"
"MAGEB4","0.13472409775502"
"MAGEB5","0.131106092389233"
"MAGEB6","0.133376850575135"
"MAGEC1","0.132061300032036"
"MAGEC2","0.132228325296872"
"MAGED1","0.133860786584439"
"MAGED2","0.133470623077091"
"MAGED4","0.132288851261849"
"MAGED4B","0.134047630770635"
"MAGEE1","0.133456316627406"
"MAGEE2","0.13135215740972"
"MAGEF1","0.132671262454259"
"MAGEH1","0.131731700835016"
"MAGEL2","0.131106092389233"
"MAGI1","0.133470623077091"
"MAGI1-AS1","0.133597816908826"
"MAGI2","0.132781073251149"
"MAGI3","0.133492045977467"
"MAGIX","0.133422566328768"
"MAGOH","0.132781073251149"
"MAGOHB","0.133402203218391"
"MAGT1","0.131388871022258"
"MAK","0.132781073251149"
"MAK16","0.131503077341538"
"MAL","0.132705089486357"
"MAL2","0.133781617987486"
"MALAT1","0.133657978775529"
"MALL","0.133456316627406"
"MALRD1","0.131738792299666"
"MALSU1","0.129425653312841"
"MALT1","0.132014838610903"
"MAMDC2","0.132781073251149"
"MAMDC2-AS1","0.132902401507581"
"MAMDC4","0.133456316627406"
"MAML1","0.133456316627406"
"MAML2","0.131172144619719"
"MAML3","0.131731700835016"
"MAMLD1","0.131106092389233"
"MAMSTR","0.131608593860174"
"MAN1A1","0.132281993990406"
"MAN1A2","0.133846311597869"
"MAN1B1","0.132671262454259"
"MAN1B1-AS1","0.132781073251149"
"MAN1C1","0.131935909655467"
"MAN2A1","0.133021430131182"
"MAN2A2","0.133802280544215"
"MAN2B1","0.133746509487868"
"MAN2B2","0.131052758594638"
"MAN2C1","0.131052758594638"
"MANBA","0.131623197099225"
"MANBAL","0.132281993990406"
"MANEA","0.133472949271708"
"MANEA-AS1","0.131984122875653"
"MANEAL","0.131999590889118"
"MANF","0.133456316627406"
"MANSC1","0.132781073251149"
"MANSC4","0.131483623353487"
"MAOA","0.133781617987486"
"MAOB","0.133657978775529"
"MAP10","0.134047630770635"
"MAP1A","0.133789453031331"
"MAP1B","0.133194300026095"
"MAP1LC3A","0.133456316627406"
"MAP1LC3B","0.132876447530379"
"MAP1LC3B2","0.132781073251149"
"MAP1LC3C","0.131608593860174"
"MAP1S","0.13064081367604"
"MAP2","0.132333226389143"
"MAP2K1","0.132228325296872"
"MAP2K2","0.13135215740972"
"MAP2K3","0.131052758594638"
"MAP2K4","0.132776367164263"
"MAP2K5","0.133104091162658"
"MAP2K6","0.131731700835016"
"MAP2K7","0.132671262454259"
"MAP3K1","0.131984122875653"
"MAP3K10","0.133148058787231"
"MAP3K11","0.131415279013605"
"MAP3K12","0.132396200309685"
"MAP3K13","0.132664628373003"
"MAP3K14","0.133464513883788"
"MAP3K14-AS1","0.132333226389143"
"MAP3K15","0.133988131326557"
"MAP3K19","0.13135215740972"
"MAP3K2","0.133436408394248"
"MAP3K3","0.133617652401703"
"MAP3K4","0.129789134944529"
"MAP3K5","0.133727332737105"
"MAP3K6","0.132853328199018"
"MAP3K7","0.132781073251149"
"MAP3K7CL","0.131335854646213"
"MAP3K8","0.134936581849938"
"MAP3K9","0.1347939418633"
"MAP4","0.132061300032036"
"MAP4K1","0.134323031604207"
"MAP4K2","0.133148058787231"
"MAP4K3","0.132781073251149"
"MAP4K4","0.134559985522056"
"MAP4K5","0.132396200309685"
"MAP6","0.131588727039016"
"MAP6D1","0.131731700835016"
"MAP7","0.132781073251149"
"MAP7D1","0.133456316627406"
"MAP7D2","0.131694540577373"
"MAP7D3","0.131731700835016"
"MAP9","0.133492045977467"
"MAPK1","0.131543791782569"
"MAPK10","0.132334491166767"
"MAPK11","0.131955339166825"
"MAPK12","0.133429908636059"
"MAPK13","0.131608593860174"
"MAPK14","0.132653444315713"
"MAPK15","0.133831023950379"
"MAPK1IP1L","0.133832623568253"
"MAPK3","0.131430148764458"
"MAPK4","0.132853328199018"
"MAPK6","0.133657978775529"
"MAPK7","0.133384763223604"
"MAPK8","0.134038609584447"
"MAPK8IP1","0.132166205065198"
"MAPK8IP2","0.13379849623059"
"MAPK8IP3","0.133532507090821"
"MAPK9","0.133148058787231"
"MAPKAP1","0.133456316627406"
"MAPKAPK2","0.132895544236138"
"MAPKAPK3","0.133483610589547"
"MAPKAPK5","0.132902401507581"
"MAPKAPK5-AS1","0.133933669759078"
"MAPKBP1","0.132671262454259"
"MAPRE1","0.133429908636059"
"MAPRE2","0.133860786584439"
"MAPRE3","0.131984122875653"
"MAPT","0.133470623077091"
"MAPT-AS1","0.133470623077091"
"MARC1","0.133454334290391"
"MARC2","0.133456316627406"
"MARCH1","0.134047630770635"
"MARCH10","0.131529485332884"
"MARCH11","0.132781073251149"
"MARCH2","0.132749899473528"
"MARCH3","0.134323031604207"
"MARCH4","0.132671262454259"
"MARCH5","0.132671262454259"
"MARCH6","0.133021430131182"
"MARCH7","0.131984122875653"
"MARCH8","0.131470046576644"
"MARCH9","0.132781073251149"
"MARCKS","0.134705665986804"
"MARCKSL1","0.131395728293702"
"MARCO","0.133021430131182"
"MARK1","0.133470623077091"
"MARK2","0.133021430131182"
"MARK3","0.131984122875653"
"MARK4","0.131984122875653"
"MARS","0.131953950984199"
"MARS2","0.131106092389233"
"MARVELD1","0.133793720407681"
"MARVELD2","0.133439337884823"
"MARVELD3","0.132166205065198"
"MAS1","0.133429908636059"
"MAS1L","0.132650248338713"
"MASP1","0.133021430131182"
"MASP2","0.133727332737105"
"MAST1","0.133988131326557"
"MAST2","0.13135215740972"
"MAST3","0.135549880942889"
"MAST4","0.134936581849938"
"MAST4-AS1","0.129789134944529"
"MASTL","0.133498301914964"
"MAT1A","0.133744854913937"
"MAT2A","0.1347939418633"
"MAT2B","0.133470623077091"
"MATK","0.133850450596476"
"MATN1","0.131172144619719"
"MATN1-AS1","0.135546613061569"
"MATN2","0.133119893211636"
"MATN3","0.133021430131182"
"MATN4","0.133376850575135"
"MATR3","0.133447773272743"
"MAU2","0.133279212183248"
"MAVS","0.132853328199018"
"MAX","0.132228325296872"
"MAZ","0.132365310788947"
"MB","0.132853328199018"
"MB21D1","0.133456316627406"
"MB21D2","0.131953349650254"
"MBD1","0.132781073251149"
"MBD2","0.133324395083652"
"MBD3","0.132650248338713"
"MBD3L1","0.132853328199018"
"MBD3L2","0.132866533150624"
"MBD3L5","0.132650248338713"
"MBD4","0.133657978775529"
"MBD5","0.131694540577373"
"MBD6","0.132776367164263"
"MBIP","0.131726756236659"
"MBL2","0.133876885340819"
"MBLAC1","0.131430148764458"
"MBLAC2","0.132781073251149"
"MBNL1","0.132228325296872"
"MBNL1-AS1","0.132781073251149"
"MBNL2","0.131483623353487"
"MBNL3","0.131335854646213"
"MBOAT1","0.133429908636059"
"MBOAT2","0.129946223442124"
"MBOAT4","0.129386016538608"
"MBOAT7","0.132776367164263"
"MBP","0.133429908636059"
"MBTD1","0.132288249927903"
"MBTPS1","0.131172144619719"
"MBTPS2","0.131608593860174"
"MC1R","0.131588727039016"
"MC2R","0.129305452232654"
"MC3R","0.132166205065198"
"MC4R","0.133456316627406"
"MCAM","0.132853328199018"
"MCAT","0.131731700835016"
"MCC","0.13230861303828"
"MCCC1","0.131430148764458"
"MCCC1-AS1","0.132781073251149"
"MCCC2","0.132620355668279"
"MCCD1","0.132671262454259"
"MCEE","0.132650248338713"
"MCEMP1","0.131588727039016"
"MCF2","0.131984122875653"
"MCF2L","0.132853328199018"
"MCF2L-AS1","0.131430148764458"
"MCF2L2","0.133119893211636"
"MCFD2","0.131429332135613"
"MCHR1","0.13135215740972"
"MCHR2","0.132781073251149"
"MCIDAS","0.132228325296872"
"MCL1","0.132671262454259"
"MCM10","0.131944244300438"
"MCM2","0.132333226389143"
"MCM3","0.133324395083652"
"MCM3AP","0.131944244300438"
"MCM3AP-AS1","0.131973712760631"
"MCM4","0.132776367164263"
"MCM5","0.132691247420877"
"MCM6","0.132895544236138"
"MCM7","0.132166205065198"
"MCM8","0.133445898902471"
"MCM9","0.133429908636059"
"MCMBP","0.133021430131182"
"MCMDC2","0.133456316627406"
"MCOLN1","0.133470623077091"
"MCOLN2","0.131172144619719"
"MCOLN3","0.134705665986804"
"MCPH1","0.133456316627406"
"MCPH1-AS1","0.129298486527606"
"MCRS1","0.131605757104438"
"MCTP1","0.129305452232654"
"MCTP2","0.131984122875653"
"MCTS1","0.130748281091418"
"MCU","0.131483623353487"
"MCUR1","0.133324395083652"
"MDC1","0.134401530359801"
"MDC1-AS1","0.131731700835016"
"MDFI","0.132228325296872"
"MDFIC","0.132333226389143"
"MDGA1","0.1336370790478"
"MDGA2","0.131608593860174"
"MDH1","0.133150048303802"
"MDH1B","0.131578869836732"
"MDH2","0.132166205065198"
"MDK","0.130744431159738"
"MDM1","0.131483623353487"
"MDM2","0.131422136285048"
"MDM4","0.131731700835016"
"MDN1","0.133324395083652"
"MDP1","0.132867110568778"
"MDS2","0.132781073251149"
"ME1","0.133392942504922"
"ME2","0.1347939418633"
"ME3","0.132853328199018"
"MEA1","0.129946223442124"
"MEAF6","0.132895544236138"
"MECOM","0.133456316627406"
"MECP2","0.130854241956628"
"MECR","0.132333226389143"
"MED1","0.131529485332884"
"MED10","0.133657978775529"
"MED11","0.131657402275082"
"MED12","0.131106092389233"
"MED12L","0.132166205065198"
"MED13","0.130484136948239"
"MED13L","0.133988131326557"
"MED14","0.133402203218391"
"MED14OS","0.131456204511164"
"MED15","0.133293039077237"
"MED16","0.132876447530379"
"MED17","0.132166205065198"
"MED18","0.132166205065198"
"MED19","0.131987554826111"
"MED20","0.133657978775529"
"MED21","0.133972357352562"
"MED22","0.132741720192209"
"MED23","0.132671262454259"
"MED24","0.131483623353487"
"MED25","0.131608593860174"
"MED26","0.133021430131182"
"MED27","0.133761629589705"
"MED28","0.132671262454259"
"MED29","0.133119893211636"
"MED30","0.133645258329118"
"MED31","0.131944244300438"
"MED4","0.132333226389143"
"MED4-AS1","0.133318215076203"
"MED6","0.132761149703568"
"MED7","0.133655120376532"
"MED8","0.133727332737105"
"MED9","0.131608593860174"
"MEDAG","0.132781073251149"
"MEF2A","0.133324395083652"
"MEF2B","0.131944244300438"
"MEF2C","0.133233496429615"
"MEF2C-AS1","0.131944244300438"
"MEF2D","0.133343567719459"
"MEFV","0.132853328199018"
"MEG3","0.132781073251149"
"MEG8","0.130961295811622"
"MEG9","0.132866533150624"
"MEGF10","0.131588727039016"
"MEGF11","0.132166205065198"
"MEGF6","0.133119893211636"
"MEGF8","0.131106092389233"
"MEGF9","0.131430148764458"
"MEI1","0.131193061917115"
"MEI4","0.128474585416311"
"MEIG1","0.131731700835016"
"MEIKIN","0.131944088936785"
"MEIOB","0.132776367164263"
"MEIOC","0.134545702591467"
"MEIS1","0.131423524467674"
"MEIS1-AS2","0.132901800173635"
"MEIS1-AS3","0.131105474645709"
"MEIS2","0.131944244300438"
"MEIS3","0.131323818583206"
"MELK","0.131172144619719"
"MEMO1","0.132333226389143"
"MEN1","0.130003736633449"
"MEOX1","0.132776367164263"
"MEOX2","0.131608593860174"
"MEOX2-AS1","0.132864933532751"
"MEP1A","0.133470623077091"
"MEP1B","0.132857832549062"
"MEPCE","0.13064081367604"
"MEPE","0.13135215740972"
"MERTK","0.132228325296872"
"MESDC1","0.131984122875653"
"MESDC2","0.133727332737105"
"MESP1","0.13333430700599"
"MESP2","0.130716061232365"
"MEST","0.132650248338713"
"MESTIT1","0.133456316627406"
"MET","0.132650248338713"
"METAP1","0.132781073251149"
"METAP1D","0.129789134944529"
"METAP2","0.128641487701632"
"METRN","0.129789134944529"
"METRNL","0.132892539460166"
"METTL1","0.133429908636059"
"METTL10","0.132853328199018"
"METTL11B","0.133260838589442"
"METTL12","0.132228325296872"
"METTL13","0.132033212204708"
"METTL14","0.132776367164263"
"METTL15","0.131608593860174"
"METTL16","0.132228325296872"
"METTL17","0.133436408394248"
"METTL18","0.132262897284648"
"METTL20","0.133021430131182"
"METTL21A","0.132776367164263"
"METTL21B","0.129946223442124"
"METTL21C","0.134416191205284"
"METTL22","0.131643560209602"
"METTL23","0.131335854646213"
"METTL24","0.133958845758044"
"METTL25","0.133972357352562"
"METTL2A","0.131172144619719"
"METTL2B","0.13135215740972"
"METTL3","0.131608593860174"
"METTL4","0.133324395083652"
"METTL5","0.132228325296872"
"METTL6","0.133021430131182"
"METTL7A","0.131588727039016"
"METTL7B","0.132228325296872"
"METTL8","0.129946223442124"
"METTL9","0.133436408394248"
"MEX3A","0.131944244300438"
"MEX3B","0.133119893211636"
"MEX3C","0.132650248338713"
"MEX3D","0.131693152394747"
"MFAP1","0.13135215740972"
"MFAP2","0.132653444315713"
"MFAP3","0.131726756236659"
"MFAP3L","0.135293630749174"
"MFAP4","0.132661623597032"
"MFAP5","0.132853328199018"
"MFF","0.129946223442124"
"MFGE8","0.131470046576644"
"MFHAS1","0.130716061232365"
"MFI2","0.132650248338713"
"MFI2-AS1","0.132650248338713"
"MFN1","0.132166205065198"
"MFN2","0.133727332737105"
"MFNG","0.133021430131182"
"MFSD1","0.133384763223604"
"MFSD10","0.132776367164263"
"MFSD11","0.133324395083652"
"MFSD12","0.133241409078084"
"MFSD13A","0.131172144619719"
"MFSD14A","0.133324395083652"
"MFSD14B","0.132228325296872"
"MFSD14C","0.133429908636059"
"MFSD2A","0.132671262454259"
"MFSD2B","0.131984122875653"
"MFSD3","0.133021430131182"
"MFSD4","0.133119893211636"
"MFSD5","0.132776367164263"
"MFSD6","0.133794136409919"
"MFSD6L","0.133021430131182"
"MFSD7","0.132333226389143"
"MFSD8","0.133727332737105"
"MFSD9","0.132671262454259"
"MGA","0.133456316627406"
"MGAM","0.131947093712756"
"MGAM2","0.13135215740972"
"MGARP","0.132781073251149"
"MGAT1","0.132776367164263"
"MGAT2","0.131738792299666"
"MGAT3","0.131944244300438"
"MGAT3-AS1","0.133657978775529"
"MGAT4A","0.131421534951102"
"MGAT4B","0.132645531667244"
"MGAT4C","0.133603569265435"
"MGAT4D","0.132705089486357"
"MGAT5","0.133456316627406"
"MGAT5B","0.132166205065198"
"MGC15885","0.131106092389233"
"MGC16275","0.134411842963033"
"MGC32805","0.131955339166825"
"MGC39584","0.133324395083652"
"MGC45922","0.131588727039016"
"MGEA5","0.132661623597032"
"MGLL","0.132228325296872"
"MGME1","0.133259450406816"
"MGMT","0.131999590889118"
"MGP","0.133657978775529"
"MGRN1","0.132396200309685"
"MGST1","0.132671262454259"
"MGST2","0.132781073251149"
"MGST3","0.132781073251149"
"MIA","0.132853328199018"
"MIA-RAB4B","0.132288851261849"
"MIA2","0.132671262454259"
"MIA3","0.129428345250304"
"MIAT","0.129789134944529"
"MIATNB","0.132650248338713"
"MIB1","0.133456316627406"
"MIB2","0.133657978775529"
"MICA","0.133324395083652"
"MICAL1","0.131470046576644"
"MICAL2","0.131657284037791"
"MICAL3","0.132741720192209"
"MICALCL","0.131106092389233"
"MICALL1","0.133617652401703"
"MICALL2","0.132166205065198"
"MICB","0.132761149703568"
"MICU1","0.132671262454259"
"MICU2","0.133021430131182"
"MICU3","0.131588727039016"
"MID1","0.131984122875653"
"MID1IP1","0.132650248338713"
"MID1IP1-AS1","0.133119893211636"
"MID2","0.133119893211636"
"MIDN","0.132278989214435"
"MIEF1","0.131944244300438"
"MIEF2","0.129946223442124"
"MIEN1","0.133119893211636"
"MIER1","0.132228325296872"
"MIER2","0.133657978775529"
"MIER3","0.132650248338713"
"MIF","0.132781073251149"
"MIF-AS1","0.132290239444475"
"MIF4GD","0.133456316627406"
"MIIP","0.129042288626275"
"MILR1","0.131608593860174"
"MIMT1","0.131588727039016"
"MINA","0.132776367164263"
"MINCR","0.13144136819862"
"MINK1","0.132228325296872"
"MINOS1","0.133111192146346"
"MINPP1","0.133456316627406"
"MIOS","0.132650248338713"
"MIOX","0.131944244300438"
"MIP","0.133021430131182"
"MIPEP","0.132653444315713"
"MIPOL1","0.129789134944529"
"MIR1-1HG","0.131430148764458"
"MIR100HG","0.131430148764458"
"MIR133A1HG","0.131430148764458"
"MIR137HG","0.13322358204986"
"MIR1539","0.131909382025681"
"MIR155HG","0.132166205065198"
"MIR181A1HG","0.13111931671119"
"MIR181A2HG","0.132166205065198"
"MIR193BHG","0.133657978775529"
"MIR194-2HG","0.132653444315713"
"MIR202HG","0.131430148764458"
"MIR2052HG","0.131483623353487"
"MIR210HG","0.131291602923921"
"MIR2117HG","0.131429332135613"
"MIR217HG","0.131396182307847"
"MIR219A2","0.13135215740972"
"MIR222HG","0.132781073251149"
"MIR22HG","0.133456316627406"
"MIR3142HG","0.132671262454259"
"MIR3179-1","0.133202818820586"
"MIR3179-3","0.132650248338713"
"MIR3180-1","0.131283357469851"
"MIR3180-4","0.129063310319805"
"MIR325HG","0.133097530145009"
"MIR34AHG","0.132166205065198"
"MIR3663HG","0.131588727039016"
"MIR3681HG","0.131984122875653"
"MIR3945HG","0.131482082639651"
"MIR3976HG","0.132228325296872"
"MIR4290HG","0.131483623353487"
"MIR4300HG","0.131984122875653"
"MIR4307HG","0.130775790663816"
"MIR4432HG","0.132333226389143"
"MIR4435-2HG","0.132650248338713"
"MIR4458HG","0.131984122875653"
"MIR4500HG","0.131052758594638"
"MIR497HG","0.128474585416311"
"MIR503HG","0.131731700835016"
"MIR548XHG","0.132333226389143"
"MIR5689HG","0.133603569265435"
"MIR646HG","0.131984122875653"
"MIR7-3HG","0.132650248338713"
"MIR7515HG","0.131421534951102"
"MIR762HG","0.133470623077091"
"MIR9-3HG","0.131995409099544"
"MIR99AHG","0.133849410617044"
"MIRLET7BHG","0.131608593860174"
"MIRLET7DHG","0.133021430131182"
"MIS12","0.13064081367604"
"MIS18A","0.133119893211636"
"MIS18A-AS1","0.132650248338713"
"MIS18BP1","0.131984122875653"
"MISP","0.131608593860174"
"MITD1","0.13144136819862"
"MITF","0.131430148764458"
"MIXL1","0.13064081367604"
"MKI67","0.131193061917115"
"MKKS","0.131588727039016"
"MKL1","0.133815903848542"
"MKL2","0.129539837200447"
"MKLN1","0.131953349650254"
"MKNK1","0.131467776189966"
"MKNK1-AS1","0.129789134944529"
"MKNK2","0.132671262454259"
"MKRN1","0.131944244300438"
"MKRN2","0.130484136948239"
"MKRN2OS","0.130484136948239"
"MKRN3","0.132333226389143"
"MKRN3-AS1","0.132759160186996"
"MKS1","0.130716061232365"
"MKX","0.129886055956448"
"MKX-AS1","0.133324395083652"
"MLANA","0.132671262454259"
"MLC1","0.129898405218913"
"MLEC","0.132166205065198"
"MLF1","0.131944244300438"
"MLF2","0.131944244300438"
"MLH1","0.133754168968096"
"MLH3","0.129789134944529"
"MLIP","0.132853328199018"
"MLIP-AS1","0.131430148764458"
"MLK7-AS1","0.133429908636059"
"MLKL","0.131106092389233"
"MLLT1","0.129898405218913"
"MLLT10","0.133119893211636"
"MLLT11","0.132650248338713"
"MLLT3","0.132014838610903"
"MLLT4","0.13346143527408"
"MLLT4-AS1","0.13064081367604"
"MLLT6","0.132166205065198"
"MLNR","0.133456316627406"
"MLPH","0.13135215740972"
"MLST8","0.132650248338713"
"MLX","0.132776367164263"
"MLXIP","0.131483623353487"
"MLXIPL","0.133429908636059"
"MLYCD","0.133988131326557"
"MMAA","0.133456316627406"
"MMAB","0.132166205065198"
"MMACHC","0.129886055956448"
"MMADHC","0.133324395083652"
"MMD","0.132166205065198"
"MMD2","0.133119893211636"
"MME","0.131430148764458"
"MME-AS1","0.133456316627406"
"MMEL1","0.133534067999219"
"MMGT1","0.132759761520942"
"MMP1","0.132776367164263"
"MMP10","0.132228325296872"
"MMP11","0.129886055956448"
"MMP12","0.133456316627406"
"MMP13","0.133456316627406"
"MMP14","0.132645531667244"
"MMP15","0.134323031604207"
"MMP16","0.133727332737105"
"MMP17","0.133119893211636"
"MMP19","0.133534067999219"
"MMP2","0.131430148764458"
"MMP20","0.133534067999219"
"MMP21","0.133324395083652"
"MMP23B","0.13135215740972"
"MMP24","0.13109459883666"
"MMP24-AS1","0.133260838589442"
"MMP25","0.133324395083652"
"MMP25-AS1","0.132333226389143"
"MMP27","0.131731700835016"
"MMP28","0.132892539460166"
"MMP3","0.133453974652471"
"MMP7","0.132759761520942"
"MMP8","0.134323031604207"
"MMP9","0.132650248338713"
"MMRN1","0.131712914171178"
"MMRN2","0.133456316627406"
"MMS19","0.133456316627406"
"MMS22L","0.132853328199018"
"MN1","0.134323031604207"
"MNAT1","0.133119893211636"
"MND1","0.134323031604207"
"MNDA","0.133021430131182"
"MNS1","0.131731700835016"
"MNT","0.133657978775529"
"MNX1","0.133727332737105"
"MNX1-AS1","0.131731700835016"
"MNX1-AS2","0.132922163284012"
"MOAP1","0.131944244300438"
"MOB1A","0.131588727039016"
"MOB1B","0.131588727039016"
"MOB2","0.130484136948239"
"MOB3A","0.132166205065198"
"MOB3B","0.135182840463534"
"MOB3C","0.131430148764458"
"MOB4","0.133727332737105"
"MOBP","0.130484136948239"
"MOCOS","0.132781073251149"
"MOCS1","0.131588727039016"
"MOCS2","0.132228325296872"
"MOCS3","0.131984122875653"
"MOG","0.131944244300438"
"MOGAT1","0.132228325296872"
"MOGAT2","0.132650248338713"
"MOGAT3","0.131052758594638"
"MOGS","0.131984122875653"
"MOK","0.133456316627406"
"MON1A","0.132781073251149"
"MON1B","0.131106092389233"
"MON2","0.133534067999219"
"MORC1","0.132333226389143"
"MORC2","0.133021430131182"
"MORC2-AS1","0.131944244300438"
"MORC3","0.132671262454259"
"MORC4","0.133456316627406"
"MORF4L1","0.133429908636059"
"MORF4L2","0.132853328199018"
"MORF4L2-AS1","0.131944244300438"
"MORN1","0.132853328199018"
"MORN2","0.131608593860174"
"MORN3","0.133456316627406"
"MORN4","0.131483623353487"
"MORN5","0.132228325296872"
"MOSPD1","0.133429908636059"
"MOSPD2","0.131588727039016"
"MOSPD3","0.131984122875653"
"MOV10","0.131944244300438"
"MOV10L1","0.131483623353487"
"MOXD1","0.131731147481007"
"MPC1","0.134323031604207"
"MPC2","0.132333226389143"
"MPDU1","0.132228325296872"
"MPDZ","0.131052758594638"
"MPEG1","0.131483623353487"
"MPG","0.130716061232365"
"MPHOSPH10","0.129789134944529"
"MPHOSPH6","0.133429908636059"
"MPHOSPH8","0.131543791782569"
"MPHOSPH9","0.132853328199018"
"MPI","0.129455968004207"
"MPL","0.131052758594638"
"MPLKIP","0.132166205065198"
"MPND","0.133456316627406"
"MPO","0.133021430131182"
"MPP1","0.133429908636059"
"MPP2","0.13154552756178"
"MPP3","0.132333226389143"
"MPP4","0.133534067999219"
"MPP5","0.133119893211636"
"MPP6","0.132781073251149"
"MPP7","0.131731700835016"
"MPPE1","0.132333226389143"
"MPPED1","0.132996684725623"
"MPPED2","0.132781073251149"
"MPRIP","0.131947093712756"
"MPRIP-AS1","0.132776367164263"
"MPST","0.132228325296872"
"MPV17","0.133470623077091"
"MPV17L","0.132013450428277"
"MPV17L2","0.131944244300438"
"MPZ","0.131483623353487"
"MPZL1","0.133021430131182"
"MPZL2","0.133456316627406"
"MPZL3","0.132228325296872"
"MR1","0.133021430131182"
"MRAP","0.133119893211636"
"MRAP2","0.132322455103761"
"MRAS","0.133657978775529"
"MRC1","0.134936581849938"
"MRC2","0.133603153263196"
"MRE11A","0.131483623353487"
"MREG","0.13064081367604"
"MRFAP1","0.132853328199018"
"MRFAP1L1","0.131430148764458"
"MRGBP","0.132671262454259"
"MRGPRE","0.132671262454259"
"MRGPRF","0.132781073251149"
"MRGPRF-AS1","0.131944244300438"
"MRGPRG-AS1","0.130716061232365"
"MRGPRX2","0.131984122875653"
"MRGPRX4","0.133456316627406"
"MRI1","0.132333226389143"
"MRLN","0.131588727039016"
"MRM1","0.131430148764458"
"MRO","0.131731700835016"
"MROH1","0.133324395083652"
"MROH2A","0.133324395083652"
"MROH2B","0.132650248338713"
"MROH6","0.132715192562423"
"MROH7","0.132671262454259"
"MROH7-TTC4","0.133456316627406"
"MROH8","0.131052758594638"
"MROH9","0.131106092389233"
"MRPL1","0.132166205065198"
"MRPL10","0.132776367164263"
"MRPL11","0.132396200309685"
"MRPL12","0.132671262454259"
"MRPL13","0.131608593860174"
"MRPL14","0.133429908636059"
"MRPL15","0.133429908636059"
"MRPL16","0.132778694019475"
"MRPL17","0.130003736633449"
"MRPL18","0.132781073251149"
"MRPL19","0.133119893211636"
"MRPL2","0.132671262454259"
"MRPL20","0.132853328199018"
"MRPL21","0.1326708843105"
"MRPL22","0.131483623353487"
"MRPL23","0.131588727039016"
"MRPL23-AS1","0.131800501442584"
"MRPL24","0.134323031604207"
"MRPL27","0.132166205065198"
"MRPL28","0.132333226389143"
"MRPL3","0.130003736633449"
"MRPL30","0.131731700835016"
"MRPL32","0.132853328199018"
"MRPL33","0.132715192562423"
"MRPL34","0.133429908636059"
"MRPL35","0.131944244300438"
"MRPL36","0.131984122875653"
"MRPL37","0.132671262454259"
"MRPL38","0.132776367164263"
"MRPL39","0.131436442734733"
"MRPL4","0.131106092389233"
"MRPL40","0.131944244300438"
"MRPL41","0.132228325296872"
"MRPL42","0.132228325296872"
"MRPL43","0.131944244300438"
"MRPL44","0.133103731524737"
"MRPL45","0.132853328199018"
"MRPL46","0.13135215740972"
"MRPL47","0.132228325296872"
"MRPL48","0.130003736633449"
"MRPL49","0.129946223442124"
"MRPL50","0.131436442734733"
"MRPL51","0.130504454162658"
"MRPL52","0.133534067999219"
"MRPL53","0.129946223442124"
"MRPL54","0.131430148764458"
"MRPL55","0.133291418459227"
"MRPL57","0.131483623353487"
"MRPL9","0.131106092389233"
"MRPS10","0.131483623353487"
"MRPS11","0.131657284037791"
"MRPS12","0.13135215740972"
"MRPS14","0.131302878021788"
"MRPS15","0.133534067999219"
"MRPS16","0.130504454162658"
"MRPS17","0.133021430131182"
"MRPS18A","0.133324395083652"
"MRPS18B","0.133429908636059"
"MRPS18C","0.134411612244121"
"MRPS2","0.131608593860174"
"MRPS21","0.13135215740972"
"MRPS22","0.132850850396483"
"MRPS23","0.132851271531414"
"MRPS24","0.131927997006998"
"MRPS25","0.130504454162658"
"MRPS26","0.130484136948239"
"MRPS27","0.132776367164263"
"MRPS28","0.133429908636059"
"MRPS30","0.129437763659964"
"MRPS31","0.130484136948239"
"MRPS33","0.131483623353487"
"MRPS34","0.131483623353487"
"MRPS35","0.132853328199018"
"MRPS36","0.132650248338713"
"MRPS5","0.130819147856661"
"MRPS6","0.132333226389143"
"MRPS7","0.131588727039016"
"MRPS9","0.131412274237634"
"MRRF","0.130484136948239"
"MRS2","0.13135215740972"
"MRTO4","0.132776367164263"
"MRVI1","0.13064081367604"
"MRVI1-AS1","0.132671262454259"
"MS4A1","0.129946223442124"
"MS4A10","0.131464019299905"
"MS4A12","0.131731700835016"
"MS4A13","0.13135215740972"
"MS4A14","0.130852751698572"
"MS4A15","0.129886055956448"
"MS4A18","0.129298486527606"
"MS4A2","0.130716061232365"
"MS4A3","0.13111931671119"
"MS4A4A","0.131588727039016"
"MS4A4E","0.130484136948239"
"MS4A5","0.13135215740972"
"MS4A6A","0.129425653312841"
"MS4A6E","0.133289926402806"
"MS4A7","0.132671262454259"
"MS4A8","0.13135215740972"
"MSANTD1","0.130504454162658"
"MSANTD2","0.129425653312841"
"MSANTD3","0.129539837200447"
"MSANTD4","0.129886055956448"
"MSC","0.132650248338713"
"MSC-AS1","0.130484136948239"
"MSH2","0.132776367164263"
"MSH3","0.131483623353487"
"MSH4","0.130504454162658"
"MSH5","0.129455968004207"
"MSH5-SAPCD1","0.131540999857454"
"MSH6","0.129042288626275"
"MSI1","0.130716061232365"
"MSI2","0.130670685953813"
"MSL1","0.129042288626275"
"MSL2","0.132781073251149"
"MSL3","0.132781073251149"
"MSLN","0.132333226389143"
"MSLNL","0.131052758594638"
"MSMB","0.13135215740972"
"MSMO1","0.131608593860174"
"MSMP","0.131944244300438"
"MSN","0.132166205065198"
"MSR1","0.133470623077091"
"MSRA","0.133429908636059"
"MSRB1","0.132650248338713"
"MSRB2","0.132166205065198"
"MSRB3","0.132333226389143"
"MSS51","0.131483623353487"
"MST1","0.132671262454259"
"MST1R","0.130504454162658"
"MSTN","0.130484136948239"
"MSTO1","0.134705665986804"
"MSX1","0.131430148764458"
"MSX2","0.131944244300438"
"MT-ATP6","0.129886055956448"
"MT-ATP8","0.130484136948239"
"MT-CO1","0.132333226389143"
"MT-CO2","0.130818546522715"
"MT-CO3","0.13135215740972"
"MT-CYB","0.131984122875653"
"MT-ND1","0.131087101051904"
"MT-ND2","0.13064081367604"
"MT-ND3","0.13142958546329"
"MT-ND4","0.129789134944529"
"MT-ND4L","0.131597844455969"
"MT-ND5","0.129898405218913"
"MT-ND6","0.132228325296872"
"MT1A","0.131467776189966"
"MT1B","0.131984122875653"
"MT1E","0.131731700835016"
"MT1F","0.131430148764458"
"MT1G","0.130793193879459"
"MT1H","0.131540999857454"
"MT1HL1","0.129428345250304"
"MT1M","0.132228325296872"
"MT1X","0.13111931671119"
"MT2A","0.128651659179522"
"MT3","0.131984122875653"
"MTA1","0.129539837200447"
"MTA2","0.13079253281371"
"MTA3","0.131588727039016"
"MTAP","0.131231284139668"
"MTBP","0.130636480777956"
"MTCH1","0.131608593860174"
"MTCH2","0.132671262454259"
"MTCL1","0.132006593156834"
"MTCP1","0.132228325296872"
"MTDH","0.132853328199018"
"MTERF1","0.131049844512321"
"MTERF2","0.132671262454259"
"MTERF3","0.132853328199018"
"MTERF4","0.131395728293702"
"MTF1","0.133470623077091"
"MTF2","0.132166205065198"
"MTFMT","0.132853328199018"
"MTFP1","0.131540999857454"
"MTFR1","0.13139803524144"
"MTFR1L","0.132853328199018"
"MTFR2","0.131423524467674"
"MTG1","0.129898405218913"
"MTG2","0.131323818583206"
"MTHFD1","0.133094417470578"
"MTHFD1L","0.130716061232365"
"MTHFD2","0.129886055956448"
"MTHFD2L","0.131483623353487"
"MTHFR","0.131429332135613"
"MTHFS","0.131944244300438"
"MTHFSD","0.131540999857454"
"MTIF2","0.131984122875653"
"MTIF3","0.132707173444274"
"MTL5","0.133595092916468"
"MTM1","0.130852751698572"
"MTMR1","0.128945958567426"
"MTMR10","0.131961483314941"
"MTMR11","0.132333226389143"
"MTMR12","0.130484136948239"
"MTMR14","0.132228325296872"
"MTMR2","0.131731700835016"
"MTMR3","0.13135215740972"
"MTMR4","0.132228325296872"
"MTMR6","0.130300434229411"
"MTMR7","0.132166205065198"
"MTMR8","0.130661707901273"
"MTMR9","0.131540999857454"
"MTNR1A","0.132228325296872"
"MTO1","0.130787826726823"
"MTOR","0.129886055956448"
"MTOR-AS1","0.131462419682032"
"MTPAP","0.130003736633449"
"MTPN","0.131540999857454"
"MTR","0.129886055956448"
"MTRF1","0.131415279013605"
"MTRF1L","0.128745203405784"
"MTRNR2L1","0.131588727039016"
"MTRNR2L10","0.130716061232365"
"MTRNR2L11","0.132929989119151"
"MTRNR2L12","0.131731700835016"
"MTRNR2L13","0.131731700835016"
"MTRNR2L3","0.131052758594638"
"MTRNR2L4","0.132166205065198"
"MTRNR2L6","0.131944244300438"
"MTRNR2L7","0.131984122875653"
"MTRNR2L8","0.131386267928091"
"MTRR","0.13135215740972"
"MTSS1","0.130649671838266"
"MTSS1L","0.131540999857454"
"MTTP","0.132726707276753"
"MTURN","0.131540999857454"
"MTUS1","0.130239784859432"
"MTUS2","0.132776367164263"
"MTUS2-AS1","0.13135215740972"
"MTUS2-AS2","0.129437763659964"
"MTX1","0.131540999857454"
"MTX2","0.130748281091418"
"MTX3","0.131341485643103"
"MUC1","0.13139803524144"
"MUC12","0.131572668457004"
"MUC13","0.132251383287019"
"MUC15","0.131359859936745"
"MUC16","0.133088632661112"
"MUC17","0.131608593860174"
"MUC20","0.130775790663816"
"MUC21","0.132166205065198"
"MUC22","0.129886055956448"
"MUC3A","0.130670685953813"
"MUC4","0.132650248338713"
"MUC5AC","0.130131423388895"
"MUC5B","0.13064081367604"
"MUC6","0.129789134944529"
"MUC7","0.129425653312841"
"MUCL1","0.1313697743165"
"MUL1","0.130504454162658"
"MUM1","0.130227748796426"
"MUM1L1","0.13139803524144"
"MURC","0.13064081367604"
"MUS81","0.128745203405784"
"MUSK","0.131540999857454"
"MUT","0.130299046046785"
"MUTYH","0.131984122875653"
"MVB12A","0.129946223442124"
"MVB12B","0.130716061232365"
"MVD","0.130484136948239"
"MVK","0.130484136948239"
"MVP","0.13064081367604"
"MX1","0.131731700835016"
"MX2","0.13064081367604"
"MXD1","0.129898405218913"
"MXD3","0.13135215740972"
"MXD4","0.131944244300438"
"MXI1","0.129305452232654"
"MXRA5","0.130484136948239"
"MXRA7","0.132619934533348"
"MXRA8","0.129898405218913"
"MYADM","0.129789134944529"
"MYADML2","0.13064081367604"
"MYB","0.131335854646213"
"MYB-AS1","0.131984122875653"
"MYBBP1A","0.130003736633449"
"MYBL1","0.128651659179522"
"MYBL2","0.13135215740972"
"MYBPC1","0.129946223442124"
"MYBPC2","0.129437763659964"
"MYBPC3","0.129455968004207"
"MYBPH","0.129898405218913"
"MYBPHL","0.131052758594638"
"MYC","0.132166205065198"
"MYCBP","0.130716061232365"
"MYCBP2","0.130716061232365"
"MYCBP2-AS1","0.131430148764458"
"MYCBPAP","0.131052758594638"
"MYCL","0.129425653312841"
"MYCN","0.132333226389143"
"MYCNOS","0.128972299374898"
"MYCNUT","0.131430148764458"
"MYCT1","0.131984122875653"
"MYD88","0.131078855597835"
"MYDGF","0.131540999857454"
"MYEF2","0.131588727039016"
"MYEOV","0.131540999857454"
"MYEOV2","0.132228325296872"
"MYF6","0.130852751698572"
"MYH1","0.131540999857454"
"MYH10","0.129789134944529"
"MYH11","0.129428345250304"
"MYH13","0.128049727243524"
"MYH14","0.131540999857454"
"MYH15","0.13135215740972"
"MYH2","0.131430148764458"
"MYH3","0.131483623353487"
"MYH4","0.132671262454259"
"MYH6","0.132664628373003"
"MYH7","0.131423524467674"
"MYH7B","0.131608593860174"
"MYH8","0.131483623353487"
"MYH9","0.131588727039016"
"MYHAS","0.13064081367604"
"MYL1","0.131588727039016"
"MYL10","0.129946223442124"
"MYL12A","0.131608593860174"
"MYL12B","0.129789134944529"
"MYL2","0.129437763659964"
"MYL3","0.131395126959756"
"MYL4","0.131483623353487"
"MYL5","0.131430148764458"
"MYL6","0.13064081367604"
"MYL6B","0.131540999857454"
"MYL7","0.131430148764458"
"MYL9","0.130852751698572"
"MYLIP","0.132333226389143"
"MYLK","0.129946223442124"
"MYLK-AS1","0.132650248338713"
"MYLK-AS2","0.129386016538608"
"MYLK2","0.130504454162658"
"MYLK3","0.129886055956448"
"MYLK4","0.130484136948239"
"MYLPF","0.131052758594638"
"MYNN","0.131052758594638"
"MYO10","0.129437763659964"
"MYO15A","0.132776367164263"
"MYO15B","0.132166205065198"
"MYO16","0.129946223442124"
"MYO16-AS1","0.133456316627406"
"MYO18A","0.131483623353487"
"MYO18B","0.13135215740972"
"MYO19","0.131483623353487"
"MYO1A","0.131731700835016"
"MYO1B","0.129437763659964"
"MYO1C","0.130775790663816"
"MYO1D","0.131430148764458"
"MYO1E","0.129386016538608"
"MYO1F","0.130227748796426"
"MYO1G","0.133119893211636"
"MYO1H","0.130003736633449"
"MYO3A","0.13139803524144"
"MYO3B","0.129946223442124"
"MYO5A","0.131540999857454"
"MYO5B","0.130716061232365"
"MYO5C","0.131483623353487"
"MYO6","0.129386016538608"
"MYO7A","0.132650248338713"
"MYO7B","0.131430148764458"
"MYO9A","0.132166205065198"
"MYO9B","0.132853328199018"
"MYOC","0.13135215740972"
"MYOCD","0.129437763659964"
"MYOD1","0.129079727198365"
"MYOF","0.128652345481292"
"MYOG","0.132262967268096"
"MYOM1","0.130716061232365"
"MYOM2","0.131483623353487"
"MYOM3","0.129428345250304"
"MYOT","0.131588727039016"
"MYOZ1","0.129305452232654"
"MYOZ2","0.130194144954514"
"MYOZ3","0.128825675859209"
"MYPN","0.128945958567426"
"MYPOP","0.13135215740972"
"MYRF","0.129789134944529"
"MYRFL","0.130132024722841"
"MYRIP","0.129455968004207"
"MYSM1","0.132707794407606"
"MYT1","0.129425653312841"
"MYT1L","0.129455968004207"
"MYZAP","0.130504454162658"
"MZB1","0.131302878021788"
"MZF1","0.130484136948239"
"MZF1-AS1","0.130716302828151"
"MZT1","0.13139803524144"
"MZT2A","0.129898405218913"
"MZT2B","0.131483623353487"
"N4BP1","0.128825675859209"
"N4BP2","0.13064081367604"
"N4BP2L1","0.129886055956448"
"N4BP2L2","0.131608593860174"
"N4BP3","0.130787826726823"
"N6AMT1","0.129789134944529"
"N6AMT2","0.130504454162658"
"NAA10","0.132228325296872"
"NAA11","0.131052758594638"
"NAA15","0.129305452232654"
"NAA16","0.130504454162658"
"NAA20","0.130484136948239"
"NAA25","0.131212450391399"
"NAA30","0.131181839688012"
"NAA35","0.130716061232365"
"NAA38","0.131078855597835"
"NAA40","0.132650248338713"
"NAA50","0.130638470294527"
"NAA60","0.132236263185182"
"NAAA","0.131588727039016"
"NAALAD2","0.130003736633449"
"NAALADL1","0.130787826726823"
"NAALADL2","0.130165628564752"
"NAALADL2-AS2","0.13064081367604"
"NAB1","0.13320832043065"
"NAB2","0.129305452232654"
"NABP1","0.13019553313714"
"NABP2","0.129789134944529"
"NACA","0.129437763659964"
"NACA2","0.129789134944529"
"NACAD","0.131731700835016"
"NACC1","0.13064081367604"
"NACC2","0.13139803524144"
"NADK","0.131731700835016"
"NADK2","0.131256636782924"
"NADK2-AS1","0.132333226389143"
"NADSYN1","0.129455968004207"
"NAE1","0.131944244300438"
"NAF1","0.130504454162658"
"NAGA","0.130630224840458"
"NAGK","0.130504454162658"
"NAGLU","0.128652345481292"
"NAGPA","0.131588727039016"
"NAGS","0.132166205065198"
"NAIF1","0.13135215740972"
"NAIP","0.132945133614525"
"NALCN","0.131483623353487"
"NALCN-AS1","0.132228325296872"
"NALT1","0.131588727039016"
"NAMA","0.131944244300438"
"NAMPT","0.129789134944529"
"NANOG","0.13064081367604"
"NANOGNB","0.130504454162658"
"NANOGP8","0.130864787761579"
"NANOS1","0.131540999857454"
"NANOS2","0.128745203405784"
"NANOS3","0.132333226389143"
"NANP","0.129305452232654"
"NANS","0.131078855597835"
"NAP1L1","0.131944244300438"
"NAP1L2","0.129898405218913"
"NAP1L3","0.128080530494382"
"NAP1L4","0.130716061232365"
"NAP1L5","0.130716061232365"
"NAP1L6","0.131588727039016"
"NAPA","0.130003736633449"
"NAPA-AS1","0.129455968004207"
"NAPB","0.130484136948239"
"NAPEPLD","0.13064081367604"
"NAPG","0.130649671838266"
"NAPRT","0.129437763659964"
"NAPSA","0.131588727039016"
"NARF","0.131430148764458"
"NARFL","0.129298486527606"
"NARS","0.128651659179522"
"NARS2","0.129886055956448"
"NASP","0.129789134944529"
"NAT1","0.132333226389143"
"NAT10","0.132166205065198"
"NAT14","0.132228325296872"
"NAT16","0.129437763659964"
"NAT2","0.129886055956448"
"NAT6","0.129386016538608"
"NAT8","0.129386016538608"
"NAT8L","0.132650248338713"
"NAT9","0.13064081367604"
"NATD1","0.129898405218913"
"NAV1","0.129789134944529"
"NAV2","0.129789134944529"
"NAV2-AS1","0.129428345250304"
"NAV2-AS2","0.128945958567426"
"NAV2-AS3","0.130292188775342"
"NAV2-AS4","0.129437763659964"
"NAV3","0.129946223442124"
"NBAS","0.131430148764458"
"NBAT1","0.131052758594638"
"NBEA","0.131540999857454"
"NBEAL1","0.129428345250304"
"NBEAL2","0.131483623353487"
"NBL1","0.131984122875653"
"NBN","0.130716061232365"
"NBPF1","0.131483623353487"
"NBPF10","0.128960943302053"
"NBPF11","0.131052758594638"
"NBPF12","0.132650248338713"
"NBPF14","0.129437763659964"
"NBPF15","0.128825675859209"
"NBPF19","0.132650248338713"
"NBPF20","0.129425653312841"
"NBPF26","0.129428345250304"
"NBPF3","0.132671262454259"
"NBPF9","0.132951756129183"
"NBR1","0.131052758594638"
"NCALD","0.131588727039016"
"NCAM1","0.131540999857454"
"NCAM2","0.13139803524144"
"NCAN","0.131944244300438"
"NCAPD2","0.129946223442124"
"NCAPD3","0.128745203405784"
"NCAPG","0.130003736633449"
"NCAPG2","0.130484136948239"
"NCAPH","0.131540999857454"
"NCAPH2","0.13064081367604"
"NCBP1","0.130484136948239"
"NCBP2","0.129789134944529"
"NCBP2-AS1","0.130484136948239"
"NCBP2-AS2","0.131540999857454"
"NCBP2L","0.129455968004207"
"NCBP3","0.132620355668279"
"NCCRP1","0.13135215740972"
"NCDN","0.131731700835016"
"NCEH1","0.131193423669089"
"NCF1","0.129437763659964"
"NCF2","0.129943667799991"
"NCF4","0.131384475621397"
"NCK1","0.128276024573595"
"NCK1-AS1","0.131984122875653"
"NCK2","0.131131352774197"
"NCKAP1","0.130616067996355"
"NCKAP1L","0.131483623353487"
"NCKAP5","0.132228325296872"
"NCKAP5L","0.132166205065198"
"NCKIPSD","0.129437763659964"
"NCL","0.13068272201682"
"NCLN","0.129789134944529"
"NCMAP","0.129943667799991"
"NCOA1","0.128651659179522"
"NCOA2","0.130484136948239"
"NCOA3","0.13135215740972"
"NCOA4","0.131944244300438"
"NCOA5","0.131052758594638"
"NCOA6","0.129305452232654"
"NCOA7","0.128745203405784"
"NCOA7-AS1","0.131229849114849"
"NCOR1","0.131984122875653"
"NCOR2","0.131588727039016"
"NCR1","0.13139803524144"
"NCR2","0.13142958546329"
"NCR3","0.130716061232365"
"NCR3LG1","0.12750324211695"
"NCRNA00250","0.131430148764458"
"NCS1","0.132228325296872"
"NCSTN","0.131430148764458"
"NDC1","0.129455968004207"
"NDC80","0.130484136948239"
"NDE1","0.13135215740972"
"NDEL1","0.131944244300438"
"NDFIP1","0.131430148764458"
"NDFIP2","0.131430148764458"
"NDN","0.128651659179522"
"NDNF","0.133291418459227"
"NDOR1","0.130716061232365"
"NDP","0.131052758594638"
"NDRG1","0.128960943302053"
"NDRG2","0.131052758594638"
"NDRG3","0.131588727039016"
"NDRG4","0.132586250013768"
"NDST1","0.13139803524144"
"NDST2","0.132228325296872"
"NDST3","0.129416456879003"
"NDST4","0.129386016538608"
"NDUFA1","0.13064081367604"
"NDUFA10","0.131052758594638"
"NDUFA11","0.129946223442124"
"NDUFA12","0.131052758594638"
"NDUFA13","0.129428345250304"
"NDUFA2","0.131052758594638"
"NDUFA3","0.132166205065198"
"NDUFA4","0.129789134944529"
"NDUFA4L2","0.130716061232365"
"NDUFA5","0.13144136819862"
"NDUFA6","0.131540999857454"
"NDUFA7","0.131588727039016"
"NDUFA8","0.129789134944529"
"NDUFA9","0.132333226389143"
"NDUFAB1","0.129898405218913"
"NDUFAF1","0.129437763659964"
"NDUFAF2","0.132333226389143"
"NDUFAF3","0.13139803524144"
"NDUFAF4","0.133429908636059"
"NDUFAF5","0.132853328199018"
"NDUFAF6","0.130003736633449"
"NDUFAF7","0.131483623353487"
"NDUFB1","0.1332534880052"
"NDUFB10","0.133042324630541"
"NDUFB11","0.132776367164263"
"NDUFB2","0.13135215740972"
"NDUFB2-AS1","0.132650248338713"
"NDUFB3","0.1332534880052"
"NDUFB4","0.131944244300438"
"NDUFB5","0.134047630770635"
"NDUFB6","0.132671262454259"
"NDUFB7","0.132166205065198"
"NDUFB8","0.131430148764458"
"NDUFB9","0.133324395083652"
"NDUFC1","0.131540999857454"
"NDUFC2","0.131540999857454"
"NDUFC2-KCTD14","0.130504454162658"
"NDUFS1","0.131540999857454"
"NDUFS2","0.129437763659964"
"NDUFS3","0.132776367164263"
"NDUFS4","0.132650248338713"
"NDUFS5","0.130716061232365"
"NDUFS6","0.131540999857454"
"NDUFS7","0.131483623353487"
"NDUFS8","0.13135215740972"
"NDUFV1","0.130504454162658"
"NDUFV2","0.130504454162658"
"NDUFV2-AS1","0.132166205065198"
"NDUFV3","0.130484136948239"
"NEAT1","0.13064081367604"
"NEB","0.133324395083652"
"NEBL","0.129386016538608"
"NEBL-AS1","0.132228325296872"
"NECAB1","0.131483623353487"
"NECAB2","0.13135215740972"
"NECAB3","0.132333226389143"
"NECAP1","0.132166205065198"
"NECAP2","0.131483623353487"
"NEDD1","0.131944244300438"
"NEDD4","0.131944244300438"
"NEDD4L","0.129455968004207"
"NEDD8","0.132936005349492"
"NEDD8-MDP1","0.132333226389143"
"NEDD9","0.131540999857454"
"NEFH","0.131052758594638"
"NEFL","0.129386016538608"
"NEFM","0.133119893211636"
"NEGR1","0.129455968004207"
"NEIL1","0.131052758594638"
"NEIL2","0.129437763659964"
"NEIL3","0.130003736633449"
"NEK1","0.133456316627406"
"NEK10","0.131483623353487"
"NEK11","0.132166205065198"
"NEK2","0.13139803524144"
"NEK3","0.131052758594638"
"NEK4","0.132333226389143"
"NEK5","0.132776367164263"
"NEK6","0.128825675859209"
"NEK7","0.13064081367604"
"NEK8","0.132853328199018"
"NEK9","0.130504454162658"
"NELFA","0.133324395083652"
"NELFB","0.133291418459227"
"NELFCD","0.132228325296872"
"NELFE","0.129886055956448"
"NELL1","0.133324395083652"
"NELL2","0.131430148764458"
"NEMF","0.13135215740972"
"NEMP1","0.129428345250304"
"NEMP2","0.130484136948239"
"NENF","0.130716061232365"
"NEO1","0.131944244300438"
"NES","0.131944244300438"
"NET1","0.130504454162658"
"NETO1","0.130484136948239"
"NETO2","0.129416456879003"
"NEU1","0.131430148764458"
"NEU2","0.129789134944529"
"NEU3","0.134493817702049"
"NEU4","0.129886055956448"
"NEURL1","0.129898405218913"
"NEURL1B","0.130484136948239"
"NEURL2","0.133291418459227"
"NEURL3","0.128960943302053"
"NEURL4","0.131944244300438"
"NEUROD1","0.13135215740972"
"NEUROD2","0.129946223442124"
"NEUROD4","0.131430148764458"
"NEUROG1","0.133119893211636"
"NEUROG2","0.134047630770635"
"NEUROG3","0.133119893211636"
"NEXN","0.131052758594638"
"NEXN-AS1","0.131540999857454"
"NF1","0.13064081367604"
"NF2","0.132650248338713"
"NFAM1","0.129455968004207"
"NFASC","0.132333226389143"
"NFAT5","0.131483623353487"
"NFATC1","0.1332534880052"
"NFATC2","0.129093849287909"
"NFATC2IP","0.133119893211636"
"NFATC3","0.13135215740972"
"NFATC4","0.13139803524144"
"NFE2","0.132650248338713"
"NFE2L1","0.132166205065198"
"NFE2L2","0.133119893211636"
"NFE2L3","0.13064081367604"
"NFE4","0.131944244300438"
"NFIA","0.131052758594638"
"NFIA-AS2","0.129886055956448"
"NFIB","0.133324395083652"
"NFIC","0.129898405218913"
"NFIL3","0.129425653312841"
"NFIX","0.130003736633449"
"NFKB1","0.130716061232365"
"NFKB2","0.128745203405784"
"NFKBIA","0.13064081367604"
"NFKBIB","0.129428345250304"
"NFKBID","0.129886055956448"
"NFKBIE","0.133291418459227"
"NFKBIL1","0.132853328199018"
"NFKBIZ","0.130716061232365"
"NFRKB","0.134047630770635"
"NFS1","0.129428345250304"
"NFU1","0.13135215740972"
"NFX1","0.130716061232365"
"NFXL1","0.129946223442124"
"NFYA","0.129455968004207"
"NFYB","0.130484136948239"
"NFYC","0.133291418459227"
"NFYC-AS1","0.129093849287909"
"NGB","0.132776367164263"
"NGDN","0.131430148764458"
"NGEF","0.128825675859209"
"NGF","0.131052758594638"
"NGFR","0.132166205065198"
"NGFRAP1","0.130716061232365"
"NGLY1","0.133429908636059"
"NGRN","0.13064081367604"
"NHEG1","0.127871394330852"
"NHEJ1","0.131483623353487"
"NHLH1","0.13135215740972"
"NHLH2","0.133534067999219"
"NHLRC1","0.131052758594638"
"NHLRC2","0.131052758594638"
"NHLRC3","0.129428345250304"
"NHLRC4","0.133291418459227"
"NHP2","0.133291418459227"
"NHS","0.131052758594638"
"NHS-AS1","0.133260838589442"
"NHSL1","0.131944244300438"
"NHSL2","0.133534067999219"
"NICN1","0.131588727039016"
"NID1","0.134047630770635"
"NID2","0.133291418459227"
"NIF3L1","0.132166205065198"
"NIFK","0.132228325296872"
"NIFK-AS1","0.129455968004207"
"NIM1K","0.130003736633449"
"NIN","0.130484136948239"
"NINJ1","0.133291418459227"
"NINJ2","0.130484136948239"
"NINL","0.129898405218913"
"NIP7","0.132228325296872"
"NIPA1","0.131540999857454"
"NIPA2","0.131483623353487"
"NIPAL1","0.132650248338713"
"NIPAL2","0.13139803524144"
"NIPAL3","0.132650248338713"
"NIPAL4","0.133456316627406"
"NIPBL","0.131483623353487"
"NIPSNAP1","0.1332534880052"
"NIPSNAP3A","0.131483623353487"
"NIPSNAP3B","0.129789134944529"
"NISCH","0.131052758594638"
"NIT1","0.128960943302053"
"NIT2","0.129437763659964"
"NKAIN1","0.13135215740972"
"NKAIN2","0.131588727039016"
"NKAIN3","0.129789134944529"
"NKAIN4","0.130003736633449"
"NKAP","0.129298486527606"
"NKAPL","0.131483623353487"
"NKD1","0.131588727039016"
"NKD2","0.129455968004207"
"NKG7","0.131052758594638"
"NKILA","0.131944244300438"
"NKIRAS1","0.131540999857454"
"NKIRAS2","0.131483623353487"
"NKPD1","0.13135215740972"
"NKRF","0.133456316627406"
"NKTR","0.129305452232654"
"NKX1-2","0.13064081367604"
"NKX2-1","0.129455968004207"
"NKX2-1-AS1","0.129305452232654"
"NKX2-2","0.130504454162658"
"NKX2-3","0.132228325296872"
"NKX2-4","0.129898405218913"
"NKX2-5","0.130504454162658"
"NKX2-8","0.131052758594638"
"NKX3-1","0.13139803524144"
"NKX3-2","0.129298486527606"
"NKX6-1","0.130716061232365"
"NKX6-2","0.13064081367604"
"NKX6-3","0.133119893211636"
"NLE1","0.133119893211636"
"NLGN1","0.131944244300438"
"NLGN2","0.129425653312841"
"NLGN3","0.129946223442124"
"NLGN4X","0.13139803524144"
"NLGN4Y","0.131430148764458"
"NLGN4Y-AS1","0.128651659179522"
"NLK","0.129093849287909"
"NLN","0.129386016538608"
"NLRC3","0.129789134944529"
"NLRC4","0.129416456879003"
"NLRC5","0.132166205065198"
"NLRP1","0.128745203405784"
"NLRP11","0.129298486527606"
"NLRP12","0.131540999857454"
"NLRP14","0.129886055956448"
"NLRP2","0.128651659179522"
"NLRP2P","0.129455968004207"
"NLRP3","0.130484136948239"
"NLRP4","0.130716061232365"
"NLRP5","0.133119893211636"
"NLRP6","0.129298486527606"
"NLRP7","0.13135215740972"
"NLRP8","0.129898405218913"
"NLRP9","0.13135215740972"
"NLRX1","0.131052758594638"
"NMB","0.131430148764458"
"NMBR","0.129425653312841"
"NMD3","0.128474585416311"
"NME1","0.126498375827778"
"NME1-NME2","0.130716061232365"
"NME2","0.131944244300438"
"NME3","0.129789134944529"
"NME4","0.131540999857454"
"NME5","0.13064081367604"
"NME6","0.129789134944529"
"NME7","0.13135215740972"
"NME8","0.128049727243524"
"NME9","0.130003736633449"
"NMI","0.131944244300438"
"NMNAT1","0.131052758594638"
"NMNAT2","0.130003736633449"
"NMNAT3","0.128960943302053"
"NMRAL1","0.129425653312841"
"NMRK1","0.129437763659964"
"NMRK2","0.128825675859209"
"NMS","0.129898405218913"
"NMT1","0.128555946203863"
"NMT2","0.128745203405784"
"NMU","0.129305452232654"
"NMUR1","0.129886055956448"
"NMUR2","0.130003736633449"
"NNAT","0.128651659179522"
"NNMT","0.130716061232365"
"NNT","0.129789134944529"
"NNT-AS1","0.132228325296872"
"NOA1","0.129789134944529"
"NOB1","0.127688661418823"
"NOC2L","0.131540999857454"
"NOC3L","0.129789134944529"
"NOC4L","0.130484136948239"
"NOCT","0.130003736633449"
"NOD1","0.129455968004207"
"NOD2","0.131052758594638"
"NODAL","0.129898405218913"
"NOG","0.130484136948239"
"NOL10","0.130484136948239"
"NOL11","0.129789134944529"
"NOL12","0.131052758594638"
"NOL3","0.128651659179522"
"NOL4","0.129789134944529"
"NOL4L","0.13139803524144"
"NOL6","0.129425653312841"
"NOL7","0.131052758594638"
"NOL8","0.128745203405784"
"NOL9","0.133291418459227"
"NOLC1","0.132776367164263"
"NOM1","0.128745203405784"
"NOMO1","0.132776367164263"
"NOMO2","0.128972299374898"
"NOMO3","0.128972299374898"
"NONO","0.12750324211695"
"NOP10","0.132650248338713"
"NOP14","0.127548264911525"
"NOP14-AS1","0.131944244300438"
"NOP16","0.129051266641831"
"NOP2","0.129051266641831"
"NOP56","0.131944244300438"
"NOP58","0.128291684532986"
"NOP9","0.129428345250304"
"NOS1","0.129437763659964"
"NOS1AP","0.129051266641831"
"NOS2","0.128651659179522"
"NOS3","0.130504454162658"
"NOSIP","0.13135215740972"
"NOSTRIN","0.130504454162658"
"NOTCH1","0.129898405218913"
"NOTCH2","0.129886055956448"
"NOTCH2NL","0.133534067999219"
"NOTCH3","0.129789134944529"
"NOTCH4","0.129789134944529"
"NOTO","0.129425653312841"
"NOTUM","0.13135215740972"
"NOV","0.128972299374898"
"NOVA1","0.128652345481292"
"NOVA1-AS1","0.129886055956448"
"NOVA2","0.131483623353487"
"NOX1","0.129455968004207"
"NOX3","0.128945958567426"
"NOX4","0.129428345250304"
"NOX5","0.129946223442124"
"NOXA1","0.127688661418823"
"NOXO1","0.129898405218913"
"NOXRED1","0.130484136948239"
"NPAP1","0.128825675859209"
"NPAS1","0.130003736633449"
"NPAS2","0.129305452232654"
"NPAS3","0.127871394330852"
"NPAS4","0.131944244300438"
"NPAT","0.129886055956448"
"NPB","0.129051266641831"
"NPBWR1","0.129886055956448"
"NPC1","0.129051266641831"
"NPC1L1","0.129093849287909"
"NPC2","0.129789134944529"
"NPDC1","0.132650248338713"
"NPEPL1","0.129789134944529"
"NPEPPS","0.128972299374898"
"NPFF","0.131540999857454"
"NPFFR1","0.128960943302053"
"NPFFR2","0.129437763659964"
"NPHP1","0.128945958567426"
"NPHP3","0.13139803524144"
"NPHP3-ACAD11","0.128651659179522"
"NPHP3-AS1","0.129789134944529"
"NPHP4","0.129437763659964"
"NPHS1","0.129886055956448"
"NPIPA1","0.131052758594638"
"NPIPA3","0.128972299374898"
"NPIPA5","0.129093849287909"
"NPIPA7","0.129416456879003"
"NPIPA8","0.131430148764458"
"NPIPB11","0.129428345250304"
"NPIPB15","0.130003736633449"
"NPIPB3","0.129428345250304"
"NPIPB4","0.131052758594638"
"NPIPB5","0.131483623353487"
"NPIPB6","0.129425653312841"
"NPIPB7","0.13135215740972"
"NPIPB8","0.129428345250304"
"NPIPB9","0.129789134944529"
"NPL","0.130716061232365"
"NPLOC4","0.131540999857454"
"NPM1","0.130003736633449"
"NPM2","0.130716061232365"
"NPM3","0.129298486527606"
"NPNT","0.129305452232654"
"NPPA","0.130484136948239"
"NPPA-AS1","0.130484136948239"
"NPPB","0.129305452232654"
"NPPC","0.128272434653003"
"NPR1","0.128651659179522"
"NPR2","0.127599601092451"
"NPR3","0.129298486527606"
"NPRL2","0.130716061232365"
"NPRL3","0.132776367164263"
"NPSR1","0.13135215740972"
"NPTN","0.129428345250304"
"NPTX1","0.129437763659964"
"NPTX2","0.1347939418633"
"NPTXR","0.128972299374898"
"NPW","0.129093849287909"
"NPY","0.131052758594638"
"NPY1R","0.130504454162658"
"NPY2R","0.129946223442124"
"NPY5R","0.129789134944529"
"NQO1","0.13135215740972"
"NQO2","0.128825675859209"
"NR0B1","0.129428345250304"
"NR0B2","0.129425653312841"
"NR1D1","0.128825675859209"
"NR1D2","0.128972299374898"
"NR1H2","0.128555946203863"
"NR1H3","0.129789134944529"
"NR1H4","0.131052758594638"
"NR1I2","0.129789134944529"
"NR1I3","0.129425653312841"
"NR2C1","0.129898405218913"
"NR2C2","0.129428345250304"
"NR2C2AP","0.129886055956448"
"NR2E1","0.129428345250304"
"NR2E3","0.129886055956448"
"NR2F1","0.129425653312841"
"NR2F1-AS1","0.129298486527606"
"NR2F2","0.128972299374898"
"NR2F2-AS1","0.129455968004207"
"NR2F6","0.129425653312841"
"NR3C1","0.128972299374898"
"NR3C2","0.128474585416311"
"NR4A1","0.128652345481292"
"NR4A2","0.128555946203863"
"NR4A3","0.129428345250304"
"NR5A1","0.130504454162658"
"NR5A2","0.128652345481292"
"NR6A1","0.131540999857454"
"NRAP","0.129051266641831"
"NRARP","0.129093849287909"
"NRAS","0.128825675859209"
"NRAV","0.12750324211695"
"NRBF2","0.128945958567426"
"NRBP1","0.129437763659964"
"NRBP2","0.130484136948239"
"NRCAM","0.130504454162658"
"NRDC","0.128272434653003"
"NRDE2","0.127688661418823"
"NREP","0.128651659179522"
"NRF1","0.129789134944529"
"NRG1","0.128825675859209"
"NRG2","0.128825675859209"
"NRG3","0.129305452232654"
"NRG4","0.128652345481292"
"NRGN","0.129051266641831"
"NRIP1","0.129886055956448"
"NRIP2","0.129093849287909"
"NRIP3","0.128960943302053"
"NRIR","0.128276024573595"
"NRK","0.13064081367604"
"NRL","0.129425653312841"
"NRM","0.129051266641831"
"NRN1","0.128474585416311"
"NRN1L","0.127738845112178"
"NRP1","0.13139803524144"
"NRP2","0.127548264911525"
"NRROS","0.128825675859209"
"NRSN1","0.129093849287909"
"NRSN2","0.128945958567426"
"NRSN2-AS1","0.129428345250304"
"NRTN","0.128652345481292"
"NRXN1","0.126840390743836"
"NRXN2","0.129946223442124"
"NRXN3","0.129305452232654"
"NSA2","0.128945958567426"
"NSD1","0.129093849287909"
"NSDHL","0.127548264911525"
"NSF","0.127599601092451"
"NSFL1C","0.129298486527606"
"NSG1","0.128945958567426"
"NSL1","0.127001041820471"
"NSMAF","0.129789134944529"
"NSMCE1","0.129298486527606"
"NSMCE2","0.125062147217895"
"NSMCE3","0.128555946203863"
"NSMCE4A","0.129298486527606"
"NSMF","0.128276024573595"
"NSRP1","0.128555946203863"
"NSUN2","0.128960943302053"
"NSUN3","0.127738845112178"
"NSUN4","0.129298486527606"
"NSUN5","0.127738845112178"
"NSUN6","0.127738845112178"
"NSUN7","0.127688661418823"
"NT5C","0.128555946203863"
"NT5C1A","0.128276024573595"
"NT5C1B","0.128272434653003"
"NT5C2","0.127548264911525"
"NT5C3A","0.128651659179522"
"NT5C3B","0.129093849287909"
"NT5DC1","0.128652345481292"
"NT5DC2","0.127036528373295"
"NT5DC3","0.128945958567426"
"NT5DC4","0.123035840019905"
"NT5E","0.128825675859209"
"NT5M","0.127599601092451"
"NTAN1","0.129437763659964"
"NTF3","0.128272434653003"
"NTF4","0.128049727243524"
"NTHL1","0.128474585416311"
"NTM","0.128276024573595"
"NTM-AS1","0.128272434653003"
"NTMT1","0.128651659179522"
"NTN1","0.129305452232654"
"NTN3","0.128825675859209"
"NTN4","0.129428345250304"
"NTN5","0.128960943302053"
"NTNG1","0.129425653312841"
"NTNG2","0.129455968004207"
"NTPCR","0.129437763659964"
"NTRK1","0.129051266641831"
"NTRK2","0.127738845112178"
"NTRK3","0.128276024573595"
"NTS","0.126339210160369"
"NTSR1","0.127001041820471"
"NTSR2","0.128745203405784"
"NUAK1","0.12750324211695"
"NUAK2","0.128652345481292"
"NUB1","0.129428345250304"
"NUBP1","0.127036528373295"
"NUBP2","0.129305452232654"
"NUBPL","0.128825675859209"
"NUCB1","0.126741025621014"
"NUCB1-AS1","0.129093849287909"
"NUCB2","0.129416456879003"
"NUCKS1","0.127599601092451"
"NUDC","0.129051266641831"
"NUDCD1","0.125666269617836"
"NUDCD2","0.128474585416311"
"NUDCD3","0.127599601092451"
"NUDT1","0.126498375827778"
"NUDT10","0.127738845112178"
"NUDT11","0.126191500909263"
"NUDT12","0.127599601092451"
"NUDT13","0.126840390743836"
"NUDT14","0.130504454162658"
"NUDT15","0.128474585416311"
"NUDT16","0.129898405218913"
"NUDT16L1","0.129416456879003"
"NUDT17","0.127738845112178"
"NUDT18","0.128825675859209"
"NUDT19","0.125024877480168"
"NUDT2","0.128276024573595"
"NUDT21","0.127036528373295"
"NUDT22","0.128960943302053"
"NUDT3","0.129093849287909"
"NUDT4","0.129093849287909"
"NUDT5","0.128474585416311"
"NUDT6","0.12750324211695"
"NUDT7","0.127957683004685"
"NUDT8","0.128474585416311"
"NUDT9","0.129898405218913"
"NUF2","0.128272434653003"
"NUFIP1","0.129051266641831"
"NUFIP2","0.128960943302053"
"NUGGC","0.127738845112178"
"NUMA1","0.129455968004207"
"NUMB","0.127548264911525"
"NUMBL","0.129298486527606"
"NUP107","0.127548264911525"
"NUP133","0.128745203405784"
"NUP153","0.128474585416311"
"NUP155","0.12750324211695"
"NUP160","0.129298486527606"
"NUP188","0.129898405218913"
"NUP205","0.129051266641831"
"NUP210","0.13064081367604"
"NUP210L","0.128745203405784"
"NUP214","0.129886055956448"
"NUP35","0.129425653312841"
"NUP37","0.128276024573595"
"NUP43","0.128652345481292"
"NUP50","0.127599601092451"
"NUP50-AS1","0.128049727243524"
"NUP54","0.128651659179522"
"NUP58","0.128972299374898"
"NUP62","0.128960943302053"
"NUP62CL","0.126132533510288"
"NUP85","0.128272434653003"
"NUP88","0.129034162803474"
"NUP93","0.122920006809859"
"NUP98","0.127036528373295"
"NUPL2","0.12750324211695"
"NUPR1","0.127036528373295"
"NUPR2","0.128049727243524"
"NUS1","0.129425653312841"
"NUSAP1","0.126498375827778"
"NUTF2","0.124294432747693"
"NUTM1","0.128960943302053"
"NUTM2A","0.127599601092451"
"NUTM2A-AS1","0.125946470700056"
"NUTM2B","0.126191500909263"
"NUTM2B-AS1","0.128474585416311"
"NUTM2D","0.128651659179522"
"NUTM2E","0.129425653312841"
"NUTM2F","0.127548264911525"
"NUTM2G","0.128651659179522"
"NVL","0.128960943302053"
"NWD1","0.128960943302053"
"NWD2","0.126333931919241"
"NXF1","0.127548264911525"
"NXF2B","0.129789134944529"
"NXF3","0.128960943302053"
"NXF5","0.127738845112178"
"NXN","0.129416456879003"
"NXNL1","0.128474585416311"
"NXNL2","0.125946470700056"
"NXPE1","0.127548264911525"
"NXPE2","0.128276024573595"
"NXPE3","0.127599601092451"
"NXPE4","0.128049727243524"
"NXPH1","0.129428345250304"
"NXPH2","0.128450885604287"
"NXPH3","0.127738845112178"
"NXPH4","0.128272434653003"
"NXT1","0.127036528373295"
"NXT2","0.127688661418823"
"NYAP1","0.127738845112178"
"NYAP2","0.126333931919241"
"NYNRIN","0.128049727243524"
"NYX","0.129034162803474"
"OAF","0.12750324211695"
"OARD1","0.129298486527606"
"OAS1","0.12750324211695"
"OAS2","0.128825675859209"
"OAS3","0.128276024573595"
"OASL","0.128474585416311"
"OAT","0.127738845112178"
"OAZ1","0.128825675859209"
"OAZ2","0.126840390743836"
"OAZ3","0.12750324211695"
"OBFC1","0.127688661418823"
"OBP2A","0.126333931919241"
"OBP2B","0.126498375827778"
"OBSCN","0.126132533510288"
"OBSL1","0.126132533510288"
"OC90","0.125342541665016"
"OCA2","0.129093849287909"
"OCEL1","0.129051266641831"
"OCIAD1","0.129051266641831"
"OCIAD1-AS1","0.128555946203863"
"OCIAD2","0.125666269617836"
"OCLM","0.126191500909263"
"OCLN","0.128651659179522"
"OCM","0.123239040960075"
"OCM2","0.127548264911525"
"OCRL","0.127036528373295"
"OCSTAMP","0.126741025621014"
"ODAM","0.128945958567426"
"ODC1","0.127688661418823"
"ODF1","0.128651659179522"
"ODF2","0.12750324211695"
"ODF2-AS1","0.128272434653003"
"ODF2L","0.128945958567426"
"ODF3","0.129298486527606"
"ODF3B","0.125489815403089"
"ODF3L1","0.128272434653003"
"ODF3L2","0.129051266641831"
"ODF4","0.128124511410273"
"OFCC1","0.128474585416311"
"OFD1","0.125024877480168"
"OGDH","0.128652345481292"
"OGDHL","0.128945958567426"
"OGFOD1","0.128276024573595"
"OGFOD2","0.126191500909263"
"OGFOD3","0.12737208475447"
"OGFR","0.129051266641831"
"OGFR-AS1","0.128651659179522"
"OGFRL1","0.129051266641831"
"OGFRP1","0.126132533510288"
"OGG1","0.125023542167433"
"OGN","0.128276024573595"
"OGT","0.127599601092451"
"OIP5","0.122432750398856"
"OIT3","0.12750324211695"
"OLA1","0.129305452232654"
"OLAH","0.128474585416311"
"OLFM1","0.12767715487154"
"OLFM2","0.12767715487154"
"OLFM3","0.127738845112178"
"OLFM4","0.129253049243954"
"OLFML1","0.128651659179522"
"OLFML2A","0.125318946573034"
"OLFML2B","0.127738845112178"
"OLFML3","0.128945958567426"
"OLIG1","0.128960943302053"
"OLIG2","0.129253049243954"
"OLIG3","0.128745203405784"
"OLMALINC","0.12767715487154"
"OLR1","0.129034162803474"
"OMA1","0.128555946203863"
"OMD","0.128272434653003"
"OMG","0.124551674623229"
"ONECUT1","0.125987785759521"
"ONECUT2","0.125796850042722"
"ONECUT3","0.127548264911525"
"OOEP","0.126191500909263"
"OPA1","0.129298486527606"
"OPA1-AS1","0.12767715487154"
"OPA3","0.128272434653003"
"OPALIN","0.127548264911525"
"OPCML","0.125024877480168"
"OPHN1","0.126132533510288"
"OPLAH","0.126498375827778"
"OPN1LW","0.125987785759521"
"OPN1MW","0.128651659179522"
"OPN1MW3","0.128652345481292"
"OPN1SW","0.129253049243954"
"OPN3","0.125946470700056"
"OPN4","0.126840390743836"
"OPN5","0.129034162803474"
"OPRD1","0.126840390743836"
"OPRK1","0.128272434653003"
"OPRL1","0.129425653312841"
"OPRM1","0.128272434653003"
"OPTC","0.126191500909263"
"OPTN","0.127688661418823"
"OR10AD1","0.126840390743836"
"OR10G2","0.127036528373295"
"OR10G3","0.12780059450709"
"OR10H1","0.125024877480168"
"OR10H2","0.126191500909263"
"OR10P1","0.129051266641831"
"OR10V1","0.125342541665016"
"OR11H1","0.126132533510288"
"OR13A1","0.126498375827778"
"OR13C5","0.126333931919241"
"OR13G1","0.128049727243524"
"OR14I1","0.128651659179522"
"OR1D5","0.126333931919241"
"OR1J1","0.128555946203863"
"OR1J4","0.129298486527606"
"OR1N2","0.127921724436114"
"OR1Q1","0.127738845112178"
"OR2A1-AS1","0.128960943302053"
"OR2A7","0.127548264911525"
"OR2AE1","0.127688661418823"
"OR2AK2","0.129093849287909"
"OR2AT4","0.129340451891258"
"OR2B11","0.128474585416311"
"OR2B6","0.125796850042722"
"OR2C1","0.128652345481292"
"OR2C3","0.129886055956448"
"OR2D3","0.126333931919241"
"OR2K2","0.129428345250304"
"OR2L13","0.126132533510288"
"OR2L2","0.127688661418823"
"OR2L8","0.127036528373295"
"OR2T10","0.128652345481292"
"OR2T8","0.126741025621014"
"OR2V1","0.126498375827778"
"OR2W3","0.126132533510288"
"OR3A3","0.129428345250304"
"OR4A47","0.129051266641831"
"OR4B1","0.127548264911525"
"OR4C6","0.128825675859209"
"OR4D10","0.128651659179522"
"OR4F21","0.125489815403089"
"OR4F3","0.127738845112178"
"OR4K17","0.129253049243954"
"OR4M1","0.127548264911525"
"OR4N2","0.127548264911525"
"OR51B2","0.127220257084222"
"OR51B4","0.128972299374898"
"OR51B5","0.128652345481292"
"OR51B6","0.128745203405784"
"OR51E1","0.129305452232654"
"OR51E2","0.128049727243524"
"OR51I1","0.128276024573595"
"OR52H1","0.128960943302053"
"OR52I1","0.128745203405784"
"OR52K1","0.128960943302053"
"OR52K2","0.127437112875402"
"OR52N2","0.129034162803474"
"OR52N4","0.128945958567426"
"OR52N5","0.128049727243524"
"OR56A3","0.126741025621014"
"OR56A5","0.1284154215416"
"OR56B1","0.128960943302053"
"OR5A1","0.12767715487154"
"OR5AN1","0.129034162803474"
"OR5AU1","0.12501853801899"
"OR5B12","0.128276024573595"
"OR5B21","0.12767715487154"
"OR5M11","0.1270184744821"
"OR5P2","0.128945958567426"
"OR5P3","0.128825675859209"
"OR6C70","0.128745203405784"
"OR6C76","0.128960943302053"
"OR6K2","0.128652345481292"
"OR6K3","0.127688661418823"
"OR7A5","0.128825675859209"
"OR7C1","0.128049727243524"
"OR7D2","0.127782266596601"
"OR7E24","0.12767715487154"
"OR8A1","0.128555946203863"
"OR8B12","0.128474585416311"
"OR8B3","0.125987785759521"
"OR8D2","0.124315486043554"
"OR8G1","0.127036528373295"
"OR8G5","0.128276024573595"
"OR8S1","0.125946470700056"
"OR9A2","0.127036528373295"
"OR9Q1","0.126498375827778"
"ORAI1","0.128276024573595"
"ORAI2","0.129305452232654"
"ORAI3","0.124551674623229"
"ORAOV1","0.125024877480168"
"ORC1","0.12767715487154"
"ORC2","0.125547252572109"
"ORC3","0.128049727243524"
"ORC4","0.126840390743836"
"ORC5","0.127548264911525"
"ORC6","0.129425653312841"
"ORM1","0.128272434653003"
"ORM2","0.127738845112178"
"ORMDL1","0.126191500909263"
"ORMDL2","0.128652345481292"
"ORMDL3","0.127001041820471"
"OS9","0.128745203405784"
"OSBP","0.124999746068631"
"OSBP2","0.126498375827778"
"OSBPL10","0.127738845112178"
"OSBPL10-AS1","0.129093849287909"
"OSBPL11","0.129051266641831"
"OSBPL1A","0.128276024573595"
"OSBPL2","0.126132533510288"
"OSBPL3","0.128825675859209"
"OSBPL5","0.128651659179522"
"OSBPL6","0.128276024573595"
"OSBPL7","0.126191500909263"
"OSBPL8","0.128945958567426"
"OSBPL9","0.127738845112178"
"OSCAR","0.128276024573595"
"OSCP1","0.125796850042722"
"OSER1","0.129437763659964"
"OSER1-AS1","0.128276024573595"
"OSGEP","0.127599601092451"
"OSGEPL1","0.128555946203863"
"OSGEPL1-AS1","0.128049727243524"
"OSGIN1","0.126333931919241"
"OSGIN2","0.127599601092451"
"OSM","0.12767715487154"
"OSMR","0.125547252572109"
"OSMR-AS1","0.128825675859209"
"OSR1","0.128474585416311"
"OSR2","0.126333931919241"
"OST4","0.128945958567426"
"OSTC","0.126741025621014"
"OSTF1","0.128276024573595"
"OSTM1","0.12767715487154"
"OSTM1-AS1","0.128276024573595"
"OSTN","0.129305452232654"
"OSTN-AS1","0.12767715487154"
"OTC","0.12750324211695"
"OTOA","0.12767715487154"
"OTOF","0.128272434653003"
"OTOG","0.12750324211695"
"OTOGL","0.127001041820471"
"OTOP2","0.128825675859209"
"OTOP3","0.125489815403089"
"OTOR","0.128049727243524"
"OTOS","0.128651659179522"
"OTP","0.127688661418823"
"OTUB1","0.12750324211695"
"OTUB2","0.127599601092451"
"OTUD1","0.128652345481292"
"OTUD3","0.12746842176252"
"OTUD4","0.126840390743836"
"OTUD5","0.125318946573034"
"OTUD6A","0.128474585416311"
"OTUD6B","0.128555946203863"
"OTUD6B-AS1","0.128652345481292"
"OTUD7A","0.126741025621014"
"OTUD7B","0.129051266641831"
"OTULIN","0.126840390743836"
"OTX1","0.128474585416311"
"OTX2","0.127738845112178"
"OTX2-AS1","0.129416456879003"
"OVAAL","0.128651659179522"
"OVCA2","0.127001041820471"
"OVCH1","0.129051266641831"
"OVCH1-AS1","0.128972299374898"
"OVCH2","0.125946470700056"
"OVGP1","0.127001041820471"
"OVOL1","0.127599601092451"
"OVOL1-AS1","0.128276024573595"
"OVOL2","0.128745203405784"
"OVOL3","0.127001041820471"
"OVOS2","0.126741025621014"
"OXA1L","0.128960943302053"
"OXCT1","0.125489815403089"
"OXCT2","0.128049727243524"
"OXER1","0.127414930390406"
"OXGR1","0.126191500909263"
"OXLD1","0.129051266641831"
"OXNAD1","0.126498375827778"
"OXR1","0.129416456879003"
"OXSM","0.129051266641831"
"OXSR1","0.129253049243954"
"OXT","0.128272434653003"
"OXTR","0.128049727243524"
"P2RX1","0.129253049243954"
"P2RX2","0.129051266641831"
"P2RX3","0.129051266641831"
"P2RX4","0.126741025621014"
"P2RX5","0.127738845112178"
"P2RX5-TAX1BP3","0.125987785759521"
"P2RX6","0.126333931919241"
"P2RX7","0.129835835154972"
"P2RY1","0.126132533510288"
"P2RY10","0.127036528373295"
"P2RY11","0.127599601092451"
"P2RY12","0.129093849287909"
"P2RY13","0.126741025621014"
"P2RY14","0.125987785759521"
"P2RY2","0.126333931919241"
"P2RY4","0.128945958567426"
"P2RY6","0.128474585416311"
"P2RY8","0.124999746068631"
"P3H1","0.127548264911525"
"P3H2","0.12750324211695"
"P3H2-AS1","0.127688661418823"
"P3H3","0.127251883674283"
"P3H4","0.12767715487154"
"P4HA1","0.127828079365527"
"P4HA2","0.128652345481292"
"P4HA2-AS1","0.127264508806515"
"P4HA3","0.126840390743836"
"P4HB","0.128945958567426"
"P4HTM","0.127001041820471"
"PA2G4","0.127738845112178"
"PAAF1","0.127036528373295"
"PABPC1","0.125666269617836"
"PABPC1L","0.128651659179522"
"PABPC1L2A","0.129051266641831"
"PABPC1L2B","0.126132533510288"
"PABPC3","0.127001041820471"
"PABPC4","0.127738845112178"
"PABPC4L","0.127756342784798"
"PABPC5","0.126741025621014"
"PABPC5-AS1","0.127036528373295"
"PABPN1","0.129034162803474"
"PABPN1L","0.129305452232654"
"PACERR","0.127599601092451"
"PACRG","0.12767715487154"
"PACRG-AS1","0.129051266641831"
"PACRG-AS3","0.125547252572109"
"PACRGL","0.12750324211695"
"PACS1","0.127001041820471"
"PACS2","0.127548264911525"
"PACSIN1","0.128276024573595"
"PACSIN2","0.127599601092451"
"PACSIN3","0.128276024573595"
"PADI1","0.127548264911525"
"PADI2","0.128049727243524"
"PADI3","0.126840390743836"
"PADI4","0.127688661418823"
"PADI6","0.127548264911525"
"PAEP","0.127036528373295"
"PAF1","0.127001041820471"
"PAFAH1B1","0.128825675859209"
"PAFAH1B2","0.128945958567426"
"PAFAH1B3","0.126840390743836"
"PAFAH2","0.129034162803474"
"PAG1","0.129051266641831"
"PAGE1","0.128049727243524"
"PAGE2","0.128276024573595"
"PAGE2B","0.12750324211695"
"PAGE3","0.12750324211695"
"PAGE4","0.126840390743836"
"PAGE5","0.127688661418823"
"PAGR1","0.128825675859209"
"PAH","0.127703403491074"
"PAICS","0.127366449650519"
"PAIP1","0.126498375827778"
"PAIP2","0.129051266641831"
"PAIP2B","0.129298486527606"
"PAK1","0.126191500909263"
"PAK1IP1","0.127738845112178"
"PAK2","0.128651659179522"
"PAK3","0.128652345481292"
"PAK4","0.129062956356756"
"PAK6","0.128825675859209"
"PAK7","0.12767715487154"
"PALB2","0.128049727243524"
"PALD1","0.128825675859209"
"PALLD","0.128972299374898"
"PALM","0.129051266641831"
"PALM2","0.127599601092451"
"PALM2-AKAP2","0.128049727243524"
"PALM3","0.127001041820471"
"PALMD","0.129051266641831"
"PAM","0.128652345481292"
"PAM16","0.126840390743836"
"PAMR1","0.127738845112178"
"PAN2","0.127688661418823"
"PAN3","0.127496044516423"
"PAN3-AS1","0.126516370327275"
"PANDAR","0.12750324211695"
"PANK1","0.128945958567426"
"PANK2","0.128272434653003"
"PANK3","0.128825675859209"
"PANK4","0.129305452232654"
"PANO1","0.125342541665016"
"PANX1","0.127036528373295"
"PANX2","0.128825675859209"
"PANX3","0.128272434653003"
"PAOX","0.126191500909263"
"PAPD4","0.126132533510288"
"PAPD5","0.12767715487154"
"PAPD7","0.128474585416311"
"PAPLN","0.127688661418823"
"PAPOLA","0.126132533510288"
"PAPOLB","0.128652345481292"
"PAPOLG","0.128960943302053"
"PAPPA","0.126516370327275"
"PAPPA-AS1","0.129051266641831"
"PAPPA-AS2","0.127738845112178"
"PAPPA2","0.127374776691933"
"PAPSS1","0.127924627694653"
"PAPSS2","0.125987785759521"
"PAQR3","0.128960943302053"
"PAQR4","0.126741025621014"
"PAQR5","0.128652345481292"
"PAQR6","0.130758885415518"
"PAQR7","0.127650071524779"
"PAQR8","0.128049727243524"
"PAQR9","0.126132533510288"
"PAQR9-AS1","0.128272434653003"
"PARD3","0.126741025621014"
"PARD3-AS1","0.128555946203863"
"PARD3B","0.127599601092451"
"PARD6A","0.128049727243524"
"PARD6B","0.128960943302053"
"PARD6G","0.128945958567426"
"PARD6G-AS1","0.125796850042722"
"PARG","0.128652345481292"
"PARK2","0.126840390743836"
"PARK7","0.126840390743836"
"PARL","0.127650071524779"
"PARM1","0.126895665353289"
"PARN","0.12710530885047"
"PARP1","0.128474585416311"
"PARP10","0.129093849287909"
"PARP11","0.127001041820471"
"PARP12","0.128651659179522"
"PARP14","0.12710530885047"
"PARP15","0.128049727243524"
"PARP16","0.125024877480168"
"PARP2","0.128745203405784"
"PARP3","0.128272434653003"
"PARP4","0.126741025621014"
"PARP6","0.128825675859209"
"PARP8","0.129253049243954"
"PARP9","0.128754779510384"
"PARPBP","0.127133925800125"
"PARS2","0.127001041820471"
"PART1","0.127548264911525"
"PARVA","0.127867114503327"
"PARVB","0.127688661418823"
"PARVG","0.128651659179522"
"PASD1","0.128945958567426"
"PASK","0.127264306185249"
"PATE1","0.129305452232654"
"PATE2","0.125666269617836"
"PATL1","0.127377699323853"
"PATL2","0.125489815403089"
"PATZ1","0.127349689293314"
"PAUPAR","0.127599601092451"
"PAWR","0.129416456879003"
"PAX1","0.128555946203863"
"PAX2","0.126132533510288"
"PAX3","0.127738845112178"
"PAX5","0.127181400926766"
"PAX6","0.127271271890297"
"PAX7","0.129051266641831"
"PAX8","0.127599601092451"
"PAX9","0.128272434653003"
"PAXBP1","0.128652345481292"
"PAXBP1-AS1","0.127599601092451"
"PAXIP1","0.128049727243524"
"PAXIP1-AS1","0.128652345481292"
"PAXIP1-AS2","0.128555946203863"
"PBDC1","0.128652345481292"
"PBK","0.129051266641831"
"PBLD","0.127396764341885"
"PBOV1","0.127688661418823"
"PBRM1","0.127599601092451"
"PBX1","0.128049727243524"
"PBX2","0.129034162803474"
"PBX3","0.128745203405784"
"PBX4","0.128651659179522"
"PBXIP1","0.128745203405784"
"PC","0.128960943302053"
"PCAT1","0.128960943302053"
"PCAT14","0.125342541665016"
"PCAT18","0.128474585416311"
"PCAT19","0.127826852294126"
"PCAT2","0.12750324211695"
"PCAT29","0.127218868901596"
"PCAT4","0.126974959141152"
"PCAT5","0.126191500909263"
"PCAT6","0.127688661418823"
"PCAT7","0.127548264911525"
"PCBD1","0.127358654721167"
"PCBD2","0.124294432747693"
"PCBP1","0.127548264911525"
"PCBP2","0.128049727243524"
"PCBP3","0.127233803915467"
"PCBP4","0.125946470700056"
"PCCA","0.128960943302053"
"PCCA-AS1","0.127366115342776"
"PCCB","0.128652345481292"
"PCDH1","0.128049727243524"
"PCDH10","0.127711303069422"
"PCDH11X","0.128945958567426"
"PCDH11Y","0.129305452232654"
"PCDH12","0.128945958567426"
"PCDH15","0.129305452232654"
"PCDH17","0.126741025621014"
"PCDH18","0.126993125189674"
"PCDH19","0.127394164907946"
"PCDH20","0.128651659179522"
"PCDH7","0.127688661418823"
"PCDH8","0.127785765652598"
"PCDH9","0.125489815403089"
"PCDH9-AS1","0.128745203405784"
"PCDH9-AS2","0.127181400926766"
"PCDHA1","0.127001041820471"
"PCDHA10","0.126901739639731"
"PCDHA11","0.127008117834453"
"PCDHA12","0.127688661418823"
"PCDHA13","0.128272434653003"
"PCDHA2","0.128945958567426"
"PCDHA3","0.127346997355852"
"PCDHA4","0.126926762959696"
"PCDHA5","0.126772107300838"
"PCDHA6","0.127758003279865"
"PCDHA7","0.128972299374898"
"PCDHA8","0.127791951050699"
"PCDHA9","0.127509666348912"
"PCDHAC1","0.127036528373295"
"PCDHAC2","0.128972299374898"
"PCDHB1","0.126983758937459"
"PCDHB10","0.127498465602961"
"PCDHB11","0.129093849287909"
"PCDHB12","0.128745203405784"
"PCDHB13","0.128945958567426"
"PCDHB14","0.128652345481292"
"PCDHB15","0.126516370327275"
"PCDHB16","0.129093849287909"
"PCDHB2","0.127527433887908"
"PCDHB3","0.128960943302053"
"PCDHB4","0.127375419265202"
"PCDHB5","0.127688661418823"
"PCDHB6","0.126498375827778"
"PCDHB7","0.127012375887114"
"PCDHB8","0.12838661352515"
"PCDHB9","0.127368823289271"
"PCDHGA1","0.129034162803474"
"PCDHGA10","0.128945958567426"
"PCDHGA11","0.12737208475447"
"PCDHGA12","0.128651659179522"
"PCDHGA2","0.129485212777735"
"PCDHGA3","0.128945958567426"
"PCDHGA4","0.128474585416311"
"PCDHGA5","0.128630329778909"
"PCDHGA6","0.127802991966909"
"PCDHGA7","0.129485212777735"
"PCDHGA8","0.12767715487154"
"PCDHGA9","0.127497801350819"
"PCDHGB1","0.127650071524779"
"PCDHGB2","0.128272434653003"
"PCDHGB3","0.128652345481292"
"PCDHGB4","0.128474585416311"
"PCDHGB5","0.127354004995654"
"PCDHGB6","0.129253049243954"
"PCDHGB7","0.127402399445836"
"PCDHGC3","0.127091343154047"
"PCDHGC4","0.128651659179522"
"PCDHGC5","0.128945958567426"
"PCED1A","0.128825675859209"
"PCED1B","0.128049727243524"
"PCF11","0.130058530134826"
"PCF11-AS1","0.128418722709203"
"PCGF1","0.128945958567426"
"PCGF2","0.129380109092206"
"PCGF3","0.128555946203863"
"PCGF5","0.127688661418823"
"PCGF6","0.127181400926766"
"PCID2","0.127036528373295"
"PCIF1","0.129428345250304"
"PCK1","0.128049727243524"
"PCK2","0.129093849287909"
"PCLO","0.127957683004685"
"PCM1","0.129437763659964"
"PCMT1","0.127133925800125"
"PCMTD1","0.128972299374898"
"PCMTD2","0.128474585416311"
"PCNA","0.127747412162016"
"PCNP","0.12767715487154"
"PCNT","0.129051266641831"
"PCNX","0.128945958567426"
"PCNXL2","0.127264414618853"
"PCNXL3","0.128945958567426"
"PCNXL4","0.128652345481292"
"PCOLCE","0.127599601092451"
"PCOLCE-AS1","0.125946470700056"
"PCOLCE2","0.128745203405784"
"PCP2","0.127822444261576"
"PCP4","0.127528294561697"
"PCP4L1","0.128745203405784"
"PCSK1","0.129789134944529"
"PCSK1N","0.129253049243954"
"PCSK2","0.129305452232654"
"PCSK4","0.127548264911525"
"PCSK5","0.129455968004207"
"PCSK6","0.128049727243524"
"PCSK6-AS1","0.128049727243524"
"PCSK7","0.128272434653003"
"PCSK9","0.129253049243954"
"PCTP","0.128049727243524"
"PCYOX1","0.128049727243524"
"PCYOX1L","0.126498375827778"
"PCYT1A","0.127819296280116"
"PCYT1B","0.128945958567426"
"PCYT2","0.127548264911525"
"PDAP1","0.128474585416311"
"PDC","0.127821583587787"
"PDCD1","0.128651659179522"
"PDCD10","0.129253049243954"
"PDCD11","0.127133925800125"
"PDCD1LG2","0.128049727243524"
"PDCD2","0.126191500909263"
"PDCD2L","0.129437485596173"
"PDCD4","0.127036528373295"
"PDCD4-AS1","0.129428345250304"
"PDCD5","0.127818035457028"
"PDCD6","0.127703403491074"
"PDCD6IP","0.129332625341369"
"PDCD7","0.127396764341885"
"PDCL","0.128272434653003"
"PDCL2","0.128555946203863"
"PDCL3","0.126191500909263"
"PDDC1","0.129452576864498"
"PDE10A","0.129789134944529"
"PDE11A","0.128272434653003"
"PDE12","0.129034162803474"
"PDE1A","0.126516370327275"
"PDE1B","0.128960943302053"
"PDE1C","0.128552390683084"
"PDE2A","0.129425653312841"
"PDE3A","0.129034162803474"
"PDE3B","0.127845018342647"
"PDE4A","0.127878202942703"
"PDE4B","0.127830384719492"
"PDE4C","0.127887019779801"
"PDE4D","0.129587498224019"
"PDE4DIP","0.127812673765457"
"PDE5A","0.128967027141182"
"PDE6A","0.127729931282207"
"PDE6B","0.128555946203863"
"PDE6C","0.128272434653003"
"PDE6D","0.128606633333682"
"PDE6G","0.129305452232654"
"PDE6H","0.127387947504786"
"PDE7A","0.128628734899517"
"PDE7B","0.129093849287909"
"PDE8A","0.129298486527606"
"PDE8B","0.127396726046163"
"PDE9A","0.128652345481292"
"PDF","0.128474585416311"
"PDGFA","0.12841712782981"
"PDGFB","0.127553317881661"
"PDGFC","0.128960943302053"
"PDGFD","0.129298486527606"
"PDGFRA","0.128572793176619"
"PDGFRB","0.129425653312841"
"PDGFRL","0.127830384719492"
"PDHA1","0.129298486527606"
"PDHA2","0.128960943302053"
"PDHB","0.129051266641831"
"PDHX","0.129253049243954"
"PDIA2","0.127794797541171"
"PDIA3","0.127844836660542"
"PDIA4","0.12759895778658"
"PDIA5","0.129451302984254"
"PDIA6","0.129437763659964"
"PDIK1L","0.127738845112178"
"PDILT","0.129051266641831"
"PDK1","0.129455968004207"
"PDK2","0.129093849287909"
"PDK3","0.128405028009442"
"PDK4","0.127813627424478"
"PDLIM1","0.127257448913806"
"PDLIM2","0.128652345481292"
"PDLIM3","0.127857367605112"
"PDLIM4","0.129587498224019"
"PDLIM5","0.127496044516423"
"PDLIM7","0.129305452232654"
"PDP1","0.12707423931569"
"PDP2","0.128627028611307"
"PDPK1","0.129481052108643"
"PDPN","0.1273781361291"
"PDPR","0.129416456879003"
"PDRG1","0.129298486527606"
"PDS5A","0.127838340882802"
"PDS5B","0.129093849287909"
"PDSS1","0.129295559961836"
"PDSS2","0.129428345250304"
"PDX1","0.13007717244414"
"PDX1-AS1","0.128967027141182"
"PDXDC1","0.12734552874487"
"PDXK","0.127465729825057"
"PDXP","0.128049727243524"
"PDYN","0.129034162803474"
"PDZD11","0.129051266641831"
"PDZD2","0.127900226179282"
"PDZD3","0.128272434653003"
"PDZD4","0.129437763659964"
"PDZD7","0.127036528373295"
"PDZD8","0.126840390743836"
"PDZD9","0.129298486527606"
"PDZK1","0.128043813145665"
"PDZK1IP1","0.129846720877348"
"PDZRN3","0.127897515519009"
"PDZRN3-AS1","0.1284154215416"
"PDZRN4","0.128960943302053"
"PEA15","0.129428345250304"
"PEAK1","0.129305452232654"
"PEAR1","0.127449223222525"
"PEBP1","0.127796359083248"
"PEBP4","0.128652345481292"
"PECAM1","0.12759895778658"
"PECR","0.128651659179522"
"PEF1","0.127496044516423"
"PEG10","0.129298486527606"
"PEG3","0.129428345250304"
"PELI1","0.127924627694653"
"PELI2","0.127717486627342"
"PELI3","0.129389415551065"
"PELO","0.129093849287909"
"PELP1","0.129428345250304"
"PEMT","0.127847294717533"
"PENK","0.129587498224019"
"PEPD","0.128945958567426"
"PER1","0.127875911667188"
"PER2","0.129034162803474"
"PER3","0.129051266641831"
"PERM1","0.127925904758342"
"PERP","0.129416456879003"
"PES1","0.129437763659964"
"PET100","0.129305452232654"
"PET117","0.128974926719531"
"PEX1","0.128524213460455"
"PEX10","0.130678843741173"
"PEX11A","0.12798629995434"
"PEX11B","0.128972299374898"
"PEX11G","0.129455968004207"
"PEX12","0.129351492807469"
"PEX13","0.128945958567426"
"PEX14","0.129425653312841"
"PEX16","0.129305452232654"
"PEX19","0.129051266641831"
"PEX2","0.128945958567426"
"PEX26","0.129946223442124"
"PEX3","0.129501400706168"
"PEX5","0.129416456879003"
"PEX5L","0.129416456879003"
"PEX5L-AS1","0.127729070608418"
"PEX5L-AS2","0.127935716134029"
"PEX6","0.127840610310098"
"PEX7","0.127897515519009"
"PF4","0.129051266641831"
"PF4V1","0.127840610310098"
"PFAS","0.129881647923899"
"PFDN1","0.127886159106013"
"PFDN2","0.129298486527606"
"PFDN4","0.128436433663237"
"PFDN5","0.130561215717654"
"PFDN6","0.129587498224019"
"PFKFB1","0.127969556291092"
"PFKFB2","0.127847294717533"
"PFKFB3","0.129835835154972"
"PFKFB4","0.1293411161434"
"PFKL","0.129034162803474"
"PFKM","0.129461890918657"
"PFKP","0.127826852294126"
"PFN1","0.128967027141182"
"PFN2","0.129409494804001"
"PFN3","0.128424933285917"
"PFN4","0.129587498224019"
"PGA3","0.130504454162658"
"PGA4","0.131164455384142"
"PGA5","0.128524213460455"
"PGAM1","0.127897515519009"
"PGAM2","0.131430148764458"
"PGAM4","0.128745203405784"
"PGAM5","0.129416456879003"
"PGAP1","0.129416456879003"
"PGAP2","0.129946223442124"
"PGAP3","0.129093849287909"
"PGBD1","0.129470225276674"
"PGBD2","0.128524213460455"
"PGBD3","0.129253049243954"
"PGBD4","0.130484136948239"
"PGBD5","0.129428345250304"
"PGC","0.129389111150657"
"PGD","0.130716061232365"
"PGF","0.129440758385858"
"PGGT1B","0.129428345250304"
"PGK1","0.129430054795115"
"PGK2","0.129093849287909"
"PGLS","0.129789134944529"
"PGLYRP1","0.131052758594638"
"PGLYRP2","0.13064081367604"
"PGLYRP3","0.129423559017375"
"PGLYRP4","0.13064081367604"
"PGM1","0.129587498224019"
"PGM2","0.131540999857454"
"PGM2L1","0.130868866048203"
"PGM3","0.129416456879003"
"PGM5","0.128329223134779"
"PGM5-AS1","0.131052758594638"
"PGM5P2","0.129857099585501"
"PGM5P3-AS1","0.128651659179522"
"PGM5P4-AS1","0.131052758594638"
"PGP","0.129415602854066"
"PGPEP1","0.13064081367604"
"PGPEP1L","0.128652273238601"
"PGR","0.1309069373732"
"PGRMC1","0.129428345250304"
"PGRMC2","0.129253049243954"
"PGS1","0.131235972090696"
"PHACTR1","0.129955703862998"
"PHACTR2","0.129326386924252"
"PHACTR2-AS1","0.129305452232654"
"PHACTR3","0.129425653312841"
"PHACTR4","0.129305452232654"
"PHAX","0.129886055956448"
"PHB","0.130893404711234"
"PHB2","0.130363403477137"
"PHC1","0.131944244300438"
"PHC2","0.132650248338713"
"PHC3","0.13121230952043"
"PHEX","0.129552459420015"
"PHEX-AS1","0.129587498224019"
"PHF1","0.13076429557796"
"PHF10","0.128599776062239"
"PHF11","0.129425653312841"
"PHF12","0.131078855597835"
"PHF13","0.127688661418823"
"PHF14","0.129835835154972"
"PHF19","0.13139803524144"
"PHF2","0.13064081367604"
"PHF20","0.131540999857454"
"PHF20L1","0.132963523229127"
"PHF21A","0.129416456879003"
"PHF21B","0.131483623353487"
"PHF23","0.129835835154972"
"PHF24","0.130716061232365"
"PHF3","0.129416456879003"
"PHF5A","0.132538709402954"
"PHF6","0.130087096126401"
"PHF7","0.129886055956448"
"PHF8","0.13139803524144"
"PHGDH","0.130132024722841"
"PHGR1","0.129886055956448"
"PHIP","0.128329223134779"
"PHKA1","0.128745203405784"
"PHKA1-AS1","0.130504454162658"
"PHKA2","0.130578600021525"
"PHKA2-AS1","0.129425653312841"
"PHKB","0.130504454162658"
"PHKG1","0.131937312564367"
"PHKG2","0.130697258225466"
"PHLDA1","0.128656857570043"
"PHLDA2","0.130504454162658"
"PHLDA3","0.129370945102136"
"PHLDB1","0.130504454162658"
"PHLDB2","0.130484136948239"
"PHLDB3","0.129305452232654"
"PHLPP1","0.129442585739686"
"PHLPP2","0.128515913725219"
"PHOSPHO1","0.129481796195132"
"PHOSPHO2","0.129416456879003"
"PHOX2A","0.129510895163909"
"PHOX2B","0.129424419691164"
"PHPT1","0.130484136948239"
"PHRF1","0.133461356385254"
"PHTF1","0.130003736633449"
"PHTF2","0.130767441353971"
"PHYH","0.129425653312841"
"PHYHD1","0.130363403477137"
"PHYHIP","0.130077782072242"
"PHYHIPL","0.130003736633449"
"PHYKPL","0.13064081367604"
"PI15","0.129523779341999"
"PI16","0.129881647923899"
"PI3","0.130484136948239"
"PI4K2A","0.129305452232654"
"PI4K2B","0.12898111027745"
"PI4KA","0.129430054795115"
"PI4KB","0.131282547221573"
"PIANP","0.131430148764458"
"PIAS1","0.130813730073018"
"PIAS2","0.131052758594638"
"PIAS3","0.132811865924287"
"PIAS4","0.129437763659964"
"PIBF1","0.129881647923899"
"PICALM","0.130716061232365"
"PICK1","0.131257903817076"
"PID1","0.129789134944529"
"PIDD1","0.131481795999659"
"PIEZO1","0.13064081367604"
"PIEZO2","0.131051872712215"
"PIF1","0.129330014742019"
"PIFO","0.130107001402876"
"PIGA","0.131271346475622"
"PIGB","0.129416848302642"
"PIGBOS1","0.129428345250304"
"PIGC","0.129428345250304"
"PIGF","0.130504454162658"
"PIGG","0.130716061232365"
"PIGH","0.130125167451398"
"PIGK","0.129425653312841"
"PIGL","0.129034162803474"
"PIGM","0.129946223442124"
"PIGN","0.130363403477137"
"PIGO","0.129835835154972"
"PIGP","0.129441608327019"
"PIGQ","0.129305452232654"
"PIGR","0.13064081367604"
"PIGS","0.129876223801017"
"PIGT","0.131030860590578"
"PIGU","0.129520706539595"
"PIGV","0.130582227839292"
"PIGW","0.130708346664842"
"PIGX","0.130716061232365"
"PIGZ","0.129455968004207"
"PIH1D1","0.131052758594638"
"PIH1D2","0.13059104467639"
"PIH1D3","0.129926586101444"
"PIK3AP1","0.130177664627759"
"PIK3C2A","0.129881647923899"
"PIK3C2B","0.131264496825379"
"PIK3C2G","0.129587498224019"
"PIK3C3","0.130716061232365"
"PIK3CA","0.130735329550462"
"PIK3CB","0.131237068750804"
"PIK3CD","0.13064081367604"
"PIK3CD-AS1","0.131481795999659"
"PIK3CD-AS2","0.130883027289983"
"PIK3CG","0.13139803524144"
"PIK3IP1","0.12958107636967"
"PIK3IP1-AS1","0.12901857825228"
"PIK3R1","0.13139803524144"
"PIK3R2","0.130484136948239"
"PIK3R3","0.130795564024497"
"PIK3R4","0.129886055956448"
"PIK3R5","0.132219517342926"
"PIK3R6","0.13139803524144"
"PIKFYVE","0.127738845112178"
"PILRA","0.129253049243954"
"PILRB","0.131483623353487"
"PIM1","0.131483623353487"
"PIM2","0.130484136948239"
"PIM3","0.131167880976386"
"PIN1","0.12958107636967"
"PIN4","0.130785307699598"
"PINK1","0.131194284342878"
"PINK1-AS","0.130793263862907"
"PINLYP","0.131540999857454"
"PINX1","0.130504454162658"
"PIP","0.132543909053723"
"PIP4K2A","0.131052758594638"
"PIP4K2B","0.129034162803474"
"PIP4K2C","0.130690635710807"
"PIP5K1A","0.130787826726823"
"PIP5K1B","0.130785307699598"
"PIP5K1C","0.128606633333682"
"PIP5KL1","0.129789134944529"
"PIPOX","0.130003736633449"
"PIR","0.131034286182822"
"PIRT","0.133557790817895"
"PISD","0.131098707397832"
"PISRT1","0.130003736633449"
"PITHD1","0.13061165245598"
"PITPNA","0.131481795999659"
"PITPNA-AS1","0.129455968004207"
"PITPNB","0.131196381661798"
"PITPNC1","0.132817931124489"
"PITPNM1","0.132919977524152"
"PITPNM2","0.130869319030011"
"PITPNM3","0.12987929660342"
"PITRM1","0.130132024722841"
"PITRM1-AS1","0.129506819515097"
"PITX1","0.130716061232365"
"PITX2","0.129890675742066"
"PITX3","0.130870143111893"
"PIWIL1","0.131259327747066"
"PIWIL2","0.130578600021525"
"PIWIL3","0.13139803524144"
"PIWIL4","0.131051872712215"
"PJA1","0.13139803524144"
"PJA2","0.130504454162658"
"PKD1","0.129480935521343"
"PKD1L1","0.130253289612461"
"PKD1L3","0.131174379066403"
"PKD2","0.128993554932315"
"PKD2L1","0.129506819515097"
"PKD2L2","0.129946223442124"
"PKDCC","0.131540999857454"
"PKDREJ","0.129886055956448"
"PKHD1","0.129835835154972"
"PKHD1L1","0.129600186601577"
"PKI55","0.131196381661798"
"PKIA","0.129495082916047"
"PKIA-AS1","0.129470225276674"
"PKIB","0.131540999857454"
"PKIG","0.131175656130093"
"PKLR","0.129946223442124"
"PKM","0.129547689425215"
"PKMYT1","0.130711419467245"
"PKN1","0.130766183484082"
"PKN2","0.129428345250304"
"PKN2-AS1","0.129587498224019"
"PKN3","0.129587498224019"
"PKNOX1","0.129428345250304"
"PKNOX2","0.129298486527606"
"PKP1","0.129298486527606"
"PKP2","0.129520706539595"
"PKP3","0.129034162803474"
"PKP4","0.130571592381723"
"PLA1A","0.129926586101444"
"PLA2G10","0.128324807594404"
"PLA2G12A","0.130504454162658"
"PLA2G12B","0.130484136948239"
"PLA2G15","0.130716061232365"
"PLA2G16","0.130101257368181"
"PLA2G1B","0.131540999857454"
"PLA2G2A","0.129926586101444"
"PLA2G2C","0.13064081367604"
"PLA2G2D","0.129352316889351"
"PLA2G2F","0.131052758594638"
"PLA2G3","0.129413775500238"
"PLA2G4A","0.12935850044727"
"PLA2G4B","0.129881647923899"
"PLA2G4C","0.129926586101444"
"PLA2G4C-AS1","0.130254566676151"
"PLA2G4D","0.130363403477137"
"PLA2G4E","0.130504454162658"
"PLA2G4E-AS1","0.131325399569166"
"PLA2G4F","0.131167756551745"
"PLA2G5","0.131164455384142"
"PLA2G6","0.129517078721828"
"PLA2G7","0.131052758594638"
"PLA2R1","0.12958107636967"
"PLAA","0.129521872511875"
"PLAC1","0.129926586101444"
"PLAC8","0.130253289612461"
"PLAC8L1","0.129517078721828"
"PLAC9","0.129903206686637"
"PLAG1","0.13059104467639"
"PLAGL1","0.129416456879003"
"PLAGL2","0.129876223801017"
"PLAT","0.129416848302642"
"PLAU","0.129410147682471"
"PLAUR","0.129502403974722"
"PLB1","0.131238663630197"
"PLBD1","0.13064081367604"
"PLBD1-AS1","0.1302982182089"
"PLBD2","0.129437763659964"
"PLCB1","0.131174832048211"
"PLCB2","0.131042061336529"
"PLCB3","0.129587498224019"
"PLCB4","0.129535158480645"
"PLCD1","0.129946223442124"
"PLCD3","0.130716061232365"
"PLCD4","0.130363403477137"
"PLCE1","0.130789819989802"
"PLCE1-AS1","0.130504454162658"
"PLCE1-AS2","0.131196381661798"
"PLCG1","0.131040784272839"
"PLCG1-AS1","0.131040784272839"
"PLCG2","0.131483623353487"
"PLCH1","0.129926586101444"
"PLCH2","0.130127609182466"
"PLCL1","0.129955703862998"
"PLCL2","0.13064081367604"
"PLCL2-AS1","0.130363403477137"
"PLCXD1","0.130504454162658"
"PLCXD2","0.130876326669813"
"PLCXD2-AS1","0.130273194888936"
"PLCXD3","0.1293959684221"
"PLCZ1","0.129438111753656"
"PLD1","0.131235972090696"
"PLD2","0.129554546696658"
"PLD3","0.130278829992887"
"PLD4","0.129529523376693"
"PLD5","0.128972299374898"
"PLD6","0.131430148764458"
"PLEC","0.129510895163909"
"PLEK","0.129305452232654"
"PLEK2","0.130776935811712"
"PLEKHA1","0.13064081367604"
"PLEKHA2","0.131237250368716"
"PLEKHA3","0.131430148764458"
"PLEKHA4","0.129157785779065"
"PLEKHA5","0.130484136948239"
"PLEKHA6","0.129926586101444"
"PLEKHA7","0.131196381661798"
"PLEKHA8","0.129449443011129"
"PLEKHB1","0.130127609182466"
"PLEKHB2","0.130273194888936"
"PLEKHD1","0.129885040638115"
"PLEKHF1","0.129521872511875"
"PLEKHF2","0.129344466683069"
"PLEKHG1","0.129550131156283"
"PLEKHG2","0.130690324850929"
"PLEKHG3","0.13064081367604"
"PLEKHG4","0.130363403477137"
"PLEKHG4B","0.128972299374898"
"PLEKHG5","0.131196381661798"
"PLEKHG6","0.12940314004267"
"PLEKHG7","0.130793263862907"
"PLEKHH1","0.131196381661798"
"PLEKHH2","0.130363403477137"
"PLEKHH3","0.130504454162658"
"PLEKHJ1","0.129587498224019"
"PLEKHM1","0.131196381661798"
"PLEKHM2","0.131196381661798"
"PLEKHM3","0.130776935811712"
"PLEKHN1","0.131430148764458"
"PLEKHO1","0.129416456879003"
"PLEKHO2","0.129416456879003"
"PLEKHS1","0.129926586101444"
"PLG","0.130363403477137"
"PLGLB1","0.130504454162658"
"PLGLB2","0.129886055956448"
"PLGRKT","0.129554546696658"
"PLIN1","0.129034162803474"
"PLIN2","0.129517078721828"
"PLIN3","0.129437763659964"
"PLIN4","0.129946223442124"
"PLIN5","0.129835835154972"
"PLK1","0.130786747187398"
"PLK2","0.128960943302053"
"PLK3","0.129093849287909"
"PLK4","0.128727520794926"
"PLK5","0.129509618100219"
"PLLP","0.132650248338713"
"PLN","0.129886055956448"
"PLOD1","0.129425653312841"
"PLOD2","0.130363403477137"
"PLOD3","0.130363403477137"
"PLP1","0.129521872511875"
"PLP2","0.130504454162658"
"PLPP1","0.129946223442124"
"PLPP2","0.129587498224019"
"PLPP3","0.129437763659964"
"PLPP4","0.128945958567426"
"PLPP5","0.130363403477137"
"PLPP6","0.129428345250304"
"PLPP7","0.129886055956448"
"PLPPR1","0.128580749339929"
"PLPPR2","0.131188943179623"
"PLPPR3","0.129502403974722"
"PLPPR4","0.129865135361641"
"PLPPR5","0.129051266641831"
"PLRG1","0.129093849287909"
"PLS1","0.130560551465513"
"PLS3","0.129447615657301"
"PLS3-AS1","0.129926586101444"
"PLSCR1","0.129481796195132"
"PLSCR2","0.130272334215147"
"PLSCR4","0.129885040638115"
"PLSCR5","0.130003736633449"
"PLTP","0.130775496323911"
"PLVAP","0.129034162803474"
"PLXDC1","0.130363403477137"
"PLXDC2","0.128652273238601"
"PLXNA1","0.1293959684221"
"PLXNA2","0.13064081367604"
"PLXNA3","0.128515913725219"
"PLXNA4","0.131481795999659"
"PLXNB1","0.128745203405784"
"PLXNB2","0.128602217793307"
"PLXNB3","0.129789134944529"
"PLXNC1","0.12986641242533"
"PLXND1","0.131430148764458"
"PM20D1","0.1284702738203"
"PM20D2","0.12987259598325"
"PMAIP1","0.128745203405784"
"PMCH","0.129876223801017"
"PMEL","0.129881647923899"
"PMEPA1","0.129376580206087"
"PMF1","0.129416456879003"
"PMF1-BGLAP","0.129885040638115"
"PMFBP1","0.128756137744581"
"PML","0.130484136948239"
"PMM1","0.130363403477137"
"PMM2","0.129881647923899"
"PMP2","0.130887910650889"
"PMP22","0.130264378051837"
"PMPCA","0.129881647923899"
"PMPCB","0.130125167451398"
"PMS1","0.131448336545764"
"PMS2","0.131303636821933"
"PMVK","0.131588727039016"
"PNCK","0.129428345250304"
"PNISR","0.129447615657301"
"PNKD","0.130582227839292"
"PNKP","0.12991006395808"
"PNLDC1","0.129881647923899"
"PNLIP","0.131456236124112"
"PNLIPRP1","0.128465858279926"
"PNLIPRP3","0.129298486527606"
"PNMA1","0.129926586101444"
"PNMA2","0.13139803524144"
"PNMA3","0.130716061232365"
"PNMA5","0.13064081367604"
"PNMA6A","0.131431592719616"
"PNMAL1","0.129051266641831"
"PNMAL2","0.130716061232365"
"PNMT","0.129207841224358"
"PNN","0.131032566878788"
"PNO1","0.129946223442124"
"PNOC","0.129415602854066"
"PNP","0.129481796195132"
"PNPLA1","0.129416456879003"
"PNPLA2","0.129425653312841"
"PNPLA3","0.129425653312841"
"PNPLA4","0.131020944732494"
"PNPLA5","0.130246667097802"
"PNPLA6","0.130763631325819"
"PNPLA7","0.129528662702905"
"PNPLA8","0.129253049243954"
"PNPO","0.129926586101444"
"PNPT1","0.129437763659964"
"PNRC1","0.130752292407215"
"PNRC2","0.128599776062239"
"POC1A","0.128329223134779"
"POC1B","0.129298486527606"
"POC1B-GALNT4","0.130003736633449"
"POC5","0.130363403477137"
"PODN","0.128544530674874"
"PODNL1","0.128652345481292"
"PODXL","0.12940451441469"
"PODXL2","0.130755819207678"
"POF1B","0.129587498224019"
"POFUT1","0.129881647923899"
"POFUT2","0.131271346475622"
"POGK","0.129128361162377"
"POGLUT1","0.130363403477137"
"POGZ","0.13064081367604"
"POLA1","0.12987259598325"
"POLA2","0.12985691796759"
"POLB","0.128677465349633"
"POLD1","0.131430148764458"
"POLD2","0.130363403477137"
"POLD3","0.131216720153279"
"POLD4","0.129093849287909"
"POLDIP2","0.130254566676151"
"POLDIP3","0.130363403477137"
"POLE","0.129926586101444"
"POLE2","0.129835835154972"
"POLE3","0.129440758385858"
"POLE4","0.129535158480645"
"POLG","0.128993554932315"
"POLG2","0.129517078721828"
"POLH","0.131342763921123"
"POLI","0.129840108883354"
"POLK","0.130078878732351"
"POLL","0.130504454162658"
"POLM","0.129437763659964"
"POLN","0.129886055956448"
"POLQ","0.129051266641831"
"POLR1A","0.129886055956448"
"POLR1B","0.130858278113801"
"POLR1C","0.129425653312841"
"POLR1D","0.130363403477137"
"POLR1E","0.130504454162658"
"POLR2A","0.130484136948239"
"POLR2B","0.130860648654153"
"POLR2C","0.129886055956448"
"POLR2D","0.129253049243954"
"POLR2E","0.131271346475622"
"POLR2F","0.131540999857454"
"POLR2G","0.129093849287909"
"POLR2H","0.130504454162658"
"POLR2I","0.128681880890007"
"POLR2J","0.130087549108209"
"POLR2J2","0.131273052763832"
"POLR2J3","0.131108518773519"
"POLR2K","0.129587498224019"
"POLR2L","0.129356997627639"
"POLR2M","0.130876326669813"
"POLR3A","0.129926586101444"
"POLR3B","0.129428345250304"
"POLR3C","0.131238663630197"
"POLR3D","0.130909328741215"
"POLR3E","0.130572416463605"
"POLR3F","0.131090932244126"
"POLR3G","0.130484136948239"
"POLR3GL","0.130793263862907"
"POLR3H","0.129946223442124"
"POLR3K","0.13087995448758"
"POLRMT","0.129881647923899"
"POM121","0.130887910650889"
"POM121C","0.129430054795115"
"POM121L2","0.130484136948239"
"POM121L7","0.129884179964326"
"POMC","0.130484136948239"
"POMGNT1","0.131089394558003"
"POMGNT2","0.130484136948239"
"POMK","0.131223343734038"
"POMP","0.130363403477137"
"POMT1","0.129870876238013"
"POMT2","0.131290419796247"
"POMZP3","0.129370084428347"
"PON1","0.130860648654153"
"PON2","0.129926586101444"
"PON3","0.130254566676151"
"POP1","0.131186761171156"
"POP4","0.130582227839292"
"POP5","0.129587498224019"
"POP7","0.130769036233364"
"POPDC2","0.132650248338713"
"POPDC3","0.13139803524144"
"POR","0.130788380502001"
"PORCN","0.129835835154972"
"POSTN","0.129886055956448"
"POT1","0.130909328741215"
"POT1-AS1","0.130769036233364"
"POTEC","0.129391552881726"
"POTEE","0.129416456879003"
"POTEF","0.130909328741215"
"POTEG","0.130793263862907"
"POTEH","0.131512807792988"
"POTEI","0.129495082916047"
"POTEJ","0.130801199128448"
"POU1F1","0.129789134944529"
"POU2AF1","0.130716061232365"
"POU2F1","0.13317653927294"
"POU2F2","0.130716302828151"
"POU2F3","0.131188540308183"
"POU3F1","0.130716061232365"
"POU3F2","0.130293802668526"
"POU3F3","0.131509741585147"
"POU3F4","0.131164455384142"
"POU4F1","0.130107001402876"
"POU4F2","0.129890675742066"
"POU5F1","0.129440758385858"
"POU5F1B","0.131483623353487"
"POU5F2","0.129946223442124"
"POU6F1","0.129886055956448"
"POU6F2","0.132229037544601"
"POU6F2-AS1","0.129881647923899"
"POU6F2-AS2","0.131066324653265"
"PP12613","0.131201721586027"
"PP2D1","0.130742186821905"
"PP7080","0.131540999857454"
"PPA1","0.128972299374898"
"PPA2","0.131481795999659"
"PPAN","0.132650248338713"
"PPAN-P2RY11","0.130909328741215"
"PPARA","0.12958107636967"
"PPARD","0.129495082916047"
"PPARG","0.130869319030011"
"PPARGC1A","0.131196381661798"
"PPARGC1B","0.131483623353487"
"PPAT","0.129886055956448"
"PPBP","0.131060689549313"
"PPCDC","0.131430148764458"
"PPCS","0.131344301607245"
"PPDPF","0.131540999857454"
"PPEF1","0.129886055956448"
"PPEF2","0.131328857286446"
"PPFIA1","0.13222334689736"
"PPFIA2","0.131430148764458"
"PPFIA3","0.130716061232365"
"PPFIA4","0.131540999857454"
"PPFIBP1","0.131196381661798"
"PPFIBP2","0.129881647923899"
"PPHLN1","0.132709961434498"
"PPIA","0.130909328741215"
"PPIAL4A","0.130887910650889"
"PPIAL4D","0.132232103752442"
"PPIAL4E","0.131310712318399"
"PPIAL4G","0.129425653312841"
"PPIB","0.131282547221573"
"PPIC","0.130343858113819"
"PPID","0.129789134944529"
"PPIE","0.129835835154972"
"PPIF","0.131196381661798"
"PPIG","0.131196381661798"
"PPIH","0.131122970714568"
"PPIL1","0.129946223442124"
"PPIL2","0.131370704973737"
"PPIL3","0.131212450391399"
"PPIL4","0.131216615785156"
"PPIL6","0.131196381661798"
"PPIP5K1","0.131588727039016"
"PPIP5K2","0.132332398551258"
"PPL","0.131483623353487"
"PPM1A","0.130909328741215"
"PPM1B","0.132166205065198"
"PPM1D","0.129946223442124"
"PPM1E","0.131905056580371"
"PPM1F","0.130909328741215"
"PPM1G","0.131743678320276"
"PPM1H","0.131543742367272"
"PPM1J","0.132730962753644"
"PPM1K","0.131481795999659"
"PPM1L","0.131250380845426"
"PPM1M","0.131214892122468"
"PPM1N","0.130716061232365"
"PPME1","0.13064081367604"
"PPOX","0.132714527216637"
"PPP1CA","0.131469120302202"
"PPP1CB","0.13064081367604"
"PPP1CC","0.131734940763912"
"PPP1R10","0.132418969633275"
"PPP1R11","0.131175656130093"
"PPP1R12A","0.131481795999659"
"PPP1R12B","0.132166205065198"
"PPP1R12C","0.131944244300438"
"PPP1R13B","0.129587498224019"
"PPP1R13L","0.129481796195132"
"PPP1R14A","0.130816443676478"
"PPP1R14B","0.131295431399663"
"PPP1R14C","0.131052758594638"
"PPP1R14D","0.13139803524144"
"PPP1R15A","0.133039914434908"
"PPP1R15B","0.130343858113819"
"PPP1R16A","0.130870143111893"
"PPP1R16B","0.131540999857454"
"PPP1R17","0.131231354123116"
"PPP1R18","0.131430148764458"
"PPP1R1A","0.131588727039016"
"PPP1R1B","0.130716061232365"
"PPP1R1C","0.130716061232365"
"PPP1R2","0.13296451803474"
"PPP1R21","0.129789134944529"
"PPP1R26","0.130813730073018"
"PPP1R26-AS1","0.13139803524144"
"PPP1R27","0.131430148764458"
"PPP1R32","0.130504454162658"
"PPP1R35","0.130793263862907"
"PPP1R36","0.131196381661798"
"PPP1R37","0.129587498224019"
"PPP1R3A","0.130098184565778"
"PPP1R3B","0.129866460697639"
"PPP1R3C","0.13064081367604"
"PPP1R3D","0.131108518773519"
"PPP1R3E","0.132166205065198"
"PPP1R3F","0.131481795999659"
"PPP1R3G","0.132166205065198"
"PPP1R42","0.130716061232365"
"PPP1R7","0.132963393169638"
"PPP1R8","0.131052758594638"
"PPP1R9A","0.129554546696658"
"PPP1R9B","0.130988051499216"
"PPP2CA","0.131281723139691"
"PPP2CB","0.129916516142932"
"PPP2R1A","0.129587498224019"
"PPP2R1B","0.130716061232365"
"PPP2R2A","0.131196381661798"
"PPP2R2B","0.131540999857454"
"PPP2R2C","0.130372475063474"
"PPP2R2D","0.130711419467245"
"PPP2R3A","0.131196381661798"
"PPP2R3B","0.131344177182604"
"PPP2R3C","0.131588727039016"
"PPP2R4","0.13064081367604"
"PPP2R5A","0.129946223442124"
"PPP2R5B","0.131430148764458"
"PPP2R5C","0.131905056580371"
"PPP2R5D","0.13064081367604"
"PPP2R5E","0.131481795999659"
"PPP3CA","0.13285912858434"
"PPP3CB","0.130876326669813"
"PPP3CC","0.132550502062026"
"PPP3R1","0.13064081367604"
"PPP3R2","0.129428345250304"
"PPP4C","0.130206281577414"
"PPP4R1","0.129881647923899"
"PPP4R1-AS1","0.131344177182604"
"PPP4R2","0.131052758594638"
"PPP4R3A","0.129886055956448"
"PPP4R3B","0.130716302828151"
"PPP4R4","0.13144437112602"
"PPP5C","0.13064081367604"
"PPP5D1","0.130363403477137"
"PPP6C","0.131543742367272"
"PPP6R1","0.129600186601577"
"PPP6R2","0.130793263862907"
"PPP6R3","0.131745216006399"
"PPRC1","0.130484136948239"
"PPT1","0.131196381661798"
"PPT2","0.131944244300438"
"PPT2-EGFL8","0.129447615657301"
"PPTC7","0.131523083035475"
"PPWD1","0.130094556748011"
"PPY","0.13144437112602"
"PQBP1","0.131311536400281"
"PQLC1","0.129413775500238"
"PQLC2","0.130716061232365"
"PQLC2L","0.131483623353487"
"PQLC3","0.13139803524144"
"PRAC1","0.132395418362049"
"PRAC2","0.129789134944529"
"PRADC1","0.131166161672352"
"PRAF2","0.129881647923899"
"PRAM1","0.131175656130093"
"PRAME","0.130909328741215"
"PRAMEF8","0.130716061232365"
"PRAP1","0.131336168642523"
"PRB2","0.13064081367604"
"PRB3","0.132543909053723"
"PRC1","0.13122647076221"
"PRC1-AS1","0.132853328199018"
"PRCAT47","0.130795564024497"
"PRCC","0.131588727039016"
"PRCD","0.131430148764458"
"PRCP","0.129955703862998"
"PRDM1","0.131944244300438"
"PRDM10","0.131540999857454"
"PRDM11","0.13064081367604"
"PRDM12","0.130786747187398"
"PRDM13","0.132559058000479"
"PRDM14","0.129587498224019"
"PRDM15","0.131167756551745"
"PRDM16","0.13064081367604"
"PRDM2","0.13239311652337"
"PRDM4","0.13064081367604"
"PRDM5","0.132395236744137"
"PRDM6","0.13135125267907"
"PRDM7","0.129416456879003"
"PRDM8","0.131167756551745"
"PRDM9","0.130267450854241"
"PRDX1","0.129945133092587"
"PRDX2","0.129946223442124"
"PRDX3","0.130363403477137"
"PRDX4","0.129359439358708"
"PRDX5","0.131953890777098"
"PRDX6","0.129441608327019"
"PREB","0.131743678320276"
"PRELID1","0.130578600021525"
"PRELID2","0.131540999857454"
"PRELID3A","0.130484136948239"
"PRELID3B","0.130101257368181"
"PRELP","0.132232103752442"
"PREP","0.129881647923899"
"PREPL","0.130363403477137"
"PREX1","0.129926586101444"
"PREX2","0.12958107636967"
"PRF1","0.129438111753656"
"PRG2","0.130793263862907"
"PRG3","0.132166205065198"
"PRG4","0.131166343290264"
"PRH1","0.129905648417705"
"PRH1-PRR4","0.129455968004207"
"PRH2","0.13059104467639"
"PRICKLE1","0.129789134944529"
"PRICKLE2","0.130504454162658"
"PRICKLE2-AS1","0.131303636821933"
"PRICKLE2-AS3","0.129523699865702"
"PRICKLE3","0.13064081367604"
"PRICKLE4","0.129905648417705"
"PRIM1","0.1307738012908"
"PRIM2","0.129236458174014"
"PRIMA1","0.129789134944529"
"PRIMPOL","0.131540999857454"
"PRKAA1","0.129789134944529"
"PRKAA2","0.129455968004207"
"PRKAB1","0.130484136948239"
"PRKAB2","0.131951748499334"
"PRKACA","0.129926586101444"
"PRKACB","0.129845852918049"
"PRKAG1","0.129506819515097"
"PRKAG2","0.129370945102136"
"PRKAG2-AS1","0.130363403477137"
"PRKAG3","0.130772361802999"
"PRKAR1A","0.1293959684221"
"PRKAR1B","0.129051266641831"
"PRKAR2A","0.130909328741215"
"PRKAR2A-AS1","0.129437763659964"
"PRKAR2B","0.131957933897435"
"PRKCA","0.129443200116927"
"PRKCA-AS1","0.130343858113819"
"PRKCB","0.130909328741215"
"PRKCD","0.130484136948239"
"PRKCDBP","0.129881647923899"
"PRKCE","0.129881647923899"
"PRKCG","0.129587498224019"
"PRKCH","0.129521872511875"
"PRKCI","0.129437763659964"
"PRKCQ","0.129298486527606"
"PRKCSH","0.131210452063207"
"PRKCZ","0.132166205065198"
"PRKD1","0.131430148764458"
"PRKD2","0.131348330661588"
"PRKD3","0.130363403477137"
"PRKDC","0.131745216006399"
"PRKG1","0.131196381661798"
"PRKG1-AS1","0.131174379066403"
"PRKG2","0.13064081367604"
"PRKRA","0.130504454162658"
"PRKRIP1","0.129552459420015"
"PRKRIR","0.13064081367604"
"PRKX","0.130716061232365"
"PRKX-AS1","0.13064081367604"
"PRL","0.131430148764458"
"PRLH","0.130274576292137"
"PRLHR","0.13017443544381"
"PRLR","0.131944244300438"
"PRM1","0.131052758594638"
"PRM2","0.131196381661798"
"PRM3","0.131540999857454"
"PRMT1","0.129926586101444"
"PRMT2","0.129926586101444"
"PRMT3","0.129428345250304"
"PRMT5","0.132332398551258"
"PRMT5-AS1","0.130177664627759"
"PRMT6","0.132740275593474"
"PRMT7","0.130813730073018"
"PRMT8","0.131483623353487"
"PRMT9","0.131540999857454"
"PRNCR1","0.130909328741215"
"PRND","0.129437763659964"
"PRNP","0.130795564024497"
"PROB1","0.129916516142932"
"PROC","0.132166205065198"
"PROCA1","0.130484136948239"
"PROCR","0.130274576292137"
"PRODH","0.129428345250304"
"PRODH2","0.130716061232365"
"PROK1","0.130504454162658"
"PROK2","0.131196381661798"
"PROKR1","0.128960943302053"
"PROM1","0.129359439358708"
"PROM2","0.130363403477137"
"PRORY","0.130716061232365"
"PROS1","0.129881647923899"
"PROSC","0.130504454162658"
"PROSER1","0.129835835154972"
"PROSER2","0.130372475063474"
"PROSER2-AS1","0.130716061232365"
"PROSER3","0.129881647923899"
"PROX1","0.12986401896657"
"PROX1-AS1","0.130988051499216"
"PROX2","0.130793263862907"
"PROZ","0.131481795999659"
"PRPF18","0.13145541204223"
"PRPF19","0.129946223442124"
"PRPF3","0.130909328741215"
"PRPF31","0.130909328741215"
"PRPF38A","0.131098707397832"
"PRPF38B","0.13139803524144"
"PRPF39","0.129363854899082"
"PRPF4","0.130819147856661"
"PRPF40A","0.129789134944529"
"PRPF40B","0.129093849287909"
"PRPF4B","0.13064081367604"
"PRPF6","0.131540999857454"
"PRPF8","0.129835835154972"
"PRPH","0.128272434653003"
"PRPH2","0.129886055956448"
"PRPS1","0.129416456879003"
"PRPS1L1","0.130774672242029"
"PRPS2","0.130504454162658"
"PRPSAP1","0.129835835154972"
"PRPSAP2","0.131196381661798"
"PRR11","0.129886055956448"
"PRR12","0.131540999857454"
"PRR13","0.129051266641831"
"PRR14","0.131944244300438"
"PRR14L","0.130177664627759"
"PRR15","0.129552459420015"
"PRR15L","0.13061165245598"
"PRR16","0.13139803524144"
"PRR18","0.131216615785156"
"PRR19","0.130363403477137"
"PRR22","0.131483623353487"
"PRR23C","0.131052758594638"
"PRR23D2","0.131540999857454"
"PRR25","0.129034162803474"
"PRR26","0.130795564024497"
"PRR27","0.131483623353487"
"PRR29","0.130775496323911"
"PRR29-AS1","0.131430148764458"
"PRR3","0.130883027289983"
"PRR31","0.131483623353487"
"PRR32","0.130609210724912"
"PRR33","0.129946223442124"
"PRR34","0.131483623353487"
"PRR34-AS1","0.129926586101444"
"PRR35","0.132854767686819"
"PRR36","0.129946223442124"
"PRR4","0.131540999857454"
"PRR5","0.129866460697639"
"PRR5-ARHGAP8","0.129093849287909"
"PRR5L","0.131905056580371"
"PRR7","0.129886055956448"
"PRR7-AS1","0.130504454162658"
"PRR9","0.131430148764458"
"PRRC1","0.129428345250304"
"PRRC2A","0.130716061232365"
"PRRC2B","0.129253049243954"
"PRRC2C","0.130193462166121"
"PRRG1","0.130596679780341"
"PRRG2","0.131905056580371"
"PRRG3","0.131196381661798"
"PRRG4","0.129881647923899"
"PRRT1","0.129416456879003"
"PRRT2","0.129425653312841"
"PRRT3","0.131196381661798"
"PRRT3-AS1","0.128727520794926"
"PRRT4","0.131456236124112"
"PRRX1","0.129886055956448"
"PRRX2","0.129881647923899"
"PRRX2-AS1","0.129455968004207"
"PRSS1","0.131188540308183"
"PRSS12","0.13064081367604"
"PRSS16","0.131540999857454"
"PRSS2","0.13064081367604"
"PRSS21","0.129437763659964"
"PRSS22","0.129416456879003"
"PRSS23","0.130876326669813"
"PRSS27","0.131340211762859"
"PRSS3","0.129587498224019"
"PRSS33","0.129881647923899"
"PRSS35","0.130716061232365"
"PRSS36","0.129946223442124"
"PRSS37","0.131166343290264"
"PRSS38","0.131317719958201"
"PRSS42","0.129946223442124"
"PRSS45","0.131483623353487"
"PRSS46","0.131483623353487"
"PRSS48","0.129835835154972"
"PRSS50","0.130888771324678"
"PRSS51","0.130363403477137"
"PRSS53","0.129428227441288"
"PRSS54","0.129437763659964"
"PRSS55","0.129455968004207"
"PRSS56","0.13064081367604"
"PRSS57","0.129495082916047"
"PRSS58","0.129946223442124"
"PRSS8","0.129034162803474"
"PRTFDC1","0.131052758594638"
"PRTG","0.130253289612461"
"PRTN3","0.129926586101444"
"PRUNE","0.129499962243653"
"PRUNE2","0.129093849287909"
"PRX","0.130166479280501"
"PSAP","0.128875148398857"
"PSAPL1","0.131167880976386"
"PSAT1","0.131196381661798"
"PSCA","0.129881647923899"
"PSD","0.129298486527606"
"PSD2","0.129881647923899"
"PSD3","0.129455968004207"
"PSD4","0.131741790414154"
"PSEN1","0.128474585416311"
"PSEN2","0.129835835154972"
"PSENEN","0.130273194888936"
"PSG1","0.129425653312841"
"PSG2","0.129455968004207"
"PSG3","0.129425653312841"
"PSG4","0.131327504004648"
"PSG5","0.131201721586027"
"PSG6","0.130716061232365"
"PSG8","0.131745216006399"
"PSG9","0.129587498224019"
"PSIP1","0.131196381661798"
"PSKH1","0.129298486527606"
"PSKH2","0.129926586101444"
"PSMA1","0.130267450854241"
"PSMA2","0.130273194888936"
"PSMA3","0.131540999857454"
"PSMA3-AS1","0.131310259336592"
"PSMA4","0.130909328741215"
"PSMA5","0.130169552082904"
"PSMA6","0.131108518773519"
"PSMA7","0.129851488022"
"PSMA8","0.129926586101444"
"PSMB1","0.129886055956448"
"PSMB10","0.129445027470754"
"PSMB11","0.130363403477137"
"PSMB2","0.130716061232365"
"PSMB3","0.129789134944529"
"PSMB4","0.131430148764458"
"PSMB5","0.129437763659964"
"PSMB6","0.129356997627639"
"PSMB7","0.129835835154972"
"PSMB8","0.13139803524144"
"PSMB8-AS1","0.129789134944529"
"PSMB9","0.129502403974722"
"PSMC1","0.128745203405784"
"PSMC2","0.129946223442124"
"PSMC3","0.128681880890007"
"PSMC3IP","0.131905056580371"
"PSMC4","0.130716061232365"
"PSMC5","0.129886055956448"
"PSMC6","0.129916516142932"
"PSMD1","0.129946223442124"
"PSMD10","0.129523699865702"
"PSMD11","0.129946223442124"
"PSMD12","0.130868866048203"
"PSMD13","0.12991006395808"
"PSMD14","0.131098707397832"
"PSMD2","0.129236458174014"
"PSMD3","0.130909328741215"
"PSMD4","0.129253049243954"
"PSMD5","0.131736574184117"
"PSMD5-AS1","0.129455968004207"
"PSMD6","0.129416456879003"
"PSMD6-AS2","0.128602217793307"
"PSMD7","0.128960943302053"
"PSMD8","0.130363403477137"
"PSMD9","0.131257974465269"
"PSME1","0.127650071524779"
"PSME2","0.129363854899082"
"PSME3","0.129370084428347"
"PSME4","0.128474585416311"
"PSMF1","0.131196381661798"
"PSMG1","0.129886055956448"
"PSMG2","0.13064081367604"
"PSMG3","0.129428345250304"
"PSMG3-AS1","0.129425653312841"
"PSMG4","0.128555946203863"
"PSORS1C1","0.130363403477137"
"PSORS1C2","0.129926586101444"
"PSPC1","0.129886055956448"
"PSPH","0.128960943302053"
"PSPN","0.130909328741215"
"PSRC1","0.129428345250304"
"PSTK","0.129886055956448"
"PSTPIP1","0.129946223442124"
"PSTPIP2","0.129881647923899"
"PTAFR","0.131098707397832"
"PTAR1","0.129946223442124"
"PTBP1","0.130772361802999"
"PTBP2","0.129789134944529"
"PTBP3","0.129416456879003"
"PTCD1","0.129886055956448"
"PTCD2","0.129946223442124"
"PTCD3","0.129051266641831"
"PTCH1","0.129587498224019"
"PTCH2","0.129416456879003"
"PTCHD1","0.128960943302053"
"PTCHD1-AS","0.129298486527606"
"PTCHD2","0.131352076760952"
"PTCHD3","0.129402656957467"
"PTCHD4","0.130767622971883"
"PTCRA","0.130088373190091"
"PTCSC2","0.13139803524144"
"PTCSC3","0.129789134944529"
"PTDSS1","0.130909328741215"
"PTDSS2","0.129455968004207"
"PTEN","0.129253049243954"
"PTENP1-AS","0.129092835106854"
"PTER","0.131481795999659"
"PTF1A","0.129587498224019"
"PTGDR","0.12958107636967"
"PTGDR2","0.131052758594638"
"PTGDS","0.130504454162658"
"PTGER1","0.128727520794926"
"PTGER2","0.12958107636967"
"PTGER3","0.128652345481292"
"PTGER4","0.130716061232365"
"PTGES","0.130716061232365"
"PTGES2","0.129425653312841"
"PTGES2-AS1","0.13064081367604"
"PTGES3","0.131052758594638"
"PTGES3L","0.128681880890007"
"PTGES3L-AARSD1","0.129926586101444"
"PTGFR","0.129481796195132"
"PTGFRN","0.130504454162658"
"PTGIR","0.129455968004207"
"PTGIS","0.129034162803474"
"PTGR1","0.130716061232365"
"PTGR2","0.129926586101444"
"PTGS1","0.130504454162658"
"PTGS2","0.128920788303775"
"PTH1R","0.130147173447074"
"PTH2","0.130363403477137"
"PTH2R","0.129946223442124"
"PTHLH","0.129298486527606"
"PTK2","0.13064081367604"
"PTK2B","0.129338831579118"
"PTK6","0.129051266641831"
"PTK7","0.129835835154972"
"PTMA","0.130363403477137"
"PTMS","0.129428345250304"
"PTN","0.129926586101444"
"PTOV1","0.129051266641831"
"PTOV1-AS1","0.129886055956448"
"PTOV1-AS2","0.128324807594404"
"PTP4A1","0.131052758594638"
"PTP4A2","0.129455968004207"
"PTP4A3","0.12796666261366"
"PTPDC1","0.128463416548857"
"PTPMT1","0.130253742594269"
"PTPN1","0.128920788303775"
"PTPN11","0.128652273238601"
"PTPN12","0.131052758594638"
"PTPN13","0.129881647923899"
"PTPN14","0.128450885604287"
"PTPN18","0.129437763659964"
"PTPN2","0.129440758385858"
"PTPN20","0.129064218157199"
"PTPN21","0.130909328741215"
"PTPN22","0.129034162803474"
"PTPN23","0.129093849287909"
"PTPN3","0.129946223442124"
"PTPN4","0.128272434653003"
"PTPN5","0.13064081367604"
"PTPN6","0.129428345250304"
"PTPN7","0.129338831579118"
"PTPN9","0.129428227441288"
"PTPRA","0.130148892751108"
"PTPRB","0.129926586101444"
"PTPRC","0.130363403477137"
"PTPRCAP","0.130177664627759"
"PTPRD","0.129437763659964"
"PTPRD-AS1","0.129857099585501"
"PTPRD-AS2","0.129014162711905"
"PTPRE","0.129876223801017"
"PTPRF","0.130716061232365"
"PTPRG","0.129253049243954"
"PTPRH","0.129416456879003"
"PTPRJ","0.129455968004207"
"PTPRJ-AS1","0.128637405275376"
"PTPRK","0.129881647923899"
"PTPRM","0.12939647863855"
"PTPRN","0.129827224705264"
"PTPRN2","0.129789134944529"
"PTPRO","0.127907627559391"
"PTPRQ","0.129886055956448"
"PTPRR","0.127957683004685"
"PTPRS","0.127496044516423"
"PTPRT","0.129835835154972"
"PTPRU","0.130759079347923"
"PTPRZ1","0.130716061232365"
"PTRF","0.127403583317606"
"PTRH1","0.129881647923899"
"PTRH2","0.129093849287909"
"PTRHD1","0.129428345250304"
"PTS","0.129826400623382"
"PTTG1","0.129410147682471"
"PTTG1IP","0.129587498224019"
"PTTG2","0.129422592337337"
"PTX3","0.129344466683069"
"PTX4","0.129825947641574"
"PUDP","0.127421787661849"
"PUF60","0.129425653312841"
"PUM1","0.128680890188256"
"PUM2","0.127688661418823"
"PUM3","0.128756137744581"
"PURA","0.131187904197946"
"PURB","0.129318926302643"
"PURG","0.130363403477137"
"PUS1","0.129865135361641"
"PUS10","0.128329223134779"
"PUS3","0.129370084428347"
"PUS7","0.128680890188256"
"PUS7L","0.129835835154972"
"PUSL1","0.129789134944529"
"PVALB","0.129428345250304"
"PVR","0.127892654883753"
"PVRIG","0.129453673524606"
"PVRL1","0.127858565602024"
"PVRL2","0.127750539061797"
"PVRL3","0.12759895778658"
"PVRL3-AS1","0.127886159106013"
"PVRL4","0.129298486527606"
"PVT1","0.13024507221841"
"PWAR6","0.129462343900465"
"PWP1","0.129437763659964"
"PWP2","0.131285854014108"
"PWRN1","0.127001041820471"
"PWRN2","0.129319379284451"
"PWRN4","0.129362128265037"
"PWWP2A","0.131429558932326"
"PWWP2B","0.129455968004207"
"PXDC1","0.127885548487644"
"PXDN","0.129318926302643"
"PXDNL","0.127873017543073"
"PXK","0.13064081367604"
"PXMP2","0.12939647863855"
"PXMP4","0.129425653312841"
"PXN","0.128651113535348"
"PXN-AS1","0.127496044516423"
"PXT1","0.129093849287909"
"PXYLP1","0.127394164907946"
"PYCARD","0.128436433663237"
"PYCARD-AS1","0.127921724436114"
"PYCR1","0.130229993919847"
"PYCR2","0.129587498224019"
"PYCRL","0.129437763659964"
"PYDC1","0.129587498224019"
"PYDC2","0.13121230952043"
"PYGB","0.129854547427238"
"PYGL","0.12912473334461"
"PYGM","0.129102641668261"
"PYGO1","0.129351039825661"
"PYGO2","0.128971792198618"
"PYHIN1","0.131431663367809"
"PYM1","0.129428345250304"
"PYROXD1","0.130849026507859"
"PYROXD2","0.129396188970845"
"PYURF","0.129789134944529"
"PYY","0.128561704737243"
"PZP","0.129253049243954"
"QARS","0.129034162803474"
"QDPR","0.129304295247903"
"QKI","0.129335899913362"
"QPCT","0.129253049243954"
"QPCTL","0.129854547427238"
"QPRT","0.128439506465641"
"QRFP","0.12980265194896"
"QRFPR","0.12841712782981"
"QRICH1","0.127782266596601"
"QRICH2","0.127813627424478"
"QRSL1","0.128831496866107"
"QSER1","0.128823721712401"
"QSOX1","0.129335899913362"
"QSOX2","0.128638229357258"
"QTRT1","0.12856215771905"
"QTRTD1","0.128636952293568"
"R3HCC1","0.129455968004207"
"R3HCC1L","0.127748097330728"
"R3HDM1","0.127729931282207"
"R3HDM2","0.12940451441469"
"R3HDM4","0.130750128560436"
"R3HDML","0.129428345250304"
"RAB10","0.131183743528854"
"RAB11A","0.129881647923899"
"RAB11B","0.128580749339929"
"RAB11B-AS1","0.127548902341287"
"RAB11FIP1","0.12855984728002"
"RAB11FIP2","0.129835835154972"
"RAB11FIP3","0.12935850044727"
"RAB11FIP4","0.127861638404427"
"RAB11FIP5","0.128439506465641"
"RAB12","0.128374863039697"
"RAB13","0.13114557959184"
"RAB14","0.128831496866107"
"RAB15","0.12843280584547"
"RAB17","0.129416456879003"
"RAB18","0.127417372121475"
"RAB19","0.131065515044954"
"RAB1A","0.129816023959313"
"RAB1B","0.127724187247512"
"RAB20","0.12771047898754"
"RAB21","0.131243472214772"
"RAB22A","0.128960943302053"
"RAB23","0.129384674874345"
"RAB24","0.129343004049522"
"RAB25","0.127378559997642"
"RAB26","0.128575865979022"
"RAB27A","0.130063729785595"
"RAB27B","0.128547073682503"
"RAB28","0.129839735233544"
"RAB29","0.129428345250304"
"RAB2A","0.129428345250304"
"RAB2B","0.13073689763837"
"RAB30","0.128813446469914"
"RAB30-AS1","0.129815359707171"
"RAB31","0.131278480731561"
"RAB32","0.129093849287909"
"RAB33A","0.128553668961103"
"RAB33B","0.129379467391945"
"RAB34","0.127770887457955"
"RAB35","0.129425653312841"
"RAB36","0.12710530885047"
"RAB37","0.127847460073716"
"RAB38","0.128971792198618"
"RAB39A","0.128277796448323"
"RAB39B","0.129701277632371"
"RAB3A","0.128295382977716"
"RAB3B","0.129811316586834"
"RAB3C","0.127845619705425"
"RAB3D","0.127721114445108"
"RAB3GAP1","0.129381148073883"
"RAB3GAP2","0.127650071524779"
"RAB3IL1","0.1298003992923"
"RAB3IP","0.128959018601101"
"RAB40A","0.130843335860618"
"RAB40AL","0.127798729623601"
"RAB40B","0.128553487343192"
"RAB40C","0.127515849906832"
"RAB41","0.128546564824944"
"RAB42","0.128626364359165"
"RAB43","0.128950353963227"
"RAB44","0.129700177909895"
"RAB4A","0.12929095925467"
"RAB4B","0.127847274962982"
"RAB5A","0.127387947504786"
"RAB5B","0.127818035457028"
"RAB5C","0.127738845112178"
"RAB6A","0.129290360311067"
"RAB6B","0.127842709180843"
"RAB6C","0.1273781361291"
"RAB7A","0.128613656600954"
"RAB7B","0.128829187135952"
"RAB8A","0.127527433887908"
"RAB8B","0.126866849628629"
"RAB9A","0.128613585952761"
"RAB9B","0.127859078727187"
"RABAC1","0.129436360731071"
"RABEP1","0.129334266493157"
"RABEP2","0.126993125189674"
"RABEPK","0.127885548487644"
"RABGAP1","0.128652345481292"
"RABGAP1L","0.128561704737243"
"RABGEF1","0.129351039825661"
"RABGGTA","0.129115415265778"
"RABGGTB","0.128648040732944"
"RABIF","0.127369743160543"
"RABL2A","0.129318926302643"
"RABL2B","0.129377156873276"
"RABL3","0.129034162803474"
"RABL6","0.127417372121475"
"RAC1","0.129802581300767"
"RAC2","0.129797980593601"
"RAC3","0.127508389285222"
"RACGAP1","0.128810380262073"
"RAD1","0.12856215771905"
"RAD17","0.129445117586154"
"RAD18","0.131913972147009"
"RAD21","0.129946223442124"
"RAD21-AS1","0.125987785759521"
"RAD21L1","0.130072465071662"
"RAD23A","0.128815079890119"
"RAD23B","0.130140759786385"
"RAD50","0.130061547777127"
"RAD51","0.130765070813619"
"RAD51AP1","0.127859078727187"
"RAD51AP2","0.128837680424027"
"RAD51B","0.128844780030058"
"RAD51C","0.130138617508621"
"RAD51D","0.130132095148511"
"RAD52","0.129340451891258"
"RAD54B","0.12884560411194"
"RAD54L","0.130059129078429"
"RAD54L2","0.129396297020639"
"RAD9A","0.129451302984254"
"RAD9B","0.1308520927157"
"RADIL","0.128830672784225"
"RAE1","0.129845295821296"
"RAET1E","0.130227741263187"
"RAET1E-AS1","0.129848362029137"
"RAET1G","0.127467427566768"
"RAET1L","0.129312428212626"
"RAF1","0.128971792198618"
"RAG1","0.127921724436114"
"RAG2","0.128974926719531"
"RAI1","0.128844327048251"
"RAI1-AS1","0.129344541735644"
"RAI14","0.129841839669027"
"RAI2","0.12938988335995"
"RALA","0.129835835154972"
"RALB","0.129109236946861"
"RALBP1","0.131080657001639"
"RALGAPA1","0.13012984249185"
"RALGAPA2","0.127456533391219"
"RALGAPB","0.129587498224019"
"RALGDS","0.130144802906722"
"RALGPS1","0.129385913728358"
"RALGPS2","0.131082290421844"
"RALY","0.129396297020639"
"RALY-AS1","0.129093849287909"
"RALYL","0.130746252212249"
"RAMP1","0.129384674874345"
"RAMP2","0.127394164907946"
"RAMP2-AS1","0.128638229357258"
"RAMP3","0.131184342472457"
"RAN","0.131072030206046"
"RANBP1","0.130227759424875"
"RANBP10","0.12945539282864"
"RANBP17","0.128569165358852"
"RANBP2","0.129437485596173"
"RANBP3","0.130750258619926"
"RANBP3L","0.130067256586057"
"RANBP6","0.129343004049522"
"RANBP9","0.127421787661849"
"RANGAP1","0.128842469591028"
"RANGRF","0.12896372597358"
"RAP1A","0.128932942836626"
"RAP1B","0.127878202942703"
"RAP1GAP","0.131698664791634"
"RAP1GAP2","0.130747092756447"
"RAP1GDS1","0.128974926719531"
"RAP2A","0.128815079890119"
"RAP2B","0.130751253425538"
"RAP2C","0.132695890877872"
"RAP2C-AS1","0.130849026507859"
"RAPGEF1","0.133041898622678"
"RAPGEF2","0.13005588685893"
"RAPGEF3","0.128425798205669"
"RAPGEF4","0.129349182368438"
"RAPGEF4-AS1","0.127546460610218"
"RAPGEF5","0.128284747520147"
"RAPGEF6","0.128923019154365"
"RAPGEFL1","0.129394469666811"
"RAPH1","0.12931706884542"
"RAPSN","0.128868291127414"
"RARA","0.128298455780119"
"RARA-AS1","0.129425653312841"
"RARB","0.127847467581541"
"RARG","0.129106684788598"
"RARRES1","0.129442051378313"
"RARRES2","0.132220910036973"
"RARRES3","0.128940403458235"
"RARS","0.12911854978669"
"RARS2","0.129881647923899"
"RASA1","0.129335899913362"
"RASA2","0.128849264405103"
"RASA3","0.129388056006122"
"RASA4","0.128655996896254"
"RASA4B","0.130854234993464"
"RASAL1","0.131711581091002"
"RASAL2","0.130228884289977"
"RASAL2-AS1","0.127867567485135"
"RASAL3","0.129714937194635"
"RASD1","0.13013555130078"
"RASD2","0.128869867428676"
"RASEF","0.129453855142518"
"RASGEF1A","0.131501614077519"
"RASGEF1B","0.131426393068847"
"RASGEF1C","0.130754379719877"
"RASGRF1","0.131071881984869"
"RASGRF2","0.129926586101444"
"RASGRF2-AS1","0.132701233776309"
"RASGRP1","0.128932942836626"
"RASGRP2","0.129886055956448"
"RASGRP3","0.132529477451419"
"RASGRP4","0.131174832048211"
"RASIP1","0.127650071524779"
"RASL10A","0.131148848878817"
"RASL10B","0.1308520927157"
"RASL11A","0.127873017543073"
"RASL11B","0.132849588342811"
"RASL12","0.128324807594404"
"RASSF1","0.131280360139552"
"RASSF1-AS1","0.128450885604287"
"RASSF10","0.131266130245584"
"RASSF2","0.129728219649711"
"RASSF3","0.129819449551557"
"RASSF4","0.13270315748951"
"RASSF5","0.129425653312841"
"RASSF6","0.133025482832604"
"RASSF7","0.130765735065761"
"RASSF8","0.129330014742019"
"RASSF8-AS1","0.129117725704808"
"RASSF9","0.129034162803474"
"RAVER1","0.128974102637649"
"RAVER2","0.129462343900465"
"RAX","0.130138617508621"
"RAX2","0.1284702738203"
"RB1","0.1308520927157"
"RB1CC1","0.130838966851164"
"RBAK","0.128973649655841"
"RBAK-RBAKDN","0.128967151565824"
"RBAKDN","0.130238149700162"
"RBBP4","0.129109236946861"
"RBBP5","0.131255721808609"
"RBBP6","0.129425653312841"
"RBBP7","0.132367675689303"
"RBBP8","0.129402687060862"
"RBBP8NL","0.130763631325819"
"RBBP9","0.131506285432878"
"RBCK1","0.130079060350262"
"RBFA","0.129886055956448"
"RBFOX1","0.13132283264929"
"RBFOX2","0.128971014161622"
"RBFOX3","0.129926586101444"
"RBKS","0.129722041330795"
"RBL1","0.130853726135905"
"RBL2","0.130760518835724"
"RBM10","0.130071956214103"
"RBM11","0.129343004049522"
"RBM12","0.131501015133916"
"RBM12B","0.130750923567608"
"RBM14","0.132216396618011"
"RBM14-RBM4","0.127912043099766"
"RBM15","0.132386601362278"
"RBM15B","0.130757445927718"
"RBM17","0.129051266641831"
"RBM18","0.131334026364759"
"RBM19","0.128869867428676"
"RBM20","0.132386738046436"
"RBM22","0.129437763659964"
"RBM23","0.131071900146557"
"RBM24","0.129730077106934"
"RBM25","0.129633954456111"
"RBM26","0.129744238348714"
"RBM26-AS1","0.131281459862028"
"RBM27","0.129416848302642"
"RBM28","0.131286963643978"
"RBM3","0.131159239154104"
"RBM33","0.129854547427238"
"RBM34","0.131148848878817"
"RBM38","0.130752363055408"
"RBM39","0.130085238669179"
"RBM4","0.131284859208495"
"RBM41","0.133916010920013"
"RBM42","0.128444389826547"
"RBM43","0.129110774632984"
"RBM44","0.132225581392332"
"RBM45","0.13108684239974"
"RBM46","0.129521872511875"
"RBM47","0.130155390841125"
"RBM48","0.13108684239974"
"RBM4B","0.129587498224019"
"RBM5","0.131426393068847"
"RBM5-AS1","0.131199919446829"
"RBM6","0.129824090184351"
"RBM7","0.128884840104315"
"RBM8A","0.129403964124552"
"RBMS1","0.129835835154972"
"RBMS2","0.129840108883354"
"RBMS3","0.130716061232365"
"RBMS3-AS2","0.128581610013717"
"RBMS3-AS3","0.129487431299083"
"RBMX","0.128920788303775"
"RBMX2","0.130147355064985"
"RBMXL1","0.131274772067866"
"RBMXL2","0.131326394374778"
"RBMY1E","0.130763631325819"
"RBP1","0.131726165747142"
"RBP2","0.131325269509676"
"RBP3","0.128999190036267"
"RBP4","0.128864232324725"
"RBP5","0.131186909392333"
"RBP7","0.131420018690796"
"RBPJ","0.128987810897621"
"RBPJL","0.129253049243954"
"RBPMS","0.131295119424293"
"RBPMS-AS1","0.130748670910947"
"RBPMS2","0.129946223442124"
"RBSN","0.131281693345016"
"RBX1","0.129845852918049"
"RC3H1","0.13125330310991"
"RC3H2","0.131080657001639"
"RCAN1","0.129428345250304"
"RCAN2","0.128444389826547"
"RCAN3","0.129819449551557"
"RCBTB1","0.12930833836824"
"RCBTB2","0.131504032776218"
"RCC1","0.131286963643978"
"RCC2","0.133018105861147"
"RCCD1","0.128965613879702"
"RCE1","0.130129990713028"
"RCHY1","0.129155344047997"
"RCL1","0.132807682863189"
"RCN1","0.12913143396478"
"RCN2","0.130755819207678"
"RCN3","0.132529510641055"
"RCOR1","0.130233450072117"
"RCOR2","0.132849588342811"
"RCOR3","0.13269704513513"
"RCSD1","0.130169552082904"
"RCVRN","0.131295119424293"
"RD3","0.129715446052194"
"RDH10","0.12974912170962"
"RDH10-AS1","0.131334026364759"
"RDH11","0.131325399569166"
"RDH12","0.129840108883354"
"RDH13","0.129318926302643"
"RDH14","0.129817730247523"
"RDH16","0.13108684239974"
"RDH5","0.131273052763832"
"RDH8","0.129865135361641"
"RDM1","0.130140250928826"
"RDX","0.129715446052194"
"REC114","0.129349182368438"
"REC8","0.127548902341287"
"RECK","0.128322365863336"
"RECQL","0.127533929665648"
"RECQL4","0.13084557035559"
"RECQL5","0.128675023618564"
"REEP1","0.130765070813619"
"REEP2","0.13252879951542"
"REEP3","0.129453855142518"
"REEP4","0.132387307383996"
"REEP5","0.130765070813619"
"REEP6","0.130238149700162"
"REG1A","0.129392763378601"
"REG1B","0.133025482832604"
"REG3A","0.131158092863974"
"REG3G","0.128977186724906"
"REG4","0.130245253836322"
"REL","0.131186779332844"
"RELA","0.129351492807469"
"RELB","0.129128361162377"
"RELL1","0.131430553737939"
"RELL2","0.131163791132"
"RELN","0.129463167982347"
"RELT","0.130147173447074"
"REM1","0.131438185727919"
"REM2","0.130862367958187"
"REN","0.129876223801017"
"RENBP","0.128974926719531"
"REP15","0.131284859208495"
"REPIN1","0.130363403477137"
"REPS1","0.130228884289977"
"REPS2","0.129137177999475"
"RER1","0.127957683004685"
"RERE","0.130214625206691"
"RERG","0.129865135361641"
"RERG-AS1","0.132389950659891"
"RERGL","0.132401743318963"
"RESP18","0.132220910036973"
"REST","0.128745203405784"
"RET","0.130758885415518"
"RETN","0.130775658748022"
"RETSAT","0.128974926719531"
"REV1","0.130869314124654"
"REV3L","0.129337970905329"
"REXO1","0.129826400623382"
"REXO2","0.13109788331595"
"REXO4","0.131159748011663"
"RFC1","0.130251432155238"
"RFC2","0.129730530088742"
"RFC3","0.128672219739417"
"RFC4","0.132856561664464"
"RFC5","0.131186909392333"
"RFESD","0.132705567282418"
"RFFL","0.130786747187398"
"RFK","0.129870191529854"
"RFNG","0.131505175803008"
"RFPL1","0.131201721586027"
"RFPL1S","0.130776935811712"
"RFPL2","0.129481796195132"
"RFPL3","0.130854234993464"
"RFPL3S","0.132852613423248"
"RFPL4A","0.128882398373247"
"RFPL4AL1","0.131438185727919"
"RFPL4B","0.131284710987317"
"RFT1","0.129352316889351"
"RFTN1","0.128952848113101"
"RFTN2","0.12940314004267"
"RFWD2","0.131716146873141"
"RFWD3","0.133052836830149"
"RFX1","0.128599776062239"
"RFX2","0.131167880976386"
"RFX3","0.133234290445762"
"RFX3-AS1","0.130765735065761"
"RFX4","0.131454959060422"
"RFX5","0.129115415265778"
"RFX6","0.129851488022"
"RFX7","0.130233450072117"
"RFX8","0.131158092863974"
"RFXANK","0.131321347775968"
"RFXAP","0.131201721586027"
"RGAG1","0.129338831579118"
"RGAG4","0.131501614077519"
"RGCC","0.130795564024497"
"RGL1","0.131325269509676"
"RGL2","0.131281723139691"
"RGL3","0.129110774632984"
"RGL4","0.1308520927157"
"RGMA","0.129413775500238"
"RGMB","0.131223397959806"
"RGMB-AS1","0.130849026507859"
"RGN","0.132220910036973"
"RGP1","0.130867008590981"
"RGPD1","0.130849026507859"
"RGPD2","0.130858278113801"
"RGPD3","0.131148978938306"
"RGPD4","0.131072030206046"
"RGPD4-AS1","0.131716146873141"
"RGPD5","0.129034162803474"
"RGPD6","0.128965613879702"
"RGPD8","0.130245253836322"
"RGR","0.129155344047997"
"RGS1","0.130155843822932"
"RGS10","0.131726165747142"
"RGS11","0.131264496825379"
"RGS12","0.129857099585501"
"RGS13","0.129437763659964"
"RGS14","0.13125330310991"
"RGS16","0.129451967236396"
"RGS17","0.129319379284451"
"RGS18","0.129370084428347"
"RGS19","0.131723747048443"
"RGS2","0.133460615653294"
"RGS20","0.128934219900316"
"RGS22","0.129386430768547"
"RGS3","0.133060444266208"
"RGS4","0.132951158603749"
"RGS5","0.131308401879369"
"RGS6","0.12985691796759"
"RGS7","0.129117272723001"
"RGS7BP","0.129816023959313"
"RGS8","0.130098184565778"
"RGS9","0.128920788303775"
"RGS9BP","0.129402687060862"
"RGSL1","0.129117725704808"
"RHAG","0.131255739970297"
"RHBDD1","0.130758885415518"
"RHBDD2","0.132232103752442"
"RHBDD3","0.133052836830149"
"RHBDF1","0.128960943302053"
"RHBDF2","0.129886055956448"
"RHBDL1","0.129320203366333"
"RHBDL2","0.129453855142518"
"RHBDL3","0.132378054010091"
"RHBG","0.13151965744323"
"RHCE","0.129365201067441"
"RHCG","0.132538709402954"
"RHD","0.131295119424293"
"RHEB","0.129849262557947"
"RHEBL1","0.130072465071662"
"RHNO1","0.12940314004267"
"RHO","0.132232590882517"
"RHOA","0.128597095680128"
"RHOB","0.128960943302053"
"RHOBTB1","0.129337970905329"
"RHOBTB2","0.131293973134163"
"RHOBTB3","0.131167880976386"
"RHOC","0.130789819989802"
"RHOD","0.129870191529854"
"RHOF","0.130155843822932"
"RHOG","0.13064081367604"
"RHOH","0.131435119520078"
"RHOJ","0.128865610745303"
"RHOQ","0.129320203366333"
"RHOT1","0.130155390841125"
"RHOT2","0.130716061232365"
"RHOU","0.129835835154972"
"RHOV","0.131308401879369"
"RHOXF1","0.131281270157883"
"RHOXF1-AS1","0.129428345250304"
"RHOXF2","0.130716061232365"
"RHOXF2B","0.129456202723995"
"RHPN1","0.129365201067441"
"RHPN1-AS1","0.131204092126379"
"RHPN2","0.130079060350262"
"RIBC1","0.13018093122155"
"RIBC2","0.132383614597844"
"RIC1","0.129587498224019"
"RIC3","0.129506134806937"
"RIC8A","0.131266639103143"
"RIC8B","0.130504454162658"
"RICTOR","0.131303761246575"
"RIF1","0.130860830272064"
"RIIAD1","0.129376580206087"
"RILP","0.131273052763832"
"RILPL1","0.131204273744291"
"RILPL2","0.131733610339533"
"RIMBP2","0.131174832048211"
"RIMBP3","0.133242143738477"
"RIMBP3C","0.130870143111893"
"RIMKLA","0.130098184565778"
"RIMKLB","0.131430148764458"
"RIMS1","0.131734940763912"
"RIMS2","0.13271570283717"
"RIMS3","0.129370945102136"
"RIMS4","0.132861233019823"
"RIN1","0.129480935521343"
"RIN2","0.131308401879369"
"RIN3","0.133038875453231"
"RING1","0.131481795999659"
"RINL","0.132855962720861"
"RINT1","0.131090932244126"
"RIOK1","0.129845852918049"
"RIOK2","0.129428345250304"
"RIOK3","0.132818061183978"
"RIPK1","0.132166205065198"
"RIPK2","0.129881647923899"
"RIPK3","0.131344301607245"
"RIPK4","0.130883027289983"
"RIPPLY1","0.131223397959806"
"RIPPLY2","0.130909379104268"
"RIPPLY3","0.130819902636302"
"RIT1","0.131273052763832"
"RIT2","0.129386430768547"
"RITA1","0.131734128956263"
"RLBP1","0.130894406428629"
"RLF","0.129470225276674"
"RLIM","0.133028340406088"
"RLN1","0.131540669564868"
"RLN2","0.132709099332744"
"RLTPR","0.129463167982347"
"RMDN1","0.132547435854185"
"RMDN2","0.131218622954683"
"RMDN2-AS1","0.132704467559942"
"RMDN3","0.130288680555346"
"RMI1","0.131540999857454"
"RMI2","0.131237849900856"
"RMND1","0.130251432155238"
"RMND5A","0.131445035378161"
"RMND5B","0.131514950070752"
"RMRP","0.131722230638019"
"RN7SL832P","0.129253049243954"
"RNASE1","0.131310712318399"
"RNASE10","0.130098184565778"
"RNASE13","0.130867008590981"
"RNASE2","0.131735427893987"
"RNASE3","0.130363403477137"
"RNASE4","0.13255264433979"
"RNASE6","0.130923435987048"
"RNASE7","0.129876223801017"
"RNASE9","0.132559058000479"
"RNASEH1","0.131108518773519"
"RNASEH1-AS1","0.129455968004207"
"RNASEH2A","0.12987929660342"
"RNASEH2B","0.129587498224019"
"RNASEH2B-AS1","0.130085238669179"
"RNASEH2C","0.131308401879369"
"RNASEK","0.131340876015001"
"RNASEK-C17orf49","0.130153533383902"
"RNASEL","0.13151965744323"
"RNASET2","0.132403885596727"
"RND1","0.132247019627723"
"RND2","0.129481796195132"
"RND3","0.131204092126379"
"RNF10","0.128934895549608"
"RNF103","0.133037880647618"
"RNF103-CHMP3","0.130716061232365"
"RNF11","0.131012051775423"
"RNF111","0.129386430768547"
"RNF112","0.131090932244126"
"RNF113A","0.130870143111893"
"RNF113B","0.130870143111893"
"RNF114","0.129851488022"
"RNF115","0.129395283713941"
"RNF121","0.13087995448758"
"RNF122","0.13275008696916"
"RNF123","0.133472049595474"
"RNF125","0.129351492807469"
"RNF126","0.131223397959806"
"RNF128","0.132232590882517"
"RNF13","0.130716061232365"
"RNF130","0.129845852918049"
"RNF133","0.131445035378161"
"RNF135","0.131440328005683"
"RNF138","0.130246791522444"
"RNF139","0.130272334215147"
"RNF139-AS1","0.132719158989439"
"RNF14","0.130883027289983"
"RNF141","0.132400412894584"
"RNF144A","0.131295119424293"
"RNF144B","0.129865588343448"
"RNF145","0.131445035378161"
"RNF146","0.13145541204223"
"RNF148","0.132383614597844"
"RNF149","0.131722230638019"
"RNF150","0.130776935811712"
"RNF151","0.131266130245584"
"RNF152","0.129881647923899"
"RNF157","0.128920788303775"
"RNF165","0.129890675742066"
"RNF166","0.131290419796247"
"RNF167","0.129926586101444"
"RNF168","0.131325514046163"
"RNF169","0.130363403477137"
"RNF17","0.131196381661798"
"RNF170","0.129395283713941"
"RNF175","0.129774320995214"
"RNF180","0.131439819148124"
"RNF181","0.131089212940092"
"RNF182","0.130253289612461"
"RNF183","0.129034162803474"
"RNF185","0.131809186045731"
"RNF185-AS1","0.129885040638115"
"RNF186","0.128951987439312"
"RNF187","0.130860830272064"
"RNF19A","0.13109557287692"
"RNF19B","0.129863277904418"
"RNF2","0.129481796195132"
"RNF20","0.130909328741215"
"RNF207","0.131448460970406"
"RNF208","0.129338831579118"
"RNF212","0.131716773726789"
"RNF212B","0.129744238348714"
"RNF213","0.128968333779511"
"RNF214","0.133034481301152"
"RNF215","0.131012051775423"
"RNF216","0.129749982383409"
"RNF217","0.13366819559572"
"RNF217-AS1","0.12974116554631"
"RNF219","0.132223476956849"
"RNF219-AS1","0.13017443544381"
"RNF220","0.133062854059117"
"RNF222","0.130147355064985"
"RNF223","0.131518993191089"
"RNF224","0.132227556573824"
"RNF225","0.129945133092587"
"RNF24","0.131266130245584"
"RNF25","0.129886055956448"
"RNF26","0.129774320995214"
"RNF31","0.132713598401687"
"RNF32","0.129617460025426"
"RNF34","0.131087506651881"
"RNF38","0.131749856639193"
"RNF39","0.133062854059117"
"RNF4","0.130363403477137"
"RNF40","0.131530034107299"
"RNF41","0.130858278113801"
"RNF43","0.132549171637647"
"RNF44","0.13121230952043"
"RNF5","0.130869319030011"
"RNF6","0.132232590882517"
"RNF7","0.131137943390207"
"RNF8","0.131012051775423"
"RNFT1","0.132711071064368"
"RNFT2","0.131267514382417"
"RNGTT","0.131188540308183"
"RNH1","0.129052128287639"
"RNLS","0.132711071064368"
"RNMT","0.13145541204223"
"RNMTL1","0.133063686485707"
"RNPC3","0.131540999857454"
"RNPEP","0.132550502062026"
"RNPEPL1","0.132973783444925"
"RNPS1","0.131196381661798"
"RNU11","0.130267450854241"
"RNU12","0.129851488022"
"RNU6ATAC35P","0.131012051775423"
"ROBO1","0.131299671402189"
"ROBO2","0.131012051775423"
"ROBO3","0.128681196181848"
"ROBO4","0.130909328741215"
"ROCK1","0.132819055989591"
"ROCK2","0.129845852918049"
"ROGDI","0.131512807792988"
"ROM1","0.130087096126401"
"ROMO1","0.130765735065761"
"ROPN1","0.131185467505779"
"ROPN1B","0.130148892751108"
"ROPN1L","0.129881647923899"
"ROPN1L-AS1","0.131295628281852"
"ROR1","0.132934982796679"
"ROR1-AS1","0.129391552881726"
"ROR2","0.132383614597844"
"RORA","0.130264378051837"
"RORA-AS1","0.132709961434498"
"RORB","0.13108684239974"
"RORC","0.13151965744323"
"ROS1","0.13139803524144"
"RP1","0.129946223442124"
"RP1-100J12.1","0.12958107636967"
"RP1-101D8.1","0.132386680805684"
"RP1-101G11.3","0.131441203284956"
"RP1-101K10.6","0.13304344123537"
"RP1-102D24.5","0.132220910036973"
"RP1-102E24.10","0.12884560411194"
"RP1-102E24.8","0.12974912170962"
"RP1-102G20.5","0.131301175434357"
"RP1-102K2.6","0.131273052763832"
"RP1-102K2.8","0.13173795832095"
"RP1-10C16.1","0.131198553744964"
"RP1-111B22.3","0.129840108883354"
"RP1-111C20.3","0.132541875266433"
"RP1-111C20.4","0.133066253405583"
"RP1-111D6.2","0.132388314225889"
"RP1-111D6.3","0.133695796877507"
"RP1-116K23.1","0.130169552082904"
"RP1-117B12.4","0.132166205065198"
"RP1-117O3.2","0.132829705536608"
"RP1-117P20.3","0.12975561748736"
"RP1-118J21.25","0.133771528432215"
"RP1-118J21.5","0.13139803524144"
"RP1-120G22.11","0.129835835154972"
"RP1-121G13.2","0.131736574184117"
"RP1-122K4.2","0.129052128287639"
"RP1-122K4.3","0.131521545349352"
"RP1-122O8.7","0.130816171804087"
"RP1-122P22.2","0.129456202723995"
"RP1-122P22.4","0.130289078594412"
"RP1-124C6.1","0.131454959060422"
"RP1-125I3.2","0.129587498224019"
"RP1-125N5.2","0.131302041942541"
"RP1-127D3.4","0.129502403974722"
"RP1-127H14.3","0.131523083035475"
"RP1-127L4.7","0.131809186045731"
"RP1-12G14.7","0.133070044696744"
"RP1-12G14.9","0.131223397959806"
"RP1-130H16.18","0.130923435987048"
"RP1-135L22.1","0.132869388800138"
"RP1-136B1.1","0.132404760876001"
"RP1-137D17.1","0.133974129376841"
"RP1-137D17.2","0.13019078178401"
"RP1-137H15.2","0.129884179964326"
"RP1-137K2.2","0.131271346475622"
"RP1-138A5.3","0.131717882656602"
"RP1-138B7.5","0.131293973134163"
"RP1-138B7.7","0.130860830272064"
"RP1-140A9.1","0.131293486004088"
"RP1-140J1.1","0.129320203366333"
"RP1-140K8.1","0.133250665885766"
"RP1-140K8.5","0.13127941270066"
"RP1-142L7.5","0.131735427893987"
"RP1-142L7.8","0.130101257368181"
"RP1-142L7.9","0.128973455892691"
"RP1-144F13.3","0.130769160658005"
"RP1-148H17.1","0.131726062731224"
"RP1-149A16.12","0.130289078594412"
"RP1-149A16.17","0.131077590793798"
"RP1-149A16.3","0.132708836569396"
"RP1-149C7.1","0.130155843822932"
"RP1-149L1.1","0.131509741585147"
"RP1-14D6.7","0.129824090184351"
"RP1-150O5.3","0.129881647923899"
"RP1-151B14.6","0.129926586101444"
"RP1-151F17.1","0.130253742594269"
"RP1-151F17.2","0.131174832048211"
"RP1-153G14.4","0.128944031276002"
"RP1-153P14.5","0.129827224705264"
"RP1-153P14.8","0.131194205763547"
"RP1-154K9.2","0.130909328741215"
"RP1-155D22.2","0.129456202723995"
"RP1-159A19.4","0.130264329418229"
"RP1-15D23.2","0.131080657001639"
"RP1-163G9.2","0.130274917352632"
"RP1-163M9.7","0.131429428872837"
"RP1-166H1.2","0.13017443544381"
"RP1-166H4.2","0.132386601362278"
"RP1-167A14.2","0.131194205763547"
"RP1-167F1.2","0.131499681928452"
"RP1-167G20.1","0.128870732858482"
"RP1-167O22.1","0.131267514382417"
"RP1-168L15.5","0.128844381044197"
"RP1-16A9.1","0.131497665836303"
"RP1-170O19.14","0.131077590793798"
"RP1-170O19.17","0.129847031604757"
"RP1-171K16.5","0.132386601362278"
"RP1-177I10.1","0.128423487766638"
"RP1-178F10.1","0.130228884289977"
"RP1-178F15.4","0.132852048245502"
"RP1-179N16.6","0.12786061641331"
"RP1-179P9.3","0.133687266838215"
"RP1-17K7.2","0.13142699201245"
"RP1-184J9.2","0.12930833836824"
"RP1-187B23.1","0.130073340350935"
"RP1-18D14.7","0.130087096126401"
"RP1-191J18.66","0.132373554941149"
"RP1-193H18.2","0.128865610745303"
"RP1-193H18.3","0.131080657001639"
"RP1-197B17.3","0.128662492673994"
"RP1-197B17.4","0.129881647923899"
"RP1-198K11.5","0.130860830272064"
"RP1-199J3.7","0.129106684788598"
"RP1-202O8.3","0.129428345250304"
"RP1-205F14P.1","0.133025959153863"
"RP1-206D15.6","0.129876223801017"
"RP1-207H1.3","0.129312428212626"
"RP1-209A6.1","0.131723747048443"
"RP1-20B11.2","0.129926586101444"
"RP1-20B21.4","0.131436855303539"
"RP1-20C7.6","0.128656857570043"
"RP1-212P9.3","0.130852579845775"
"RP1-213J1P--B.1","0.131285854014108"
"RP1-221C16.8","0.132395220958853"
"RP1-223B1.1","0.130504454162658"
"RP1-223E5.4","0.129851379586174"
"RP1-224A6.3","0.132380158445574"
"RP1-224A6.9","0.132547435854185"
"RP1-225E12.2","0.129463167982347"
"RP1-228P16.5","0.12940314004267"
"RP1-228P16.8","0.130274917352632"
"RP1-230L10.1","0.132230773328063"
"RP1-232L24.3","0.131202385838169"
"RP1-232N11.2","0.132861233019823"
"RP1-232P20.1","0.133768704048366"
"RP1-234P15.4","0.131266130245584"
"RP1-239B22.5","0.131098707397832"
"RP1-23E21.2","0.1302433659302"
"RP1-244F24.1","0.130761027693282"
"RP1-249F5.3","0.130268419262615"
"RP1-249I4.2","0.129052128287639"
"RP1-251M9.2","0.133060213801605"
"RP1-251M9.3","0.127911358391607"
"RP1-253P7.4","0.133697172557894"
"RP1-256G22.2","0.131505175803008"
"RP1-257A7.4","0.129443200116927"
"RP1-257A7.5","0.132398677111123"
"RP1-261D10.2","0.132394111328983"
"RP1-261G23.5","0.132957008068035"
"RP1-261G23.7","0.132919977524152"
"RP1-265C24.8","0.131284729149006"
"RP1-266L20.2","0.130765735065761"
"RP1-266L20.4","0.130852579845775"
"RP1-267D11.6","0.129720153424673"
"RP1-267L14.3","0.132535496789499"
"RP1-267L14.6","0.132854114226369"
"RP1-269M15.3","0.132957008068035"
"RP1-272L16.1","0.132230773328063"
"RP1-273N12.4","0.132927350806699"
"RP1-274L7.1","0.132538709402954"
"RP1-276E15.1","0.130758885415518"
"RP1-278C19.8","0.131255870029786"
"RP1-278O22.1","0.131431663367809"
"RP1-278O22.2","0.13172618390883"
"RP1-27K12.2","0.131166161672352"
"RP1-27K12.4","0.132705800765406"
"RP1-27O5.3","0.130854234993464"
"RP1-283K11.2","0.131198553744964"
"RP1-283K11.3","0.134263980114298"
"RP1-286D6.5","0.132227556573824"
"RP1-287H17.1","0.12913143396478"
"RP1-288H2.2","0.131438185727919"
"RP1-28H20.3","0.133034481301152"
"RP1-28O10.1","0.133270674465389"
"RP1-290I10.3","0.132716263000098"
"RP1-290I10.5","0.131431663367809"
"RP1-292B18.3","0.13021164137306"
"RP1-292L20.3","0.132545954883407"
"RP1-293L6.1","0.130862367958187"
"RP1-293L8.2","0.132702451467793"
"RP1-29C18.10","0.131726313968319"
"RP1-29C18.9","0.132378054010091"
"RP1-302D9.1","0.132397196140345"
"RP1-302D9.3","0.132705800765406"
"RP1-302G2.5","0.129157785779065"
"RP1-309F20.3","0.129886055956448"
"RP1-309F20.4","0.134384264167116"
"RP1-30E17.2","0.132227556573824"
"RP1-30M3.5","0.132813046826007"
"RP1-30M3.6","0.132706518062849"
"RP1-310O13.7","0.128945958567426"
"RP1-313I6.12","0.131163791132"
"RP1-313L4.3","0.127421337673478"
"RP1-315G1.3","0.131722914621853"
"RP1-317E23.3","0.133060444266208"
"RP1-32B1.4","0.131285854014108"
"RP1-32I10.10","0.13018093122155"
"RP1-34B20.21","0.132707640555731"
"RP1-34H18.1","0.131264983955454"
"RP1-35C21.1","0.132960956309251"
"RP1-35C21.2","0.132545954883407"
"RP1-37C10.3","0.133057109469502"
"RP1-37E16.12","0.131719213080982"
"RP1-37N7.1","0.131721299610348"
"RP1-39G22.7","0.131263166401"
"RP1-39J2.1","0.131151083373789"
"RP1-40E16.11","0.12913143396478"
"RP1-40E16.12","0.13017443544381"
"RP1-40E16.2","0.132815494264102"
"RP1-40E16.9","0.131285854014108"
"RP1-41C23.1","0.129451302984254"
"RP1-41C23.4","0.131717882656602"
"RP1-41P2.7","0.131259949646761"
"RP1-43E13.2","0.133468318493319"
"RP1-45C12.1","0.128319685481225"
"RP1-45I4.2","0.132703952270914"
"RP1-45I4.3","0.129861338584459"
"RP1-45N11.1","0.129396188970845"
"RP1-46F2.3","0.130760518835724"
"RP1-4G17.5","0.132551219279895"
"RP1-50J22.4","0.128657715525757"
"RP1-50O24.6","0.133032071508243"
"RP1-55C23.7","0.133068112547677"
"RP1-56K13.2","0.130258144020128"
"RP1-56K13.3","0.132394111328983"
"RP1-56K13.5","0.1308520927157"
"RP1-59D14.1","0.130923435987048"
"RP1-59D14.10","0.132225581392332"
"RP1-59D14.5","0.134389160999958"
"RP1-5O6.5","0.129463167982347"
"RP1-60O19.1","0.132705567282418"
"RP1-60O19.2","0.132538475919967"
"RP1-63G5.8","0.131202385838169"
"RP1-63M2.5","0.132539308346557"
"RP1-63M2.7","0.132563860206485"
"RP1-65J11.5","0.129428227441288"
"RP1-65P5.5","0.131263166401"
"RP1-66C13.4","0.128884840104315"
"RP1-67K17.4","0.131741126162013"
"RP1-68D18.3","0.131321347775968"
"RP1-68D18.4","0.131295119424293"
"RP1-69D17.3","0.131716146873141"
"RP1-69D17.4","0.129886055956448"
"RP1-69M21.2","0.132811682707044"
"RP1-71H19.2","0.13127068222348"
"RP1-71H24.1","0.132708836569396"
"RP1-74B13.2","0.131721355358746"
"RP1-76B20.11","0.130145467158863"
"RP1-78B3.1","0.130251432155238"
"RP1-78O14.1","0.132927350806699"
"RP1-79C4.1","0.132383614597844"
"RP1-79C4.4","0.131727308773932"
"RP1-7G5.6","0.132855729237874"
"RP1-80N2.2","0.131282292288619"
"RP1-80N2.3","0.131514441213193"
"RP1-81P11.1","0.1317104562259"
"RP1-84O15.2","0.129337970905329"
"RP1-86C11.7","0.131197169608131"
"RP1-86D1.5","0.131722914621853"
"RP1-8B1.4","0.132566926414326"
"RP1-90G24.10","0.130860830272064"
"RP1-90G24.11","0.131159748011663"
"RP1-90G24.6","0.130235185855578"
"RP1-90J20.8","0.131160623290937"
"RP1-90J4.1","0.128884840104315"
"RP1-90K10.4","0.130147355064985"
"RP1-91J24.3","0.132372244870717"
"RP1-92C8.3","0.131190989009308"
"RP1-92O14.3","0.129835835154972"
"RP1-92O14.6","0.131082290421844"
"RP1-93H18.1","0.128654642723354"
"RP1-93H18.6","0.129320203366333"
"RP1-97G4.1","0.131719213080982"
"RP1-97J1.2","0.129462343900465"
"RP11-1000B6.3","0.131429428872837"
"RP11-1000B6.5","0.133063686485707"
"RP11-1000B6.8","0.130271025173638"
"RP11-1006G14.1","0.131266639103143"
"RP11-1006G14.2","0.131436855303539"
"RP11-1007G5.2","0.133661066966509"
"RP11-1007O24.2","0.128934219900316"
"RP11-1007O24.3","0.133913300353824"
"RP11-1008C21.1","0.130852579845775"
"RP11-1008C21.2","0.132709961434498"
"RP11-100K18.1","0.130852748928016"
"RP11-100L22.1","0.129819449551557"
"RP11-100N20.1","0.132704058160158"
"RP11-1012A1.4","0.131263166401"
"RP11-1017G21.4","0.129463167982347"
"RP11-1017G21.5","0.130258144020128"
"RP11-1017G21.6","0.130153533383902"
"RP11-1018N14.1","0.131721299610348"
"RP11-1018N14.2","0.13021164137306"
"RP11-1018N14.3","0.129820060900865"
"RP11-1018N14.5","0.132375487090215"
"RP11-101C11.1","0.127582594974909"
"RP11-101C21.4","0.131267514382417"
"RP11-101E13.5","0.131730393585293"
"RP11-101E14.3","0.128298455780119"
"RP11-101E5.1","0.127804203166086"
"RP11-101E7.2","0.130761902972556"
"RP11-1020A11.2","0.131293486004088"
"RP11-1022B3.1","0.131735427893987"
"RP11-1023P17.2","0.132535496789499"
"RP11-1026M7.2","0.132387167935759"
"RP11-1026M7.3","0.129731354170624"
"RP11-1029J19.2","0.133060444266208"
"RP11-1029J19.4","0.132926225941597"
"RP11-1029J19.5","0.130286005792008"
"RP11-102C16.3","0.131293486004088"
"RP11-102G14.1","0.130765735065761"
"RP11-102L12.2","0.130504454162658"
"RP11-102M11.2","0.132400412894584"
"RP11-102N11.1","0.131721355358746"
"RP11-102N12.2","0.130213025509892"
"RP11-102N12.3","0.130166479280501"
"RP11-1030E3.1","0.131293973134163"
"RP11-1033H12.1","0.129744238348714"
"RP11-1035H13.2","0.130767622971883"
"RP11-1035H13.3","0.131508260614369"
"RP11-1036E20.9","0.131204092126379"
"RP11-1038A11.1","0.12940314004267"
"RP11-1038A11.3","0.130759372545593"
"RP11-103C16.2","0.129731354170624"
"RP11-103H7.2","0.131160623290937"
"RP11-103H7.3","0.132858998524851"
"RP11-103H7.5","0.131710586285389"
"RP11-103J17.1","0.1330223785005"
"RP11-103J8.1","0.131081144131714"
"RP11-103J8.2","0.129817137007405"
"RP11-1042B17.3","0.130862367958187"
"RP11-1049A21.2","0.129137177999475"
"RP11-1049H7.2","0.132705800765406"
"RP11-104E19.1","0.131083674558677"
"RP11-104H15.8","0.130253742594269"
"RP11-104H15.9","0.128980419786537"
"RP11-104J23.1","0.131722914621853"
"RP11-104J23.2","0.129824090184351"
"RP11-104L21.3","0.130855110272737"
"RP11-104N10.1","0.130860648654153"
"RP11-104O19.4","0.129817911865435"
"RP11-1055B8.10","0.130759541627835"
"RP11-1055B8.2","0.12926061147201"
"RP11-1055B8.3","0.130264378051837"
"RP11-1055B8.4","0.133197092975941"
"RP11-1055B8.9","0.128951987439312"
"RP11-1057B6.1","0.131083674558677"
"RP11-1057B8.2","0.132230773328063"
"RP11-1058N17.1","0.131737083041676"
"RP11-105C19.1","0.129815359707171"
"RP11-105C19.2","0.129824090184351"
"RP11-105N14.1","0.128884840104315"
"RP11-105N14.2","0.132849588342811"
"RP11-105N14.3","0.128687798172258"
"RP11-1060G2.2","0.130853726135905"
"RP11-1060J15.4","0.130852748928016"
"RP11-1060J15.7","0.129345679190591"
"RP11-1060J15.9","0.131505175803008"
"RP11-1069G10.1","0.130218563891308"
"RP11-1069G10.2","0.131296503561125"
"RP11-106E15.1","0.129365491480312"
"RP11-106M3.2","0.131296503561125"
"RP11-106M3.3","0.132559294424346"
"RP11-106M7.1","0.13347077839601"
"RP11-1070A24.2","0.131438841940235"
"RP11-1070N10.3","0.130242701678058"
"RP11-1070N10.4","0.128850125078892"
"RP11-1070N10.5","0.131160623290937"
"RP11-1070N10.7","0.128952848113101"
"RP11-1072A3.4","0.13222031109337"
"RP11-1072C15.4","0.130852748928016"
"RP11-1078H9.1","0.130220283195342"
"RP11-1078H9.5","0.133059173066744"
"RP11-1079H9.1","0.128836291272111"
"RP11-1079K10.2","0.131164305803171"
"RP11-1079K10.3","0.132910674362488"
"RP11-1079K10.4","0.131429558932326"
"RP11-107D24.2","0.131261430617538"
"RP11-107E5.4","0.130849026507859"
"RP11-107F6.3","0.13172618390883"
"RP11-107I14.4","0.13144437112602"
"RP11-107M16.2","0.131435119520078"
"RP11-107N15.1","0.132374654663625"
"RP11-1080G15.1","0.12944577379847"
"RP11-1080G15.2","0.130858278113801"
"RP11-1081L13.4","0.128471910401529"
"RP11-1081M5.1","0.131429428872837"
"RP11-1081M5.2","0.128871079936198"
"RP11-1082L8.3","0.131506285432878"
"RP11-1082L8.4","0.130212150230619"
"RP11-1084A12.2","0.130245253836322"
"RP11-1084E5.1","0.129617460025426"
"RP11-1084I9.1","0.132374654663625"
"RP11-1085N6.2","0.131082290421844"
"RP11-1085N6.5","0.13108684239974"
"RP11-108H9.1","0.132847207090585"
"RP11-108K14.12","0.128871079936198"
"RP11-108K14.8","0.129730530088742"
"RP11-108K3.1","0.130231969101339"
"RP11-108K3.2","0.130849026507859"
"RP11-108L7.14","0.131727308773932"
"RP11-108L7.15","0.130148892751108"
"RP11-108L7.4","0.131158496663796"
"RP11-108M12.3","0.129310708908592"
"RP11-108M9.1","0.132846763958962"
"RP11-108M9.2","0.130855110272737"
"RP11-108M9.3","0.131083674558677"
"RP11-108M9.4","0.131265153037695"
"RP11-108M9.6","0.129310890526504"
"RP11-108O10.2","0.132703008782929"
"RP11-108O10.8","0.131431663367809"
"RP11-108P20.2","0.130760518835724"
"RP11-108P20.3","0.127783479104123"
"RP11-108P20.4","0.132710432538208"
"RP11-1090M7.1","0.129713790904505"
"RP11-1094H24.3","0.131286963643978"
"RP11-1094H24.4","0.1307738012908"
"RP11-1094M14.10","0.13323471369525"
"RP11-1094M14.11","0.130148892751108"
"RP11-1094M14.12","0.13172618390883"
"RP11-1096G20.5","0.132910853853968"
"RP11-1099M24.7","0.130840899000231"
"RP11-109A6.2","0.131266639103143"
"RP11-109A6.3","0.129310708908592"
"RP11-109D20.1","0.129715446052194"
"RP11-109D20.2","0.131159239154104"
"RP11-109D9.4","0.129713790904505"
"RP11-109E12.1","0.132373039652121"
"RP11-109E24.1","0.131158092863974"
"RP11-109E24.2","0.13106946328617"
"RP11-109G23.3","0.127566248554466"
"RP11-109J4.1","0.132806139690223"
"RP11-109M17.2","0.129394651284723"
"RP11-109M19.1","0.130251432155238"
"RP11-109N23.4","0.127776342904954"
"RP11-109P11.1","0.131704777146014"
"RP11-109P14.10","0.127833699905599"
"RP11-109P14.9","0.130258631150203"
"RP11-109P6.2","0.131499166639424"
"RP11-10A14.3","0.128931085379403"
"RP11-10A14.4","0.131263166401"
"RP11-10A14.5","0.130140759786385"
"RP11-10A14.6","0.130019383726132"
"RP11-10A14.9","0.129437763659964"
"RP11-10C24.1","0.13084645626639"
"RP11-10C24.2","0.132392986463881"
"RP11-10C24.3","0.131081144131714"
"RP11-10C8.2","0.128836291272111"
"RP11-10H3.1","0.128319685481225"
"RP11-10J18.3","0.131174566018969"
"RP11-10J21.3","0.129344466683069"
"RP11-10J21.4","0.128863371650937"
"RP11-10J21.5","0.129394469666811"
"RP11-10J21.6","0.133761717136762"
"RP11-10J5.1","0.128452098111809"
"RP11-10K16.1","0.129451967236396"
"RP11-10K17.6","0.12913143396478"
"RP11-10L12.4","0.131720504828944"
"RP11-10L7.1","0.132944171692145"
"RP11-10N16.2","0.131714665902363"
"RP11-10N16.3","0.129451302984254"
"RP11-10N23.2","0.131287849554778"
"RP11-10N23.4","0.130853726135905"
"RP11-10N23.5","0.131426159585859"
"RP11-10O17.3","0.130258144020128"
"RP11-10O22.1","0.132702451467793"
"RP11-1100L3.7","0.130837656780732"
"RP11-1100L3.8","0.129835835154972"
"RP11-1101H11.1","0.130245253836322"
"RP11-1102P16.1","0.1308520927157"
"RP11-1103G16.1","0.128641696826755"
"RP11-1105G2.3","0.132846763958962"
"RP11-1105G2.4","0.133052070102208"
"RP11-1109F11.3","0.133060246991242"
"RP11-1109F11.5","0.127776342904954"
"RP11-1109M24.5","0.132910674362488"
"RP11-110A12.2","0.129453855142518"
"RP11-110G21.1","0.130206941745014"
"RP11-110H1.8","0.131282292288619"
"RP11-110I1.11","0.131436855303539"
"RP11-110I1.12","0.13107610982302"
"RP11-110I1.13","0.131077590793798"
"RP11-110I1.14","0.132707083240595"
"RP11-110I1.6","0.132957714089753"
"RP11-110L15.1","0.132910853853968"
"RP11-1112C15.2","0.129312428212626"
"RP11-1112J20.2","0.131506285432878"
"RP11-1113L8.1","0.131507171343679"
"RP11-1114A5.4","0.132216961795757"
"RP11-1114I9.1","0.130213025509892"
"RP11-111A21.1","0.130000755513347"
"RP11-111A22.1","0.131082290421844"
"RP11-111D3.2","0.132372096164135"
"RP11-111E14.1","0.129817137007405"
"RP11-111F5.3","0.130238149700162"
"RP11-111F5.4","0.128924907060487"
"RP11-111H13.1","0.128309834918765"
"RP11-111H3.3","0.13142699201245"
"RP11-111I12.1","0.131504050937906"
"RP11-111J6.2","0.132535360105341"
"RP11-111K18.1","0.129983192247228"
"RP11-111K18.2","0.130757554991139"
"RP11-111M22.2","0.132217098479915"
"RP11-111M22.3","0.132372244870717"
"RP11-111M22.4","0.132371538848999"
"RP11-111M22.5","0.132545934993355"
"RP11-1123I8.1","0.131500781650929"
"RP11-1124B17.1","0.129393876426693"
"RP11-1127D7.1","0.128924725442575"
"RP11-112J3.15","0.131719798807227"
"RP11-112J3.16","0.133052807071835"
"RP11-112L6.2","0.131287849554778"
"RP11-112L6.3","0.127543780228108"
"RP11-112L7.1","0.130751253425538"
"RP11-1134I14.8","0.128828362345195"
"RP11-1136G11.8","0.131708019365513"
"RP11-1136G4.1","0.133392709092653"
"RP11-1136G4.2","0.131292155579708"
"RP11-1136J12.1","0.129379391368248"
"RP11-113I22.1","0.131145813074827"
"RP11-113K21.4","0.132394111328983"
"RP11-1140I5.1","0.130852579845775"
"RP11-1143G9.4","0.129984338537358"
"RP11-1143G9.5","0.130140250928826"
"RP11-1145L24.1","0.132211555463094"
"RP11-1148L6.5","0.129809830521386"
"RP11-1148L6.9","0.132213098636061"
"RP11-1148O4.2","0.127482454046339"
"RP11-1149M10.1","0.131148848878817"
"RP11-1149M10.2","0.129817911865435"
"RP11-1149O23.2","0.132377923950602"
"RP11-1149O23.4","0.128849264405103"
"RP11-114B7.6","0.131183743528854"
"RP11-114F10.2","0.131292155579708"
"RP11-114F10.3","0.131263166401"
"RP11-114F3.4","0.132217519110893"
"RP11-114G11.5","0.131167296149454"
"RP11-114G22.1","0.133050458845435"
"RP11-114H21.2","0.131082290421844"
"RP11-114H23.1","0.132843334024192"
"RP11-114H23.2","0.129817911865435"
"RP11-114H24.3","0.130147355064985"
"RP11-114H24.6","0.132371675533157"
"RP11-114H24.7","0.131167296149454"
"RP11-114J13.1","0.130761902972556"
"RP11-114M1.1","0.13115627530952"
"RP11-114M1.2","0.129826400623382"
"RP11-114N19.3","0.130852748928016"
"RP11-114O18.1","0.132372096164135"
"RP11-1151B14.3","0.132698588308096"
"RP11-1151B14.4","0.131196023318001"
"RP11-1152H14.1","0.128823721712401"
"RP11-1152H15.1","0.129989554767396"
"RP11-1157N2--B.2","0.131080657001639"
"RP11-115C10.1","0.129820060900865"
"RP11-115C21.2","0.130760518835724"
"RP11-115D19.1","0.130147173447074"
"RP11-115D19.2","0.130258631150203"
"RP11-115D19.3","0.131294142216404"
"RP11-115D19.4","0.129989554767396"
"RP11-115H18.1","0.132956442890289"
"RP11-115J16.1","0.133060690122865"
"RP11-115J16.2","0.132703220080899"
"RP11-115J23.1","0.128849264405103"
"RP11-115N4.1","0.130242701678058"
"RP11-1167A19.2","0.131157605733899"
"RP11-116A1.1","0.129817911865435"
"RP11-116D17.2","0.129988890515254"
"RP11-116D17.3","0.131424544574355"
"RP11-116D17.4","0.13085076229132"
"RP11-116D17.5","0.129817730247523"
"RP11-116D2.1","0.129421731663548"
"RP11-116N8.2","0.132397196140345"
"RP11-116N8.4","0.130858942365942"
"RP11-116O18.3","0.12952617204225"
"RP11-117D22.1","0.133388167115607"
"RP11-117D22.2","0.129820060900865"
"RP11-117L5.4","0.131265153037695"
"RP11-118B18.2","0.131287849554778"
"RP11-118B22.4","0.127891721050927"
"RP11-118E18.2","0.133463675431474"
"RP11-118E18.4","0.128947104078406"
"RP11-118F19.1","0.128678945226863"
"RP11-118G23.1","0.130273059895409"
"RP11-118G23.2","0.13085076229132"
"RP11-118K6.2","0.13376382559219"
"RP11-118K6.3","0.131259949646761"
"RP11-1191J2.2","0.131169866390923"
"RP11-1191J2.5","0.131201721586027"
"RP11-1197K16.2","0.128662598886664"
"RP11-119B16.2","0.129452204799659"
"RP11-119D9.1","0.131171602174385"
"RP11-119H12.6","0.130265231233634"
"RP11-119J18.1","0.133053855590568"
"RP11-11C20.3","0.132708584043716"
"RP11-11K13.1","0.131194205763547"
"RP11-11M20.4","0.131507171343679"
"RP11-11N5.1","0.131440328005683"
"RP11-11N5.3","0.131727308773932"
"RP11-11N7.4","0.133060690122865"
"RP11-11N7.5","0.132551921141799"
"RP11-11N9.4","0.131514950070752"
"RP11-120C12.3","0.127837929927987"
"RP11-120D5.1","0.132560404054216"
"RP11-120I21.2","0.132560404054216"
"RP11-120J1.1","0.130253742594269"
"RP11-120K19.4","0.132225581392332"
"RP11-120K24.3","0.130140759786385"
"RP11-120K9.2","0.132394111328983"
"RP11-120M18.5","0.131157605733899"
"RP11-1212A22.4","0.131513294923063"
"RP11-121A14.2","0.129999931431465"
"RP11-121A8.1","0.130253134705468"
"RP11-121C2.2","0.131204092126379"
"RP11-121C6.5","0.131265153037695"
"RP11-121E16.1","0.131513294923063"
"RP11-121G22.3","0.128931085379403"
"RP11-121M22.1","0.130144802906722"
"RP11-121P12.1","0.132218462598878"
"RP11-1223D19.1","0.131263166401"
"RP11-1228E12.1","0.132953144908339"
"RP11-1228E12.2","0.127867382439122"
"RP11-122A21.2","0.132221731373167"
"RP11-122C21.1","0.130858278113801"
"RP11-122F24.1","0.128844381044197"
"RP11-122K13.12","0.13270315748951"
"RP11-122K13.15","0.131172932598764"
"RP11-122K13.7","0.132551219279895"
"RP11-122M14.1","0.130213025509892"
"RP11-123B3.2","0.128641696826755"
"RP11-123K19.1","0.130146580206955"
"RP11-123K3.9","0.131287849554778"
"RP11-123M6.2","0.129991442673518"
"RP11-123O10.3","0.131168385420145"
"RP11-123O10.4","0.129393876426693"
"RP11-123O22.1","0.131168385420145"
"RP11-1246C19.1","0.130264329418229"
"RP11-124B13.1","0.127891721050927"
"RP11-124G5.3","0.128657715525757"
"RP11-124N14.3","0.128849264405103"
"RP11-124N19.3","0.130235185855578"
"RP11-124N19.4","0.130758885415518"
"RP11-124N2.1","0.131151083373789"
"RP11-124N3.3","0.13115627530952"
"RP11-124O11.1","0.131264496825379"
"RP11-1250I15.3","0.129115415265778"
"RP11-1252I4.2","0.129985722674191"
"RP11-125M16.1","0.132702451467793"
"RP11-125O18.1","0.131261430617538"
"RP11-125O5.2","0.132545954883407"
"RP11-1260E13.1","0.131189899738617"
"RP11-1260E13.2","0.131083674558677"
"RP11-1260E13.3","0.132813046826007"
"RP11-1263C18.1","0.129728219649711"
"RP11-126H7.4","0.129926586101444"
"RP11-126K1.2","0.132536066127059"
"RP11-126K1.6","0.129448135143191"
"RP11-126K1.8","0.131183743528854"
"RP11-126K1.9","0.132377693780106"
"RP11-126K15.1","0.131257974465269"
"RP11-126L15.4","0.12911854978669"
"RP11-126O1.2","0.132707789262313"
"RP11-126O1.4","0.129107349040739"
"RP11-126O1.5","0.132396734004303"
"RP11-126O1.6","0.132389717176904"
"RP11-1275H24.1","0.130216193350956"
"RP11-1275H24.2","0.132948021082009"
"RP11-1275H24.3","0.132531496945644"
"RP11-1277A3.1","0.132536066127059"
"RP11-1277A3.3","0.13115196928459"
"RP11-127B16.1","0.128635518507838"
"RP11-127B20.2","0.129310115668474"
"RP11-127B20.3","0.132374888146612"
"RP11-127I20.5","0.129720153424673"
"RP11-127L20.3","0.129989554767396"
"RP11-127L20.5","0.13269172354733"
"RP11-127O4.3","0.130139273720937"
"RP11-128A17.1","0.127552512328409"
"RP11-128A17.2","0.130228884289977"
"RP11-128B16.3","0.131497100658557"
"RP11-128L5.1","0.133056713164053"
"RP11-128M1.1","0.129107349040739"
"RP11-128P10.1","0.131482944074177"
"RP11-128P17.2","0.133065531277781"
"RP11-128P17.4","0.130217095166361"
"RP11-1293J14.1","0.129989792330659"
"RP11-1299A16.3","0.129453855142518"
"RP11-129I19.2","0.130147173447074"
"RP11-129K12.1","0.12999298035964"
"RP11-129M16.4","0.132392756293385"
"RP11-129M6.1","0.131479904957696"
"RP11-12C17.2","0.127788428911979"
"RP11-12D16.2","0.131169866390923"
"RP11-12D24.10","0.130849026507859"
"RP11-12G12.7","0.127822444261576"
"RP11-12J10.3","0.132707640555731"
"RP11-12J10.4","0.131286963643978"
"RP11-12K11.2","0.133055875084794"
"RP11-12K22.1","0.131183743528854"
"RP11-12K6.2","0.132953144908339"
"RP11-12L8.1","0.133057109469502"
"RP11-12M5.3","0.130852579845775"
"RP11-12M5.4","0.132541515036448"
"RP11-130C19.3","0.131081144131714"
"RP11-130C6.1","0.132812103338022"
"RP11-130F10.1","0.132540129682751"
"RP11-130L8.1","0.131293973134163"
"RP11-130L8.2","0.130218563891308"
"RP11-131H24.4","0.131196023318001"
"RP11-131K5.1","0.130757554991139"
"RP11-131K5.2","0.133034067391238"
"RP11-131L12.2","0.133552949662979"
"RP11-131L12.3","0.131187848474045"
"RP11-131L12.4","0.132391370939688"
"RP11-131L23.1","0.132232103752442"
"RP11-131L23.2","0.132536860908462"
"RP11-131N11.4","0.132390549603494"
"RP11-132A1.4","0.13021164137306"
"RP11-132N15.2","0.131158261946215"
"RP11-132N15.3","0.132848750263551"
"RP11-1334A24.6","0.132224471762462"
"RP11-1336O20.2","0.131264983955454"
"RP11-133F8.2","0.131717882656602"
"RP11-133K1.6","0.128670307171925"
"RP11-133L14.5","0.131485408739646"
"RP11-133N21.10","0.131729304314603"
"RP11-1348G14.4","0.129481796195132"
"RP11-1348G14.5","0.132388314225889"
"RP11-1348G14.8","0.130237172492273"
"RP11-134D3.1","0.131713576631672"
"RP11-134D3.2","0.133654202205743"
"RP11-134G8.5","0.130852579845775"
"RP11-134G8.7","0.130238658557721"
"RP11-134K13.4","0.133759283615144"
"RP11-134L10.1","0.131192469980085"
"RP11-134N1.2","0.131259949646761"
"RP11-134O21.1","0.133042823021513"
"RP11-135A1.2","0.132963393169638"
"RP11-135A1.3","0.128842469591028"
"RP11-135A24.2","0.130854234993464"
"RP11-135A24.4","0.132227094437782"
"RP11-135D11.2","0.130145704722127"
"RP11-135J2.3","0.131187904197946"
"RP11-135L13.4","0.132392986463881"
"RP11-136C24.3","0.132216396618011"
"RP11-136H19.1","0.129602842043268"
"RP11-136I14.5","0.13270315748951"
"RP11-136K14.3","0.132843626437222"
"RP11-136K7.1","0.128670307171925"
"RP11-136K7.2","0.132711031481811"
"RP11-136K7.3","0.131729931449252"
"RP11-136L23.2","0.131167923284104"
"RP11-136O12.2","0.130255077812288"
"RP11-1376P16.1","0.131081144131714"
"RP11-1376P16.2","0.130243603493463"
"RP11-1379J22.2","0.131486921785095"
"RP11-1379J22.5","0.127844459962372"
"RP11-137H2.4","0.128865610745303"
"RP11-138A9.1","0.13304424330131"
"RP11-138A9.2","0.130860055414034"
"RP11-138B4.1","0.132387158677414"
"RP11-138C9.1","0.131512807792988"
"RP11-138E2.1","0.127741404943876"
"RP11-138E9.2","0.133031502170684"
"RP11-138H11.1","0.131160623290937"
"RP11-138H8.2","0.131196192400242"
"RP11-138H8.3","0.132542870072046"
"RP11-138I1.2","0.131190989009308"
"RP11-138I1.3","0.133458083948378"
"RP11-138I1.4","0.132814661837512"
"RP11-138I17.1","0.129817911865435"
"RP11-138I18.1","0.131183207841251"
"RP11-138I18.2","0.132394111328983"
"RP11-138J23.1","0.128879717991136"
"RP11-138P22.1","0.127828079365527"
"RP11-1391J7.1","0.132377693780106"
"RP11-1398P2.1","0.132951601735373"
"RP11-1399P15.1","0.130755819207678"
"RP11-139I14.2","0.12913143396478"
"RP11-139K4.2","0.130760518835724"
"RP11-13A1.1","0.131724568384637"
"RP11-13A1.3","0.132374654663625"
"RP11-13E5.2","0.131285854014108"
"RP11-13J8.1","0.131152596419239"
"RP11-13K12.1","0.129312428212626"
"RP11-13K12.2","0.13115627530952"
"RP11-13N12.1","0.128823721712401"
"RP11-13N12.2","0.130765972629024"
"RP11-13P5.1","0.131712690720872"
"RP11-13P5.2","0.131255509799801"
"RP11-1406H17.1","0.131710226055404"
"RP11-140A10.3","0.131483174244674"
"RP11-140I16.3","0.132711031481811"
"RP11-140K17.3","0.132226467303133"
"RP11-140L24.4","0.129881647923899"
"RP11-141A19.1","0.132710432538208"
"RP11-141B14.1","0.131487383921137"
"RP11-141J13.3","0.131191299001903"
"RP11-141J13.5","0.129835835154972"
"RP11-141M1.1","0.127554954462891"
"RP11-141M1.3","0.130166479280501"
"RP11-141O11.2","0.129723579016917"
"RP11-141O15.1","0.1308520927157"
"RP11-142A12.1","0.132394111328983"
"RP11-142A22.4","0.130258144020128"
"RP11-142A23.1","0.130852579845775"
"RP11-142C4.6","0.128871079936198"
"RP11-142G1.1","0.12913143396478"
"RP11-142G1.3","0.134554438683131"
"RP11-142J21.1","0.132227556573824"
"RP11-143A12.3","0.129826400623382"
"RP11-143A22.1","0.131485408739646"
"RP11-143E21.6","0.131282292288619"
"RP11-143I21.1","0.133031922801662"
"RP11-143J12.3","0.132538709402954"
"RP11-143J24.1","0.132395220958853"
"RP11-143K11.7","0.131284729149006"
"RP11-143M1.3","0.133246984893394"
"RP11-143N13.2","0.132232590882517"
"RP11-144A16.8","0.13355247334172"
"RP11-144F15.1","0.130213025509892"
"RP11-144G16.1","0.127858565602024"
"RP11-144G7.2","0.129421731663548"
"RP11-145A3.1","0.132220910036973"
"RP11-145E17.2","0.128944031276002"
"RP11-145G20.1","0.133554492835945"
"RP11-145M4.1","0.132386738046436"
"RP11-145M4.2","0.132848750263551"
"RP11-145M9.5","0.132227094437782"
"RP11-145M9.6","0.133200072106409"
"RP11-146F11.1","0.131721299610348"
"RP11-146F11.5","0.129462343900465"
"RP11-146I2.1","0.129309002620382"
"RP11-146N18.1","0.131266639103143"
"RP11-146N23.4","0.129816023959313"
"RP11-147C23.1","0.133028340406088"
"RP11-147L13.11","0.132852048245502"
"RP11-147L13.12","0.131513464005304"
"RP11-147L13.13","0.133250665885766"
"RP11-147L13.14","0.132389950659891"
"RP11-147L13.15","0.133765566526626"
"RP11-147L13.2","0.130236516279957"
"RP11-147L13.8","0.133465494109471"
"RP11-148B18.1","0.134838590224203"
"RP11-148B18.4","0.130776935811712"
"RP11-148B3.2","0.132545954883407"
"RP11-148B6.1","0.130217095166361"
"RP11-148B6.2","0.12999298035964"
"RP11-148E17.1","0.131714665902363"
"RP11-148K1.10","0.128762739734991"
"RP11-148K1.12","0.127456533391219"
"RP11-148L24.1","0.133040179745618"
"RP11-148O21.2","0.132821051530261"
"RP11-148O21.6","0.133060444266208"
"RP11-149B9.2","0.132556554035051"
"RP11-149I23.3","0.133055875084794"
"RP11-149I9.2","0.131282292288619"
"RP11-149P24.1","0.13347077839601"
"RP11-14C10.4","0.130232279093934"
"RP11-14C10.6","0.132380158445574"
"RP11-14C22.3","0.131505175803008"
"RP11-14C22.6","0.131167296149454"
"RP11-14D22.1","0.132555133755254"
"RP11-14N7.2","0.130853726135905"
"RP11-14N9.2","0.130019383726132"
"RP11-14P20.1","0.131157605733899"
"RP11-150C16.1","0.130244478978292"
"RP11-150D20.5","0.131287849554778"
"RP11-150O12.3","0.131264756437098"
"RP11-150O12.5","0.132542870072046"
"RP11-151A10.3","0.133251498312356"
"RP11-151A6.6","0.132812103338022"
"RP11-152D8.1","0.131498116497857"
"RP11-152F13.10","0.132558169559244"
"RP11-152H18.3","0.132820165619461"
"RP11-152H18.4","0.13124991218383"
"RP11-152L20.3","0.131173419728839"
"RP11-152L7.2","0.13107502055233"
"RP11-152N13.16","0.132707219924753"
"RP11-152N13.5","0.131719213080982"
"RP11-152P17.3","0.131257974465269"
"RP11-152P23.2","0.130144802906722"
"RP11-153F1.1","0.132847207090585"
"RP11-153F10.2","0.129983192247228"
"RP11-153K11.3","0.129388056006122"
"RP11-153K16.1","0.131164175743682"
"RP11-153K16.2","0.133032071508243"
"RP11-153M7.5","0.132551219279895"
"RP11-154D17.1","0.130760518835724"
"RP11-154F14.2","0.133390177387737"
"RP11-154H12.2","0.132227094437782"
"RP11-154H12.3","0.129817137007405"
"RP11-154H17.1","0.129721266472765"
"RP11-154H23.3","0.130852579845775"
"RP11-154H23.4","0.128821409168248"
"RP11-154H23.5","0.133557790817895"
"RP11-154J22.1","0.130140759786385"
"RP11-155L15.1","0.131507171343679"
"RP11-155O18.6","0.132555732698857"
"RP11-156E8.1","0.130260286297892"
"RP11-156K13.1","0.132814661837512"
"RP11-156K13.2","0.131290419796247"
"RP11-156K13.3","0.132381044356375"
"RP11-156K23.3","0.133043421965117"
"RP11-156L14.1","0.133458083948378"
"RP11-157B13.7","0.132372244870717"
"RP11-157D23.2","0.132713468342198"
"RP11-157E14.1","0.132953144908339"
"RP11-157E16.1","0.130852748928016"
"RP11-157E21.1","0.132713238171702"
"RP11-157F20.3","0.13296451803474"
"RP11-157I4.4","0.131175950155802"
"RP11-157J24.2","0.13150382076741"
"RP11-157L3.12","0.131492190711474"
"RP11-157P1.4","0.13117358881108"
"RP11-158D2.2","0.131292155579708"
"RP11-158H5.7","0.133702347102552"
"RP11-158H5.8","0.131174566018969"
"RP11-158I23.1","0.132538475919967"
"RP11-158I9.5","0.132707789262313"
"RP11-158I9.8","0.131163945573186"
"RP11-158K1.3","0.13021164137306"
"RP11-158L12.5","0.132387167935759"
"RP11-158M2.2","0.131714018545597"
"RP11-158M2.3","0.132556554035051"
"RP11-158M2.4","0.132542870072046"
"RP11-158M2.5","0.133765566526626"
"RP11-159D12.10","0.133398030680453"
"RP11-159D12.11","0.132716588747971"
"RP11-159D12.2","0.133697340050473"
"RP11-159D12.5","0.13085076229132"
"RP11-159F24.5","0.133060444266208"
"RP11-159F24.6","0.129612981144073"
"RP11-159G9.5","0.132814661837512"
"RP11-159H10.3","0.131283113624812"
"RP11-159H22.2","0.132390549603494"
"RP11-15A1.2","0.13376867085873"
"RP11-15A1.3","0.132960123882661"
"RP11-15A1.7","0.132852750107406"
"RP11-15B17.1","0.130858942365942"
"RP11-15B24.1","0.131265153037695"
"RP11-15B24.4","0.131168385420145"
"RP11-15B24.5","0.131730703577889"
"RP11-15E1.5","0.131513294923063"
"RP11-15E18.1","0.132544865612717"
"RP11-15E18.4","0.132707640555731"
"RP11-15F12.1","0.131288938825469"
"RP11-15F12.3","0.132811546022886"
"RP11-15H20.7","0.130148892751108"
"RP11-15I11.2","0.133067597258649"
"RP11-15I11.3","0.131488864891915"
"RP11-15I20.1","0.131708840701707"
"RP11-15J22.8","0.133066233139686"
"RP11-15K19.2","0.131157605733899"
"RP11-15K3.1","0.132711852818005"
"RP11-15L13.4","0.132379048815704"
"RP11-15M15.1","0.130237003410032"
"RP11-15M15.2","0.131169866390923"
"RP11-160E2.11","0.131493564519961"
"RP11-160E2.17","0.133030800308779"
"RP11-160E2.19","0.131722914621853"
"RP11-160E2.6","0.133215842182162"
"RP11-160H12.2","0.130155843822932"
"RP11-160H22.3","0.129142813103426"
"RP11-160H22.5","0.13239750613294"
"RP11-160N1.10","0.131259949646761"
"RP11-160N1.9","0.133055875084794"
"RP11-160O5.1","0.132545954883407"
"RP11-161D15.1","0.132821678664911"
"RP11-161D15.2","0.133048093320475"
"RP11-161D15.3","0.132398677111123"
"RP11-161H23.5","0.129236458174014"
"RP11-161H23.9","0.133481290995056"
"RP11-161I10.1","0.133200305589396"
"RP11-161I2.1","0.132230773328063"
"RP11-161I6.2","0.135890155647395"
"RP11-161M6.2","0.132546264876003"
"RP11-161M6.3","0.133404143034833"
"RP11-161M6.5","0.132967912838697"
"RP11-162A12.2","0.133925407385695"
"RP11-162A12.4","0.132403885596727"
"RP11-162D16.2","0.133063087542104"
"RP11-162D9.3","0.133557790817895"
"RP11-162G10.5","0.132545492747366"
"RP11-162I7.1","0.133200072106409"
"RP11-162J8.3","0.133559062017359"
"RP11-163F15.1","0.130852579845775"
"RP11-164C1.2","0.131083674558677"
"RP11-164C12.2","0.132566926414326"
"RP11-164H13.1","0.13304424330131"
"RP11-164N3.2","0.133206903713083"
"RP11-164O23.7","0.132542870072046"
"RP11-164O23.8","0.133041498128551"
"RP11-164P12.3","0.130859179929205"
"RP11-164P12.4","0.131490600675376"
"RP11-165A20.3","0.131294142216404"
"RP11-165E7.1","0.133066802477245"
"RP11-165F24.3","0.132960956309251"
"RP11-165H23.1","0.132232590882517"
"RP11-165J3.5","0.133471480257914"
"RP11-165J3.6","0.131179782249006"
"RP11-165M1.3","0.132400412894584"
"RP11-166A12.1","0.133406552827741"
"RP11-166B2.1","0.133219653739221"
"RP11-166B2.5","0.131498780749998"
"RP11-166B2.7","0.132389698362722"
"RP11-166B2.8","0.133206903713083"
"RP11-166N17.1","0.13320311122289"
"RP11-166N17.3","0.132544865612717"
"RP11-166N6.2","0.131737083041676"
"RP11-166N6.3","0.130153533383902"
"RP11-166O4.6","0.133217206301126"
"RP11-166P13.3","0.133209032040627"
"RP11-166P13.4","0.129446930949142"
"RP11-167B3.2","0.130722663222775"
"RP11-167B3.3","0.132861233019823"
"RP11-167H9.3","0.132817700953993"
"RP11-167H9.4","0.134844068243608"
"RP11-167H9.5","0.13239750613294"
"RP11-167J8.3","0.131511477368609"
"RP11-167N4.2","0.131293973134163"
"RP11-167N5.5","0.132400412894584"
"RP11-168E17.1","0.130765735065761"
"RP11-168F9.2","0.132232590882517"
"RP11-168J19.2","0.131513294923063"
"RP11-168K11.2","0.129826400623382"
"RP11-168K11.3","0.131498116497857"
"RP11-168L22.2","0.132853319444966"
"RP11-168L7.1","0.132226467303133"
"RP11-168O16.1","0.132820165619461"
"RP11-168O16.2","0.131088619699974"
"RP11-168P13.1","0.133069243751866"
"RP11-168P8.3","0.131295628281852"
"RP11-169D4.2","0.132545307526641"
"RP11-169E6.1","0.132857383000658"
"RP11-169K16.4","0.133049606365925"
"RP11-169K17.3","0.131081313213955"
"RP11-169K17.4","0.134266008324138"
"RP11-16B13.1","0.132227866566419"
"RP11-16B9.1","0.132957565383171"
"RP11-16C1.1","0.132814895320499"
"RP11-16C1.3","0.128684067340042"
"RP11-16C18.3","0.130228058349048"
"RP11-16D22.2","0.133193093132086"
"RP11-16E12.1","0.13127068222348"
"RP11-16E12.2","0.132396734004303"
"RP11-16E18.3","0.132387337018"
"RP11-16E23.5","0.132820165619461"
"RP11-16K12.1","0.129438078003747"
"RP11-16L21.7","0.131173192210483"
"RP11-16L9.2","0.132556554035051"
"RP11-16N11.2","0.132557939388748"
"RP11-16N2.1","0.134390888844329"
"RP11-16P20.3","0.133557790817895"
"RP11-16P6.1","0.129997620992434"
"RP11-170M17.1","0.129137177999475"
"RP11-170N16.3","0.133773988334906"
"RP11-171G2.1","0.133043421965117"
"RP11-171I2.1","0.132238953402685"
"RP11-171I2.2","0.128959695724574"
"RP11-171I2.3","0.132963162999142"
"RP11-171I2.4","0.130765070813619"
"RP11-171I2.5","0.131731874556071"
"RP11-171L9.1","0.132817700953993"
"RP11-171N4.1","0.133702790234175"
"RP11-172E10.1","0.13271570283717"
"RP11-172E9.2","0.133193931211345"
"RP11-172H24.4","0.133664364948459"
"RP11-173A16.1","0.133566975592217"
"RP11-173A6.3","0.13347077839601"
"RP11-173C1.1","0.132868014991652"
"RP11-173D14.3","0.133036135063936"
"RP11-173D3.1","0.133046983690605"
"RP11-173M1.4","0.131164692947405"
"RP11-173P15.10","0.133075601962903"
"RP11-173P15.3","0.129985722674191"
"RP11-173P15.5","0.129610670705043"
"RP11-173P15.7","0.130855110272737"
"RP11-173P15.9","0.131082290421844"
"RP11-174G6.1","0.133074716052103"
"RP11-174O3.6","0.130855110272737"
"RP11-175D17.3","0.132710432538208"
"RP11-175I6.5","0.129999931431465"
"RP11-175K6.1","0.133471900888893"
"RP11-175O19.4","0.133403573697274"
"RP11-175P13.2","0.133552949662979"
"RP11-176H8.1","0.131492190711474"
"RP11-176N18.2","0.132717988011257"
"RP11-177B4.2","0.12782040722875"
"RP11-177F15.1","0.132227866566419"
"RP11-177G23.2","0.133069243751866"
"RP11-177H2.2","0.133038875453231"
"RP11-177J6.1","0.131302223560452"
"RP11-178C3.1","0.131160623290937"
"RP11-178C3.2","0.132383614597844"
"RP11-178F10.2","0.131498116497857"
"RP11-178L8.3","0.131719869293298"
"RP11-178L8.7","0.133704333407141"
"RP11-178L8.8","0.132717988011257"
"RP11-178L8.9","0.134337844861874"
"RP11-179A10.1","0.13339764919575"
"RP11-179B15.5","0.133471480257914"
"RP11-179B15.6","0.13117358881108"
"RP11-179B2.2","0.131174832048211"
"RP11-179K3.2","0.131719213080982"
"RP11-17A1.3","0.131719869293298"
"RP11-17A19.2","0.133673549722781"
"RP11-17A4.2","0.131164692947405"
"RP11-17A4.3","0.134341759337234"
"RP11-17E13.2","0.133200904532999"
"RP11-17E3.1","0.133700638032423"
"RP11-17G12.2","0.132722484808999"
"RP11-17G12.3","0.132720894772901"
"RP11-17J14.2","0.129623616601642"
"RP11-17M16.2","0.132403885596727"
"RP11-180C1.1","0.132855962720861"
"RP11-180C16.1","0.131299671402189"
"RP11-180I4.2","0.134329130640564"
"RP11-180I4.4","0.132961777645445"
"RP11-180M15.3","0.133768765695287"
"RP11-180M15.4","0.132561289965017"
"RP11-180M15.6","0.128884840104315"
"RP11-180O5.2","0.128959695724574"
"RP11-180P8.1","0.134389749559146"
"RP11-180P8.3","0.134863988235887"
"RP11-181B11.2","0.129144025610948"
"RP11-181B18.1","0.131717882656602"
"RP11-181C3.1","0.132852048245502"
"RP11-181E10.3","0.134266389808841"
"RP11-181G12.2","0.133039985083101"
"RP11-181G12.4","0.132381044356375"
"RP11-182J1.1","0.132398677111123"
"RP11-182J1.13","0.133064507821901"
"RP11-182J1.17","0.133053855590568"
"RP11-182J1.3","0.131169866390923"
"RP11-182J1.5","0.134325624906719"
"RP11-182J23.1","0.133768704048366"
"RP11-182L21.6","0.1302433659302"
"RP11-182M20.2","0.13376867085873"
"RP11-182N22.8","0.131486294650446"
"RP11-183E24.2","0.134397251125474"
"RP11-183I6.2","0.133217206301126"
"RP11-184A2.2","0.132227866566419"
"RP11-184A2.3","0.129413775500238"
"RP11-184D12.1","0.133040179745618"
"RP11-184E9.1","0.133549369009616"
"RP11-184I16.4","0.13346748041406"
"RP11-184M15.1","0.132853319444966"
"RP11-184M15.2","0.131507798478328"
"RP11-185E12.2","0.133059874928649"
"RP11-185E8.1","0.133699209580812"
"RP11-186B7.7","0.129720390987936"
"RP11-186N15.3","0.131292155579708"
"RP11-187A9.3","0.130852748928016"
"RP11-187E13.1","0.131735596976228"
"RP11-187E13.2","0.136224965444782"
"RP11-187O7.3","0.134323140142112"
"RP11-188D8.1","0.131719472692701"
"RP11-188P17.2","0.132375487090215"
"RP11-188P20.3","0.132391370939688"
"RP11-189B4.7","0.133060295559627"
"RP11-189E14.4","0.133065893175598"
"RP11-18A15.1","0.129817137007405"
"RP11-18B16.2","0.130148892751108"
"RP11-18C24.8","0.133665487441342"
"RP11-18H21.1","0.130246791522444"
"RP11-18H21.2","0.13369493694146"
"RP11-18H21.3","0.133687696200375"
"RP11-18H7.1","0.131728418403802"
"RP11-18I14.11","0.132855962720861"
"RP11-190A12.8","0.131503077403534"
"RP11-190C22.8","0.129603717528097"
"RP11-190C22.9","0.134391594521576"
"RP11-190D6.2","0.132560404054216"
"RP11-190I17.2","0.131506285432878"
"RP11-190J1.3","0.132815494264102"
"RP11-190P13.2","0.133040031039036"
"RP11-191G24.1","0.132560404054216"
"RP11-191L17.1","0.130204371503545"
"RP11-191L9.4","0.133040031039036"
"RP11-191N8.2","0.131080657001639"
"RP11-192H23.4","0.131076419815616"
"RP11-192H23.5","0.128684067340042"
"RP11-192H23.6","0.130264993670371"
"RP11-192H23.7","0.133053855590568"
"RP11-192P3.4","0.134384718628276"
"RP11-193H5.1","0.134258536516125"
"RP11-193M21.1","0.133062854059117"
"RP11-195B17.1","0.132856561664464"
"RP11-195B3.1","0.129749982383409"
"RP11-195C7.1","0.1307543382369"
"RP11-195F19.5","0.132227556573824"
"RP11-195F19.9","0.131288476689428"
"RP11-195L15.2","0.132852048245502"
"RP11-195M16.1","0.135819458345219"
"RP11-195M16.3","0.129601940227863"
"RP11-196B3.3","0.131166410238654"
"RP11-196D18.1","0.132217667817475"
"RP11-196E1.3","0.132960357365648"
"RP11-196G11.2","0.133404937816237"
"RP11-196G11.6","0.133972388442404"
"RP11-196G18.23","0.128311047426287"
"RP11-196G18.24","0.131264756437098"
"RP11-196G18.3","0.132821493444185"
"RP11-196H14.2","0.133066802477245"
"RP11-196H14.3","0.131719213080982"
"RP11-196H14.4","0.133059173066744"
"RP11-196I18.4","0.131289248818064"
"RP11-197K3.1","0.133472844376878"
"RP11-197K6.1","0.133042823021513"
"RP11-197N18.7","0.131709482691528"
"RP11-199F6.4","0.133202367859014"
"RP11-19E11.1","0.132828321399776"
"RP11-19J5.2","0.133031502170684"
"RP11-19N8.4","0.130217095166361"
"RP11-19O2.2","0.133659523793543"
"RP11-19P22.5","0.134332560575335"
"RP11-19P22.8","0.130820442600378"
"RP11-1B20.1","0.132713238171702"
"RP11-1C1.4","0.133691923811113"
"RP11-1C1.5","0.133688418077268"
"RP11-1C1.6","0.133394157614059"
"RP11-1C8.4","0.133219054795618"
"RP11-1C8.5","0.133242143738477"
"RP11-1C8.6","0.133246984893394"
"RP11-1C8.7","0.132717678018662"
"RP11-1E22.1","0.133776054315774"
"RP11-1E4.1","0.132712494807826"
"RP11-1H15.2","0.133404143034833"
"RP11-1L9.1","0.133471900888893"
"RP11-1M18.1","0.134388566564783"
"RP11-200A1.1","0.13347077839601"
"RP11-201E8.1","0.133224325094579"
"RP11-202A13.1","0.135337261329461"
"RP11-202D1.2","0.130239533836995"
"RP11-202G11.2","0.133402871835369"
"RP11-202G18.1","0.132855729237874"
"RP11-202I11.2","0.132552490479359"
"RP11-202K23.1","0.133216262813141"
"RP11-203B7.1","0.133048093320475"
"RP11-203B7.2","0.133471900888893"
"RP11-203B9.4","0.13365908066192"
"RP11-203E8.1","0.133394157614059"
"RP11-203H2.1","0.13346748041406"
"RP11-203H2.2","0.133659523793543"
"RP11-203J24.8","0.133040031039036"
"RP11-203M5.2","0.133036135063936"
"RP11-203M5.7","0.131721355358746"
"RP11-203M5.8","0.136053954076519"
"RP11-204L24.2","0.133060246991242"
"RP11-204N11.1","0.133066802477245"
"RP11-204P2.3","0.134391670896886"
"RP11-205K6.1","0.133211842338308"
"RP11-205M3.3","0.132562379235707"
"RP11-206L10.4","0.133768704048366"
"RP11-206L10.9","0.133702313912916"
"RP11-206M11.7","0.131512807792988"
"RP11-207C16.4","0.132227094437782"
"RP11-209D14.2","0.132390549603494"
"RP11-209E8.1","0.132388314225889"
"RP11-209K10.2","0.133034481301152"
"RP11-20B24.2","0.13170742042191"
"RP11-20B24.4","0.133655650727149"
"RP11-20B24.5","0.13325231964855"
"RP11-20B24.6","0.132389950659891"
"RP11-20B24.7","0.131487383921137"
"RP11-20B7.1","0.133063087542104"
"RP11-20D14.3","0.133066653770664"
"RP11-20D14.6","0.132816315600296"
"RP11-20E24.1","0.132962419635266"
"RP11-20G13.2","0.13304424330131"
"RP11-20G13.3","0.133552568178277"
"RP11-20G13.5","0.130246791522444"
"RP11-20G6.2","0.133397554359193"
"RP11-20I20.2","0.133651670500827"
"RP11-20I20.4","0.132960357365648"
"RP11-20I23.13","0.134391670896886"
"RP11-20I23.3","0.13438429392543"
"RP11-20I23.6","0.132821051530261"
"RP11-20I23.7","0.132557196024872"
"RP11-20I23.8","0.133698917167782"
"RP11-20J15.3","0.13365908066192"
"RP11-210K20.2","0.13127068222348"
"RP11-210L7.3","0.133977710030204"
"RP11-210M15.1","0.131167738063379"
"RP11-210M15.2","0.131295628281852"
"RP11-211C9.1","0.1331976623135"
"RP11-211G23.2","0.132862118930624"
"RP11-211G3.2","0.130266106718463"
"RP11-211G3.3","0.133063087542104"
"RP11-211N11.5","0.132561917099666"
"RP11-211N8.2","0.133066653770664"
"RP11-212D19.4","0.130243603493463"
"RP11-212E8.1","0.132816315600296"
"RP11-212I21.2","0.131513067404707"
"RP11-212I21.4","0.134255528683496"
"RP11-212I21.5","0.132938868612289"
"RP11-212P7.2","0.13125886037607"
"RP11-213G2.2","0.132227094437782"
"RP11-213G6.2","0.133036019207702"
"RP11-213H15.1","0.1331976623135"
"RP11-213H15.4","0.133698178129732"
"RP11-214D15.2","0.132821678664911"
"RP11-214F16.8","0.133969856737489"
"RP11-214K3.24","0.130237172492273"
"RP11-214K3.25","0.133465460919834"
"RP11-214N1.1","0.133250665885766"
"RP11-214N9.1","0.134332527385698"
"RP11-214O1.1","0.132557939388748"
"RP11-214O1.2","0.130817912173415"
"RP11-214O1.3","0.131288938825469"
"RP11-215E13.1","0.130261161577166"
"RP11-215E13.2","0.131728418403802"
"RP11-215P8.3","0.133552949662979"
"RP11-215P8.4","0.1295987723868"
"RP11-216B9.6","0.13304424330131"
"RP11-216B9.9","0.133193501775584"
"RP11-216L13.16","0.133702347102552"
"RP11-216N14.9","0.134384011497672"
"RP11-217B1.2","0.133400411932678"
"RP11-217B7.2","0.133206718511979"
"RP11-217B7.3","0.133025959153863"
"RP11-218C14.5","0.133399573853419"
"RP11-218C14.8","0.133069212270153"
"RP11-218E20.3","0.133215842182162"
"RP11-218E20.5","0.132396548783578"
"RP11-218F10.3","0.130847083401039"
"RP11-218F4.1","0.132555732698857"
"RP11-218I7.2","0.13306307137509"
"RP11-218L14.4","0.132555133755254"
"RP11-218M22.1","0.132711852818005"
"RP11-218M22.2","0.131487693913732"
"RP11-219A15.1","0.133053950427126"
"RP11-219A15.5","0.133066653770664"
"RP11-219B17.3","0.134386825630346"
"RP11-219B4.3","0.132708584043716"
"RP11-219B4.5","0.133655650727149"
"RP11-219B4.7","0.130817912173415"
"RP11-219D15.3","0.133035610564204"
"RP11-219E7.1","0.133659523793543"
"RP11-219E7.4","0.133549076596586"
"RP11-219F10.1","0.133060444266208"
"RP11-219G17.4","0.134384011497672"
"RP11-219O3.2","0.132852048245502"
"RP11-21A7A.2","0.13321882131263"
"RP11-21A7A.3","0.133070044696744"
"RP11-21A7A.4","0.133043421965117"
"RP11-21B21.4","0.132936225336393"
"RP11-21B23.1","0.13369493694146"
"RP11-21B23.2","0.133054331911828"
"RP11-21C4.1","0.131171654667041"
"RP11-21J7.1","0.133197513606919"
"RP11-21K12.3","0.133456073676248"
"RP11-21L1.1","0.130138727252022"
"RP11-21L19.1","0.132849588342811"
"RP11-21L23.3","0.131081457215554"
"RP11-21M24.2","0.131487383921137"
"RP11-21M24.3","0.133191106827497"
"RP11-220C2.1","0.133031502170684"
"RP11-220I1.2","0.130238149700162"
"RP11-220I1.5","0.133458507197866"
"RP11-221J22.1","0.132935655998834"
"RP11-221J22.2","0.134864205861989"
"RP11-221N13.2","0.133652144993304"
"RP11-221N13.3","0.133400411932678"
"RP11-221N13.4","0.134386591275654"
"RP11-222G7.2","0.133545066611949"
"RP11-222K16.1","0.133465460919834"
"RP11-222K16.2","0.134321148070604"
"RP11-223C24.1","0.13292966985039"
"RP11-223C24.2","0.133460615653294"
"RP11-223P11.3","0.134104908166969"
"RP11-225B17.2","0.131480737384287"
"RP11-225H22.4","0.132226467303133"
"RP11-225H22.7","0.131498223151439"
"RP11-225N10.1","0.132931656154979"
"RP11-227B21.2","0.133654202205743"
"RP11-227D13.1","0.131254124446104"
"RP11-227D13.4","0.132854114226369"
"RP11-227D13.5","0.133056713164053"
"RP11-227D2.3","0.131500781650929"
"RP11-227F8.2","0.132929636660754"
"RP11-227G15.10","0.130205460774236"
"RP11-227G15.11","0.133389894959979"
"RP11-227G15.12","0.13354051637383"
"RP11-227G15.2","0.132696355320132"
"RP11-227G15.8","0.130208730021132"
"RP11-227G15.9","0.134103038736725"
"RP11-227H15.4","0.131494211320104"
"RP11-227H4.5","0.133191168474418"
"RP11-228B15.4","0.134381345291694"
"RP11-229E13.4","0.132844025874466"
"RP11-229P13.15","0.132847207090585"
"RP11-229P13.19","0.1317002079646"
"RP11-229P13.22","0.13127905006912"
"RP11-229P13.23","0.134101730356655"
"RP11-22A3.1","0.132807682863189"
"RP11-22A3.2","0.13171593564753"
"RP11-22C11.2","0.133030194324844"
"RP11-22L13.1","0.132806139690223"
"RP11-22N19.2","0.131710811821201"
"RP11-22P4.2","0.133197385183441"
"RP11-22P6.2","0.131282292288619"
"RP11-230B22.1","0.133197865876192"
"RP11-230C9.2","0.132840176484602"
"RP11-230C9.3","0.132220077610383"
"RP11-230C9.4","0.131716773726789"
"RP11-230G5.2","0.131701046043859"
"RP11-231C14.4","0.13221393671532"
"RP11-231C14.7","0.132377321963222"
"RP11-231C18.1","0.133050458845435"
"RP11-231D20.2","0.131250855671815"
"RP11-231E19.1","0.13302551602224"
"RP11-231E4.2","0.134322439848053"
"RP11-231E4.3","0.132806139690223"
"RP11-231E6.1","0.13125330310991"
"RP11-231G15.2","0.132944171692145"
"RP11-231G3.1","0.13126761612694"
"RP11-231I16.1","0.133048834486511"
"RP11-231N3.1","0.13323471369525"
"RP11-232C2.1","0.13074769170005"
"RP11-232D9.3","0.132391370939688"
"RP11-233G1.4","0.132362551862973"
"RP11-234B24.2","0.134854757649036"
"RP11-234B24.4","0.132358702473109"
"RP11-234B24.6","0.130126591366562"
"RP11-234G16.4","0.131497802520461"
"RP11-234G16.5","0.133452954496614"
"RP11-234K19.1","0.131477346458207"
"RP11-234K24.3","0.131494211320104"
"RP11-234K24.6","0.13106607236009"
"RP11-234O6.2","0.133540353453653"
"RP11-235C23.5","0.131477346458207"
"RP11-235E17.2","0.133052059969499"
"RP11-235E17.6","0.133052807071835"
"RP11-235G24.1","0.132383146846079"
"RP11-236B18.2","0.132380718708356"
"RP11-236B18.5","0.132707640555731"
"RP11-236J17.6","0.133683941241153"
"RP11-236L14.1","0.132813046826007"
"RP11-236L14.2","0.133238563085114"
"RP11-236P24.3","0.131701046043859"
"RP11-237D3.1","0.132708584043716"
"RP11-238F2.1","0.130203485592745"
"RP11-238K6.1","0.131075462466254"
"RP11-239A17.1","0.1328056965586"
"RP11-239E10.2","0.134387759639242"
"RP11-239E10.3","0.131254766435925"
"RP11-239H6.2","0.130838451562136"
"RP11-239L20.6","0.13319154995912"
"RP11-23D5.1","0.133685923906573"
"RP11-23E10.3","0.132944171692145"
"RP11-23E19.1","0.133046448860798"
"RP11-23E19.2","0.133025966714106"
"RP11-23F23.2","0.132390549603494"
"RP11-23N2.4","0.132924791394213"
"RP11-23P13.4","0.133687166724141"
"RP11-23P13.6","0.13125886037607"
"RP11-240B13.2","0.129981374692774"
"RP11-240G22.4","0.132701233776309"
"RP11-240G22.5","0.131723747048443"
"RP11-240M16.1","0.131278480731561"
"RP11-241G9.3","0.132847163396206"
"RP11-242D8.1","0.132556554035051"
"RP11-242F24.1","0.133180986100215"
"RP11-242G20.1","0.132216396618011"
"RP11-242J7.1","0.131482200710302"
"RP11-242O24.3","0.13375671389084"
"RP11-242P2.1","0.129386569940674"
"RP11-243A14.1","0.133049010324028"
"RP11-243J16.7","0.132552341772777"
"RP11-243J18.2","0.132386738046436"
"RP11-243M5.1","0.1323680843328"
"RP11-244F12.2","0.132947728668979"
"RP11-244F12.3","0.133206426098948"
"RP11-244H3.4","0.131250855671815"
"RP11-244M2.1","0.131160906456705"
"RP11-244N9.4","0.132213098636061"
"RP11-244N9.6","0.13292653232865"
"RP11-245C17.2","0.133184171158881"
"RP11-245D16.4","0.133050458845435"
"RP11-245G13.2","0.132934954136929"
"RP11-245J9.4","0.133046953111589"
"RP11-245J9.5","0.132849149700796"
"RP11-245J9.6","0.13369222637527"
"RP11-245P10.4","0.132951125414113"
"RP11-245P10.6","0.130814358835499"
"RP11-245P10.8","0.133187676892727"
"RP11-246A10.1","0.132847163396206"
"RP11-246K15.1","0.131163945573186"
"RP11-247A12.2","0.133457836563962"
"RP11-247A12.7","0.132806139690223"
"RP11-247A12.8","0.130233450072117"
"RP11-247C2.2","0.133202920365103"
"RP11-247I13.11","0.132211555463094"
"RP11-247L20.3","0.131478289946192"
"RP11-247L20.4","0.132538495073948"
"RP11-248E9.6","0.130128245129346"
"RP11-248G5.9","0.132946280147573"
"RP11-248J23.7","0.132839470807355"
"RP11-248M19.1","0.132838976374463"
"RP11-248N22.1","0.130746859273459"
"RP11-249C24.10","0.135334520645139"
"RP11-249C24.12","0.133179439883118"
"RP11-24C3.2","0.132386738046436"
"RP11-24F11.2","0.133652093750315"
"RP11-24I21.1","0.133030194324844"
"RP11-24J19.1","0.132946280147573"
"RP11-24M17.6","0.132843334024192"
"RP11-24N18.1","0.131488386437247"
"RP11-250B2.3","0.133682888814875"
"RP11-250B2.5","0.132849149700796"
"RP11-250B2.6","0.133385597391303"
"RP11-251G23.5","0.132841885502785"
"RP11-251M1.1","0.133052059969499"
"RP11-252A24.3","0.131704207808455"
"RP11-252A24.5","0.133202163444868"
"RP11-252C15.1","0.131279844850524"
"RP11-252C24.3","0.134383890940957"
"RP11-252E2.1","0.133191106827497"
"RP11-252E2.2","0.134251596875018"
"RP11-252I13.2","0.130252949484743"
"RP11-252M18.3","0.134320020962478"
"RP11-252P19.1","0.13074989838994"
"RP11-253A20.1","0.134102563963242"
"RP11-253D19.1","0.133539966918499"
"RP11-253D19.2","0.133025931670764"
"RP11-253E3.3","0.132838976374463"
"RP11-253I19.3","0.130133608193961"
"RP11-253M7.1","0.132947728668979"
"RP11-253M7.4","0.131723747048443"
"RP11-254F7.1","0.134253793599515"
"RP11-254F7.2","0.136856090168686"
"RP11-254F7.3","0.133694907183145"
"RP11-254F7.4","0.132964711139723"
"RP11-254I22.1","0.133053311322626"
"RP11-254I22.2","0.134855801594537"
"RP11-254I22.3","0.133544319509613"
"RP11-255A11.2","0.133542385804074"
"RP11-255C15.3","0.132932494234238"
"RP11-255E6.6","0.132810980845139"
"RP11-255G12.2","0.133027910970327"
"RP11-255G12.3","0.13345606427016"
"RP11-255H23.4","0.132554900272267"
"RP11-255M2.3","0.131720504828944"
"RP11-255P5.2","0.133694689557043"
"RP11-255P5.3","0.133017858476731"
"RP11-256I23.1","0.13125330310991"
"RP11-256I23.2","0.13485965562387"
"RP11-256I23.3","0.133057109469502"
"RP11-256L11.3","0.134102875816549"
"RP11-256L6.2","0.132375487090215"
"RP11-256L6.3","0.132971694345265"
"RP11-256P1.1","0.132390549603494"
"RP11-257I14.1","0.13339445002709"
"RP11-257K9.8","0.132389950659891"
"RP11-257O5.4","0.134254279732838"
"RP11-257P3.3","0.134838590224203"
"RP11-258B16.1","0.132846763958962"
"RP11-258C19.7","0.133050458845435"
"RP11-258F1.1","0.132849149700796"
"RP11-258F22.1","0.131071669976061"
"RP11-259K15.2","0.128823721712401"
"RP11-259K5.1","0.133392709092653"
"RP11-259K5.2","0.133062233295831"
"RP11-259N19.1","0.133056817056471"
"RP11-259O18.4","0.132863208201314"
"RP11-259O18.5","0.133049010324028"
"RP11-259O2.1","0.132374888146612"
"RP11-259P20.1","0.133542385804074"
"RP11-25B7.1","0.132937020117797"
"RP11-25C19.3","0.129826400623382"
"RP11-25G10.2","0.132951601735373"
"RP11-25H12.1","0.132813046826007"
"RP11-25I15.3","0.132551921141799"
"RP11-25I9.3","0.133187676892727"
"RP11-25K19.1","0.133234008018003"
"RP11-25K21.1","0.133241700606854"
"RP11-25L3.3","0.132811682707044"
"RP11-25O10.2","0.132711031481811"
"RP11-260A9.6","0.130251621660018"
"RP11-260E18.1","0.131288938825469"
"RP11-260G13.1","0.132556554035051"
"RP11-260M19.2","0.132855962720861"
"RP11-260M2.1","0.133761011459516"
"RP11-260O18.1","0.133760517026623"
"RP11-261C10.5","0.134256516837906"
"RP11-261N11.8","0.133757037103987"
"RP11-261P24.2","0.131171654667041"
"RP11-262A16.1","0.134392311022376"
"RP11-262H14.3","0.132707789262313"
"RP11-262H14.4","0.134380291581792"
"RP11-262I2.2","0.133651640742513"
"RP11-263K19.4","0.132980818015449"
"RP11-263K19.6","0.133661066966509"
"RP11-263K4.3","0.13339764919575"
"RP11-263K4.5","0.132556554035051"
"RP11-264B14.1","0.132857383000658"
"RP11-264B14.2","0.134384264167116"
"RP11-264B17.2","0.133060690122865"
"RP11-264B17.4","0.133209822844082"
"RP11-264B17.5","0.134843397609703"
"RP11-264E18.1","0.132710199055221"
"RP11-264E20.1","0.132857782437902"
"RP11-264E20.2","0.136322615470918"
"RP11-264I13.2","0.133069445753141"
"RP11-264K23.1","0.132985450908701"
"RP11-264L1.4","0.133702347102552"
"RP11-264M12.2","0.133191073637861"
"RP11-265D17.2","0.134324373553592"
"RP11-265D19.6","0.132859167791599"
"RP11-265E18.1","0.13109788331595"
"RP11-265F19.1","0.134386825630346"
"RP11-265N6.1","0.132861233019823"
"RP11-265N6.2","0.130265231233634"
"RP11-265N7.1","0.132963162999142"
"RP11-265N7.2","0.132230825820719"
"RP11-265O12.1","0.132562689228303"
"RP11-265P11.1","0.132396548783578"
"RP11-266A24.1","0.132861233019823"
"RP11-266J6.2","0.134391670896886"
"RP11-266K22.2","0.133692216224144"
"RP11-266K4.13","0.133066802477245"
"RP11-266K4.14","0.133668279423819"
"RP11-266K4.9","0.133040179745618"
"RP11-266L9.5","0.133702704013291"
"RP11-266N13.2","0.132821051530261"
"RP11-266O8.1","0.135344820112826"
"RP11-267A15.3","0.13534407301049"
"RP11-267C16.1","0.130863380742652"
"RP11-267M23.4","0.13087995448758"
"RP11-267N12.1","0.133042589538526"
"RP11-268F1.3","0.133557790817895"
"RP11-268G12.1","0.132385402873961"
"RP11-268G12.3","0.132986092898523"
"RP11-268G13.1","0.134843615235805"
"RP11-268I9.3","0.133406552827741"
"RP11-268J15.5","0.132821678664911"
"RP11-268P4.4","0.132940930881907"
"RP11-268P4.5","0.133554081694014"
"RP11-269C23.5","0.132961777645445"
"RP11-269C4.2","0.131509741585147"
"RP11-269F19.2","0.131265297039294"
"RP11-269F20.1","0.13321882131263"
"RP11-269F21.2","0.133661905045768"
"RP11-269F21.3","0.132711031481811"
"RP11-269G24.3","0.132717988011257"
"RP11-269G24.4","0.133474459388382"
"RP11-269G24.6","0.132562689228303"
"RP11-269M20.3","0.132711852818005"
"RP11-26J3.1","0.132226467303133"
"RP11-26J3.4","0.133062854059117"
"RP11-26L20.3","0.133400411932678"
"RP11-26L20.4","0.135493857565842"
"RP11-26M5.3","0.132960956309251"
"RP11-26N15.2","0.132863145502517"
"RP11-26P13.2","0.133977266898581"
"RP11-270M14.4","0.133974129376841"
"RP11-271C24.2","0.13325231964855"
"RP11-271F18.1","0.135824507845222"
"RP11-271F18.4","0.135352260032233"
"RP11-271M24.2","0.133076229097553"
"RP11-272B17.1","0.133076691233594"
"RP11-272B17.2","0.133404143034833"
"RP11-272D12.2","0.132966513575411"
"RP11-272L13.3","0.133702313912916"
"RP11-273B19.2","0.135503536459282"
"RP11-273B20.1","0.134847917633472"
"RP11-273B20.3","0.133060444266208"
"RP11-273G15.2","0.134259011008602"
"RP11-274B18.4","0.134392311022376"
"RP11-274B21.10","0.133041312907826"
"RP11-274B21.9","0.136346275945243"
"RP11-274H2.3","0.133712966144248"
"RP11-274H24.1","0.133698178129732"
"RP11-274J16.5","0.132990186838667"
"RP11-274M17.3","0.132679467545204"
"RP11-275E15.2","0.133400411932678"
"RP11-275H4.1","0.13347469287137"
"RP11-275I14.4","0.137653294509344"
"RP11-275I4.1","0.136345698292447"
"RP11-275I4.2","0.133205575888358"
"RP11-276E15.4","0.132949330846981"
"RP11-276E17.2","0.132961777645445"
"RP11-276H1.3","0.134394051956813"
"RP11-276H19.2","0.133407385254332"
"RP11-276H7.2","0.133404143034833"
"RP11-276H7.3","0.132966955489335"
"RP11-276M12.1","0.133220475075414"
"RP11-277A4.4","0.132972637154795"
"RP11-277B15.3","0.13240046538724"
"RP11-277P12.10","0.133249050874261"
"RP11-277P12.20","0.133665636147923"
"RP11-277P12.6","0.132991586101953"
"RP11-277P12.9","0.133200072106409"
"RP11-278A23.1","0.135347381576056"
"RP11-278A23.4","0.133036135063936"
"RP11-278C7.4","0.134851116802133"
"RP11-278H7.1","0.133472049595474"
"RP11-278H7.4","0.134334955523422"
"RP11-278I4.2","0.136066107154222"
"RP11-278L15.2","0.134275744382719"
"RP11-279F6.2","0.135498120219922"
"RP11-279N8.1","0.132868555593848"
"RP11-279O17.1","0.133661475610007"
"RP11-279O9.4","0.13370392226521"
"RP11-27G14.4","0.133777902810265"
"RP11-27G24.1","0.134329423053595"
"RP11-27K13.3","0.13397925320317"
"RP11-27M24.1","0.133712144808054"
"RP11-27M9.1","0.132865088609337"
"RP11-280G9.1","0.133065149811722"
"RP11-280O1.2","0.13304424330131"
"RP11-281A20.1","0.132863917631154"
"RP11-281A20.2","0.136179985399617"
"RP11-281N10.1","0.133705151451386"
"RP11-281O15.4","0.135822766910785"
"RP11-281O15.8","0.136181722650077"
"RP11-281P23.1","0.133067597258649"
"RP11-281P23.2","0.136062677219451"
"RP11-282A11.3","0.132868555593848"
"RP11-282A11.4","0.134397189478553"
"RP11-282C5.1","0.133037520417633"
"RP11-282I1.1","0.133221117065236"
"RP11-282O18.3","0.133771098996454"
"RP11-282O18.7","0.133665066810363"
"RP11-283C24.1","0.134391765733443"
"RP11-283G6.3","0.136189858370551"
"RP11-283G6.4","0.135895000913935"
"RP11-283G6.5","0.133053285256206"
"RP11-283G6.6","0.134393279249181"
"RP11-283I3.2","0.13439958442664"
"RP11-284A20.2","0.133049606365925"
"RP11-284A20.3","0.13397925320317"
"RP11-284F21.10","0.132398677111123"
"RP11-284F21.11","0.133054875292304"
"RP11-284F21.7","0.134271230963757"
"RP11-284F21.8","0.13299796556574"
"RP11-284F21.9","0.134275145439116"
"RP11-284G10.1","0.135503536459282"
"RP11-284H18.1","0.132836963222058"
"RP11-284H19.1","0.134122379161658"
"RP11-284J1.1","0.132868641947252"
"RP11-284M14.1","0.135355084416081"
"RP11-284N8.3","0.134394528470371"
"RP11-285A1.1","0.133675834896867"
"RP11-285E23.2","0.134397632610176"
"RP11-285E9.5","0.133472049595474"
"RP11-285E9.6","0.13306968566579"
"RP11-285F16.1","0.133771528432215"
"RP11-285F7.2","0.13564504909923"
"RP11-285G1.2","0.13589660926623"
"RP11-285G1.9","0.134335384959183"
"RP11-285J16.1","0.136062969632482"
"RP11-285M22.1","0.137298654168922"
"RP11-286B14.1","0.132990186838667"
"RP11-286B14.2","0.13535465498032"
"RP11-286E11.1","0.13487161259176"
"RP11-286E11.2","0.135897429051659"
"RP11-286H15.1","0.135891896581832"
"RP11-286N22.8","0.133668045940831"
"RP11-286N3.1","0.13535465498032"
"RP11-286N3.2","0.13535465498032"
"RP11-286O18.1","0.133661905045768"
"RP11-287D1.2","0.132990186838667"
"RP11-287D1.3","0.133407385254332"
"RP11-287D1.4","0.135636538267957"
"RP11-287F9.2","0.135507536303136"
"RP11-288I21.1","0.133668878367422"
"RP11-288L9.1","0.136350752781358"
"RP11-288L9.4","0.132833435120935"
"RP11-289F5.1","0.134341525854246"
"RP11-289H16.1","0.133784059020028"
"RP11-28G8.1","0.132393427947048"
"RP11-28H5.2","0.135494614486077"
"RP11-290C10.1","0.133564510926749"
"RP11-290D2.3","0.135355084416081"
"RP11-290D2.6","0.135891896581832"
"RP11-290F24.6","0.134396988373062"
"RP11-290F5.1","0.136391124063169"
"RP11-290F5.2","0.134861674196908"
"RP11-290H9.2","0.133784500933952"
"RP11-290H9.5","0.131266639103143"
"RP11-290K4.2","0.136865541424145"
"RP11-290L1.2","0.133777902810265"
"RP11-290L1.3","0.136327715164368"
"RP11-290L1.5","0.134403596257975"
"RP11-290M5.2","0.133704552507783"
"RP11-290M5.4","0.136350752781358"
"RP11-290O12.2","0.133713608134069"
"RP11-291B21.2","0.136477733953413"
"RP11-291L22.4","0.135357544318772"
"RP11-292E2.1","0.133414031791182"
"RP11-292E2.4","0.134281928783528"
"RP11-293A10.3","0.137653548948993"
"RP11-293A21.1","0.134272353456639"
"RP11-293E1.2","0.135827645366962"
"RP11-293M10.1","0.132410480875328"
"RP11-293M10.2","0.133709822806745"
"RP11-293M10.6","0.133673549722781"
"RP11-293P20.2","0.132996082899695"
"RP11-294C11.2","0.135828088498585"
"RP11-294C11.5","0.133419235182117"
"RP11-294J22.6","0.135827707013883"
"RP11-294N21.3","0.133413384434415"
"RP11-295G20.2","0.136195970724931"
"RP11-295H24.4","0.133674877547505"
"RP11-295I5.3","0.133713608134069"
"RP11-295I5.4","0.134134689890843"
"RP11-295K2.3","0.133076229097553"
"RP11-295K3.1","0.136393457364335"
"RP11-295M18.6","0.136230500626443"
"RP11-295M3.4","0.133079907987833"
"RP11-295P9.12","0.135901020252016"
"RP11-295P9.13","0.136072662640225"
"RP11-295P9.6","0.132832873377672"
"RP11-296A16.1","0.134862316186729"
"RP11-296A18.6","0.134406388240452"
"RP11-296I10.3","0.134873632085985"
"RP11-296K13.4","0.136648935690147"
"RP11-296L22.8","0.133045628655007"
"RP11-296O14.3","0.13440453974596"
"RP11-297A16.2","0.133054875292304"
"RP11-297A16.4","0.133779965079884"
"RP11-297B17.3","0.136360512833822"
"RP11-297C4.1","0.134881443486898"
"RP11-297C4.2","0.137134680999765"
"RP11-297C4.3","0.136482334757914"
"RP11-297D21.2","0.133711335852195"
"RP11-297D21.4","0.136190990401586"
"RP11-297H3.3","0.137303131005038"
"RP11-297J22.1","0.13564586888466"
"RP11-297K8.2","0.13348674514216"
"RP11-297L17.2","0.13486780939016"
"RP11-297M9.1","0.13686011160815"
"RP11-297N6.4","0.136341710569778"
"RP11-297P16.3","0.136072093302665"
"RP11-297P16.4","0.136189858370551"
"RP11-298D21.1","0.133669699703615"
"RP11-298E2.2","0.13606893153807"
"RP11-298E9.5","0.134134689890843"
"RP11-298H24.1","0.136234006360289"
"RP11-298I3.1","0.133709822806745"
"RP11-298I3.4","0.134125647935947"
"RP11-298J20.3","0.133680872296805"
"RP11-298J23.5","0.134129497955112"
"RP11-298J23.8","0.136898957042182"
"RP11-298O21.2","0.136641556889908"
"RP11-298O21.3","0.136875593917741"
"RP11-298O21.6","0.13565473496809"
"RP11-299D14.2","0.137824692192208"
"RP11-299G20.2","0.137657303908215"
"RP11-299H21.1","0.13606893153807"
"RP11-299H22.1","0.136061228698045"
"RP11-299J3.8","0.135897020408161"
"RP11-299L17.3","0.136648492558524"
"RP11-299P2.2","0.136189858370551"
"RP11-29B2.6","0.132737141072561"
"RP11-29B9.1","0.136858186950482"
"RP11-29B9.2","0.135897020408161"
"RP11-29H23.4","0.133784500933952"
"RP11-2A4.4","0.134130825779837"
"RP11-2B6.2","0.135361225311145"
"RP11-2B6.3","0.138153117940261"
"RP11-2C15.1","0.13412422765615"
"RP11-2C24.7","0.138235869040417"
"RP11-2C24.9","0.133231334584765"
"RP11-2C7.1","0.136896848586754"
"RP11-2E11.5","0.134860852860714"
"RP11-2E11.6","0.135652672698472"
"RP11-2E11.9","0.136865759050247"
"RP11-2E17.2","0.134282700912165"
"RP11-2G1.1","0.13564586888466"
"RP11-2H3.6","0.133713608134069"
"RP11-2H8.2","0.133573757564046"
"RP11-2I17.4","0.134347029636196"
"RP11-2L8.1","0.135834200852965"
"RP11-2N1.2","0.13638361144797"
"RP11-2N1.3","0.136392637578906"
"RP11-2O17.2","0.133789955081056"
"RP11-300A12.2","0.133574298166242"
"RP11-300E4.2","0.134131011000562"
"RP11-300J18.2","0.133714351497945"
"RP11-300M24.1","0.137120753686816"
"RP11-301G19.1","0.133257055578516"
"RP11-301G7.1","0.136851189634946"
"RP11-301L8.2","0.134341759337234"
"RP11-301O19.1","0.134341759337234"
"RP11-302B13.5","0.135828088498585"
"RP11-302F12.10","0.136078111549614"
"RP11-302F12.3","0.136359263612632"
"RP11-302L19.1","0.137134680999765"
"RP11-302L19.3","0.136072093302665"
"RP11-302M6.5","0.136482334757914"
"RP11-303E16.3","0.135838906398479"
"RP11-303E16.5","0.13440845051007"
"RP11-303E16.6","0.133711797988236"
"RP11-303E16.7","0.133718143988138"
"RP11-304C12.3","0.133424764367902"
"RP11-304C12.5","0.137635560440426"
"RP11-304F15.3","0.13371683229693"
"RP11-304F15.4","0.136337979467623"
"RP11-304F15.6","0.132990200420914"
"RP11-304F15.7","0.134350485788465"
"RP11-304L19.11","0.136239831243146"
"RP11-304L19.12","0.137302409128145"
"RP11-304L19.13","0.135843000338623"
"RP11-304L19.2","0.135902384370979"
"RP11-304L19.8","0.136903897145279"
"RP11-304M2.5","0.138982208214732"
"RP11-305A4.3","0.133064557839404"
"RP11-305D15.8","0.13427795107261"
"RP11-305F18.1","0.137824692192208"
"RP11-305K5.1","0.136200676270445"
"RP11-305L7.1","0.137652971296197"
"RP11-305L7.3","0.137625749144974"
"RP11-305L7.6","0.135369014267181"
"RP11-305L7.7","0.136249440690452"
"RP11-305O4.3","0.134285660166466"
"RP11-305P14.1","0.136490558851523"
"RP11-305P22.9","0.133785148290719"
"RP11-306G20.1","0.135906295135089"
"RP11-306I1.2","0.134281928783528"
"RP11-306O13.1","0.133686819224255"
"RP11-307B6.3","0.133724138737438"
"RP11-307C12.11","0.134289080375952"
"RP11-307C12.12","0.137671368233145"
"RP11-307C12.13","0.136246635056958"
"RP11-307C18.1","0.135517347040278"
"RP11-307C19.1","0.136341710569778"
"RP11-307C19.2","0.136200034280624"
"RP11-307E17.8","0.136246635056958"
"RP11-307L14.1","0.136403066811641"
"RP11-307L14.2","0.137302626754246"
"RP11-307L3.4","0.136645062623754"
"RP11-307N16.6","0.13591178833852"
"RP11-307O10.1","0.135517532261003"
"RP11-307O13.1","0.137312891057502"
"RP11-307P5.1","0.138157849216025"
"RP11-308B16.2","0.136864532082983"
"RP11-308B5.2","0.136481926114416"
"RP11-308D13.3","0.133056782685698"
"RP11-308N19.1","0.134287425228263"
"RP11-309H21.3","0.135371921028824"
"RP11-309L24.10","0.13367700587505"
"RP11-309L24.4","0.137652690223342"
"RP11-309M23.1","0.138727894704793"
"RP11-309M7.1","0.136204770210589"
"RP11-309N24.1","0.138307922731252"
"RP11-30G13.1","0.137125632142992"
"RP11-30G8.2","0.138392235838673"
"RP11-30J20.1","0.136082089260532"
"RP11-30K9.5","0.136359674754563"
"RP11-30K9.6","0.136200034280624"
"RP11-30L15.6","0.137311641836311"
"RP11-30L3.2","0.136360512833822"
"RP11-30O15.1","0.134136820529137"
"RP11-30P6.6","0.136860520251648"
"RP11-310E22.4","0.13951194340775"
"RP11-310E22.5","0.138303695120514"
"RP11-310H4.1","0.133238810153024"
"RP11-310H4.3","0.136354868573023"
"RP11-310N16.1","0.135375393730968"
"RP11-310P5.1","0.13551830438964"
"RP11-311F12.1","0.136205397345239"
"RP11-311F12.2","0.136914454540054"
"RP11-312B8.1","0.136374442684922"
"RP11-312J18.6","0.13436029913767"
"RP11-313A24.1","0.136880549237061"
"RP11-313D6.3","0.133724971943728"
"RP11-313E19.2","0.136403066811641"
"RP11-313F23.4","0.136879605749076"
"RP11-313I2.11","0.136888995855239"
"RP11-313P13.5","0.138303901697745"
"RP11-313P18.2","0.137131618291436"
"RP11-313P22.1","0.136864111452005"
"RP11-314A20.2","0.137312052978243"
"RP11-314A20.5","0.138944181174973"
"RP11-314B1.2","0.137667356401811"
"RP11-314C16.1","0.133719362723892"
"RP11-314C9.2","0.136888553941315"
"RP11-314M24.1","0.134138162592986"
"RP11-314N13.10","0.134352274064583"
"RP11-314N13.3","0.135849293000249"
"RP11-314N14.1","0.138660647499415"
"RP11-314P15.2","0.139574040538998"
"RP11-315A16.1","0.13552319778798"
"RP11-315D16.2","0.13552319778798"
"RP11-315D16.4","0.135670650755644"
"RP11-315E17.1","0.140310440130334"
"RP11-315I20.1","0.139512197847398"
"RP11-315I20.3","0.135848896399652"
"RP11-315L6.1","0.136405531477109"
"RP11-315O6.1","0.135850779065697"
"RP11-315O6.2","0.134898822600468"
"RP11-316A16.1","0.136872594364422"
"RP11-316I3.2","0.137671368233145"
"RP11-316M1.12","0.136374442684922"
"RP11-316M1.3","0.137319864379155"
"RP11-316M20.1","0.1371329824104"
"RP11-316M21.6","0.135854822186034"
"RP11-316M21.7","0.133730085664887"
"RP11-316O14.1","0.136918304559219"
"RP11-317G6.1","0.13840557828671"
"RP11-317J19.1","0.136495294781488"
"RP11-317L10.1","0.138170771033084"
"RP11-317N12.1","0.139907731656474"
"RP11-317N8.3","0.133707933854771"
"RP11-317N8.5","0.138952692006246"
"RP11-317P15.4","0.134899597257206"
"RP11-318A15.2","0.136874879538509"
"RP11-318A15.7","0.136889953204602"
"RP11-318A15.8","0.137635131004665"
"RP11-318C2.1","0.139230288896273"
"RP11-318C24.2","0.13567474060003"
"RP11-318E3.9","0.134317872672472"
"RP11-318G21.4","0.141141494685526"
"RP11-318K12.2","0.136501587443114"
"RP11-318M2.3","0.135170762472477"
"RP11-319E12.1","0.137154093040846"
"RP11-319E12.2","0.138176045916158"
"RP11-319E16.1","0.136888553941315"
"RP11-319E16.2","0.13635828878251"
"RP11-319F12.2","0.135663187425821"
"RP11-319G6.1","0.137140101203853"
"RP11-319G6.3","0.135523341789578"
"RP11-31F15.2","0.137678564305005"
"RP11-31K23.2","0.137141429028578"
"RP11-31L22.3","0.137675580495419"
"RP11-320G10.1","0.136212040080104"
"RP11-320G24.1","0.137150115329928"
"RP11-320M16.2","0.13622532253518"
"RP11-320M2.1","0.136412710049535"
"RP11-320N21.1","0.134909975095711"
"RP11-320N21.2","0.137325863559239"
"RP11-320N7.2","0.135528726973765"
"RP11-320P7.2","0.134381413768186"
"RP11-321A17.4","0.136380822148709"
"RP11-321A17.6","0.136502564651003"
"RP11-321C24.1","0.136879772936848"
"RP11-321E2.3","0.136258687327749"
"RP11-321E2.4","0.137142076385345"
"RP11-321F8.4","0.133731301221858"
"RP11-321G12.1","0.138317759445445"
"RP11-321L2.1","0.137148729976231"
"RP11-321M21.3","0.138317759445445"
"RP11-321M21.4","0.136084032367352"
"RP11-321N4.5","0.133799970711824"
"RP11-321P16.1","0.136663847530185"
"RP11-322D14.2","0.135522801187382"
"RP11-322E11.2","0.136921760711489"
"RP11-322E11.5","0.137140935318384"
"RP11-322E11.6","0.136495736695413"
"RP11-322J23.1","0.137680316425385"
"RP11-322N21.2","0.135856599486267"
"RP11-323C15.2","0.134421198456562"
"RP11-323F24.3","0.140062117704794"
"RP11-323I15.5","0.138410432538806"
"RP11-323J4.1","0.136087358186911"
"RP11-323N12.5","0.140064378806833"
"RP11-324D17.1","0.137677916948238"
"RP11-324D17.3","0.136495294781488"
"RP11-324E6.10","0.13831870293343"
"RP11-324E6.6","0.134146295557709"
"RP11-324I22.2","0.135671212498907"
"RP11-324I22.4","0.13731246162174"
"RP11-324J13.2","0.136218369358234"
"RP11-324J3.1","0.134894270622572"
"RP11-324L17.1","0.137154093040846"
"RP11-324O2.3","0.136212040080104"
"RP11-325D15.2","0.13552319778798"
"RP11-325E5.1","0.133791328889542"
"RP11-325F22.2","0.136668153555116"
"RP11-325K19.1","0.135519475367823"
"RP11-325L12.6","0.139944626023451"
"RP11-325L12.7","0.136889643212006"
"RP11-325L7.1","0.137678564305005"
"RP11-325L7.2","0.13840557828671"
"RP11-325N19.3","0.13591474759282"
"RP11-326A13.1","0.135666098777749"
"RP11-326A19.3","0.133132166589744"
"RP11-326A19.4","0.136665246793472"
"RP11-326C3.10","0.138321150371525"
"RP11-326C3.11","0.138549182783245"
"RP11-326C3.12","0.138245306313284"
"RP11-326C3.13","0.135663187425821"
"RP11-326C3.14","0.135519475367823"
"RP11-326C3.15","0.13591904308158"
"RP11-326C3.2","0.137148729976231"
"RP11-326C3.7","0.137153241474436"
"RP11-326E22.1","0.135521211151284"
"RP11-326G21.1","0.133723598303342"
"RP11-326I11.3","0.133109845953383"
"RP11-326I11.4","0.133730425737029"
"RP11-326K13.4","0.135916681736859"
"RP11-326L2.1","0.13436151469464"
"RP11-326N17.2","0.13354553736609"
"RP11-327F22.1","0.138408969212791"
"RP11-327F22.2","0.136087754787509"
"RP11-327F22.4","0.137664944446501"
"RP11-327F22.5","0.136350510055436"
"RP11-327I22.5","0.134436231295717"
"RP11-327J17.2","0.13441224630608"
"RP11-327J17.8","0.138552765178819"
"RP11-327J17.9","0.136430104233412"
"RP11-327L3.3","0.134964037088478"
"RP11-327L9.1","0.138245714956782"
"RP11-327O17.2","0.135523341789578"
"RP11-327P2.5","0.137853997371004"
"RP11-328C8.4","0.135876498559813"
"RP11-328D5.1","0.135540591971857"
"RP11-328J14.1","0.137154093040846"
"RP11-328J2.1","0.133817557241217"
"RP11-328K4.1","0.136087358186911"
"RP11-328P23.4","0.136920589733306"
"RP11-329B9.1","0.135679381232825"
"RP11-329B9.3","0.136207340452058"
"RP11-329B9.4","0.139584905143618"
"RP11-329B9.5","0.13667028419341"
"RP11-329J18.3","0.136212548937663"
"RP11-329N22.1","0.13592630076703"
"RP11-32B5.7","0.137160735775712"
"RP11-32B5.8","0.134899724415873"
"RP11-32D16.1","0.136385639925784"
"RP11-32K4.1","0.137680045275783"
"RP11-330A16.1","0.137678564305005"
"RP11-330M19.1","0.136363233718252"
"RP11-331F9.3","0.135681803250888"
"RP11-331F9.4","0.137329727670245"
"RP11-331K15.1","0.139010544713174"
"RP11-331K21.1","0.139580980043873"
"RP11-332H14.1","0.137681405696076"
"RP11-332H14.2","0.137648532942164"
"RP11-332H18.5","0.136920279740711"
"RP11-332H18.7","0.137331858308539"
"RP11-332J15.1","0.136889643212006"
"RP11-332J15.2","0.1366711173997"
"RP11-332J15.4","0.135856599486267"
"RP11-332K15.1","0.136354868573023"
"RP11-333A23.3","0.136496694044775"
"RP11-333A23.4","0.140506963248608"
"RP11-333B11.1","0.136889181075965"
"RP11-333E1.1","0.135170762472477"
"RP11-333E1.2","0.137322071069046"
"RP11-333I13.1","0.138258674980356"
"RP11-333O1.1","0.133739123918539"
"RP11-334A14.5","0.138548344703986"
"RP11-334A14.8","0.13532672972599"
"RP11-334C17.5","0.137331858308539"
"RP11-334C17.6","0.137141614249303"
"RP11-334E6.10","0.137157771931127"
"RP11-334E6.3","0.137677916948238"
"RP11-334G22.1","0.136501190842517"
"RP11-334J6.6","0.13831870293343"
"RP11-334J6.7","0.133724307865189"
"RP11-335E6.2","0.134345632407962"
"RP11-335E6.3","0.136507891285637"
"RP11-335I12.2","0.136354868573023"
"RP11-335K5.2","0.136501731444713"
"RP11-335L23.4","0.136823980230813"
"RP11-335L23.5","0.141391600126557"
"RP11-335O13.7","0.136356406116464"
"RP11-335O4.3","0.134449115473807"
"RP11-336A10.2","0.133538649805831"
"RP11-336A10.4","0.136218369358234"
"RP11-336A10.5","0.139183162772248"
"RP11-336K24.12","0.138742231883804"
"RP11-336K24.5","0.139526005300216"
"RP11-337A23.6","0.134449115473807"
"RP11-337C18.8","0.137644740451971"
"RP11-337L12.1","0.138556977441093"
"RP11-337N6.1","0.137146883175682"
"RP11-337N6.2","0.136921760711489"
"RP11-338C15.3","0.137677916948238"
"RP11-338C15.5","0.136889181075965"
"RP11-338E21.1","0.137680091993624"
"RP11-338E21.3","0.135850270208138"
"RP11-338H14.1","0.135091705559277"
"RP11-338I21.1","0.136210893789974"
"RP11-338K13.1","0.137149371966053"
"RP11-338K17.8","0.136254190530007"
"RP11-338L22.2","0.137159589485582"
"RP11-338N10.1","0.136213424216936"
"RP11-338N10.2","0.137148765841727"
"RP11-338N10.3","0.133782032833297"
"RP11-339B21.13","0.137648091028239"
"RP11-339D23.1","0.137159758567823"
"RP11-33A14.1","0.138262981005286"
"RP11-33B1.3","0.137671368233145"
"RP11-33B1.4","0.137329727670245"
"RP11-33H15.1","0.139000733976033"
"RP11-33I11.2","0.138175403926336"
"RP11-33N14.3","0.133144576922385"
"RP11-33N14.5","0.136378939482664"
"RP11-33N16.2","0.138997142775676"
"RP11-33O4.1","0.133848389779111"
"RP11-33O4.2","0.137157771931127"
"RP11-340A13.3","0.137327991886784"
"RP11-340E6.1","0.133820630043621"
"RP11-340F14.6","0.137681405696076"
"RP11-340I6.7","0.134384486570589"
"RP11-340I6.8","0.13628628948791"
"RP11-341G23.4","0.1366711173997"
"RP11-341N2.1","0.139006008859106"
"RP11-342A1.1","0.137698027358905"
"RP11-342D11.2","0.136926969197093"
"RP11-342D11.3","0.135307980519769"
"RP11-342D14.1","0.13628628948791"
"RP11-342H21.2","0.137153583618802"
"RP11-342I1.2","0.135892163008384"
"RP11-342K6.1","0.138328106900971"
"RP11-342K6.3","0.137681405696076"
"RP11-342K6.4","0.137648718162889"
"RP11-342M1.3","0.137647866596478"
"RP11-342M3.1","0.138180139856302"
"RP11-342M3.5","0.135933363417887"
"RP11-343C2.11","0.133743410593063"
"RP11-343H19.1","0.134949923590935"
"RP11-343H5.6","0.136356406116464"
"RP11-343J18.1","0.137157824423784"
"RP11-343J3.2","0.1366711173997"
"RP11-343K8.3","0.135775954354191"
"RP11-343L5.2","0.137331545224699"
"RP11-343N15.2","0.133776300682076"
"RP11-343P9.1","0.136095061273527"
"RP11-344A16.2","0.136363233718252"
"RP11-344B2.2","0.137680045275783"
"RP11-344B5.2","0.136925627133244"
"RP11-344B5.3","0.134951331512141"
"RP11-344B5.4","0.1376788742976"
"RP11-344E13.4","0.136925483131645"
"RP11-344F13.1","0.138180581770226"
"RP11-344N10.2","0.134895940636325"
"RP11-344N10.5","0.136672501536533"
"RP11-344P13.4","0.134922128963433"
"RP11-344P13.6","0.133779683677027"
"RP11-345F18.1","0.138672208763184"
"RP11-345J4.3","0.134949923590935"
"RP11-345J4.5","0.13609737381768"
"RP11-345P4.10","0.136351599326127"
"RP11-345P4.7","0.136501190842517"
"RP11-345P4.9","0.133731261042136"
"RP11-346C20.3","0.134818107468581"
"RP11-346C20.4","0.134317872672472"
"RP11-346C4.3","0.136889953204602"
"RP11-346D14.1","0.138249726788116"
"RP11-346D19.1","0.133786677033695"
"RP11-346L1.2","0.136212040080104"
"RP11-347C12.1","0.1376788742976"
"RP11-347C12.10","0.135723159667317"
"RP11-347C12.11","0.13381257376604"
"RP11-347C12.3","0.136386642569279"
"RP11-347C18.5","0.133754273097806"
"RP11-347I19.7","0.138413640568149"
"RP11-347I19.8","0.138181229126993"
"RP11-347J14.7","0.136925483131645"
"RP11-347P5.1","0.136267693048467"
"RP11-348F1.2","0.138997142775676"
"RP11-348F1.3","0.138257789069555"
"RP11-348H3.8","0.134345989933837"
"RP11-348J12.2","0.136531865805081"
"RP11-348J24.1","0.137686753088609"
"RP11-348J24.2","0.136118033149476"
"RP11-348N5.7","0.137682886666854"
"RP11-348N5.9","0.135582367801742"
"RP11-348P10.2","0.136386642569279"
"RP11-349A8.3","0.136386642569279"
"RP11-349E4.1","0.136974485014282"
"RP11-34A14.3","0.133582714129627"
"RP11-34C15.2","0.134936163422818"
"RP11-34D15.2","0.134345632407962"
"RP11-34F13.2","0.136268702958517"
"RP11-34P13.3","0.138737706000245"
"RP11-34P13.7","0.138401566455376"
"RP11-34P13.8","0.136094058630032"
"RP11-34P13.9","0.135863552663214"
"RP11-350D17.2","0.136666417771654"
"RP11-350G24.1","0.135850270208138"
"RP11-350G8.5","0.135922985579382"
"RP11-350G8.9","0.138562155284983"
"RP11-350J20.12","0.136503948787836"
"RP11-350J20.5","0.139525185514787"
"RP11-350N15.3","0.13768660908701"
"RP11-350N15.4","0.134922128963433"
"RP11-350N15.5","0.134476875209298"
"RP11-350N15.6","0.135539879469008"
"RP11-351A11.1","0.134949923590935"
"RP11-351D16.3","0.135529501630503"
"RP11-351E7.1","0.137326048779964"
"RP11-351I21.11","0.134879402956896"
"RP11-351I24.1","0.134446042671404"
"RP11-351J23.1","0.133250848126949"
"RP11-351M16.3","0.136413687257424"
"RP11-351M16.4","0.133775039476629"
"RP11-351M8.1","0.138167179832728"
"RP11-351M8.2","0.135692327129423"
"RP11-351O2.1","0.133738766392664"
"RP11-352B15.2","0.13638031329115"
"RP11-352D13.5","0.134317872672472"
"RP11-352D13.6","0.133246561452425"
"RP11-352D3.2","0.134428456142011"
"RP11-352G18.2","0.137152579995397"
"RP11-352G9.1","0.135855383929297"
"RP11-352M15.1","0.136217366714738"
"RP11-352M15.2","0.13493076701837"
"RP11-353K11.1","0.134143107528728"
"RP11-353M9.1","0.134885689956487"
"RP11-353N14.1","0.134886565441316"
"RP11-353N14.2","0.136410775905496"
"RP11-353N14.3","0.138406521774696"
"RP11-353N14.4","0.135923988222877"
"RP11-353N14.5","0.134900599900702"
"RP11-353N14.7","0.136412854051133"
"RP11-353N4.5","0.134143107528728"
"RP11-353N4.6","0.136211206873813"
"RP11-354A14.1","0.13637916700102"
"RP11-354E11.2","0.136258687327749"
"RP11-354H21.1","0.133754273097806"
"RP11-354K1.1","0.133850712690121"
"RP11-354K1.2","0.136210893789974"
"RP11-354K4.2","0.13714238637794"
"RP11-354M1.2","0.13553281681815"
"RP11-354M20.3","0.136356633634821"
"RP11-354P11.2","0.133775502798912"
"RP11-354P11.3","0.137681715688671"
"RP11-354P11.4","0.134363827238793"
"RP11-354P11.8","0.133288133843258"
"RP11-354P17.15","0.136497865022957"
"RP11-355B11.2","0.13437088988965"
"RP11-355E10.1","0.134922128963433"
"RP11-355F16.1","0.137223342328469"
"RP11-355F22.1","0.138744679321899"
"RP11-355N15.1","0.136374442684922"
"RP11-356C4.3","0.134475467288092"
"RP11-356C4.5","0.136925314049404"
"RP11-356I2.1","0.136385767084451"
"RP11-356I2.4","0.136501587443114"
"RP11-356J5.12","0.133707933854771"
"RP11-356J5.13","0.138253117714196"
"RP11-356J5.4","0.135307980519769"
"RP11-356K23.1","0.133251759899191"
"RP11-356K23.2","0.136412540967294"
"RP11-356N1.2","0.136381697427982"
"RP11-356O9.1","0.135672428055878"
"RP11-356O9.2","0.136894450002343"
"RP11-357F12.1","0.135672428055878"
"RP11-357H14.17","0.135213876912978"
"RP11-357K6.1","0.136412710049535"
"RP11-357N13.2","0.13441224630608"
"RP11-357N13.3","0.138409790548984"
"RP11-357P18.2","0.133481917479973"
"RP11-358B23.1","0.137322071069046"
"RP11-358B23.5","0.135582367801742"
"RP11-358H9.1","0.134428456142011"
"RP11-358M14.2","0.13553281681815"
"RP11-358N2.2","0.13637916700102"
"RP11-359B12.2","0.135142389714512"
"RP11-359D14.2","0.13666428944411"
"RP11-359D14.3","0.134304275991532"
"RP11-359D24.1","0.135581593411312"
"RP11-359E10.1","0.133707933854771"
"RP11-359E19.2","0.135930941399824"
"RP11-359E3.4","0.140062117704794"
"RP11-359G22.2","0.133276348530882"
"RP11-359G22.4","0.135712271128233"
"RP11-359I18.5","0.135667482914581"
"RP11-359J14.2","0.136926460339534"
"RP11-359K18.3","0.133833221689789"
"RP11-359M6.1","0.135307980519769"
"RP11-359N11.1","0.13636410920308"
"RP11-359P5.1","0.136671626257259"
"RP11-35G22.1","0.136920589733306"
"RP11-35G9.3","0.137229465907854"
"RP11-35G9.5","0.13637348439809"
"RP11-35J1.2","0.136095061273527"
"RP11-35J10.4","0.137147423777878"
"RP11-35J10.5","0.13635694671866"
"RP11-35J23.1","0.139530017131551"
"RP11-35L17.3","0.134304275991532"
"RP11-35O15.1","0.136212040080104"
"RP11-35O7.1","0.135933363417887"
"RP11-35P15.1","0.135715502333114"
"RP11-360A18.1","0.136923548987607"
"RP11-360F5.1","0.138327334772334"
"RP11-360F5.3","0.137229634990095"
"RP11-360I2.1","0.13610060502256"
"RP11-360K13.1","0.136419141050725"
"RP11-360L9.4","0.138180581770226"
"RP11-360L9.7","0.136926460339534"
"RP11-360L9.8","0.138259302115005"
"RP11-360O19.4","0.134920498974247"
"RP11-360P21.2","0.135849437001847"
"RP11-361D15.2","0.135856599486267"
"RP11-362A1.1","0.136412710049535"
"RP11-362A9.3","0.133885924068523"
"RP11-362F19.1","0.136921760711489"
"RP11-362F19.3","0.135213876912978"
"RP11-362J17.1","0.139958963202463"
"RP11-362K14.5","0.13714534563224"
"RP11-362K14.6","0.136217366714738"
"RP11-362K14.7","0.137677916948238"
"RP11-362K2.2","0.136422206091396"
"RP11-363D14.1","0.135850270208138"
"RP11-363E6.3","0.136464218112608"
"RP11-363E6.4","0.138326707637684"
"RP11-363J17.1","0.135170762472477"
"RP11-363J20.1","0.135695399931827"
"RP11-363J20.2","0.135307980519769"
"RP11-363N22.2","0.136419141050725"
"RP11-364P22.1","0.138564283612527"
"RP11-365H22.2","0.135709083099252"
"RP11-365N19.2","0.135723517193192"
"RP11-365O16.6","0.136974485014282"
"RP11-365P13.5","0.136357779924951"
"RP11-366F6.2","0.134479198120308"
"RP11-366H4.1","0.133819567122708"
"RP11-366H4.3","0.137148765841727"
"RP11-366L20.2","0.137648718162889"
"RP11-366L5.1","0.135677971804911"
"RP11-367F23.2","0.136935102161816"
"RP11-367G18.1","0.138750863722708"
"RP11-367G6.3","0.139650295027772"
"RP11-367H1.1","0.13419507215087"
"RP11-367J11.2","0.13733171430694"
"RP11-367J11.3","0.138564283612527"
"RP11-367J7.3","0.138171191664063"
"RP11-367N14.2","0.135943887296423"
"RP11-367N14.3","0.135812227438156"
"RP11-368I23.2","0.13532672972599"
"RP11-368I23.3","0.135723517193192"
"RP11-368I23.4","0.136988519473668"
"RP11-368I7.4","0.135812227438156"
"RP11-368I7.6","0.136094185788698"
"RP11-368L12.1","0.13715689880645"
"RP11-368P15.3","0.135671552571049"
"RP11-369C8.1","0.136507678372162"
"RP11-369E15.2","0.136265387770869"
"RP11-369E15.3","0.135968189799932"
"RP11-369E15.4","0.136925627133244"
"RP11-369J9.1","0.13492357177665"
"RP11-369K17.1","0.135727803867716"
"RP11-36B15.1","0.135539879469008"
"RP11-36B6.1","0.136104436468537"
"RP11-370A5.1","0.135775278482076"
"RP11-370B11.3","0.13733171430694"
"RP11-370F5.4","0.136927844476367"
"RP11-370I10.10","0.136672501536533"
"RP11-370I10.11","0.136435966259513"
"RP11-370I10.12","0.137224741591756"
"RP11-370I10.6","0.136511206473285"
"RP11-370P15.2","0.13667744667783"
"RP11-371A19.2","0.135819220794824"
"RP11-371E8.4","0.135283391888077"
"RP11-371F15.3","0.134939619963765"
"RP11-372E1.4","0.136974485014282"
"RP11-372H2.1","0.135943887296423"
"RP11-372K14.2","0.134200270597637"
"RP11-372M18.2","0.138678129580922"
"RP11-373D23.3","0.137236065991285"
"RP11-373I8.1","0.13719003692979"
"RP11-373N22.3","0.134907553077648"
"RP11-374A4.1","0.138263033497943"
"RP11-374M1.3","0.137680758339309"
"RP11-374M1.4","0.135723517193192"
"RP11-374M1.5","0.136386642569279"
"RP11-374P20.4","0.136925314049404"
"RP11-375A5.1","0.136425560284586"
"RP11-375D13.4","0.136414196114983"
"RP11-375H17.1","0.136363233718252"
"RP11-375H19.2","0.1368946775207"
"RP11-375I20.6","0.136114960347073"
"RP11-375N15.2","0.138264967641981"
"RP11-375O18.2","0.136425560284586"
"RP11-377D9.3","0.135900801063322"
"RP11-377G16.2","0.134937297052755"
"RP11-378A12.1","0.136931574060693"
"RP11-378A13.2","0.135907331097707"
"RP11-378E13.4","0.13625393288035"
"RP11-378I13.1","0.137147423777878"
"RP11-378I6.1","0.139196718149491"
"RP11-378J18.8","0.135170762472477"
"RP11-378J18.9","0.137677916948238"
"RP11-379B18.6","0.136676444034334"
"RP11-379B8.1","0.135812227438156"
"RP11-379C10.1","0.139584905143618"
"RP11-379C10.4","0.134475467288092"
"RP11-379F12.3","0.13381257376604"
"RP11-379F12.4","0.13609737381768"
"RP11-379F4.4","0.135885577740638"
"RP11-379F4.6","0.133833221689789"
"RP11-379F4.7","0.135754160161136"
"RP11-379F4.9","0.134397078216757"
"RP11-379H18.1","0.13385303397951"
"RP11-379I19.3","0.135775954354191"
"RP11-379J5.5","0.135707991577995"
"RP11-379K17.12","0.135977042745327"
"RP11-379K17.4","0.135885577740638"
"RP11-379K22.2","0.136415071394256"
"RP11-379K22.3","0.13492357177665"
"RP11-37B2.1","0.136223913107266"
"RP11-37C7.3","0.137147110694038"
"RP11-37L2.1","0.135959551744994"
"RP11-37N22.1","0.136514063170825"
"RP11-380B4.3","0.136392186318312"
"RP11-380D11.2","0.136088731995398"
"RP11-380D15.3","0.135812227438156"
"RP11-380D23.1","0.134939619963765"
"RP11-380D23.2","0.135819220794824"
"RP11-380F14.2","0.135775278482076"
"RP11-380I10.4","0.137684674942972"
"RP11-380J14.1","0.136379480084859"
"RP11-380J14.4","0.1358621432353"
"RP11-380L11.4","0.136211206873813"
"RP11-380M21.4","0.134906464514861"
"RP11-380N8.7","0.136932789617664"
"RP11-380O24.1","0.135553476149947"
"RP11-381K20.2","0.136306635259084"
"RP11-381K20.4","0.135907331097707"
"RP11-381N20.1","0.136139262850582"
"RP11-381N20.2","0.135671425412383"
"RP11-381O7.3","0.135728715639958"
"RP11-381P6.1","0.135157913870554"
"RP11-382A20.3","0.135553476149947"
"RP11-382A20.4","0.136921760711489"
"RP11-382A20.5","0.135150949976708"
"RP11-382A20.7","0.135819220794824"
"RP11-382D12.2","0.137683911697538"
"RP11-383B4.4","0.135213876912978"
"RP11-383C6.2","0.13441780227872"
"RP11-383G10.5","0.136904465633112"
"RP11-383I23.2","0.136419141050725"
"RP11-383J24.1","0.13901440882418"
"RP11-383M4.6","0.134818107468581"
"RP11-384C4.7","0.13689582381083"
"RP11-384F7.1","0.135946960098826"
"RP11-384F7.2","0.141085935049713"
"RP11-384J4.2","0.13733814530813"
"RP11-384K6.8","0.136415071394256"
"RP11-384M15.3","0.137227700846056"
"RP11-384O8.1","0.136900937531989"
"RP11-384P7.5","0.135574705851053"
"RP11-384P7.7","0.135754160161136"
"RP11-385D13.1","0.135943887296423"
"RP11-385D13.3","0.13592630076703"
"RP11-385E5.5","0.137652449545826"
"RP11-385F5.4","0.135514461241101"
"RP11-385F5.5","0.136495736695413"
"RP11-385F7.1","0.1376788742976"
"RP11-385J1.3","0.134476875209298"
"RP11-385M4.1","0.135723159667317"
"RP11-386D6.1","0.13385303397951"
"RP11-386D6.2","0.136988519473668"
"RP11-386G11.10","0.135715502333114"
"RP11-386G11.3","0.133514807568986"
"RP11-386G11.5","0.136544457451249"
"RP11-386G11.8","0.135677971804911"
"RP11-386G21.2","0.134339102373577"
"RP11-386I14.4","0.138182710097771"
"RP11-386I8.6","0.134433096774805"
"RP11-386M24.10","0.135923988222877"
"RP11-386M24.9","0.135514461241101"
"RP11-387A1.5","0.136501418360873"
"RP11-387D10.4","0.135959551744994"
"RP11-387H17.4","0.137678564305005"
"RP11-387H17.6","0.135959551744994"
"RP11-387M24.5","0.137154586262298"
"RP11-388C12.1","0.1368946775207"
"RP11-388G22.1","0.136357779924951"
"RP11-388K12.1","0.135213876912978"
"RP11-388K12.2","0.136507891285637"
"RP11-388K2.1","0.137678564305005"
"RP11-388M20.1","0.135150949976708"
"RP11-388M20.2","0.135923112738049"
"RP11-388M20.6","0.133775397002503"
"RP11-388P9.2","0.135856825960665"
"RP11-388P9.3","0.134951689038015"
"RP11-389G6.3","0.13636410920308"
"RP11-389G6.5","0.135213876912978"
"RP11-38C17.1","0.137166062410346"
"RP11-38F22.1","0.135930941399824"
"RP11-38G5.2","0.13532672972599"
"RP11-38G5.4","0.137681781059244"
"RP11-38H17.1","0.133779683677027"
"RP11-38J22.3","0.133779683677027"
"RP11-38L15.2","0.137148256984168"
"RP11-38L15.3","0.137235938832618"
"RP11-38L15.8","0.136094185788698"
"RP11-38M8.1","0.13591904308158"
"RP11-390B4.3","0.136356802717062"
"RP11-390D11.1","0.134906143649734"
"RP11-390E23.3","0.13532672972599"
"RP11-390E23.6","0.137223342328469"
"RP11-390F4.10","0.134347955318972"
"RP11-390F4.3","0.133711006657174"
"RP11-390F4.6","0.136414196114983"
"RP11-390K5.3","0.135712271128233"
"RP11-390N6.1","0.135514461241101"
"RP11-390P2.4","0.135283391888077"
"RP11-390P24.1","0.134922128963433"
"RP11-391J2.3","0.136213424216936"
"RP11-392B6.1","0.134818107468581"
"RP11-392O1.4","0.13609011613223"
"RP11-392O17.1","0.135819220794824"
"RP11-392O17.2","0.136385427012309"
"RP11-392P7.6","0.136094185788698"
"RP11-392P7.7","0.133885924068523"
"RP11-393I2.4","0.133246561452425"
"RP11-393J16.4","0.135283391888077"
"RP11-393N21.2","0.137647205117439"
"RP11-394A14.4","0.136261445273068"
"RP11-394B2.6","0.134405716271695"
"RP11-394I13.1","0.136412710049535"
"RP11-394I13.2","0.135716629632933"
"RP11-394I13.3","0.136093845716556"
"RP11-394J1.2","0.135100623642979"
"RP11-394O2.3","0.135150497951886"
"RP11-394O4.3","0.138547933562055"
"RP11-394O4.5","0.135283391888077"
"RP11-394O4.6","0.135157002098312"
"RP11-395A13.2","0.136231902586523"
"RP11-395B7.2","0.135812227438156"
"RP11-395B7.4","0.136088731995398"
"RP11-395D3.1","0.134936163422818"
"RP11-395E19.6","0.136891124182784"
"RP11-395G23.3","0.134361741169038"
"RP11-395I14.2","0.134327986023743"
"RP11-395I6.2","0.137224741591756"
"RP11-395L14.3","0.135709958584081"
"RP11-395N3.2","0.136356802717062"
"RP11-395P13.7","0.136259227929945"
"RP11-396B14.2","0.136217153801263"
"RP11-396C23.2","0.133271150084116"
"RP11-396C23.4","0.135666098777749"
"RP11-396F22.1","0.133739123918539"
"RP11-396J6.1","0.133550735812856"
"RP11-396O20.1","0.135142389714512"
"RP11-396O20.2","0.133479596190584"
"RP11-397A16.1","0.135664724969262"
"RP11-397A16.3","0.134899724415873"
"RP11-397G17.1","0.136094058630032"
"RP11-397O8.7","0.136213424216936"
"RP11-398A8.5","0.133730425737029"
"RP11-398C13.6","0.133807033362682"
"RP11-398E10.1","0.135150497951886"
"RP11-398G24.2","0.136410775905496"
"RP11-398H6.1","0.133723305221694"
"RP11-398J10.2","0.135707991577995"
"RP11-398K22.12","0.135150497951886"
"RP11-398M15.1","0.136892859966245"
"RP11-399E6.1","0.135150497951886"
"RP11-399E6.4","0.135918167802307"
"RP11-399H11.2","0.136497865022957"
"RP11-399K21.10","0.135946960098826"
"RP11-399K21.11","0.136087585705268"
"RP11-399K21.13","0.135150497951886"
"RP11-399K21.14","0.135108579463421"
"RP11-39M21.1","0.137159589485582"
"RP11-3B12.2","0.132234499779922"
"RP11-3B12.5","0.135536048023031"
"RP11-3B7.1","0.137147423777878"
"RP11-3D4.2","0.134662808685627"
"RP11-3D4.3","0.134818107468581"
"RP11-3D4.4","0.133118865963"
"RP11-3G20.2","0.135069057410323"
"RP11-3J1.1","0.135065742222675"
"RP11-3L21.2","0.13570874302711"
"RP11-3L23.2","0.135065742222675"
"RP11-3P17.4","0.136974485014282"
"RP11-3P17.5","0.135142389714512"
"RP11-400D2.2","0.135066744866171"
"RP11-400F19.6","0.136082861389169"
"RP11-400K9.3","0.135775954354191"
"RP11-400K9.4","0.136088731995398"
"RP11-400L8.2","0.136379336083261"
"RP11-400N13.1","0.136353080296905"
"RP11-400N13.2","0.133739123918539"
"RP11-400N13.3","0.134367058443673"
"RP11-400N9.1","0.133848747304986"
"RP11-401F2.3","0.135097814772747"
"RP11-401O9.3","0.134368467871587"
"RP11-401P9.1","0.133833221689789"
"RP11-401P9.4","0.135097814772747"
"RP11-401P9.5","0.135060415588041"
"RP11-401P9.6","0.134327986023743"
"RP11-402D21.2","0.134909537317265"
"RP11-402F9.3","0.13507612006118"
"RP11-402G3.3","0.135150497951886"
"RP11-402G3.5","0.13306294972223"
"RP11-402J6.1","0.134882699545664"
"RP11-402L1.4","0.133854116528274"
"RP11-402L5.1","0.136087358186911"
"RP11-402P6.11","0.13436029913767"
"RP11-403A21.1","0.135061799724874"
"RP11-403A21.3","0.134199358825394"
"RP11-403A3.1","0.134200270597637"
"RP11-403A3.2","0.133689671453262"
"RP11-403A3.3","0.134416890506478"
"RP11-403B2.6","0.136919632383944"
"RP11-403B2.7","0.134818107468581"
"RP11-403I13.5","0.136265387770869"
"RP11-403I13.7","0.134384486570589"
"RP11-403N16.3","0.13585165434497"
"RP11-403P17.3","0.136354816080366"
"RP11-403P17.4","0.134899724415873"
"RP11-403P17.5","0.13566512156986"
"RP11-403P17.6","0.136408987629378"
"RP11-404E16.1","0.135091705559277"
"RP11-404F10.2","0.135712271128233"
"RP11-404H14.1","0.13313913048359"
"RP11-404I7.2","0.136502564651003"
"RP11-404J23.1","0.133696734104119"
"RP11-404L6.2","0.133710330785058"
"RP11-404O13.1","0.133779683677027"
"RP11-404O13.5","0.134906143649734"
"RP11-404P21.3","0.134818107468581"
"RP11-404P21.6","0.135514461241101"
"RP11-404P21.8","0.133481917479973"
"RP11-405A12.2","0.134900826375099"
"RP11-405F3.5","0.135097814772747"
"RP11-405M12.3","0.135709083099252"
"RP11-405M12.4","0.135454088316249"
"RP11-406A20.1","0.135672654530275"
"RP11-406A9.2","0.135091705559277"
"RP11-406D1.2","0.136266616888762"
"RP11-406H21.2","0.136925314049404"
"RP11-406H23.2","0.133846981857906"
"RP11-407A16.3","0.135170762472477"
"RP11-407G23.1","0.135775278482076"
"RP11-407G23.7","0.135170762472477"
"RP11-407H12.8","0.133736682599343"
"RP11-407N17.3","0.136266390414365"
"RP11-407N17.4","0.134497625590264"
"RP11-407N17.5","0.135046543542662"
"RP11-407N8.5","0.13609011613223"
"RP11-407N8.6","0.13532672972599"
"RP11-407P15.2","0.136094058630032"
"RP11-408A13.3","0.134397078216757"
"RP11-408A13.4","0.134194714624996"
"RP11-408B11.2","0.133138218711348"
"RP11-408E5.5","0.13532672972599"
"RP11-408H1.3","0.134367058443673"
"RP11-408H20.3","0.134818107468581"
"RP11-408N14.1","0.135154680808924"
"RP11-408O19.5","0.137326820908601"
"RP11-409I10.2","0.135150949976708"
"RP11-409K20.6","0.133092051887162"
"RP11-40C11.2","0.133854116528274"
"RP11-40E6.2","0.134888877985468"
"RP11-410D17.2","0.135665265571458"
"RP11-410E4.1","0.133804611344618"
"RP11-410K21.2","0.133175281030246"
"RP11-410L14.2","0.13414952676259"
"RP11-410N8.1","0.133688261255623"
"RP11-410N8.3","0.134327986023743"
"RP11-410N8.4","0.137141614249303"
"RP11-411B10.2","0.135170762472477"
"RP11-411B6.6","0.136501587443114"
"RP11-411H5.1","0.133854116528274"
"RP11-411K7.1","0.13354377191901"
"RP11-412B14.1","0.133271150084116"
"RP11-412D9.4","0.134368467871587"
"RP11-412H8.2","0.134136676527538"
"RP11-412H9.2","0.135100410729504"
"RP11-412P11.1","0.134899597257206"
"RP11-413G15.1","0.133327076053875"
"RP11-413H22.2","0.134179546535674"
"RP11-413H22.3","0.133587813371056"
"RP11-413M3.4","0.134301853973469"
"RP11-413P11.1","0.133227014123749"
"RP11-414C23.1","0.133730298578362"
"RP11-414H17.5","0.133784355744307"
"RP11-415A20.1","0.133428854212288"
"RP11-415C15.2","0.133214223240863"
"RP11-415C15.3","0.135150497951886"
"RP11-415D17.3","0.135213876912978"
"RP11-415D17.4","0.133684168885573"
"RP11-415F23.2","0.134882699545664"
"RP11-415F23.3","0.133697409976235"
"RP11-415F23.4","0.136412710049535"
"RP11-415I12.3","0.133426768142533"
"RP11-415J8.3","0.13488556279782"
"RP11-415J8.5","0.135916512654618"
"RP11-415J8.7","0.133115632901369"
"RP11-416I2.1","0.134894779480131"
"RP11-416N2.4","0.135920122327225"
"RP11-416N4.1","0.13429512727092"
"RP11-416N4.4","0.134144209487954"
"RP11-417E7.2","0.135525559132701"
"RP11-417F21.1","0.133245763329971"
"RP11-417F21.2","0.133271150084116"
"RP11-417L19.2","0.133231035837228"
"RP11-417L19.4","0.132551011631139"
"RP11-418H16.1","0.133148929215961"
"RP11-418I22.2","0.134360639209812"
"RP11-418I22.3","0.134297213340675"
"RP11-418J17.1","0.134818107468581"
"RP11-418J17.3","0.132818453796465"
"RP11-419I17.1","0.133503823423786"
"RP11-419J16.1","0.133796782682843"
"RP11-41O4.1","0.133731527696255"
"RP11-41O4.2","0.135664724969262"
"RP11-420A23.1","0.135059582381751"
"RP11-420A6.2","0.132964383416362"
"RP11-420K14.8","0.136412540967294"
"RP11-420K8.1","0.13342553902464"
"RP11-420L9.5","0.135142389714512"
"RP11-420M1.2","0.135523341789578"
"RP11-420N3.2","0.135046543542662"
"RP11-421F16.3","0.134293685239552"
"RP11-421L21.2","0.13347074324519"
"RP11-421L21.3","0.13591904308158"
"RP11-421M1.8","0.135851553113201"
"RP11-422J15.1","0.134356569553343"
"RP11-422N16.3","0.133766864743974"
"RP11-422P24.10","0.134964037088478"
"RP11-422P24.11","0.136891124182784"
"RP11-422P24.12","0.133171108800361"
"RP11-423H2.3","0.134327986023743"
"RP11-423H2.4","0.135850779065697"
"RP11-424G14.1","0.135697724890127"
"RP11-424I19.2","0.136501587443114"
"RP11-424M21.1","0.135849293000249"
"RP11-424M22.3","0.134900599900702"
"RP11-424M24.5","0.133179011862461"
"RP11-424N24.2","0.133227014123749"
"RP11-425A23.1","0.133848747304986"
"RP11-425A6.5","0.135150497951886"
"RP11-425D10.10","0.133288133843258"
"RP11-425D17.1","0.135679381232825"
"RP11-426A6.5","0.133098161100631"
"RP11-426C22.4","0.137160735775712"
"RP11-426C22.5","0.13507612006118"
"RP11-426C22.6","0.136212548937663"
"RP11-426C22.7","0.135091705559277"
"RP11-426C22.8","0.134900599900702"
"RP11-426L16.10","0.133722922431226"
"RP11-426L16.3","0.133475865358369"
"RP11-426L16.9","0.135150497951886"
"RP11-427J23.1","0.134818107468581"
"RP11-427M20.1","0.133105201752985"
"RP11-428C19.4","0.134304275991532"
"RP11-428C19.5","0.136089240852957"
"RP11-428F8.2","0.136210666271618"
"RP11-428G2.1","0.132944347138671"
"RP11-428G5.5","0.133799970711824"
"RP11-428J1.4","0.135283391888077"
"RP11-428J1.5","0.133481917479973"
"RP11-428K3.1","0.13413903787226"
"RP11-428O18.6","0.13591904308158"
"RP11-429A20.4","0.133740676416867"
"RP11-429B14.3","0.13373223635828"
"RP11-429B14.4","0.135170762472477"
"RP11-429E11.2","0.135529628789169"
"RP11-429E11.3","0.135849293000249"
"RP11-429J17.2","0.13609011613223"
"RP11-429J17.4","0.135069057410323"
"RP11-429J17.5","0.13532672972599"
"RP11-429J17.7","0.134304275991532"
"RP11-429J17.8","0.135283391888077"
"RP11-429O1.1","0.135671212498907"
"RP11-429P3.3","0.136089240852957"
"RP11-42A4.1","0.134939619963765"
"RP11-42I10.1","0.135213876912978"
"RP11-42O15.3","0.136379336083261"
"RP11-42O4.2","0.135715502333114"
"RP11-430B1.2","0.134888877985468"
"RP11-430C1.1","0.135142389714512"
"RP11-430C7.4","0.134818107468581"
"RP11-430C7.5","0.136501190842517"
"RP11-430G17.3","0.135865974681277"
"RP11-430H10.1","0.136416150639901"
"RP11-430H10.2","0.133179011862461"
"RP11-431D12.1","0.134153358208566"
"RP11-431J24.2","0.133270792558242"
"RP11-431K24.1","0.135775954354191"
"RP11-431K24.3","0.13570874302711"
"RP11-431K24.4","0.13377562480996"
"RP11-431M3.1","0.135671425412383"
"RP11-431M7.3","0.134327986023743"
"RP11-431N15.2","0.133117954190758"
"RP11-432B6.3","0.135065742222675"
"RP11-432I5.2","0.135170762472477"
"RP11-432I5.4","0.135097814772747"
"RP11-432I5.6","0.135850779065697"
"RP11-432I5.8","0.133214223240863"
"RP11-432J22.2","0.133092051887162"
"RP11-432J24.2","0.134497625590264"
"RP11-432J24.3","0.133729257248829"
"RP11-432J24.5","0.1372276483534"
"RP11-433A10.2","0.133729257248829"
"RP11-433A10.3","0.134818107468581"
"RP11-433C9.2","0.133807033362682"
"RP11-433J20.1","0.133477630805449"
"RP11-433J20.2","0.133776300682076"
"RP11-433J22.3","0.135170762472477"
"RP11-433J8.1","0.134893518618262"
"RP11-433J8.2","0.133273115469252"
"RP11-433M22.2","0.135850270208138"
"RP11-434B12.1","0.133098161100631"
"RP11-434C1.2","0.133481917479973"
"RP11-434D11.4","0.133010799378599"
"RP11-434D12.1","0.13692055592371"
"RP11-434D2.7","0.133782390359171"
"RP11-434D9.1","0.133841859744727"
"RP11-434D9.2","0.135046543542662"
"RP11-434E6.2","0.135700717954024"
"RP11-434E6.4","0.135170762472477"
"RP11-434H14.1","0.134146295557709"
"RP11-434H6.6","0.137147110694038"
"RP11-434H6.7","0.13327543675864"
"RP11-434I12.3","0.134179546535674"
"RP11-434P11.2","0.133731560486164"
"RP11-435D7.3","0.133214223240863"
"RP11-435I10.4","0.134357648798988"
"RP11-435J9.2","0.133743646493189"
"RP11-435O5.2","0.134293898153027"
"RP11-435O5.4","0.135666098777749"
"RP11-435O5.5","0.135150497951886"
"RP11-435O5.6","0.134893518618262"
"RP11-435O5.7","0.13570413816351"
"RP11-436D10.3","0.135065742222675"
"RP11-436D23.1","0.135849293000249"
"RP11-436K8.1","0.135671212498907"
"RP11-437B10.1","0.134896734005049"
"RP11-437F6.1","0.135107170035507"
"RP11-437J19.1","0.135526638378346"
"RP11-438D8.2","0.133308326847653"
"RP11-438F14.3","0.133214223240863"
"RP11-438L19.1","0.133587813371056"
"RP11-439A17.10","0.136889953204602"
"RP11-439A17.9","0.134360639209812"
"RP11-439C15.4","0.133482829252215"
"RP11-439C15.5","0.134964037088478"
"RP11-439C8.1","0.134142980370061"
"RP11-439C8.2","0.133138218711348"
"RP11-439E19.10","0.135091705559277"
"RP11-439E19.7","0.134964037088478"
"RP11-439E19.9","0.137153241474436"
"RP11-439H13.2","0.134662808685627"
"RP11-439H8.4","0.133133932036824"
"RP11-439K3.1","0.13507612006118"
"RP11-439K3.3","0.133848747304986"
"RP11-439L18.1","0.134153358208566"
"RP11-439L18.2","0.134360512051145"
"RP11-439M11.1","0.13429512727092"
"RP11-43A14.2","0.133268814870065"
"RP11-43D2.2","0.133804611344618"
"RP11-43F13.3","0.137678564305005"
"RP11-43F13.4","0.133804611344618"
"RP11-43N5.1","0.134497625590264"
"RP11-440D17.3","0.134288571518393"
"RP11-440D17.4","0.133587813371056"
"RP11-440G5.2","0.135091705559277"
"RP11-440G9.1","0.133462105190252"
"RP11-440I14.2","0.133118865963"
"RP11-440I14.3","0.133731527696255"
"RP11-440L14.1","0.135283391888077"
"RP11-440L14.3","0.135213876912978"
"RP11-440L14.4","0.134922128963433"
"RP11-441F2.5","0.133686143352139"
"RP11-441O15.3","0.134662808685627"
"RP11-442H21.2","0.133729257248829"
"RP11-442J21.2","0.133848389779111"
"RP11-442N1.2","0.13313589742196"
"RP11-442N24--B.1","0.134188184590611"
"RP11-442O1.3","0.136104436468537"
"RP11-442O1.4","0.133176688951451"
"RP11-442O18.1","0.134142980370061"
"RP11-442O18.2","0.134300444545556"
"RP11-443B20.1","0.133283738215962"
"RP11-443B7.1","0.133694312086056"
"RP11-443B7.2","0.135150497951886"
"RP11-443B7.3","0.136381596196213"
"RP11-443C10.1","0.133854116528274"
"RP11-443N24.2","0.135514461241101"
"RP11-443N24.4","0.135066971340568"
"RP11-443O13.3","0.134892109190349"
"RP11-444D13.1","0.135101626286475"
"RP11-444D3.1","0.134360512051145"
"RP11-444E17.6","0.133738254398804"
"RP11-445F12.1","0.135046543542662"
"RP11-445F12.2","0.133729257248829"
"RP11-445F6.2","0.134287594310504"
"RP11-445K13.2","0.133171108800361"
"RP11-445L13--B.3","0.135819220794824"
"RP11-445L6.3","0.135091705559277"
"RP11-445N18.5","0.134662808685627"
"RP11-445N20.3","0.136357779924951"
"RP11-445O16.3","0.135775278482076"
"RP11-445O3.1","0.133534270430575"
"RP11-445O3.2","0.133819567122708"
"RP11-445O3.3","0.133477630805449"
"RP11-445P17.3","0.135213876912978"
"RP11-445P17.8","0.135705013442784"
"RP11-445P19.3","0.133815095352283"
"RP11-446E24.4","0.133815095352283"
"RP11-446F17.3","0.135046543542662"
"RP11-446F3.2","0.133988828316746"
"RP11-446H18.5","0.135933363417887"
"RP11-446H18.6","0.137159589485582"
"RP11-446J8.1","0.136382820369489"
"RP11-446N19.1","0.135819220794824"
"RP11-447L10.1","0.133854116528274"
"RP11-447M12.2","0.136095061273527"
"RP11-448A19.1","0.135143658977023"
"RP11-448G15.1","0.135170762472477"
"RP11-448G4.4","0.134345632407962"
"RP11-449D8.1","0.134964037088478"
"RP11-449H15.2","0.135530730748396"
"RP11-449H3.3","0.135856599486267"
"RP11-449J1.1","0.133289899290338"
"RP11-449J10.1","0.134662808685627"
"RP11-449J21.5","0.135530730748396"
"RP11-449L23.2","0.13419507215087"
"RP11-449L23.3","0.134964037088478"
"RP11-449P1.1","0.135142389714512"
"RP11-449P15.1","0.135574705851053"
"RP11-449P15.2","0.133815095352283"
"RP11-44B19.1","0.13532672972599"
"RP11-44D19.1","0.135307980519769"
"RP11-44F14.2","0.136416150639901"
"RP11-44F14.8","0.134345989933837"
"RP11-44F21.2","0.13590212209017"
"RP11-44F21.3","0.135101852760872"
"RP11-44F21.5","0.135307980519769"
"RP11-44I10.3","0.132913307314641"
"RP11-44K6.3","0.135916681736859"
"RP11-44K6.4","0.136507678372162"
"RP11-44M6.1","0.135150497951886"
"RP11-44N11.2","0.135581593411312"
"RP11-44N11.3","0.134662808685627"
"RP11-44N12.2","0.135097814772747"
"RP11-44N12.5","0.133271150084116"
"RP11-44N21.1","0.134964037088478"
"RP11-451B8.1","0.13576069019552"
"RP11-451G4.2","0.135091705559277"
"RP11-451G4.3","0.134200270597637"
"RP11-452C13.1","0.135117834003484"
"RP11-452C8.1","0.135819220794824"
"RP11-452D21.1","0.133171108800361"
"RP11-452F19.3","0.133742734720947"
"RP11-452H21.1","0.137618423846964"
"RP11-452H21.2","0.133481917479973"
"RP11-452H21.4","0.135122120678008"
"RP11-452I5.2","0.133694312086056"
"RP11-452K12.4","0.134414569217089"
"RP11-452K12.7","0.135283391888077"
"RP11-452L6.1","0.135213876912978"
"RP11-452L6.5","0.135885577740638"
"RP11-452L6.7","0.133843180771574"
"RP11-452L6.8","0.132913307314641"
"RP11-453A12.1","0.133534270430575"
"RP11-453M23.1","0.133885924068523"
"RP11-454C18.1","0.133807033362682"
"RP11-454K7.1","0.136897207947662"
"RP11-454K7.3","0.133481917479973"
"RP11-454P21.1","0.13585165434497"
"RP11-455B3.1","0.133014911553775"
"RP11-455F5.3","0.13441780227872"
"RP11-455F5.4","0.135514461241101"
"RP11-455F5.5","0.135097814772747"
"RP11-455F5.6","0.136892912458902"
"RP11-455J20.3","0.134197037536006"
"RP11-455O6.8","0.133843180771574"
"RP11-455O6.9","0.135046543542662"
"RP11-455P21.3","0.136931574060693"
"RP11-456D7.1","0.13570413816351"
"RP11-456H18.2","0.135900801063322"
"RP11-456K23.1","0.135775278482076"
"RP11-456O19.2","0.135213876912978"
"RP11-457D2.3","0.135100932970487"
"RP11-457I16.2","0.133270792558242"
"RP11-457K10.1","0.135108321929304"
"RP11-457M11.5","0.136095287747925"
"RP11-457M11.7","0.133481917479973"
"RP11-457P14.5","0.133514807568986"
"RP11-458D21.1","0.13622532253518"
"RP11-458D21.5","0.135097814772747"
"RP11-458F8.4","0.135536048023031"
"RP11-458J1.1","0.135152357897914"
"RP11-459F6.3","0.135142389714512"
"RP11-459I19.1","0.135922985579382"
"RP11-459J23.1","0.136974485014282"
"RP11-459O1.2","0.13441224630608"
"RP11-459O16.8","0.135885577740638"
"RP11-45A12.1","0.134939619963765"
"RP11-45A16.4","0.135150497951886"
"RP11-45A17.2","0.136231902586523"
"RP11-45A17.4","0.135775278482076"
"RP11-45K10.2","0.135798224484932"
"RP11-45L9.1","0.135170762472477"
"RP11-45M22.3","0.137337805235988"
"RP11-45M22.5","0.135775278482076"
"RP11-45P15.4","0.136371062380027"
"RP11-460I13.2","0.135307980519769"
"RP11-460I19.2","0.135143658977023"
"RP11-460M2.1","0.136897106715893"
"RP11-461A8.1","0.134256632614428"
"RP11-461A8.5","0.134347955318972"
"RP11-461F11.3","0.1358621432353"
"RP11-461F16.3","0.135709958584081"
"RP11-461L13.3","0.135775954354191"
"RP11-461L13.4","0.136231902586523"
"RP11-461L13.5","0.136091195377875"
"RP11-461M2.2","0.135514461241101"
"RP11-461O7.1","0.136090014900461"
"RP11-462B18.2","0.136449434267606"
"RP11-462G12.4","0.133729257248829"
"RP11-462G2.1","0.135142389714512"
"RP11-462G2.2","0.13576069019552"
"RP11-462G22.2","0.13493076701837"
"RP11-462L8.1","0.133214223240863"
"RP11-462P6.1","0.135307980519769"
"RP11-463C8.4","0.134941941253154"
"RP11-463C8.7","0.135170762472477"
"RP11-463D19.1","0.135574705851053"
"RP11-463D19.2","0.134942853025396"
"RP11-463H12.2","0.13377562480996"
"RP11-463I20.2","0.135150497951886"
"RP11-463I20.3","0.135681803250888"
"RP11-463J10.2","0.135145827863529"
"RP11-463J10.3","0.137230612197984"
"RP11-463J10.4","0.135775278482076"
"RP11-463J7.2","0.135213876912978"
"RP11-463O12.3","0.136386642569279"
"RP11-463O9.9","0.131809186045731"
"RP11-464C19.2","0.136363106559585"
"RP11-464C19.3","0.132234499779922"
"RP11-464F9.20","0.135514461241101"
"RP11-464F9.21","0.135530730748396"
"RP11-464F9.22","0.136974485014282"
"RP11-465B22.8","0.135170762472477"
"RP11-465L10.10","0.135307980519769"
"RP11-465L8.1","0.135097814772747"
"RP11-465N4.4","0.135170762472477"
"RP11-465N4.5","0.137189545859441"
"RP11-466A19.1","0.137504781648475"
"RP11-466A19.3","0.132944347138671"
"RP11-466F5.10","0.132944347138671"
"RP11-466F5.8","0.136382776673627"
"RP11-466P24.6","0.136392186318312"
"RP11-467C18.1","0.137150720366646"
"RP11-467D6.1","0.133477273279574"
"RP11-467I17.1","0.135514461241101"
"RP11-467J12.4","0.135161149977356"
"RP11-467K18.2","0.134886791915713"
"RP11-467L13.7","0.134256632614428"
"RP11-467L19.16","0.133786677033695"
"RP11-467L24.1","0.133591245351454"
"RP11-467P9.1","0.135150497951886"
"RP11-468E2.10","0.135152357897914"
"RP11-468E2.2","0.133743646493189"
"RP11-468E2.4","0.136385767084451"
"RP11-468E2.5","0.134345632407962"
"RP11-468H14.2","0.135923112738049"
"RP11-468N14.13","0.133741089303674"
"RP11-469A15.2","0.13532672972599"
"RP11-469H8.6","0.133815095352283"
"RP11-469H8.8","0.135142389714512"
"RP11-469J4.3","0.136209128728176"
"RP11-469L4.1","0.13373223635828"
"RP11-469N6.1","0.136223913107266"
"RP11-469N6.2","0.134189505617459"
"RP11-46A10.2","0.136213424216936"
"RP11-46A10.5","0.137159361967225"
"RP11-46C24.3","0.134964037088478"
"RP11-46C24.6","0.133815095352283"
"RP11-46C24.7","0.133854116528274"
"RP11-46D6.1","0.133854116528274"
"RP11-46E17.6","0.137140987114654"
"RP11-46F15.2","0.135537457450945"
"RP11-46H11.12","0.135142389714512"
"RP11-46H11.3","0.134153358208566"
"RP11-46I8.3","0.134964037088478"
"RP11-46J23.1","0.135856825960665"
"RP11-46O21.2","0.133291864675473"
"RP11-470L19.2","0.134964037088478"
"RP11-470M17.2","0.134339102373577"
"RP11-470P21.2","0.135046543542662"
"RP11-471B22.2","0.133696734104119"
"RP11-471B22.3","0.136213322985167"
"RP11-471L13.2","0.132354026291429"
"RP11-471M2.3","0.135091705559277"
"RP11-472G21.2","0.135150497951886"
"RP11-472M19.2","0.133250848126949"
"RP11-472N13.2","0.135155010767021"
"RP11-472N13.3","0.137166062410346"
"RP11-472N19.3","0.13689582381083"
"RP11-473A10.2","0.133182244924092"
"RP11-473C18.3","0.134937297052755"
"RP11-473E2.2","0.133289899290338"
"RP11-473E2.3","0.134964037088478"
"RP11-473E2.4","0.135283391888077"
"RP11-473I1.5","0.133587813371056"
"RP11-473I1.6","0.135283391888077"
"RP11-473L15.3","0.135150497951886"
"RP11-473M10.3","0.13515918459222"
"RP11-473M14.3","0.135775278482076"
"RP11-473M20.16","0.13441224630608"
"RP11-473M20.5","0.133273115469252"
"RP11-473M20.9","0.13532672972599"
"RP11-473O4.3","0.13724389465306"
"RP11-473O4.4","0.135117470649916"
"RP11-473O4.5","0.136231902586523"
"RP11-474B12.1","0.135170762472477"
"RP11-474B16.1","0.136515847106079"
"RP11-474C8.8","0.135514461241101"
"RP11-474D1.2","0.135122120678008"
"RP11-474D1.3","0.137329727670245"
"RP11-474G23.1","0.136379480084859"
"RP11-474G23.2","0.13532672972599"
"RP11-474G23.3","0.135091705559277"
"RP11-474I11.7","0.136382820369489"
"RP11-474I11.8","0.135775278482076"
"RP11-474I16.8","0.133729257248829"
"RP11-474N24.6","0.134964037088478"
"RP11-474O21.5","0.134941941253154"
"RP11-474P2.2","0.136231902586523"
"RP11-474P2.4","0.135307980519769"
"RP11-474P2.6","0.133738766392664"
"RP11-475A13.1","0.135664952487618"
"RP11-475A13.2","0.13714534563224"
"RP11-475E11.9","0.135775954354191"
"RP11-475I24.3","0.135142389714512"
"RP11-475I24.8","0.136897207947662"
"RP11-475O6.1","0.135977042745327"
"RP11-476B1.1","0.135157002098312"
"RP11-476D10.1","0.135536048023031"
"RP11-476H16.1","0.137159902569421"
"RP11-476H20.1","0.135865974681277"
"RP11-476K15.1","0.135307980519769"
"RP11-476M19.2","0.135514461241101"
"RP11-477D19.2","0.135930941399824"
"RP11-477J21.6","0.135145827863529"
"RP11-477N12.5","0.136449434267606"
"RP11-477N12.6","0.135798224484932"
"RP11-477N3.1","0.134964037088478"
"RP11-478H13.1","0.140334581227543"
"RP11-478J18.2","0.135725482578327"
"RP11-478K15.6","0.137452208019899"
"RP11-478K15.7","0.136093845716556"
"RP11-479G22.8","0.136386642569279"
"RP11-479J7.2","0.137154664439137"
"RP11-479O16.1","0.13637348439809"
"RP11-479O9.4","0.137227700846056"
"RP11-47A8.5","0.134351188380603"
"RP11-47I22.1","0.135730394272859"
"RP11-47I22.2","0.136145792884966"
"RP11-47J17.2","0.135585880085836"
"RP11-47J17.3","0.137507312075438"
"RP11-47L3.1","0.136385427012309"
"RP11-47P18.1","0.135097814772747"
"RP11-47P18.2","0.13689582381083"
"RP11-480A16.1","0.134942853025396"
"RP11-480C16.1","0.136449434267606"
"RP11-480C22.1","0.137507210843669"
"RP11-480D4.1","0.1376930400882"
"RP11-480D4.2","0.136515847106079"
"RP11-480D4.6","0.136408310780135"
"RP11-480I12.10","0.135892163008384"
"RP11-481C4.1","0.135775954354191"
"RP11-481E4.2","0.13571795065978"
"RP11-481G8.2","0.13622532253518"
"RP11-481J13.1","0.137681715688671"
"RP11-481J2.1","0.135900801063322"
"RP11-481J2.2","0.134416890506478"
"RP11-481J2.3","0.135110946443225"
"RP11-481J2.4","0.136399672725197"
"RP11-482D24.2","0.135514461241101"
"RP11-482D24.3","0.136414970162487"
"RP11-482E14.1","0.135154680808924"
"RP11-482E14.2","0.137150720366646"
"RP11-482M8.1","0.136269458495547"
"RP11-482M8.3","0.13532672972599"
"RP11-483A20.3","0.135128531143685"
"RP11-483F11.7","0.135152297031961"
"RP11-483H20.4","0.137154865169483"
"RP11-483I13.5","0.136382820369489"
"RP11-483L5.1","0.136382820369489"
"RP11-483P21.2","0.134662808685627"
"RP11-484D2.2","0.136091195377875"
"RP11-484D2.5","0.135153618058809"
"RP11-484K9.4","0.136518269124142"
"RP11-484L8.1","0.13532672972599"
"RP11-484N16.1","0.135283391888077"
"RP11-484O2.1","0.135283391888077"
"RP11-485F13.1","0.136974485014282"
"RP11-485G7.5","0.137696617930991"
"RP11-485G7.6","0.136449434267606"
"RP11-485M7.3","0.135150497951886"
"RP11-485O10.2","0.137335154897307"
"RP11-486A14.2","0.136407078258058"
"RP11-486F17.1","0.137149641121001"
"RP11-486G15.2","0.135907688623581"
"RP11-486I11.2","0.135283391888077"
"RP11-486L19.2","0.136139262850582"
"RP11-486M23.1","0.135775278482076"
"RP11-486M23.2","0.136382820369489"
"RP11-486O12.2","0.135529288717027"
"RP11-486O13.2","0.135907331097707"
"RP11-486O13.4","0.135213876912978"
"RP11-486P11.1","0.137760347628844"
"RP11-488C13.5","0.138420819140575"
"RP11-488C13.6","0.135775954354191"
"RP11-488I20.9","0.137174018230788"
"RP11-488L18.10","0.137160130011331"
"RP11-488L18.8","0.136231902586523"
"RP11-489D6.2","0.136415198340394"
"RP11-489E7.1","0.135775954354191"
"RP11-489E7.4","0.137196015027873"
"RP11-489O18.1","0.136183327174378"
"RP11-48B3.3","0.134939619963765"
"RP11-48B3.4","0.135155010767021"
"RP11-48B3.5","0.135723517193192"
"RP11-48F14.1","0.135993383208427"
"RP11-48G14.1","0.136955207611408"
"RP11-48G14.2","0.1383062889312"
"RP11-48G14.3","0.135725482578327"
"RP11-490B18.5","0.136425560284586"
"RP11-490B18.6","0.136227744553243"
"RP11-490G2.2","0.135514461241101"
"RP11-490M8.1","0.135514461241101"
"RP11-490O6.2","0.136115496962306"
"RP11-491F9.1","0.135723517193192"
"RP11-491F9.5","0.137618423846964"
"RP11-491H19.1","0.135110946443225"
"RP11-492E3.2","0.135307980519769"
"RP11-492E3.51","0.136382820369489"
"RP11-492I21.1","0.135581593411312"
"RP11-493E12.1","0.13610060502256"
"RP11-493L12.3","0.137459035621686"
"RP11-493L12.4","0.135692863744657"
"RP11-493L12.5","0.136095061273527"
"RP11-493L12.7","0.135150497951886"
"RP11-493P1.2","0.135150497951886"
"RP11-494H4.3","0.135581593411312"
"RP11-494O16.4","0.135716911761027"
"RP11-495K9.3","0.135581235885437"
"RP11-495K9.6","0.135150497951886"
"RP11-495K9.7","0.135775278482076"
"RP11-495O10.1","0.13590212209017"
"RP11-495P10.1","0.13532672972599"
"RP11-495P10.3","0.135283391888077"
"RP11-495P10.5","0.135514461241101"
"RP11-495P10.6","0.135710185058478"
"RP11-496B10.3","0.137683598613699"
"RP11-496D24.2","0.135108579463421"
"RP11-496H1.2","0.136115496962306"
"RP11-496I2.2","0.135046543542662"
"RP11-496I9.1","0.137231996334817"
"RP11-496N12.9","0.136507678372162"
"RP11-497D6.3","0.135647916228645"
"RP11-497D6.5","0.135855724001439"
"RP11-497E19.1","0.136933262662594"
"RP11-497E19.2","0.137797878157047"
"RP11-497G19.1","0.139897968177734"
"RP11-497G19.2","0.137196015027873"
"RP11-497G19.3","0.134964037088478"
"RP11-497G19.7","0.136018470123551"
"RP11-497H16.9","0.138676186474102"
"RP11-497H17.1","0.137149539889232"
"RP11-497K21.1","0.136218595832631"
"RP11-498B4.5","0.136419013892058"
"RP11-498C9.12","0.133815095352283"
"RP11-498C9.13","0.137331858308539"
"RP11-498C9.15","0.135560123372724"
"RP11-498C9.16","0.138264967641981"
"RP11-498C9.17","0.135150497951886"
"RP11-498C9.2","0.136897207947662"
"RP11-498C9.3","0.136518269124142"
"RP11-498M15.1","0.135283391888077"
"RP11-498P14.3","0.136150437085365"
"RP11-498P14.4","0.137334075651662"
"RP11-498P14.5","0.137196015027873"
"RP11-499A10.3","0.135152297031961"
"RP11-499E18.1","0.135765334395919"
"RP11-499F3.1","0.137331858308539"
"RP11-499F3.2","0.136415198340394"
"RP11-499O7.7","0.135283391888077"
"RP11-499P20.2","0.134414569217089"
"RP11-49I11.1","0.133514807568986"
"RP11-49I4.3","0.137189545859441"
"RP11-49K24.4","0.137686027808892"
"RP11-49K24.8","0.137331545224699"
"RP11-49P4.7","0.135307980519769"
"RP11-4B14.3","0.13576301310653"
"RP11-4B16.3","0.137163961457307"
"RP11-4B16.4","0.137686212486413"
"RP11-4C20.3","0.136974485014282"
"RP11-4G2.1","0.137154664439137"
"RP11-4K16.2","0.136440452224332"
"RP11-4L24.3","0.136115496962306"
"RP11-4M23.3","0.138414968392874"
"RP11-500B12.1","0.135907688623581"
"RP11-500C11.3","0.136471105672867"
"RP11-500G10.5","0.135761047721395"
"RP11-500G22.4","0.135727803867716"
"RP11-500G22.5","0.136018470123551"
"RP11-500M8.7","0.135161149977356"
"RP11-501C14.5","0.134939619963765"
"RP11-501E14.1","0.137335154897307"
"RP11-501J20.5","0.136231902586523"
"RP11-501O2.3","0.136974485014282"
"RP11-501O2.5","0.137684744903829"
"RP11-502H18.2","0.137684674942972"
"RP11-502I4.3","0.136385767084451"
"RP11-502M1.2","0.137196015027873"
"RP11-502N13.2","0.137189545859441"
"RP11-503C24.1","0.136061213420499"
"RP11-503C24.2","0.136508018444304"
"RP11-503C24.4","0.13532672972599"
"RP11-503E24.2","0.135189892187325"
"RP11-503G7.1","0.136430844146334"
"RP11-503L19.1","0.137690071538463"
"RP11-503P10.1","0.135163471266744"
"RP11-504A18.1","0.135907331097707"
"RP11-504I13.3","0.136386869043677"
"RP11-504P24.9","0.13625393288035"
"RP11-505E24.2","0.1358621432353"
"RP11-505E24.3","0.136130624795644"
"RP11-505K9.1","0.1372001088662"
"RP11-505K9.4","0.136382820369489"
"RP11-505P4.6","0.137331545224699"
"RP11-505P4.7","0.138560827460258"
"RP11-506B6.6","0.134407037298542"
"RP11-506F3.1","0.138565759834909"
"RP11-506H20.1","0.135155010767021"
"RP11-506H21.5","0.134939619963765"
"RP11-506K6.4","0.135097814772747"
"RP11-506M12.1","0.135154680808924"
"RP11-506M13.3","0.137212587657743"
"RP11-506O24.1","0.138325024700135"
"RP11-507B12.1","0.136139262850582"
"RP11-507B12.2","0.135196361355757"
"RP11-507J18.2","0.135907331097707"
"RP11-507K2.2","0.138316947134391"
"RP11-507K2.3","0.139197384495176"
"RP11-507M3.1","0.135775278482076"
"RP11-508M8.1","0.136439697091729"
"RP11-508N12.2","0.135775954354191"
"RP11-508N22.12","0.136387115614209"
"RP11-508N22.13","0.136509366974062"
"RP11-508N22.9","0.137505094732315"
"RP11-509A17.3","0.135189892187325"
"RP11-509J21.2","0.136974485014282"
"RP11-509J21.4","0.136437374180719"
"RP11-50B3.2","0.136974485014282"
"RP11-50B3.4","0.135911975298105"
"RP11-50C13.1","0.138182980846493"
"RP11-50D16.4","0.136514437678165"
"RP11-50D9.3","0.135150497951886"
"RP11-50I19.2","0.135765334395919"
"RP11-510C10.2","0.135761047721395"
"RP11-510C10.3","0.136432165173182"
"RP11-510C10.4","0.135766246168161"
"RP11-510J16.5","0.135164383038986"
"RP11-510J16.6","0.137760347628844"
"RP11-510M2.1","0.137760347628844"
"RP11-510M2.2","0.138420422539978"
"RP11-510M2.6","0.136061213420499"
"RP11-511B23.1","0.137944519059234"
"RP11-511B23.2","0.133729257248829"
"RP11-511B23.3","0.136901277604131"
"RP11-511P7.5","0.135213876912978"
"RP11-512C24.3","0.136974485014282"
"RP11-512N21.3","0.135723517193192"
"RP11-513D5.2","0.13576301310653"
"RP11-513D5.5","0.138182980846493"
"RP11-513G11.3","0.137688970431732"
"RP11-513G11.4","0.137150720366646"
"RP11-513G19.1","0.138756673251282"
"RP11-513H8.1","0.135150497951886"
"RP11-513M1.1","0.136420489580483"
"RP11-513M16.7","0.137690071538463"
"RP11-513M16.8","0.135283391888077"
"RP11-513N24.1","0.140082126700872"
"RP11-513O17.3","0.137154664439137"
"RP11-514D23.3","0.137335154897307"
"RP11-514F3.4","0.137691300656356"
"RP11-514F8.2","0.137944519059234"
"RP11-514O12.4","0.137335154897307"
"RP11-514P8.2","0.136529329617911"
"RP11-514P8.6","0.137282464080016"
"RP11-514P8.7","0.138281649323009"
"RP11-515E23.1","0.135765334395919"
"RP11-515E23.2","0.135283391888077"
"RP11-515O17.2","0.135775954354191"
"RP11-515O17.3","0.136946354666014"
"RP11-516C1.1","0.134256632614428"
"RP11-517A5.5","0.135164383038986"
"RP11-517A5.7","0.138681996002677"
"RP11-517B11.4","0.137797878157047"
"RP11-517C16.2","0.136974485014282"
"RP11-517C16.4","0.135189892187325"
"RP11-517I3.1","0.136974485014282"
"RP11-517O13.1","0.13532672972599"
"RP11-517O13.3","0.136231902586523"
"RP11-517P14.2","0.135798224484932"
"RP11-518L10.5","0.138681682918838"
"RP11-519G16.2","0.138318933771087"
"RP11-519G16.3","0.137148256984168"
"RP11-519G16.5","0.138263033497943"
"RP11-519M16.1","0.135765334395919"
"RP11-51F16.8","0.136442930153359"
"RP11-51J9.4","0.135775954354191"
"RP11-51J9.5","0.136976991194718"
"RP11-51J9.6","0.137166062410346"
"RP11-51M24.1","0.136976991194718"
"RP11-51P8.1","0.138751602041748"
"RP11-520A21.1","0.136449434267606"
"RP11-521B24.3","0.136148115795976"
"RP11-521B24.5","0.137154664439137"
"RP11-521C20.2","0.135091705559277"
"RP11-521C20.5","0.138060867092615"
"RP11-521D12.1","0.135775954354191"
"RP11-521D12.2","0.133815095352283"
"RP11-521D12.5","0.136238805047012"
"RP11-521L9.1","0.138060867092615"
"RP11-521O16.1","0.135283391888077"
"RP11-521O16.2","0.138990072661926"
"RP11-522B15.3","0.137691300656356"
"RP11-522I20.3","0.135944865387118"
"RP11-522M21.3","0.137189545859441"
"RP11-522N14.2","0.137647569900761"
"RP11-523H20.3","0.135610381939234"
"RP11-523H24.3","0.135775278482076"
"RP11-523L1.2","0.139908498781103"
"RP11-523L20.1","0.136115496962306"
"RP11-523L20.2","0.138267227754934"
"RP11-524C21.2","0.137067289245886"
"RP11-524D16--A.3","0.137647569900761"
"RP11-524F11.1","0.137456045210863"
"RP11-524F11.2","0.1385755389931"
"RP11-524G24.2","0.137246316671123"
"RP11-524H19.2","0.136559983066446"
"RP11-524K22.1","0.139198031851942"
"RP11-524N5.1","0.137114201634956"
"RP11-524O1.4","0.137057038566047"
"RP11-525A16.4","0.137196015027873"
"RP11-525G13.2","0.135978491268681"
"RP11-525J21.1","0.138424259730942"
"RP11-525K10.1","0.138060867092615"
"RP11-525K10.3","0.137944519059234"
"RP11-526A4.1","0.135775954354191"
"RP11-526F3.1","0.138474562142246"
"RP11-526I2.1","0.138681682918838"
"RP11-526I2.5","0.137797878157047"
"RP11-527D7.1","0.13576301310653"
"RP11-527F13.1","0.135514461241101"
"RP11-527H14.4","0.137189545859441"
"RP11-527J8.1","0.136937716611076"
"RP11-527L4.2","0.136382820369489"
"RP11-527N22.2","0.136449434267606"
"RP11-528A4.2","0.135091705559277"
"RP11-528G1.2","0.13716584949687"
"RP11-528I4.2","0.135719333779091"
"RP11-529E10.7","0.135755481187983"
"RP11-529E15.1","0.136399672725197"
"RP11-529G21.2","0.137683911697538"
"RP11-529K1.4","0.139968057177408"
"RP11-52J3.2","0.135122120678008"
"RP11-52J3.3","0.135154680808924"
"RP11-52L5.6","0.136231902586523"
"RP11-530C5.1","0.136928923722012"
"RP11-530C5.2","0.135856825960665"
"RP11-530N7.3","0.137229634990095"
"RP11-531A24.3","0.138182980846493"
"RP11-531A24.5","0.135213876912978"
"RP11-531A24.7","0.135912887070347"
"RP11-531F16.4","0.136269458495547"
"RP11-531H8.1","0.136017149096703"
"RP11-531H8.2","0.139967595041366"
"RP11-532E4.2","0.138562155284983"
"RP11-532F12.5","0.134256632614428"
"RP11-532F6.3","0.14077757761908"
"RP11-532F6.4","0.139903427571568"
"RP11-532F6.5","0.136902626133889"
"RP11-532L16.3","0.135157002098312"
"RP11-532M24.1","0.136508893929133"
"RP11-532N4.2","0.135091705559277"
"RP11-533E19.5","0.137504781648475"
"RP11-533E19.7","0.135097814772747"
"RP11-533O20.2","0.135097814772747"
"RP11-534C12.1","0.138990072661926"
"RP11-534L20.5","0.138259302115005"
"RP11-534L6.2","0.136419013892058"
"RP11-535A19.1","0.137154586262298"
"RP11-535A19.2","0.136262570935288"
"RP11-535A5.1","0.135719333779091"
"RP11-535M15.1","0.135514461241101"
"RP11-536C10.7","0.135213876912978"
"RP11-536C5.2","0.137331545224699"
"RP11-536C5.7","0.137508391321083"
"RP11-536G4.1","0.137647569900761"
"RP11-536G4.2","0.136231902586523"
"RP11-536I6.2","0.13637348439809"
"RP11-536K7.3","0.136529329617911"
"RP11-536K7.5","0.135775278482076"
"RP11-536N17.1","0.137688869199963"
"RP11-536O18.1","0.137154664439137"
"RP11-536P6.3","0.137229778991694"
"RP11-537A6.9","0.13826479855974"
"RP11-537H15.3","0.136911528283969"
"RP11-538C21.2","0.134937297052755"
"RP11-538D16.2","0.136449434267606"
"RP11-538D16.3","0.137797878157047"
"RP11-538I12.2","0.135158827066346"
"RP11-538I12.3","0.139901837686118"
"RP11-538P18.2","0.137056698493905"
"RP11-539E17.5","0.135307980519769"
"RP11-539G18.3","0.136925627133244"
"RP11-539I5.1","0.135514461241101"
"RP11-539L10.2","0.135150497951886"
"RP11-539L10.3","0.136974485014282"
"RP11-53B2.3","0.136409631806983"
"RP11-53B2.4","0.137190149784415"
"RP11-53B2.5","0.135514461241101"
"RP11-53B5.1","0.13650502803348"
"RP11-53I6.3","0.135775278482076"
"RP11-53I6.4","0.137150720366646"
"RP11-53M11.3","0.136974485014282"
"RP11-53O19.1","0.136008511041765"
"RP11-53O19.3","0.136503847556066"
"RP11-540A21.2","0.133179011862461"
"RP11-540K16.1","0.136023679131088"
"RP11-540N6.1","0.139902062117879"
"RP11-540O11.1","0.137058140525273"
"RP11-540O11.4","0.137147423777878"
"RP11-540O11.6","0.136159609780895"
"RP11-540O11.7","0.136925627133244"
"RP11-541P9.3","0.134937654578629"
"RP11-542A14.1","0.138258674980356"
"RP11-542A14.2","0.137688970431732"
"RP11-542B15.1","0.136231902586523"
"RP11-542C16.1","0.136180920954502"
"RP11-542C16.2","0.136974485014282"
"RP11-542F9.1","0.135725482578327"
"RP11-542G1.1","0.136974485014282"
"RP11-542K23.10","0.136415071394256"
"RP11-542K23.7","0.134347955318972"
"RP11-542K23.9","0.134449780595491"
"RP11-542M13.2","0.137196015027873"
"RP11-542M13.3","0.136384544891859"
"RP11-543C4.1","0.137229778991694"
"RP11-543D10.2","0.137680758339309"
"RP11-544A12.4","0.135145827863529"
"RP11-544A12.8","0.137235938832618"
"RP11-544D21.2","0.135877035175046"
"RP11-544I20.2","0.136382820369489"
"RP11-544L8--B.4","0.138570266145636"
"RP11-544M22.1","0.135046543542662"
"RP11-544M22.13","0.137452435538255"
"RP11-544M22.8","0.136420243009951"
"RP11-545A16.1","0.136897207947662"
"RP11-545D19.1","0.135097814772747"
"RP11-545E17.3","0.135153618058809"
"RP11-545G3.1","0.136385639925784"
"RP11-545H22.1","0.136094185788698"
"RP11-545I10.2","0.136238805047012"
"RP11-545I5.3","0.134383166697373"
"RP11-545J16.1","0.135147148890377"
"RP11-545M17.1","0.136218595832631"
"RP11-545P6.2","0.135745522106198"
"RP11-545P7.4","0.133066182783861"
"RP11-546B15.1","0.137696617930991"
"RP11-546B8.6","0.135091705559277"
"RP11-546J1.1","0.134941941253154"
"RP11-546K22.1","0.13433046431864"
"RP11-546K22.3","0.133729257248829"
"RP11-546M21.6","0.136902153088959"
"RP11-546O6.4","0.137681833551901"
"RP11-547C5.1","0.136115496962306"
"RP11-547C5.2","0.135150497951886"
"RP11-547D23.1","0.135152715423788"
"RP11-547D24.1","0.135877322906796"
"RP11-547D24.3","0.135150497951886"
"RP11-548H3.1","0.138414968392874"
"RP11-548L20.1","0.137686212486413"
"RP11-548P2.2","0.137339020792959"
"RP11-549B18.1","0.135761047721395"
"RP11-549K20.1","0.137154664439137"
"RP11-549L6.3","0.140640533195391"
"RP11-54A4.2","0.136911528283969"
"RP11-54A9.1","0.137229020310436"
"RP11-54C4.3","0.13636410920308"
"RP11-54G14.1","0.136160485265724"
"RP11-54H7.4","0.136931786974168"
"RP11-54O15.3","0.135122120678008"
"RP11-54O7.1","0.136407078258058"
"RP11-54O7.11","0.136922588777738"
"RP11-54O7.16","0.137507210843669"
"RP11-54O7.17","0.136018470123551"
"RP11-54O7.18","0.13841589193264"
"RP11-54O7.2","0.136449434267606"
"RP11-54O7.3","0.137944519059234"
"RP11-550A5.2","0.135766246168161"
"RP11-550H2.2","0.137058140525273"
"RP11-550P17.5","0.137110968573325"
"RP11-551L14.4","0.136415198340394"
"RP11-551L14.6","0.137647569900761"
"RP11-552D4.1","0.137153583618802"
"RP11-552D8.1","0.136449434267606"
"RP11-552E20.1","0.133815095352283"
"RP11-552F3.10","0.139660642483298"
"RP11-552F3.12","0.137196015027873"
"RP11-552F3.13","0.137944519059234"
"RP11-552F3.4","0.136902626133889"
"RP11-552F3.9","0.136238805047012"
"RP11-552M14.1","0.13733171430694"
"RP11-552O4.1","0.137331858308539"
"RP11-553A10.1","0.137058140525273"
"RP11-553A21.3","0.135595213849911"
"RP11-553E24.3","0.137166189569012"
"RP11-553K8.2","0.136385639925784"
"RP11-553K8.5","0.136115784694056"
"RP11-553L6.2","0.139664921201978"
"RP11-553L6.5","0.137944519059234"
"RP11-553P9.2","0.137681781059244"
"RP11-554A11.7","0.136095534318457"
"RP11-554A11.9","0.137189545859441"
"RP11-554D13.1","0.13636289364611"
"RP11-554D14.6","0.137681405696076"
"RP11-554D14.7","0.136419141050725"
"RP11-554D14.8","0.134256632614428"
"RP11-554D15.1","0.135612704850244"
"RP11-554D15.3","0.135615026139632"
"RP11-554D15.4","0.135514461241101"
"RP11-554D20.1","0.137159758567823"
"RP11-554E23.2","0.13642039678716"
"RP11-554E23.4","0.136386869043677"
"RP11-554F20.1","0.135152297031961"
"RP11-554I8.1","0.137339020792959"
"RP11-554I8.2","0.135155010767021"
"RP11-554J4.1","0.1372001088662"
"RP11-554L12.1","0.137647569900761"
"RP11-555G19.1","0.13641484081452"
"RP11-555H7.2","0.135775954354191"
"RP11-555K2.4","0.136425560284586"
"RP11-555M1.3","0.136269100969673"
"RP11-556E13.1","0.137196015027873"
"RP11-556H2.4","0.13625393288035"
"RP11-556I13.2","0.136231902586523"
"RP11-556I14.1","0.135164383038986"
"RP11-556I14.2","0.135775954354191"
"RP11-556N4.1","0.1383062889312"
"RP11-556O15.1","0.133591245351454"
"RP11-556O5.6","0.138420650058334"
"RP11-557C18.3","0.136026002042097"
"RP11-557C18.4","0.13733814530813"
"RP11-557H15.3","0.137688970431732"
"RP11-557H15.4","0.136953225306442"
"RP11-557H15.5","0.137996509450613"
"RP11-557J10.4","0.137459035621686"
"RP11-557L19.1","0.136931786974168"
"RP11-557N21.1","0.136384832623609"
"RP11-559M23.1","0.135161149977356"
"RP11-55K13.1","0.138322374361453"
"RP11-55L3.1","0.136239092778762"
"RP11-560A15.3","0.137093477572993"
"RP11-560G2.1","0.136476304119633"
"RP11-560I19.1","0.136382820369489"
"RP11-560J1.2","0.13717119366656"
"RP11-561B11.2","0.139660608673702"
"RP11-561B11.3","0.136384544891859"
"RP11-561B11.6","0.136181208686252"
"RP11-561E1.1","0.137175309682826"
"RP11-561I11.3","0.137647569900761"
"RP11-561O23.5","0.137344564541992"
"RP11-561O23.7","0.135307980519769"
"RP11-561O23.8","0.136231902586523"
"RP11-561P12.5","0.138420422539978"
"RP11-562A8.4","0.138000346641577"
"RP11-563D10.1","0.137647569900761"
"RP11-563E2.2","0.137944519059234"
"RP11-563J2.2","0.137797878157047"
"RP11-563J2.3","0.13867991785704"
"RP11-563K23.1","0.137181571505065"
"RP11-563N4.1","0.137154664439137"
"RP11-563P16.1","0.137647569900761"
"RP11-565A3.2","0.137163961457307"
"RP11-565F19.3","0.136148115795976"
"RP11-565F19.4","0.135196361355757"
"RP11-565N2.2","0.135775954354191"
"RP11-566H8.3","0.137167291528239"
"RP11-566J3.2","0.135514461241101"
"RP11-566K11.4","0.136902626133889"
"RP11-566K11.5","0.136983521229103"
"RP11-567C2.1","0.138060867092615"
"RP11-567E21.3","0.138272274128"
"RP11-567G11.1","0.136269458495547"
"RP11-567I13.1","0.137260462210906"
"RP11-567J20.2","0.138574309875207"
"RP11-567J20.3","0.137480634527043"
"RP11-567L7.5","0.136150437085365"
"RP11-567M16.3","0.138756529249684"
"RP11-567M16.5","0.135283391888077"
"RP11-567M16.6","0.137167065053841"
"RP11-567N4.3","0.137686129040661"
"RP11-568A7.2","0.13919630817026"
"RP11-568A7.3","0.137797878157047"
"RP11-568A7.4","0.138596813502099"
"RP11-568J23.4","0.137212587657743"
"RP11-568J23.5","0.136026002042097"
"RP11-568N6.1","0.136473071058003"
"RP11-569A11.1","0.13710900318819"
"RP11-569G13.2","0.13867991785704"
"RP11-569G13.3","0.136028323331486"
"RP11-56B16.4","0.13718778847437"
"RP11-56B16.5","0.137797878157047"
"RP11-56D16.8","0.136148115795976"
"RP11-56F10.3","0.138568150034282"
"RP11-56G10.2","0.136957528900797"
"RP11-56I23.1","0.137192919730584"
"RP11-56N19.5","0.136269458495547"
"RP11-570L15.1","0.137797878157047"
"RP11-570L15.2","0.137691074181958"
"RP11-571E6.3","0.137114201634956"
"RP11-571I18.4","0.137189545859441"
"RP11-571I18.5","0.136942164812673"
"RP11-571L19.7","0.13625393288035"
"RP11-571L19.8","0.137504112683569"
"RP11-571M6.17","0.136938333366697"
"RP11-571M6.18","0.138264571041384"
"RP11-571M6.7","0.13625393288035"
"RP11-572B2.1","0.138060867092615"
"RP11-572C15.5","0.137944519059234"
"RP11-572C21.1","0.137171320825227"
"RP11-572M11.1","0.138754595105645"
"RP11-572M11.3","0.137168330414403"
"RP11-572M11.4","0.136248751166574"
"RP11-572O17.1","0.137797878157047"
"RP11-572O6.1","0.138326240257105"
"RP11-573D15.2","0.138267227754934"
"RP11-573D15.3","0.136271423880683"
"RP11-573D15.8","0.140142135466231"
"RP11-573D15.9","0.137647569900761"
"RP11-573G6.10","0.137688970431732"
"RP11-573G6.6","0.136442930153359"
"RP11-573G6.8","0.138319077772685"
"RP11-573G6.9","0.135610381939234"
"RP11-574F11.3","0.137688869199963"
"RP11-574F21.2","0.138326240257105"
"RP11-574F21.3","0.137196015027873"
"RP11-574H6.1","0.13799690605121"
"RP11-574K11.29","0.137797878157047"
"RP11-574K11.31","0.137390109930272"
"RP11-574K11.5","0.137460137580912"
"RP11-574O7.1","0.13768376769594"
"RP11-575A19.2","0.138574096961732"
"RP11-575F12.1","0.136399672725197"
"RP11-575F12.2","0.139902062117879"
"RP11-575F12.3","0.13718778847437"
"RP11-575H3.1","0.139967409820641"
"RP11-575I8.1","0.137504781648475"
"RP11-575L7.2","0.140640533195391"
"RP11-575L7.4","0.137331858308539"
"RP11-575L7.8","0.138004685582159"
"RP11-576D8.4","0.136382820369489"
"RP11-576E20.1","0.139951827803499"
"RP11-576I22.2","0.134942853025396"
"RP11-576N17.5","0.138566071888645"
"RP11-577H5.5","0.13705691140738"
"RP11-578F21.6","0.137999166164163"
"RP11-579A4.1","0.137160130011331"
"RP11-579D7.2","0.137190149784415"
"RP11-579D7.4","0.136139262850582"
"RP11-57A1.1","0.138427122983098"
"RP11-57A19.2","0.135754160161136"
"RP11-57A19.5","0.1383062889312"
"RP11-57C13.3","0.138428125626594"
"RP11-57C13.6","0.137170980753085"
"RP11-57G10.8","0.138329376485277"
"RP11-57H12.3","0.139193651456711"
"RP11-57H12.5","0.136937716611076"
"RP11-57H14.2","0.13733814530813"
"RP11-57J16.1","0.136902153088959"
"RP11-580I16.2","0.138004439011626"
"RP11-582E3.2","0.137452435538255"
"RP11-582E3.6","0.137242485225146"
"RP11-582J16.3","0.137102115627931"
"RP11-582J16.4","0.136942164812673"
"RP11-582J16.5","0.133591245351454"
"RP11-583F2.2","0.138566019395988"
"RP11-583F2.5","0.135213876912978"
"RP11-583F24.8","0.136901277604131"
"RP11-584P21.2","0.136407365989808"
"RP11-585P4.5","0.138321193884039"
"RP11-586D19.1","0.136223913107266"
"RP11-586D19.2","0.137172669354985"
"RP11-586K2.1","0.135514461241101"
"RP11-586L23.1","0.136180920954502"
"RP11-587P21.2","0.137512483691132"
"RP11-587P21.3","0.133854116528274"
"RP11-588G21.2","0.135911975298105"
"RP11-588H23.3","0.136213539788173"
"RP11-588L15.2","0.136554416533035"
"RP11-588P8.1","0.137944519059234"
"RP11-589B3.6","0.136409529603022"
"RP11-589C21.5","0.138758789362636"
"RP11-589C21.6","0.137460137580912"
"RP11-589M4.1","0.137189545859441"
"RP11-589M4.3","0.135307980519769"
"RP11-589P10.5","0.136306635259084"
"RP11-58A17.4","0.137114201634956"
"RP11-58A18.1","0.139941450837744"
"RP11-58A18.2","0.137459035621686"
"RP11-58B2.1","0.135798224484932"
"RP11-58C22.1","0.140143497671745"
"RP11-58C22.2","0.137207759832172"
"RP11-58G13.1","0.135775954354191"
"RP11-58K22.4","0.137460384151445"
"RP11-58K22.5","0.136231902586523"
"RP11-58O15.1","0.136449434267606"
"RP11-593F23.1","0.136554314329074"
"RP11-594C13.1","0.13826511164358"
"RP11-595B24.1","0.136514437678165"
"RP11-595B24.2","0.137465454855548"
"RP11-596C23.2","0.138182980846493"
"RP11-596C23.6","0.137647569900761"
"RP11-596D21.1","0.136902379563357"
"RP11-597A11.6","0.138264571041384"
"RP11-597D13.8","0.138318319091428"
"RP11-597D13.9","0.135775954354191"
"RP11-597M12.1","0.136958440673039"
"RP11-597M12.2","0.137198787839352"
"RP11-597M17.1","0.137236941476114"
"RP11-598D14.1","0.135755481187983"
"RP11-598F7.3","0.137469286301524"
"RP11-598F7.4","0.136382820369489"
"RP11-598F7.5","0.135150497951886"
"RP11-598F7.6","0.13710900318819"
"RP11-598P20.5","0.135150497951886"
"RP11-599B13.3","0.137517800965768"
"RP11-599B13.7","0.138685292591445"
"RP11-59C5.3","0.132305890224156"
"RP11-59D5--B.2","0.137516198690595"
"RP11-59E19.4","0.1383062889312"
"RP11-59H7.4","0.136384832623609"
"RP11-59N23.1","0.138317796731902"
"RP11-59N23.3","0.136559625540572"
"RP11-59O6.3","0.137257664896642"
"RP11-5A19.5","0.136554314329074"
"RP11-5C23.1","0.137517800965768"
"RP11-5C23.2","0.136231902586523"
"RP11-5N11.5","0.136449434267606"
"RP11-5P22.3","0.13769019869713"
"RP11-600F24.7","0.136597159829983"
"RP11-602N24.3","0.136437731706593"
"RP11-603J24.14","0.136432165173182"
"RP11-603J24.17","0.139193164065047"
"RP11-603J24.21","0.137211266630896"
"RP11-603J24.4","0.1380033370524"
"RP11-603J24.5","0.137797878157047"
"RP11-603J24.6","0.1383062889312"
"RP11-605B16.1","0.137078349739654"
"RP11-605F20.1","0.137102115627931"
"RP11-605F22.2","0.136263891962136"
"RP11-607P23.1","0.137292317287951"
"RP11-608O21.1","0.137944519059234"
"RP11-609N14.1","0.135909654008717"
"RP11-60A24.3","0.137058140525273"
"RP11-60A8.1","0.135307980519769"
"RP11-60H5.1","0.137691074181958"
"RP11-60I3.4","0.136213539788173"
"RP11-60L3.1","0.136382820369489"
"RP11-60L3.6","0.136151348857607"
"RP11-610J23.1","0.135798224484932"
"RP11-610P16.1","0.134662808685627"
"RP11-611O2.1","0.139194192058907"
"RP11-611O2.5","0.137209962074135"
"RP11-612A1.1","0.138182980846493"
"RP11-612B6.1","0.13727250499823"
"RP11-613C6.2","0.136449434267606"
"RP11-613D13.5","0.136933262662594"
"RP11-613D13.8","0.137189545859441"
"RP11-613M10.6","0.13769019869713"
"RP11-613M10.9","0.136989077201744"
"RP11-614F17.2","0.139193433377649"
"RP11-615I2.1","0.137192631998834"
"RP11-615I2.2","0.13727250499823"
"RP11-615I2.6","0.1383062889312"
"RP11-616K22.2","0.137390109930272"
"RP11-616M22.1","0.137078637471405"
"RP11-616M22.11","0.13837044183416"
"RP11-616M22.12","0.137210873846378"
"RP11-616M22.2","0.137175227299258"
"RP11-616M22.3","0.13857144662305"
"RP11-616M22.7","0.138271271484504"
"RP11-617D20.2","0.136974485014282"
"RP11-617F23.1","0.137196015027873"
"RP11-617I14.1","0.138182980846493"
"RP11-618K13.2","0.139934088663696"
"RP11-618L22.1","0.139200138986356"
"RP11-618M23.2","0.137172422784453"
"RP11-619A14.3","0.137384441192901"
"RP11-619L12.4","0.136553095506187"
"RP11-61A14.1","0.136442930153359"
"RP11-61A14.4","0.137103436654778"
"RP11-61E11.1","0.136947573488901"
"RP11-61E11.2","0.139933373753677"
"RP11-61F12.1","0.138316475705054"
"RP11-61G19.1","0.136449434267606"
"RP11-61G19.2","0.138474562142246"
"RP11-61G23.2","0.1377364945819"
"RP11-61I13.3","0.136989077201744"
"RP11-61J19.2","0.13991179536987"
"RP11-61J19.3","0.13827274717293"
"RP11-61J19.5","0.138762833092207"
"RP11-61K9.2","0.135775954354191"
"RP11-61K9.3","0.137282361876055"
"RP11-61L14.6","0.137557779820637"
"RP11-61L19.2","0.137189545859441"
"RP11-61O1.1","0.139940561588461"
"RP11-61O1.2","0.136957528900797"
"RP11-61O11.1","0.138990072661926"
"RP11-620J15.1","0.137218154191155"
"RP11-620J15.2","0.137944519059234"
"RP11-620J15.3","0.137154664439137"
"RP11-620J15.4","0.137510642717954"
"RP11-621L6.2","0.137532980637263"
"RP11-621L6.3","0.138326240257105"
"RP11-622A1.2","0.137797878157047"
"RP11-622C24.2","0.13824840483869"
"RP11-622J8.1","0.136983878754977"
"RP11-622O11.4","0.136215861077561"
"RP11-624C23.1","0.135775954354191"
"RP11-624D11.2","0.137212587657743"
"RP11-624G17.3","0.134662808685627"
"RP11-624J12.1","0.13857144662305"
"RP11-624L4.1","0.137460384151445"
"RP11-624L4.2","0.137212587657743"
"RP11-624M8.1","0.139022699303399"
"RP11-625H11.2","0.139210729738336"
"RP11-625L16.1","0.137797878157047"
"RP11-625L16.3","0.138039776059346"
"RP11-626G11.1","0.138474562142246"
"RP11-626G11.3","0.137459911106515"
"RP11-626G11.4","0.137225250832505"
"RP11-626G11.5","0.138060867092615"
"RP11-626G11.6","0.139200351899831"
"RP11-626H12.1","0.13824840483869"
"RP11-626H12.2","0.137207759832172"
"RP11-626H12.3","0.138060867092615"
"RP11-626K17.3","0.138452028776047"
"RP11-626P14.1","0.138361803779222"
"RP11-626P14.2","0.13824840483869"
"RP11-627G18.1","0.137288030613427"
"RP11-627G18.2","0.136974485014282"
"RP11-627G18.4","0.137460137580912"
"RP11-627J17.1","0.137227572121893"
"RP11-629B11.5","0.138762620178732"
"RP11-629E24.2","0.138452028776047"
"RP11-629G13.1","0.13902070919063"
"RP11-629N8.3","0.140092132110195"
"RP11-629O1.2","0.137228483894135"
"RP11-62C3.6","0.136988165429501"
"RP11-62C7.2","0.137223352637921"
"RP11-62F24.2","0.13755768966859"
"RP11-62H20.1","0.138474562142246"
"RP11-62I21.1","0.137797878157047"
"RP11-62J1.4","0.139067903523949"
"RP11-62L18.3","0.138596813502099"
"RP11-630C16.1","0.139260115883022"
"RP11-630C16.2","0.138452028776047"
"RP11-630D6.5","0.135514461241101"
"RP11-631F7.1","0.138990072661926"
"RP11-631F7.2","0.137205675399611"
"RP11-631N16.2","0.138596813502099"
"RP11-631N16.4","0.137647569900761"
"RP11-632B21.1","0.140143766984347"
"RP11-632K5.3","0.1383062889312"
"RP11-632L2.2","0.138371672708961"
"RP11-634B7.4","0.137736506633813"
"RP11-634H22.1","0.138060867092615"
"RP11-635L1.3","0.138474562142246"
"RP11-635N19.1","0.136947675692861"
"RP11-635O16.2","0.138689631532027"
"RP11-636O21.1","0.139668976472004"
"RP11-637A17.2","0.137175309682826"
"RP11-637O11.2","0.138474562142246"
"RP11-637O19.2","0.138272274128"
"RP11-637O19.3","0.138321193884039"
"RP11-638I2.4","0.138769379484735"
"RP11-638I2.6","0.137211266630896"
"RP11-638I2.8","0.138474562142246"
"RP11-638I2.9","0.138182980846493"
"RP11-638L3.1","0.136382820369489"
"RP11-638L3.3","0.137696617930991"
"RP11-639B1.1","0.137189545859441"
"RP11-63A1.1","0.138281649323009"
"RP11-63A1.2","0.137093477572993"
"RP11-63A11.1","0.135775954354191"
"RP11-63A2.2","0.137427286693809"
"RP11-63B13.1","0.137212587657743"
"RP11-63C8.1","0.137189545859441"
"RP11-63D14.1","0.139972376576082"
"RP11-63E9.1","0.141107521036079"
"RP11-63G10.2","0.137797878157047"
"RP11-63G10.3","0.138596813502099"
"RP11-63K6.7","0.138734578887039"
"RP11-63L7.5","0.137691547226888"
"RP11-63M22.2","0.136409541654936"
"RP11-63N3.1","0.138452028776047"
"RP11-63N8.3","0.139145833623842"
"RP11-63P12.7","0.1380033370524"
"RP11-640A1.3","0.137944519059234"
"RP11-640I15.1","0.138452028776047"
"RP11-640L9.1","0.136955207611408"
"RP11-640N11.2","0.137726637704075"
"RP11-642C5.1","0.137389752404398"
"RP11-642D21.2","0.138990072661926"
"RP11-642M2.1","0.139665679883236"
"RP11-643A5.2","0.137217718913958"
"RP11-643C9.2","0.135775278482076"
"RP11-643M14.1","0.136958440673039"
"RP11-644C3.1","0.136271423880683"
"RP11-644F5.10","0.138182980846493"
"RP11-644F5.11","0.137325207376964"
"RP11-644F5.16","0.137246316671123"
"RP11-644K8.1","0.136974485014282"
"RP11-644L4.1","0.137223285447369"
"RP11-644N4.1","0.137212485453783"
"RP11-645C24.5","0.137260462210906"
"RP11-645N11.3","0.140646634579046"
"RP11-646E18.2","0.137647569900761"
"RP11-646E18.4","0.137218154191155"
"RP11-646I6.5","0.137146179951727"
"RP11-646I6.6","0.13750534355837"
"RP11-646J21.6","0.138990072661926"
"RP11-647K16.1","0.138452028776047"
"RP11-647P12.1","0.1383062889312"
"RP11-648K4.2","0.138024648226007"
"RP11-648L3.2","0.136151348857607"
"RP11-649A16.1","0.138182980846493"
"RP11-649A18.12","0.13721779666528"
"RP11-649E7.5","0.138060867092615"
"RP11-649G15.2","0.136983521229103"
"RP11-64B16.3","0.138474562142246"
"RP11-64B16.4","0.138763835735702"
"RP11-64C12.8","0.1383062889312"
"RP11-64D22.5","0.137189545859441"
"RP11-64D24.4","0.138452028776047"
"RP11-64K12.4","0.135046543542662"
"RP11-64K12.9","0.137154664439137"
"RP11-64P14.7","0.135647916228645"
"RP11-650K20.2","0.135283391888077"
"RP11-650K20.3","0.136974485014282"
"RP11-650L12.1","0.138182980846493"
"RP11-650L12.2","0.137154664439137"
"RP11-650P15.1","0.138990072661926"
"RP11-651L5.3","0.137647569900761"
"RP11-651P23.5","0.138013587732238"
"RP11-653B10.1","0.136449434267606"
"RP11-653J6.1","0.137223352637921"
"RP11-654A16.3","0.137944519059234"
"RP11-654C22.2","0.137189545859441"
"RP11-654D12.2","0.136231902586523"
"RP11-654D12.3","0.137562988828174"
"RP11-655C2.3","0.135514461241101"
"RP11-655G22.1","0.136211574403037"
"RP11-655M14.12","0.137181571505065"
"RP11-655M14.13","0.135046543542662"
"RP11-656D10.3","0.139145833623842"
"RP11-656D10.5","0.137384453244814"
"RP11-656D10.6","0.137175021951076"
"RP11-656E20.5","0.138004685582159"
"RP11-658F2.8","0.13532672972599"
"RP11-659E9.2","0.138292997548529"
"RP11-659E9.4","0.138474562142246"
"RP11-659P15.1","0.137797878157047"
"RP11-65B7.2","0.13857144662305"
"RP11-65D17.1","0.138596813502099"
"RP11-65D24.2","0.137189545859441"
"RP11-65G9.1","0.137154664439137"
"RP11-65I12.1","0.137217616709997"
"RP11-65J21.1","0.136978312221566"
"RP11-65J21.4","0.136985844140113"
"RP11-65J3.14","0.138331784006138"
"RP11-65J3.15","0.136449434267606"
"RP11-65J3.2","0.13902070919063"
"RP11-65J3.3","0.138596813502099"
"RP11-65L19.4","0.136449434267606"
"RP11-65L3.2","0.136946354666014"
"RP11-65L3.4","0.137196015027873"
"RP11-65M17.1","0.137282361876055"
"RP11-65M17.3","0.138474562142246"
"RP11-65N13.8","0.135514461241101"
"RP11-660L16.2","0.137227572121893"
"RP11-660M5.1","0.139665679883236"
"RP11-661A12.12","0.13902070919063"
"RP11-661A12.4","0.13902070919063"
"RP11-661A12.5","0.137797878157047"
"RP11-661A12.7","0.136713773816387"
"RP11-661A12.9","0.136449434267606"
"RP11-661C8.3","0.1383062889312"
"RP11-661D19.3","0.135283391888077"
"RP11-661G16.2","0.137154664439137"
"RP11-661O13.1","0.139254409065776"
"RP11-662B19.2","0.138060500121309"
"RP11-662G23.1","0.137383222370013"
"RP11-662I13.2","0.137797878157047"
"RP11-662J14.1","0.136974485014282"
"RP11-662J14.2","0.139145833623842"
"RP11-663N22.1","0.136974485014282"
"RP11-663P9.1","0.137154664439137"
"RP11-664D1.1","0.137944519059234"
"RP11-664H17.1","0.137282361876055"
"RP11-664I21.5","0.138596813502099"
"RP11-664I21.6","0.136952884700399"
"RP11-665C16.5","0.135514461241101"
"RP11-665C16.6","0.136449434267606"
"RP11-665G4.1","0.136974485014282"
"RP11-665I14.1","0.13721639788711"
"RP11-665J16.1","0.135912887070347"
"RP11-666A20.4","0.137797878157047"
"RP11-666A8.8","0.137691547226888"
"RP11-666A8.9","0.137189545859441"
"RP11-666F17.1","0.136554416533035"
"RP11-666O2.2","0.135912887070347"
"RP11-667K14.3","0.135775278482076"
"RP11-667K14.4","0.133854116528274"
"RP11-667K14.5","0.137944519059234"
"RP11-667M19.10","0.135196361355757"
"RP11-667M19.2","0.137647569900761"
"RP11-669C19.1","0.137511381731906"
"RP11-669E14.6","0.136976991194718"
"RP11-669I1.1","0.137797878157047"
"RP11-669M16.1","0.138474562142246"
"RP11-669M16.2","0.13824840483869"
"RP11-669N7.2","0.136442930153359"
"RP11-66A2.2","0.137153710777469"
"RP11-66B24.1","0.136148115795976"
"RP11-66B24.2","0.138004685582159"
"RP11-66B24.4","0.137647569900761"
"RP11-66B24.5","0.13441780227872"
"RP11-66B24.9","0.135761047721395"
"RP11-66D17.3","0.134964037088478"
"RP11-66D17.5","0.137196015027873"
"RP11-66H6.3","0.133268814870065"
"RP11-66N11.7","0.133729257248829"
"RP11-66N11.8","0.137154664439137"
"RP11-66N24.3","0.135097814772747"
"RP11-66N24.6","0.136269100969673"
"RP11-66N24.7","0.137339247267356"
"RP11-670E13.6","0.135164383038986"
"RP11-671J11.4","0.134939619963765"
"RP11-671J11.7","0.135150497951886"
"RP11-671P2.1","0.136231902586523"
"RP11-672A2.1","0.13532672972599"
"RP11-672A2.3","0.136449434267606"
"RP11-672A2.4","0.134662808685627"
"RP11-672A2.5","0.136211216877163"
"RP11-672A2.6","0.135164383038986"
"RP11-672F9.1","0.135610381939234"
"RP11-672L10.6","0.136018379971504"
"RP11-673E1.1","0.136211216877163"
"RP11-673E1.4","0.135046543542662"
"RP11-673E11.2","0.136449434267606"
"RP11-673P17.4","0.135163471266744"
"RP11-674C21.9","0.132551011631139"
"RP11-674P19.2","0.13716584949687"
"RP11-675F6.3","0.135091705559277"
"RP11-675F6.4","0.135761047721395"
"RP11-676J12.4","0.136231902586523"
"RP11-676J12.6","0.136449434267606"
"RP11-676J12.7","0.136968353139781"
"RP11-676J12.8","0.135514461241101"
"RP11-676J12.9","0.13515918459222"
"RP11-676J15.1","0.136449434267606"
"RP11-677I18.3","0.136554314329074"
"RP11-677M14.2","0.136213539788173"
"RP11-677M14.3","0.135514461241101"
"RP11-677M14.7","0.136544457451249"
"RP11-678G14.2","0.138182980846493"
"RP11-678G14.3","0.136947573488901"
"RP11-678G14.4","0.137460137580912"
"RP11-678G15.2","0.135612704850244"
"RP11-679B17.2","0.135091705559277"
"RP11-679B19.1","0.137093477572993"
"RP11-679B19.2","0.136211574403037"
"RP11-679C8.2","0.138596813502099"
"RP11-67C2.2","0.133743646493189"
"RP11-67H2.1","0.137078349739654"
"RP11-67H24.2","0.13717119366656"
"RP11-67K19.3","0.133534270430575"
"RP11-67L2.2","0.137797878157047"
"RP11-67L3.2","0.136553095506187"
"RP11-67L3.4","0.137532980637263"
"RP11-67L3.5","0.135097814772747"
"RP11-67M9.1","0.135189892187325"
"RP11-680A11.5","0.135307980519769"
"RP11-680B3.2","0.137058140525273"
"RP11-680C21.1","0.13532672972599"
"RP11-680F20.10","0.135213876912978"
"RP11-680F20.12","0.137103346502731"
"RP11-680F20.4","0.137154664439137"
"RP11-680F20.6","0.136559983066446"
"RP11-680F20.9","0.137102115627931"
"RP11-680F8.1","0.137108645662315"
"RP11-680F8.3","0.136449434267606"
"RP11-680G24.6","0.13721639788711"
"RP11-680N20.1","0.13532672972599"
"RP11-681H18.2","0.139242505835264"
"RP11-683L23.7","0.13699041898981"
"RP11-684B21.1","0.134941941253154"
"RP11-685G9.4","0.133915582792593"
"RP11-685M7.3","0.137154664439137"
"RP11-685M7.5","0.135775278482076"
"RP11-685N10.1","0.136907696837992"
"RP11-686D16.1","0.137465454855548"
"RP11-686D22.4","0.137944519059234"
"RP11-686D22.5","0.137944519059234"
"RP11-686D22.9","0.135283391888077"
"RP11-686F15.2","0.135775278482076"
"RP11-686G23.2","0.137189545859441"
"RP11-686G8.2","0.13647490847013"
"RP11-686G8.5","0.136974485014282"
"RP11-686O6.1","0.139673068842053"
"RP11-686O6.2","0.137196015027873"
"RP11-687D19.1","0.135775278482076"
"RP11-687F6.5","0.137177740059088"
"RP11-687M24.8","0.135647916228645"
"RP11-688G15.3","0.137944519059234"
"RP11-688I9.2","0.13532672972599"
"RP11-688I9.4","0.136974485014282"
"RP11-689B22.2","0.135097814772747"
"RP11-689C9.1","0.136263891962136"
"RP11-689K5.3","0.138428598671524"
"RP11-689P11.2","0.135775278482076"
"RP11-689P11.3","0.137189545859441"
"RP11-68I3.5","0.137189545859441"
"RP11-68I3.7","0.132465782241389"
"RP11-68L1.2","0.136231902586523"
"RP11-68L18.1","0.137944519059234"
"RP11-690C23.2","0.133294185964862"
"RP11-690J15.1","0.136449434267606"
"RP11-690P14.4","0.136946354666014"
"RP11-691G17.1","0.138182980846493"
"RP11-691H4.4","0.138182980846493"
"RP11-691N7.6","0.136026002042097"
"RP11-692C24.1","0.138570367377405"
"RP11-692C24.2","0.135091705559277"
"RP11-692D12.1","0.136028323331486"
"RP11-693J15.5","0.135907688623581"
"RP11-693J15.6","0.137189545859441"
"RP11-693L9.2","0.137172669354985"
"RP11-696D21.2","0.135091705559277"
"RP11-696F12.1","0.136974485014282"
"RP11-696N14.1","0.136974485014282"
"RP11-697E2.11","0.136273745170071"
"RP11-697E2.12","0.137078637471405"
"RP11-697E2.6","0.133743646493189"
"RP11-697E22.1","0.135514461241101"
"RP11-697E22.2","0.136145792884966"
"RP11-697E22.3","0.136130624795644"
"RP11-697H9.3","0.135514461241101"
"RP11-697M17.2","0.135213876912978"
"RP11-698F20.3","0.136306635259084"
"RP11-699A5.2","0.134189505617459"
"RP11-699L21.1","0.135775278482076"
"RP11-69C13.1","0.135157913870554"
"RP11-69E11.4","0.136231902586523"
"RP11-69E11.8","0.135902031938123"
"RP11-69E9.1","0.138060867092615"
"RP11-69G7.1","0.135046543542662"
"RP11-69H7.3","0.135514461241101"
"RP11-69I8.2","0.137682361587985"
"RP11-69I8.3","0.135514461241101"
"RP11-69L16.4","0.135307980519769"
"RP11-69M1.8","0.135091705559277"
"RP11-6B19.1","0.134662808685627"
"RP11-6B19.2","0.136140481673469"
"RP11-6B4.1","0.134662808685627"
"RP11-6D1.3","0.13532672972599"
"RP11-6E9.5","0.137167538098771"
"RP11-6F2.5","0.135568852709833"
"RP11-6I2.3","0.133010799378599"
"RP11-6I2.4","0.136215861077561"
"RP11-6J21.2","0.135514461241101"
"RP11-6L6.2","0.136449434267606"
"RP11-6L6.7","0.136140481673469"
"RP11-6N13.1","0.137682361587985"
"RP11-6N13.4","0.137797878157047"
"RP11-6N17.10","0.135911975298105"
"RP11-6N17.2","0.135775278482076"
"RP11-6N17.3","0.135775278482076"
"RP11-6N17.6","0.137196015027873"
"RP11-6O2.2","0.136140583877429"
"RP11-6O2.3","0.135615026139632"
"RP11-6O2.4","0.136061213420499"
"RP11-700F16.3","0.133915582792593"
"RP11-700H6.1","0.133854116528274"
"RP11-700H6.2","0.137682361587985"
"RP11-700H6.4","0.132944347138671"
"RP11-700J17.1","0.136974485014282"
"RP11-700J17.2","0.136424517161129"
"RP11-700N1.1","0.135091705559277"
"RP11-701H16.4","0.137647569900761"
"RP11-701H24.3","0.135514461241101"
"RP11-701H24.4","0.135091705559277"
"RP11-701H24.9","0.135283391888077"
"RP11-701I24.3","0.138060867092615"
"RP11-701P16.2","0.135761047721395"
"RP11-702B10.1","0.135150497951886"
"RP11-702B10.2","0.137691300656356"
"RP11-702F3.1","0.133587813371056"
"RP11-702F3.3","0.137189545859441"
"RP11-702F3.4","0.13532672972599"
"RP11-702H23.4","0.1383062889312"
"RP11-702H23.6","0.136974485014282"
"RP11-703G6.1","0.136449434267606"
"RP11-703H8.7","0.135091705559277"
"RP11-703H8.9","0.135307980519769"
"RP11-703I16.1","0.133854116528274"
"RP11-703M24.5","0.138060867092615"
"RP11-704C2.1","0.136273745170071"
"RP11-704J17.5","0.137196015027873"
"RP11-704M14.1","0.137682361587985"
"RP11-705C15.4","0.137154664439137"
"RP11-705O1.8","0.13532672972599"
"RP11-705O24.1","0.137521632411744"
"RP11-705O24.2","0.133854116528274"
"RP11-706C16.7","0.13532672972599"
"RP11-706C16.8","0.136211574403037"
"RP11-706D8.3","0.135944865387118"
"RP11-706F1.1","0.135091705559277"
"RP11-706J10.2","0.137647569900761"
"RP11-706O15.1","0.134964037088478"
"RP11-706O15.3","0.135307980519769"
"RP11-706O15.5","0.135213876912978"
"RP11-706O15.7","0.134662808685627"
"RP11-706P11.2","0.137682361587985"
"RP11-707A18.1","0.135283391888077"
"RP11-707G14.1","0.137154664439137"
"RP11-707G18.1","0.138182980846493"
"RP11-707M3.3","0.136974485014282"
"RP11-707P17.1","0.138294777704005"
"RP11-707P17.2","0.137944519059234"
"RP11-708J19.1","0.135213876912978"
"RP11-709A23.1","0.138060867092615"
"RP11-709D24.5","0.135761047721395"
"RP11-709D24.6","0.135283391888077"
"RP11-70C1.1","0.137257377164892"
"RP11-70C1.3","0.136150437085365"
"RP11-70D24.2","0.136231902586523"
"RP11-70D24.3","0.137374584315076"
"RP11-70D24.4","0.138264967641981"
"RP11-70F11.11","0.135150497951886"
"RP11-70F11.8","0.137621208760682"
"RP11-70L8.4","0.13576069019552"
"RP11-70P17.1","0.136263789758175"
"RP11-710C12.1","0.135610381939234"
"RP11-710E1.2","0.136231902586523"
"RP11-710F7.2","0.134256632614428"
"RP11-710F7.3","0.138321193884039"
"RP11-711C17.2","0.137071054936461"
"RP11-711D18.2","0.135747833175931"
"RP11-711K1.8","0.13719469988606"
"RP11-712B9.2","0.136544457451249"
"RP11-712L6.5","0.135097814772747"
"RP11-712L6.7","0.135621555088567"
"RP11-713D19.1","0.136974485014282"
"RP11-713M15.1","0.136256243950083"
"RP11-713M15.2","0.137237414521043"
"RP11-713M6.2","0.133854116528274"
"RP11-713N11.4","0.137682361587985"
"RP11-713N11.5","0.135630005537136"
"RP11-713N11.6","0.134937654578629"
"RP11-713P17.3","0.135647916228645"
"RP11-713P17.4","0.136529329617911"
"RP11-713P17.5","0.135639964618921"
"RP11-714G18.1","0.135283391888077"
"RP11-714L20.1","0.137167086327881"
"RP11-714M23.2","0.134256632614428"
"RP11-715J22.2","0.135912887070347"
"RP11-715J22.3","0.136508893929133"
"RP11-715J22.4","0.13625393288035"
"RP11-716H6.1","0.137154664439137"
"RP11-716H6.2","0.132039347769831"
"RP11-716O23.1","0.137103346502731"
"RP11-716O23.2","0.135117834003484"
"RP11-717A5.2","0.134194714624996"
"RP11-717F1.1","0.137154664439137"
"RP11-717F1.2","0.135307980519769"
"RP11-718G2.5","0.133472064272037"
"RP11-718O11.1","0.135912887070347"
"RP11-71E19.1","0.135046543542662"
"RP11-71E19.2","0.135514461241101"
"RP11-71G12.1","0.13625393288035"
"RP11-71J2.1","0.133729257248829"
"RP11-71L14.4","0.138271058571029"
"RP11-71N10.1","0.136529617349661"
"RP11-720L2.4","0.134256632614428"
"RP11-720L8.1","0.136544457451249"
"RP11-722E23.2","0.135147148890377"
"RP11-722G7.1","0.13532672972599"
"RP11-722M1.1","0.134662808685627"
"RP11-723D22.3","0.133729257248829"
"RP11-723G8.2","0.133276348530882"
"RP11-723O4.2","0.135213876912978"
"RP11-723O4.6","0.134662808685627"
"RP11-723O4.9","0.137058140525273"
"RP11-724N1.1","0.136115784694056"
"RP11-725G5.2","0.134189505617459"
"RP11-725M22.1","0.135150497951886"
"RP11-725P16.2","0.135122120678008"
"RP11-727A23.10","0.135283391888077"
"RP11-727A23.7","0.136113924391358"
"RP11-727F15.11","0.134416890506478"
"RP11-727F15.12","0.136182988841729"
"RP11-727F15.9","0.135607582900604"
"RP11-727M10.1","0.13532672972599"
"RP11-728E14.2","0.133481917479973"
"RP11-728E14.3","0.135283391888077"
"RP11-728F11.3","0.13510461945802"
"RP11-728F11.4","0.136217493873405"
"RP11-728G15.1","0.134189415465412"
"RP11-728K20.2","0.133729257248829"
"RP11-728K20.3","0.135615165435547"
"RP11-729I10.2","0.135150497951886"
"RP11-729L2.2","0.134626626340356"
"RP11-729M20.1","0.136554314329074"
"RP11-72I8.1","0.134406947146495"
"RP11-72L22.1","0.135730394272859"
"RP11-72M17.1","0.133240904766966"
"RP11-730K11.1","0.135283391888077"
"RP11-730N24.1","0.136093845716556"
"RP11-730N24.2","0.135715502333114"
"RP11-731C17.2","0.135130599030911"
"RP11-731D1.4","0.135605172931697"
"RP11-731F5.1","0.133587813371056"
"RP11-731F5.2","0.133240784367331"
"RP11-731K22.1","0.13511747647761"
"RP11-732A19.5","0.133176688951451"
"RP11-732A19.6","0.135107170035507"
"RP11-732A19.8","0.133708082329638"
"RP11-732A19.9","0.13306062681122"
"RP11-732A21.2","0.135213876912978"
"RP11-732A21.3","0.133092051887162"
"RP11-733D4.1","0.136379336083261"
"RP11-733O18.1","0.133738090520549"
"RP11-734I18.1","0.133060984337094"
"RP11-734K2.4","0.134907288861845"
"RP11-734K21.3","0.132944347138671"
"RP11-734K21.5","0.13317825116695"
"RP11-734K23.9","0.135124129862479"
"RP11-735G4.1","0.134964037088478"
"RP11-736G13.1","0.135137189808591"
"RP11-736K20.5","0.135565194076827"
"RP11-736K20.6","0.133065271011618"
"RP11-736N17.10","0.136381596196213"
"RP11-736N17.11","0.134256632614428"
"RP11-737O24.1","0.137146883175682"
"RP11-737O24.2","0.133587813371056"
"RP11-737O24.5","0.134662808685627"
"RP11-738E22.3","0.135869740371853"
"RP11-739B23.1","0.135709958584081"
"RP11-739G5.1","0.133270792558242"
"RP11-739L10.1","0.136160485265724"
"RP11-739N10.1","0.13733171430694"
"RP11-739N20.2","0.133471962068077"
"RP11-73E17.2","0.137149476280123"
"RP11-73G16.2","0.136907696837992"
"RP11-73K9.2","0.136113924391358"
"RP11-73K9.3","0.13560508277965"
"RP11-73M14.1","0.136974485014282"
"RP11-73M18.10","0.133289541764463"
"RP11-73M18.2","0.137503382397534"
"RP11-73M7.1","0.136217366714738"
"RP11-73M7.6","0.134937654578629"
"RP11-73M7.9","0.135710431629011"
"RP11-73O6.3","0.137154664439137"
"RP11-742B18.1","0.137991702660276"
"RP11-744A16.4","0.133854116528274"
"RP11-744D14.2","0.137333910810784"
"RP11-744I24.2","0.135097814772747"
"RP11-744I24.3","0.135578513445626"
"RP11-744K17.1","0.13511476717206"
"RP11-744N12.3","0.134964037088478"
"RP11-745C15.2","0.137162018680775"
"RP11-745L13.2","0.133214335432942"
"RP11-745O10.4","0.133732779309051"
"RP11-746M1.1","0.135046543542662"
"RP11-747D18.1","0.132212852099872"
"RP11-748L13.6","0.135087468286699"
"RP11-74C13.3","0.134199358825394"
"RP11-74E22.3","0.135150497951886"
"RP11-74E22.5","0.136922876509488"
"RP11-74E22.6","0.135775278482076"
"RP11-74E22.8","0.136018379971504"
"RP11-74J13.8","0.136104436468537"
"RP11-74K11.2","0.134662808685627"
"RP11-74M11.2","0.135283391888077"
"RP11-750H9.5","0.13507612006118"
"RP11-752D24.2","0.13510461945802"
"RP11-752G15.8","0.135117470649916"
"RP11-752L20.5","0.133274373675141"
"RP11-753A21.1","0.137502443383028"
"RP11-753A21.2","0.134241129528125"
"RP11-753C18.12","0.135877035175046"
"RP11-753D20.3","0.137167149936989"
"RP11-753D20.4","0.13532672972599"
"RP11-753H16.3","0.133743646493189"
"RP11-753H16.5","0.137057038566047"
"RP11-754B17.1","0.138264352962322"
"RP11-754N21.1","0.135046543542662"
"RP11-755B10.3","0.135728821701912"
"RP11-755E23.3","0.135578709587658"
"RP11-755F10.1","0.135732462160086"
"RP11-755F10.3","0.134181857605406"
"RP11-755O11.2","0.135514461241101"
"RP11-756G20.1","0.134964037088478"
"RP11-756H20.1","0.134232248914407"
"RP11-756H6.1","0.135307980519769"
"RP11-756J15.3","0.133514807568986"
"RP11-756P10.2","0.135578709587658"
"RP11-757A13.1","0.135639862414961"
"RP11-757F18.5","0.134937297052755"
"RP11-757G1.6","0.135139500878324"
"RP11-757O6.1","0.133010799378599"
"RP11-758H9.2","0.135213876912978"
"RP11-758M4.4","0.135986088405234"
"RP11-758N13.1","0.135089248442176"
"RP11-758P17.2","0.133182244924092"
"RP11-758P17.3","0.135117834003484"
"RP11-759A24.3","0.133268814870065"
"RP11-75C10.9","0.134164418702335"
"RP11-75C23.1","0.135091705559277"
"RP11-75C9.2","0.135851489504093"
"RP11-75L1.1","0.132921549967367"
"RP11-760D2.5","0.137054048155224"
"RP11-760H22.2","0.135728821701912"
"RP11-761B3.1","0.135568852709833"
"RP11-761I4.5","0.132099173419659"
"RP11-761N21.1","0.13597207203482"
"RP11-762E8.1","0.134964037088478"
"RP11-762H8.1","0.133283738215962"
"RP11-762H8.3","0.13714534563224"
"RP11-762H8.5","0.135965244433032"
"RP11-762I7.5","0.135066744866171"
"RP11-763B22.4","0.133274373675141"
"RP11-763B22.6","0.133587813371056"
"RP11-764E7.1","0.135087468286699"
"RP11-764K9.1","0.135715502333114"
"RP11-766F14.1","0.137331317706343"
"RP11-766F14.2","0.13414952676259"
"RP11-766N7.3","0.134937297052755"
"RP11-766N7.4","0.133915582792593"
"RP11-767C1.1","0.132994187491812"
"RP11-767C1.2","0.133725233500959"
"RP11-767I20.1","0.133446977356914"
"RP11-767N15.1","0.133251759899191"
"RP11-768B22.2","0.136378452091"
"RP11-768F21.1","0.132354026291429"
"RP11-768G7.2","0.133261313729029"
"RP11-768G7.3","0.133013999781533"
"RP11-769N22.1","0.135569025522804"
"RP11-769O8.1","0.136087898789107"
"RP11-769O8.2","0.133255624468919"
"RP11-76C10.2","0.133426768142533"
"RP11-76C10.5","0.132921549967367"
"RP11-76E12.1","0.133239283197954"
"RP11-76E17.2","0.133257673270855"
"RP11-76E17.3","0.1322240888533"
"RP11-76E17.4","0.13306062681122"
"RP11-76I14.1","0.13307195357393"
"RP11-76I23.7","0.133004146573598"
"RP11-76K13.3","0.134662808685627"
"RP11-76P2.4","0.134153358208566"
"RP11-770E5.1","0.135847724667066"
"RP11-770E5.3","0.133259533573553"
"RP11-770G2.5","0.13378610328566"
"RP11-770J1.3","0.133182244924092"
"RP11-770J1.4","0.133117954190758"
"RP11-770J1.5","0.133218845389832"
"RP11-771K4.1","0.136894231923282"
"RP11-773H22.4","0.133108010830775"
"RP11-774D14.1","0.133854116528274"
"RP11-774O3.1","0.136387115614209"
"RP11-774O3.2","0.133854116528274"
"RP11-774O3.3","0.133217975891116"
"RP11-775C24.3","0.133163831931862"
"RP11-775C24.5","0.133240496635581"
"RP11-775D22.2","0.137681521498165"
"RP11-775D22.3","0.135102099331404"
"RP11-775H9.3","0.135046543542662"
"RP11-776A13.3","0.133432085417168"
"RP11-776H12.1","0.137159996425698"
"RP11-778D9.12","0.132537814720741"
"RP11-778D9.13","0.134157123899142"
"RP11-778H2.1","0.134922128963433"
"RP11-778J15.1","0.135117470649916"
"RP11-778J16.3","0.133032398775786"
"RP11-779O18.1","0.1350655293092"
"RP11-779O18.3","0.133268814870065"
"RP11-779P15.1","0.133009355581135"
"RP11-779P15.2","0.13347197411999"
"RP11-77A13.1","0.135552152305547"
"RP11-77E14.2","0.133039349508428"
"RP11-77G23.2","0.133047769791631"
"RP11-77G23.5","0.133108010830775"
"RP11-77H9.2","0.135046543542662"
"RP11-77H9.5","0.133059161798149"
"RP11-77H9.6","0.133242564522807"
"RP11-77H9.8","0.135108321929304"
"RP11-77I22.2","0.137058387095806"
"RP11-77K12.1","0.134907288861845"
"RP11-77K12.10","0.134374655580226"
"RP11-77K12.4","0.13261276370451"
"RP11-77K12.7","0.135709958584081"
"RP11-77K12.9","0.135555784432142"
"RP11-77M5.1","0.133182244924092"
"RP11-77P16.4","0.13570874302711"
"RP11-77P6.2","0.133083301799449"
"RP11-780K2.1","0.13314639302879"
"RP11-780O24.2","0.131697625259942"
"RP11-781A6.1","0.135552487843374"
"RP11-781P6.1","0.133591245351454"
"RP11-783K16.13","0.131691637101063"
"RP11-783K16.14","0.133139098225598"
"RP11-783K16.5","0.133587813371056"
"RP11-784B15.1","0.13218914873024"
"RP11-785D18.3","0.135107219970078"
"RP11-787B4.2","0.133233346906961"
"RP11-787I22.3","0.132913307314641"
"RP11-788A4.1","0.135100750801646"
"RP11-789C1.2","0.137159039076336"
"RP11-789C17.3","0.133534270430575"
"RP11-789C17.5","0.133427014713065"
"RP11-789C2.1","0.133075719264505"
"RP11-78A19.3","0.136503783946958"
"RP11-78A19.4","0.134406935094582"
"RP11-78B10.2","0.133010799378599"
"RP11-78C3.1","0.133268814870065"
"RP11-78F17.1","0.13347197411999"
"RP11-78I14.1","0.132093974972893"
"RP11-78J21.4","0.135851553113201"
"RP11-78L16.1","0.134361741169038"
"RP11-78O22.1","0.133696734104119"
"RP11-78O7.2","0.136217493873405"
"RP11-78O7.3","0.132911681037629"
"RP11-791G15.2","0.135065742222675"
"RP11-791M20.1","0.133240904766966"
"RP11-792A8.4","0.13344904524414"
"RP11-793H13.10","0.135993383208427"
"RP11-793H13.11","0.134907001130094"
"RP11-793H13.3","0.133283738215962"
"RP11-794G24.1","0.136153178779705"
"RP11-794M8.1","0.133854116528274"
"RP11-794P6.2","0.134964037088478"
"RP11-794P6.6","0.133257935538652"
"RP11-795F19.1","0.136155438892657"
"RP11-795F19.5","0.13436198773957"
"RP11-795H16.3","0.135100750801646"
"RP11-795J1.1","0.134130805408545"
"RP11-796E10.1","0.133692902658142"
"RP11-796E2.4","0.133706222026941"
"RP11-797A18.3","0.135046543542662"
"RP11-797D24.3","0.135723099469666"
"RP11-797D24.4","0.135715502333114"
"RP11-797H7.5","0.135101626286475"
"RP11-797M17.1","0.134922128963433"
"RP11-798G7.5","0.135565194076827"
"RP11-798G7.6","0.135157002098312"
"RP11-798G7.8","0.135091705559277"
"RP11-798K23.4","0.135121236340492"
"RP11-798K3.2","0.137229634990095"
"RP11-798K3.3","0.136104436468537"
"RP11-798L4.1","0.134892109190349"
"RP11-798M19.3","0.135973420564578"
"RP11-798M19.6","0.137146883175682"
"RP11-799B12.2","0.13514705873833"
"RP11-799B12.4","0.137683911697538"
"RP11-799D4.3","0.135087468286699"
"RP11-799D4.4","0.135552487843374"
"RP11-799M12.2","0.134931985841258"
"RP11-799N11.1","0.135972947519648"
"RP11-799O21.2","0.13561330513285"
"RP11-79C6.3","0.13512303245025"
"RP11-79E3.2","0.13317825116695"
"RP11-79H23.3","0.131854462856158"
"RP11-79M19.2","0.135085607984002"
"RP11-79N23.1","0.133177046477326"
"RP11-79O8.1","0.134256632614428"
"RP11-79P5.9","0.134907288861845"
"RP11-7C6.1","0.135553724876494"
"RP11-7F17.3","0.137330830314679"
"RP11-7F17.4","0.135147148890377"
"RP11-7F17.5","0.135973420564578"
"RP11-7F17.8","0.135213876912978"
"RP11-7F18.2","0.137330830314679"
"RP11-7I15.3","0.137231831493939"
"RP11-7I15.4","0.135213876912978"
"RP11-7K24.3","0.134907001130094"
"RP11-7M8.2","0.137502443383028"
"RP11-7N14.1","0.135615165435547"
"RP11-7O11.3","0.136211062872215"
"RP11-800A18.4","0.133276348530882"
"RP11-800A3.2","0.136507678372162"
"RP11-800A3.3","0.137452748622095"
"RP11-800A3.7","0.134406935094582"
"RP11-801F7.1","0.137231831493939"
"RP11-802D6.1","0.135877322906796"
"RP11-802E16.3","0.135877035175046"
"RP11-802O23.3","0.133481917479973"
"RP11-803B1.8","0.137502443383028"
"RP11-803D5.4","0.135107170035507"
"RP11-803P9.1","0.134199358825394"
"RP11-804A23.1","0.135869740371853"
"RP11-804A23.2","0.135187833285565"
"RP11-804A23.4","0.13705021096426"
"RP11-804F13.1","0.135552152305547"
"RP11-804H8.6","0.135130599030911"
"RP11-804H8.7","0.133240892715053"
"RP11-804N13.1","0.135972947519648"
"RP11-805F19.1","0.135584020799155"
"RP11-805F19.2","0.135079885751756"
"RP11-805I24.1","0.136231902586523"
"RP11-805I24.3","0.137147566327004"
"RP11-805J14.5","0.136894846602941"
"RP11-806H10.4","0.137147423777878"
"RP11-806J6.1","0.135197321208386"
"RP11-806L2.2","0.13532672972599"
"RP11-806L2.6","0.136159609780895"
"RP11-807H17.1","0.13597207203482"
"RP11-807H22.7","0.137196015027873"
"RP11-807H7.2","0.135122120678008"
"RP11-809C18.3","0.135283391888077"
"RP11-809H16.4","0.13599181063748"
"RP11-809H16.5","0.135594442015019"
"RP11-809N8.2","0.138418311792888"
"RP11-809N8.4","0.136898287193307"
"RP11-809O17.1","0.135710185058478"
"RP11-80A15.1","0.138262721444206"
"RP11-80B9.4","0.138750236588058"
"RP11-80F22.14","0.13553228654422"
"RP11-80F22.15","0.135594442015019"
"RP11-80H18.3","0.13378610328566"
"RP11-80H18.4","0.135533289187716"
"RP11-80H5.2","0.135971944876153"
"RP11-80H5.7","0.135528179205541"
"RP11-80H5.9","0.13705286767781"
"RP11-80H8.3","0.135709958584081"
"RP11-80I15.4","0.13510304908184"
"RP11-80I3.1","0.134907288861845"
"RP11-810M2.2","0.135702938648787"
"RP11-810P12.5","0.135851553113201"
"RP11-810P8.1","0.135849579550974"
"RP11-812E19.3","0.135178684564953"
"RP11-812E19.9","0.137447711222157"
"RP11-814H16.2","0.138263033497943"
"RP11-814P5.1","0.133055315599723"
"RP11-815J21.2","0.134909069017321"
"RP11-815J21.3","0.135986088405234"
"RP11-815J21.4","0.133854116528274"
"RP11-815M8.1","0.1355255861011"
"RP11-816J6.3","0.135553724876494"
"RP11-816J8.1","0.135128531143685"
"RP11-817G13.3","0.135967901146582"
"RP11-817J15.2","0.13520096166656"
"RP11-817J15.3","0.132620309512602"
"RP11-817O13.8","0.134907288861845"
"RP11-817O13.9","0.134886565441316"
"RP11-818F20.4","0.133426541668135"
"RP11-818F20.5","0.133177046477326"
"RP11-818O24.3","0.134892109190349"
"RP11-819C21.1","0.132225000625542"
"RP11-81A22.5","0.134194714624996"
"RP11-81F13.1","0.135558647684299"
"RP11-81F13.2","0.135851553113201"
"RP11-81H14.1","0.135111001481484"
"RP11-81H14.2","0.135569025522804"
"RP11-81H3.2","0.134932088045218"
"RP11-81K13.1","0.13317825116695"
"RP11-81K2.1","0.138565498684996"
"RP11-820I16.1","0.133081441496751"
"RP11-820I16.3","0.133725233500959"
"RP11-820I16.4","0.136217493873405"
"RP11-823E8.3","0.135706092688429"
"RP11-826N14.1","0.13744693909352"
"RP11-826N14.2","0.137231895103047"
"RP11-826N14.4","0.137229238389498"
"RP11-829H16.3","0.134905428559147"
"RP11-82L20.1","0.133013999781533"
"RP11-82L7.4","0.136895133153665"
"RP11-82O19.1","0.137141429028578"
"RP11-830F9.5","0.134922128963433"
"RP11-830F9.6","0.134166486589562"
"RP11-831A10.2","0.132551011631139"
"RP11-831F12.2","0.136210666271618"
"RP11-831H9.11","0.13555454034562"
"RP11-834C11.10","0.135965927584354"
"RP11-834C11.11","0.135851553113201"
"RP11-834C11.12","0.133447265088664"
"RP11-834C11.15","0.135723099469666"
"RP11-834C11.4","0.135559650327794"
"RP11-834C11.5","0.136501731444713"
"RP11-834C11.6","0.135229189701994"
"RP11-834C11.8","0.136949129038452"
"RP11-835E18.5","0.137502704532941"
"RP11-837J7.4","0.137050751566456"
"RP11-838N2.3","0.136218369358234"
"RP11-838N2.5","0.133047769791631"
"RP11-839D17.3","0.133464416259985"
"RP11-839G9.1","0.133738090520549"
"RP11-83A16.1","0.138752169400593"
"RP11-83A24.2","0.134256632614428"
"RP11-83B20.1","0.135986088405234"
"RP11-83C7.1","0.133722922431226"
"RP11-83J21.3","0.138268408232348"
"RP11-83M16.5","0.133282175502457"
"RP11-83M16.6","0.13650502803348"
"RP11-83N9.5","0.135091705559277"
"RP11-83N9.6","0.137507210843669"
"RP11-840I19.3","0.135128531143685"
"RP11-840I19.5","0.135128818875435"
"RP11-841O20.2","0.135607582900604"
"RP11-843A23.1","0.135097760390822"
"RP11-843B15.2","0.133045327157041"
"RP11-843P14.1","0.138262721444206"
"RP11-843P14.2","0.134964037088478"
"RP11-844P9.1","0.137332000857665"
"RP11-844P9.2","0.135553724876494"
"RP11-845C23.3","0.135091705559277"
"RP11-845M18.6","0.136152782179108"
"RP11-845M18.7","0.135128531143685"
"RP11-847H18.2","0.135216332682405"
"RP11-847H18.3","0.13560508277965"
"RP11-848P1.3","0.133171377739954"
"RP11-848P1.4","0.13522389054241"
"RP11-848P1.5","0.135558647684299"
"RP11-849F2.4","0.135046543542662"
"RP11-849F2.5","0.135704912211015"
"RP11-849F2.7","0.136381532587105"
"RP11-849F2.9","0.133107998778862"
"RP11-849H4.2","0.138313083023385"
"RP11-849H4.4","0.136501731444713"
"RP11-849I19.1","0.136223913107266"
"RP11-849N15.1","0.13522389054241"
"RP11-849N15.4","0.135603817210028"
"RP11-84A14.5","0.135089248442176"
"RP11-84A19.2","0.135580086016573"
"RP11-84A19.3","0.135894474078117"
"RP11-84A19.4","0.136507891285637"
"RP11-84C10.2","0.136216711114616"
"RP11-84C10.4","0.137621208760682"
"RP11-84C13.2","0.137235725919143"
"RP11-84D1.1","0.135682707915869"
"RP11-84D1.2","0.135555792763721"
"RP11-84G21.1","0.135091705559277"
"RP11-850A17.1","0.133534270430575"
"RP11-854K16.3","0.137168330414403"
"RP11-855A2.3","0.137063457799909"
"RP11-855A2.5","0.135682707915869"
"RP11-855O10.2","0.134256632614428"
"RP11-855O10.3","0.135158827066346"
"RP11-856F16.2","0.137150720366646"
"RP11-856M7.1","0.137154664439137"
"RP11-856M7.2","0.13733814530813"
"RP11-856M7.6","0.134164706434085"
"RP11-857B24.1","0.135571163779566"
"RP11-857B24.5","0.136529617349661"
"RP11-85A1.3","0.135197321208386"
"RP11-85B7.2","0.13573068200461"
"RP11-85B7.4","0.135150497951886"
"RP11-85B7.5","0.135153515854848"
"RP11-85E16.1","0.13722992154082"
"RP11-85G18.6","0.136901150445464"
"RP11-85G21.3","0.13705021096426"
"RP11-85I21.1","0.135514461241101"
"RP11-85L21.4","0.135150497951886"
"RP11-85O21.2","0.13532672972599"
"RP11-860B13.1","0.137460384151445"
"RP11-861E21.2","0.135155010767021"
"RP11-862G15.1","0.13992882452068"
"RP11-862G15.2","0.138264352962322"
"RP11-862L9.3","0.136422206091396"
"RP11-862P13.1","0.138318049778826"
"RP11-863H1.1","0.138630216328677"
"RP11-863K10.2","0.138628138183039"
"RP11-863K10.7","0.135155010767021"
"RP11-863P13.1","0.137512483691132"
"RP11-863P13.2","0.138003209893733"
"RP11-863P13.3","0.137167149936989"
"RP11-863P13.4","0.134964037088478"
"RP11-863P13.5","0.137153583618802"
"RP11-863P13.6","0.136957058599465"
"RP11-864G5.3","0.137505237281441"
"RP11-864I4.1","0.13615346533043"
"RP11-864I4.3","0.139901418404115"
"RP11-864I4.4","0.135775278482076"
"RP11-864J10.4","0.135982322714658"
"RP11-865I6.2","0.136977267813846"
"RP11-866E20.3","0.13705286767781"
"RP11-867G2.5","0.134130805408545"
"RP11-867G2.6","0.1376788742976"
"RP11-867G2.8","0.135879103062272"
"RP11-867G23.1","0.138263399308799"
"RP11-867G23.12","0.136898287193307"
"RP11-867G23.13","0.136159482622228"
"RP11-867G23.2","0.137163321490854"
"RP11-867G23.3","0.134964037088478"
"RP11-867G23.4","0.135971731962678"
"RP11-867G23.8","0.135506291947117"
"RP11-867O8.5","0.138415925742236"
"RP11-86A5.1","0.137163961457307"
"RP11-86H7.6","0.135126958572738"
"RP11-872D17.4","0.134937654578629"
"RP11-872D17.8","0.136382776673627"
"RP11-872J21.3","0.135046543542662"
"RP11-873E20.1","0.138264352962322"
"RP11-874J12.4","0.132913307314641"
"RP11-875H7.2","0.135709083099252"
"RP11-875H7.5","0.135117834003484"
"RP11-875O11.1","0.135546430073301"
"RP11-875O11.2","0.135130599030911"
"RP11-875O11.3","0.135578811791618"
"RP11-876N24.2","0.134166486589562"
"RP11-876N24.4","0.137647569900761"
"RP11-879F14.1","0.135630005537136"
"RP11-879F14.2","0.134166486589562"
"RP11-879F14.3","0.135578811791618"
"RP11-87C12.2","0.136231902586523"
"RP11-87C12.5","0.137331099627281"
"RP11-87C12.6","0.135580373748323"
"RP11-87C7.3","0.135706092688429"
"RP11-87F15.2","0.135533762232646"
"RP11-87G24.6","0.137167149936989"
"RP11-87M18.2","0.135580373748323"
"RP11-87P13.2","0.133212660527358"
"RP11-881L2.1","0.135969081623996"
"RP11-881M11.1","0.137050751566456"
"RP11-881M11.2","0.13704810021717"
"RP11-881M11.4","0.136203470023954"
"RP11-881M11.8","0.135706092688429"
"RP11-882G5.1","0.136974485014282"
"RP11-883A18.3","0.1358621432353"
"RP11-883G14.1","0.138316999627048"
"RP11-884K10.6","0.137700449376968"
"RP11-884K10.7","0.135554012608245"
"RP11-885B4.2","0.136211574403037"
"RP11-885N19.6","0.135046543542662"
"RP11-886D15.1","0.137154664439137"
"RP11-886P16.6","0.137621208760682"
"RP11-887P2.5","0.136405505687111"
"RP11-888D10.3","0.135610381939234"
"RP11-88E10.4","0.135902019886209"
"RP11-88E10.5","0.13532672972599"
"RP11-88G17.6","0.136205917717579"
"RP11-88H10.2","0.135798224484932"
"RP11-88H9.2","0.135775278482076"
"RP11-88I18.2","0.13919630817026"
"RP11-88I21.2","0.136059650706994"
"RP11-890B15.2","0.137511381731906"
"RP11-890B15.3","0.137621208760682"
"RP11-893F2.13","0.141316128094249"
"RP11-893F2.14","0.138325364772277"
"RP11-893F2.15","0.136252756319548"
"RP11-893F2.6","0.136231902586523"
"RP11-894J14.5","0.138003209893733"
"RP11-894P9.1","0.136432075021135"
"RP11-894P9.2","0.136173626151309"
"RP11-895M11.3","0.137170980753085"
"RP11-897M7.1","0.136514437678165"
"RP11-897M7.4","0.136407365989808"
"RP11-899L11.1","0.135798224484932"
"RP11-89C3.3","0.135283391888077"
"RP11-89C3.4","0.138000346641577"
"RP11-89F3.2","0.137078349739654"
"RP11-89G4.1","0.135139500878324"
"RP11-89H19.1","0.137647569900761"
"RP11-89H19.2","0.138754960916501"
"RP11-89K10.1","0.136974485014282"
"RP11-89K11.1","0.136924656664964"
"RP11-89K21.1","0.136531397505137"
"RP11-89M20.2","0.137058140525273"
"RP11-89M22.3","0.133915582792593"
"RP11-89N17.1","0.137189545859441"
"RP11-89N17.2","0.136974485014282"
"RP11-89N17.4","0.139015998860278"
"RP11-8L8.2","0.136975695242899"
"RP11-900F13.2","0.137571707944079"
"RP11-900F13.3","0.137196015027873"
"RP11-902B17.1","0.137944519059234"
"RP11-903H12.3","0.133854116528274"
"RP11-905K4.1","0.136554416533035"
"RP11-907D1.1","0.136509366974062"
"RP11-909N17.2","0.133729257248829"
"RP11-90B22.1","0.13716546875552"
"RP11-90B9.3","0.136181208686252"
"RP11-90C1.1","0.137711509870737"
"RP11-90C4.1","0.139189120849372"
"RP11-90C4.2","0.1374730519921"
"RP11-90D11.1","0.137189545859441"
"RP11-90D4.3","0.137189545859441"
"RP11-90E5.1","0.137359456481737"
"RP11-90J7.2","0.138295255492572"
"RP11-90J7.3","0.138271398643171"
"RP11-90J7.4","0.137999166164163"
"RP11-90K6.1","0.139016539462474"
"RP11-90L1.8","0.13824840483869"
"RP11-90L20.2","0.136252858523508"
"RP11-90M2.5","0.139673068842053"
"RP11-90P13.1","0.137480346795293"
"RP11-90P5.2","0.137797878157047"
"RP11-90P5.5","0.137701956675181"
"RP11-91A18.4","0.138474562142246"
"RP11-91G21.1","0.137257377164892"
"RP11-91I20.2","0.137797878157047"
"RP11-91I20.3","0.139905847431816"
"RP11-91I20.4","0.13851482881394"
"RP11-91I8.1","0.13378610328566"
"RP11-91I8.3","0.136018379971504"
"RP11-91J19.3","0.133854116528274"
"RP11-91J3.3","0.13576069019552"
"RP11-91K11.2","0.135097814772747"
"RP11-91K8.5","0.137154664439137"
"RP11-91P17.1","0.137352161678544"
"RP11-91P24.5","0.136295601820457"
"RP11-91P24.6","0.137177740059088"
"RP11-91P24.7","0.136977555545596"
"RP11-923I11.3","0.135639874466874"
"RP11-923I11.4","0.134256632614428"
"RP11-923I11.5","0.138473558078449"
"RP11-923I11.6","0.139044751698034"
"RP11-923I11.8","0.138295255492572"
"RP11-927P21.1","0.138420963142174"
"RP11-927P21.2","0.138268408232348"
"RP11-92A5.2","0.13919630817026"
"RP11-92B11.4","0.138285415013585"
"RP11-92C4.3","0.138060867092615"
"RP11-92C4.6","0.13601836791959"
"RP11-92F20.1","0.137478774224346"
"RP11-92G12.3","0.137247823969336"
"RP11-92J19.3","0.137821675566598"
"RP11-92K15.1","0.138474562142246"
"RP11-92K15.3","0.136921016206791"
"RP11-930O11.1","0.138586195011925"
"RP11-930O11.2","0.133587813371056"
"RP11-930O11.3","0.138325024700135"
"RP11-930P14.1","0.138295255492572"
"RP11-930P14.2","0.137043535312413"
"RP11-932A10.1","0.138568292583409"
"RP11-932O9.10","0.136437731706593"
"RP11-932O9.7","0.140588495932597"
"RP11-932O9.8","0.136940027680809"
"RP11-932O9.9","0.137532692905513"
"RP11-936I5.1","0.137250082361699"
"RP11-93B14.10","0.139673068842053"
"RP11-93B14.4","0.138060867092615"
"RP11-93B14.6","0.137728644308916"
"RP11-93B14.9","0.136018470123551"
"RP11-93G5.1","0.136952884700399"
"RP11-93H12.4","0.137868323575424"
"RP11-93H24.3","0.137103334450818"
"RP11-93I21.3","0.137944519059234"
"RP11-93K22.13","0.137200018714153"
"RP11-93K22.6","0.137002264576923"
"RP11-944C7.1","0.137797878157047"
"RP11-944L7.4","0.137189545859441"
"RP11-945A11.1","0.137571707944079"
"RP11-946L16.1","0.137146179951727"
"RP11-946L16.2","0.136953242226273"
"RP11-94A24.1","0.137711509870737"
"RP11-94B19.3","0.138009756286262"
"RP11-94B19.4","0.134964037088478"
"RP11-94B19.7","0.135097814772747"
"RP11-94C24.13","0.137797878157047"
"RP11-94C24.6","0.137266377663521"
"RP11-94H18.1","0.137621208760682"
"RP11-94I2.4","0.138346963677634"
"RP11-94M14.2","0.137390109930272"
"RP11-94P11.4","0.138002996980258"
"RP11-950C14.3","0.137257664896642"
"RP11-950C14.7","0.136407365989808"
"RP11-953B20.1","0.136018470123551"
"RP11-955H22.1","0.137944519059234"
"RP11-956E11.1","0.137823117597966"
"RP11-95D17.1","0.137266377663521"
"RP11-95H3.1","0.136529329617911"
"RP11-95I16.2","0.13699041898981"
"RP11-95I16.4","0.137571707944079"
"RP11-95I16.6","0.137465454855548"
"RP11-95L3.2","0.137348395987968"
"RP11-95M15.1","0.135150497951886"
"RP11-95M5.1","0.137621208760682"
"RP11-95O2.1","0.138594175636534"
"RP11-95O2.5","0.135775278482076"
"RP11-95P13.1","0.137797878157047"
"RP11-95P13.2","0.133811191021954"
"RP11-95P2.3","0.136952884700399"
"RP11-960D24.1","0.13532672972599"
"RP11-960L18.1","0.135775278482076"
"RP11-961A15.1","0.137177089838303"
"RP11-961A15.3","0.136947573488901"
"RP11-962G15.1","0.137621208760682"
"RP11-963H4.3","0.13748241468252"
"RP11-963H4.5","0.136231902586523"
"RP11-964E11.2","0.136974485014282"
"RP11-966I7.2","0.137682361587985"
"RP11-966I7.4","0.13759896040408"
"RP11-967K21.1","0.138433669375627"
"RP11-968A15.2","0.137469286301524"
"RP11-96A1.5","0.139671626810685"
"RP11-96A15.1","0.138428352100991"
"RP11-96B2.1","0.139928116846814"
"RP11-96B5.3","0.137879796084086"
"RP11-96C21.1","0.137512730261665"
"RP11-96C21.2","0.138990072661926"
"RP11-96C23.15","0.137196015027873"
"RP11-96D1.11","0.135283391888077"
"RP11-96D1.5","0.139600176789701"
"RP11-96D1.7","0.137189545859441"
"RP11-96D24.1","0.135534877508426"
"RP11-96H19.1","0.137078637471405"
"RP11-96K19.2","0.1372001088662"
"RP11-96K19.5","0.135878579698465"
"RP11-96L14.7","0.138474562142246"
"RP11-96L14.8","0.139044751698034"
"RP11-96L7.2","0.137497481233473"
"RP11-96O20.2","0.138784559156231"
"RP11-96O20.4","0.136059650706994"
"RP11-96O20.5","0.139242505835264"
"RP11-96P7.1","0.137287673087553"
"RP11-973D8.4","0.138474562142246"
"RP11-973F15.2","0.138448561315372"
"RP11-973H7.1","0.137384441192901"
"RP11-973H7.4","0.137711509870737"
"RP11-973H7.5","0.137200018714153"
"RP11-973N13.3","0.137266377663521"
"RP11-973N13.4","0.137647569900761"
"RP11-976B16.1","0.137647569900761"
"RP11-977B10.2","0.138060867092615"
"RP11-977G19.10","0.139145833623842"
"RP11-977G19.11","0.137879796084086"
"RP11-977G19.12","0.138474562142246"
"RP11-977G19.14","0.137647569900761"
"RP11-977P2.1","0.137797878157047"
"RP11-97C16.1","0.137682361587985"
"RP11-97E7.1","0.136554314329074"
"RP11-981G7.6","0.137621208760682"
"RP11-981P6.1","0.137497481233473"
"RP11-982M15.2","0.137621208760682"
"RP11-982M15.5","0.136554314329074"
"RP11-982M15.6","0.136437731706593"
"RP11-982M15.7","0.137711509870737"
"RP11-982M15.8","0.138990072661926"
"RP11-983C2.2","0.136952884700399"
"RP11-983P16.4","0.137728948773808"
"RP11-986G18.2","0.137797878157047"
"RP11-989E6.10","0.137600523117585"
"RP11-989F5.1","0.137266377663521"
"RP11-989F5.3","0.138594175636534"
"RP11-98D18.1","0.137571707944079"
"RP11-98D18.15","0.137282464080016"
"RP11-98D18.16","0.138596813502099"
"RP11-98D18.17","0.137189545859441"
"RP11-98D18.3","0.137797878157047"
"RP11-98D18.9","0.137647569900761"
"RP11-98F14.11","0.137000391292544"
"RP11-98G13.1","0.137192460854147"
"RP11-98G7.1","0.137080417626881"
"RP11-98I9.4","0.139673068842053"
"RP11-98O2.1","0.137682361587985"
"RP11-991C1.1","0.137361524368964"
"RP11-993B23.3","0.137797878157047"
"RP11-996F15.2","0.137002264576923"
"RP11-996F15.4","0.138586195011925"
"RP11-996F15.5","0.138658102233625"
"RP11-996F15.6","0.140592999783286"
"RP11-998D10.1","0.136994402252026"
"RP11-998D10.4","0.1362040444332"
"RP11-99A1.2","0.139242505835264"
"RP11-99E15.2","0.137217616709997"
"RP11-99H20.1","0.137868323575424"
"RP11-99J16--A.2","0.137797878157047"
"RP11-99L13.1","0.137503470273991"
"RP11-99L13.2","0.138474562142246"
"RP11-9B6.1","0.138055301674542"
"RP11-9G1.3","0.138060867092615"
"RP11-9M16.2","0.13601836791959"
"RP11-9N12.2","0.138326713302035"
"RP11-9N20.3","0.137797878157047"
"RP13-1016M1.2","0.138990072661926"
"RP13-1032I1.11","0.137266377663521"
"RP13-1032I1.7","0.137797878157047"
"RP13-1039J1.2","0.136252756319548"
"RP13-1039J1.3","0.137879796084086"
"RP13-126C7.1","0.136554416533035"
"RP13-126P21.2","0.137080417626881"
"RP13-131K19.1","0.137196015027873"
"RP13-131K19.2","0.137196015027873"
"RP13-131K19.6","0.135150497951886"
"RP13-131K19.7","0.136206007869626"
"RP13-143G15.4","0.137274816067963"
"RP13-16H11.2","0.137108645662315"
"RP13-16H11.5","0.137621208760682"
"RP13-188A5.1","0.136295601820457"
"RP13-192B19.2","0.137944519059234"
"RP13-20L14.1","0.137621208760682"
"RP13-20L14.6","0.138648261306319"
"RP13-212L9.1","0.139970753220655"
"RP13-216E22.4","0.137209766437014"
"RP13-225O21.2","0.137571707944079"
"RP13-228J13.1","0.136295601820457"
"RP13-270P17.1","0.139968900719251"
"RP13-270P17.2","0.139201827588256"
"RP13-270P17.3","0.137503470273991"
"RP13-279N23.2","0.137384441192901"
"RP13-297E16.4","0.137198145429774"
"RP13-297E16.5","0.137944519059234"
"RP13-30A9.2","0.13824840483869"
"RP13-314C10.5","0.138339381142691"
"RP13-317D12.3","0.134256632614428"
"RP13-347D8.7","0.136473345756625"
"RP13-349O20.2","0.138596813502099"
"RP13-379L11.4","0.136952884700399"
"RP13-379O24.3","0.137497785698364"
"RP13-39P12.3","0.139668976472004"
"RP13-401N8.1","0.136546768520982"
"RP13-436F16.1","0.137549827343693"
"RP13-43E11.1","0.13932486104908"
"RP13-444H2.1","0.137189545859441"
"RP13-463N16.6","0.13748241468252"
"RP13-465B17.4","0.137282373927969"
"RP13-465B17.5","0.134130805408545"
"RP13-467H17.1","0.138650519698682"
"RP13-46H24.1","0.136940027680809"
"RP13-476E20.1","0.137117333777341"
"RP13-487K5.1","0.137879796084086"
"RP13-494C23.1","0.138596813502099"
"RP13-497K6.1","0.138596035939231"
"RP13-49I15.6","0.138596813502099"
"RP13-512J5.1","0.137154664439137"
"RP13-514E23.2","0.138049735141131"
"RP13-516M14.1","0.137154664439137"
"RP13-516M14.10","0.138648261306319"
"RP13-516M14.2","0.138596813502099"
"RP13-516M14.4","0.137146179951727"
"RP13-539F13.3","0.137376590919917"
"RP13-539J13.1","0.136432062969221"
"RP13-554M15.8","0.136219904992188"
"RP13-560N11.1","0.13750534355837"
"RP13-577H12.2","0.136061213420499"
"RP13-578N3.3","0.13532672972599"
"RP13-57D9.3","0.137480634527043"
"RP13-580B18.4","0.137711797602487"
"RP13-580F15.2","0.13824840483869"
"RP13-582O9.7","0.13847168479407"
"RP13-614K11.2","0.138674948940055"
"RP13-616I3.1","0.137384543396861"
"RP13-631K18.2","0.138437500821604"
"RP13-631K18.3","0.139145833623842"
"RP13-631K18.5","0.138570266145636"
"RP13-638C3.3","0.137259445052118"
"RP13-638C3.4","0.139242505835264"
"RP13-650J16.1","0.137797878157047"
"RP13-672B3.2","0.137222927921495"
"RP13-714J12.1","0.137866450291045"
"RP13-726E6.1","0.137860765715419"
"RP13-726E6.2","0.137376895384809"
"RP13-735L24.1","0.137217628761911"
"RP13-753N3.1","0.137007563736507"
"RP13-753N3.3","0.138474562142246"
"RP13-766D20.2","0.137154664439137"
"RP13-766D20.4","0.138113172906542"
"RP13-786C16.1","0.138596813502099"
"RP13-81N3.2","0.137266377663521"
"RP13-820C6.2","0.137103436654778"
"RP13-820C6.4","0.139928116846814"
"RP13-870H17.3","0.139206898292359"
"RP13-884E18.2","0.136974485014282"
"RP13-884E18.4","0.137209766437014"
"RP13-890H12.2","0.137621208760682"
"RP13-895J2.2","0.138656241930928"
"RP13-895J2.3","0.137713577757963"
"RP13-895J2.6","0.137944519059234"
"RP13-895J2.7","0.136211574403037"
"RP13-923O23.6","0.137257377164892"
"RP13-941N14.1","0.137549827343693"
"RP13-942N8.1","0.139044751698034"
"RP13-977J11.2","0.137647569900761"
"RP13-977J11.8","0.137549827343693"
"RP13-977J11.9","0.138013587732238"
"RP13-991F5.2","0.139242505835264"
"RP1L1","0.13700235472897"
"RP2","0.137103436654778"
"RP3-322G13.7","0.13932486104908"
"RP3-323A16.1","0.137682361587985"
"RP3-323N1.2","0.136211574403037"
"RP3-323P24.3","0.139201581017724"
"RP3-324O17.8","0.137879796084086"
"RP3-325F22.3","0.1372001088662"
"RP3-325F22.5","0.135213876912978"
"RP3-326I13.1","0.137879796084086"
"RP3-329A5.8","0.138626401656016"
"RP3-329E20.2","0.137196015027873"
"RP3-330M21.5","0.138113172906542"
"RP3-331H24.5","0.13755768966859"
"RP3-332B22.1","0.138596813502099"
"RP3-333A15.1","0.137266377663521"
"RP3-333B15.5","0.137266377663521"
"RP3-333H23.8","0.135283391888077"
"RP3-335E1.1","0.137704215067544"
"RP3-337H4.10","0.137879796084086"
"RP3-337H4.8","0.138596813502099"
"RP3-337H4.9","0.137095788642726"
"RP3-337O18.9","0.138474562142246"
"RP3-339A18.6","0.135283391888077"
"RP3-340B19.3","0.137217718913958"
"RP3-340N1.2","0.137682361587985"
"RP3-340N1.6","0.135046543542662"
"RP3-355L5.4","0.136546768520982"
"RP3-355L5.5","0.137205675399611"
"RP3-359N14.2","0.136266755646071"
"RP3-369A17.4","0.138042087129079"
"RP3-380B4.1","0.13723161603652"
"RP3-380B8.4","0.136974485014282"
"RP3-382I10.7","0.137647569900761"
"RP3-388E23.2","0.137189545859441"
"RP3-388M5.9","0.138656241930928"
"RP3-388N13.5","0.138650519698682"
"RP3-393E18.2","0.138596813502099"
"RP3-393K13.1","0.137647569900761"
"RP3-394A18.1","0.137154664439137"
"RP3-395M20.12","0.138113172906542"
"RP3-395M20.2","0.135091705559277"
"RP3-395M20.3","0.139710716959506"
"RP3-395M20.8","0.138041782664187"
"RP3-395M20.9","0.139673315412586"
"RP3-395P12.2","0.139916134310453"
"RP3-398G3.5","0.137288030613427"
"RP3-399L15.3","0.137682361587985"
"RP3-400B16.1","0.138055301674542"
"RP3-400B16.4","0.139260115883022"
"RP3-402G11.25","0.138474562142246"
"RP3-402G11.26","0.13824840483869"
"RP3-402G11.27","0.139044751698034"
"RP3-402G11.28","0.137557779820637"
"RP3-403A15.5","0.139044751698034"
"RP3-403L10.3","0.137198145429774"
"RP3-404K8.2","0.139946601963667"
"RP3-405J10.4","0.138295255492572"
"RP3-406A7.7","0.137682361587985"
"RP3-406P24.3","0.137043535312413"
"RP3-406P24.4","0.13824840483869"
"RP3-412A9.16","0.140663232091669"
"RP3-413H6.2","0.138656241930928"
"RP3-414A15.10","0.13753476079274"
"RP3-414A15.2","0.138295255492572"
"RP3-416H24.1","0.138295255492572"
"RP3-416J7.4","0.138042087129079"
"RP3-417L20.4","0.138269893237902"
"RP3-422G23.4","0.137505433710417"
"RP3-425P12.1","0.137621208760682"
"RP3-425P12.2","0.138113172906542"
"RP3-425P12.5","0.137797878157047"
"RP3-428L16.1","0.139883387917115"
"RP3-428L16.2","0.137189545859441"
"RP3-429O6.1","0.136231902586523"
"RP3-430A16.1","0.137860461250527"
"RP3-430N8.10","0.134130805408545"
"RP3-430N8.11","0.138990072661926"
"RP3-431P23.5","0.13824840483869"
"RP3-437I16.1","0.1372001088662"
"RP3-438O4.4","0.137095788642726"
"RP3-439F8.1","0.137879796084086"
"RP3-441A12.1","0.138387150626841"
"RP3-443C4.2","0.139665679883236"
"RP3-446N13.5","0.137879796084086"
"RP3-448I9.2","0.139145833623842"
"RP3-449M8.6","0.138784271424481"
"RP3-449M8.9","0.137797878157047"
"RP3-453C12.15","0.137882310850034"
"RP3-454B23.1","0.138387150626841"
"RP3-455J7.4","0.137797878157047"
"RP3-460G2.2","0.138776976621288"
"RP3-461F17.3","0.138596813502099"
"RP3-461P17.10","0.137398440519424"
"RP3-461P17.9","0.1372001088662"
"RP3-462D8.2","0.138387150626841"
"RP3-465N24.6","0.13824840483869"
"RP3-466P17.1","0.138474562142246"
"RP3-466P17.2","0.138113172906542"
"RP3-467D16.3","0.139145833623842"
"RP3-467K16.2","0.13932486104908"
"RP3-467K16.4","0.137189545859441"
"RP3-467K16.7","0.138295255492572"
"RP3-467L1.4","0.139145833623842"
"RP3-467N11.1","0.13754661429386"
"RP3-468B3.2","0.137621208760682"
"RP3-468K18.5","0.137043535312413"
"RP3-468K18.7","0.13925244368064"
"RP3-470B24.5","0.1372001088662"
"RP3-470L22.1","0.138597816094707"
"RP3-471C18.1","0.137189545859441"
"RP3-471C18.2","0.138369799424582"
"RP3-471M13.2","0.134964037088478"
"RP3-473B4.3","0.137282464080016"
"RP3-473L9.4","0.138990072661926"
"RP3-475N16.1","0.138371762861007"
"RP3-476K8.3","0.140092132110195"
"RP3-477O4.14","0.139260115883022"
"RP3-483K16.4","0.137196015027873"
"RP3-486I3.5","0.138387150626841"
"RP3-486I3.7","0.137797878157047"
"RP3-492J12.2","0.137797878157047"
"RP3-495K2.2","0.139600176789701"
"RP3-496C20.1","0.137557779820637"
"RP3-500L14.2","0.13932486104908"
"RP3-503A6.2","0.139260115883022"
"RP3-507I15.2","0.138060867092615"
"RP3-508I15.10","0.137728644308916"
"RP3-508I15.14","0.135091705559277"
"RP3-508I15.18","0.138387150626841"
"RP3-508I15.19","0.137196015027873"
"RP3-508I15.21","0.137557677616676"
"RP3-508I15.22","0.137196015027873"
"RP3-508I15.9","0.137323644663459"
"RP3-510D11.2","0.138990072661926"
"RP3-510H16.3","0.138596813502099"
"RP3-510L9.1","0.138596035939231"
"RP3-510O8.4","0.137154664439137"
"RP3-512B11.3","0.137621208760682"
"RP3-512E2.2","0.13824840483869"
"RP3-513G18.2","0.138017353422814"
"RP3-514A23.2","0.138596813502099"
"RP3-518E13.2","0.139044751698034"
"RP3-521E19.2","0.136018470123551"
"RP3-522D1.1","0.135097814772747"
"RP3-522J7.6","0.139941284689032"
"RP3-522J7.7","0.136231902586523"
"RP3-522P13.3","0.138807394903179"
"RP3-523C21.2","0.13824840483869"
"RP3-523E19.2","0.138113172906542"
"RP3-525N10.2","0.137777777369304"
"RP4-529N6.1","0.138596813502099"
"RP4-529N6.2","0.140264629636224"
"RP4-530I15.6","0.138596813502099"
"RP4-530I15.9","0.139422467902639"
"RP4-533D7.4","0.138682811264952"
"RP4-533D7.5","0.137205675399611"
"RP4-534N18.2","0.137532980637263"
"RP4-535B20.1","0.137647569900761"
"RP4-535B20.4","0.134130805408545"
"RP4-536B24.2","0.137266377663521"
"RP4-536B24.3","0.137682361587985"
"RP4-536B24.4","0.137682361587985"
"RP4-537K23.4","0.137223285447369"
"RP4-539M6.14","0.137154664439137"
"RP4-539M6.19","0.13532672972599"
"RP4-539M6.22","0.135046543542662"
"RP4-541C22.5","0.137879796084086"
"RP4-545C24.1","0.137682361587985"
"RP4-545L17.11","0.137938232393328"
"RP4-548D19.3","0.137154664439137"
"RP4-549L20.3","0.139044751698034"
"RP4-550H1.4","0.136231902586523"
"RP4-550H1.5","0.138596813502099"
"RP4-550H1.7","0.137571707944079"
"RP4-553F4.2","0.138474562142246"
"RP4-555D20.2","0.137797878157047"
"RP4-555D20.3","0.138990072661926"
"RP4-555D20.4","0.139145833623842"
"RP4-555L14.4","0.139145833623842"
"RP4-559A3.7","0.13824840483869"
"RP4-561L24.3","0.137734633349434"
"RP4-563E14.1","0.139145833623842"
"RP4-564F22.5","0.138060867092615"
"RP4-564F22.7","0.138060867092615"
"RP4-564M11.2","0.139260115883022"
"RP4-565E6.1","0.138474562142246"
"RP4-566L20.1","0.137647569900761"
"RP4-568C11.4","0.139260115883022"
"RP4-568F9.3","0.138060867092615"
"RP4-568F9.6","0.13728050064359"
"RP4-569D19.8","0.139940348674985"
"RP4-569M23.2","0.137154664439137"
"RP4-569M23.5","0.13700225252501"
"RP4-575N6.4","0.137879796084086"
"RP4-576H24.4","0.137241289449643"
"RP4-580N22.2","0.138474562142246"
"RP4-583K8.1","0.138990072661926"
"RP4-583P15.10","0.135213876912978"
"RP4-583P15.15","0.137532980637263"
"RP4-583P15.16","0.138596813502099"
"RP4-584D14.5","0.1377364945819"
"RP4-584D14.6","0.138295255492572"
"RP4-585I14.3","0.138049644989084"
"RP4-591C20.9","0.136988856276305"
"RP4-591N18.2","0.137750493908423"
"RP4-593C16.4","0.138807394903179"
"RP4-593H12.1","0.137196015027873"
"RP4-594A5.1","0.135213876912978"
"RP4-594I10.3","0.137557779820637"
"RP4-597A16.2","0.135097814772747"
"RP4-597N16.4","0.137571707944079"
"RP4-598P13.1","0.139242505835264"
"RP4-601P9.2","0.139044751698034"
"RP4-604G5.1","0.13824840483869"
"RP4-604K5.3","0.137860461250527"
"RP4-605O3.4","0.13932486104908"
"RP4-607I7.1","0.138295255492572"
"RP4-612B15.3","0.137797878157047"
"RP4-613A2.1","0.139600176789701"
"RP4-613B23.1","0.138387150626841"
"RP4-613B23.5","0.139260115883022"
"RP4-614C15.2","0.140251923402771"
"RP4-614O4.11","0.139547830679481"
"RP4-616B8.4","0.138049644989084"
"RP4-616B8.5","0.139450662834588"
"RP4-620F22.2","0.139456651875106"
"RP4-621B10.8","0.137571707944079"
"RP4-621F18.2","0.135775278482076"
"RP4-621N11.2","0.137647569900761"
"RP4-622L5.7","0.139221790232105"
"RP4-625H18.2","0.137682361587985"
"RP4-630C24.3","0.139600176789701"
"RP4-631H13.2","0.134964037088478"
"RP4-633I8.4","0.138113172906542"
"RP4-633O19--A.1","0.137274511603072"
"RP4-635E18.6","0.137196015027873"
"RP4-635E18.7","0.139044751698034"
"RP4-635E18.8","0.137571707944079"
"RP4-635E18.9","0.137647569900761"
"RP4-639F20.1","0.134130805408545"
"RP4-639J15.3","0.139145833623842"
"RP4-640H8.2","0.139222077963855"
"RP4-644L1.2","0.13824840483869"
"RP4-646N3.1","0.138990072661926"
"RP4-647C14.2","0.137154664439137"
"RP4-647C14.3","0.139778993754924"
"RP4-650F12.2","0.137647569900761"
"RP4-651E10.4","0.1387640622101"
"RP4-655C5.4","0.137647569900761"
"RP4-655C5.9","0.139600176789701"
"RP4-655J12.4","0.138596813502099"
"RP4-655J12.5","0.137189545859441"
"RP4-656G21.1","0.137879796084086"
"RP4-657D16.3","0.139260115883022"
"RP4-657D16.6","0.137266377663521"
"RP4-660H19.1","0.136231902586523"
"RP4-663N10.1","0.137797878157047"
"RP4-665J23.1","0.137647569900761"
"RP4-665J23.2","0.137266377663521"
"RP4-665J23.4","0.13932486104908"
"RP4-665N4.8","0.137505433710417"
"RP4-666F24.3","0.138387150626841"
"RP4-668E10.4","0.135283391888077"
"RP4-668J24.2","0.138990072661926"
"RP4-669B10.3","0.137879796084086"
"RP4-669H2.1","0.139145833623842"
"RP4-669L17.10","0.138113172906542"
"RP4-669L17.2","0.138277188041095"
"RP4-669P10.16","0.139600176789701"
"RP4-669P10.20","0.138113172906542"
"RP4-671G15.2","0.135097814772747"
"RP4-671O14.7","0.137682361587985"
"RP4-673M15.1","0.13824840483869"
"RP4-676J13.2","0.137571707944079"
"RP4-677H15.4","0.137296361202578"
"RP4-678D15.1","0.13452601927554"
"RP4-680D5.2","0.133811191021954"
"RP4-680D5.8","0.138784271424481"
"RP4-680D5.9","0.137505433710417"
"RP4-681L3.2","0.137938232393328"
"RP4-681N20.5","0.138113172906542"
"RP4-682C21.5","0.139242505835264"
"RP4-683L5.1","0.137682361587985"
"RP4-684O24.5","0.138113172906542"
"RP4-686C3.7","0.137938232393328"
"RP4-693M11.3","0.13932486104908"
"RP4-694A7.2","0.137241289449643"
"RP4-694B14.8","0.136988856276305"
"RP4-697K14.15","0.138295255492572"
"RP4-697K14.3","0.138049644989084"
"RP4-704D21.2","0.138060867092615"
"RP4-704D23.1","0.138113172906542"
"RP4-705F19.1","0.137682361587985"
"RP4-706G24.1","0.135097814772747"
"RP4-710M16.2","0.139044751698034"
"RP4-710M3.2","0.138474562142246"
"RP4-712E4.1","0.138387150626841"
"RP4-712E4.2","0.137621208760682"
"RP4-714D9.2","0.137266377663521"
"RP4-715N11.2","0.138060867092615"
"RP4-718J7.4","0.138060867092615"
"RP4-719C8.1","0.136974485014282"
"RP4-724E16.2","0.137154664439137"
"RP4-726F1.1","0.134964037088478"
"RP4-726N1.2","0.135097814772747"
"RP4-728D4.2","0.139242505835264"
"RP4-734G22.3","0.138474562142246"
"RP4-734P14.4","0.137223285447369"
"RP4-735C1.4","0.135283391888077"
"RP4-735C1.6","0.139910810696535"
"RP4-736H5.3","0.137621208760682"
"RP4-736L20.3","0.134964037088478"
"RP4-737E23.2","0.139145833623842"
"RP4-738P15.1","0.136974485014282"
"RP4-742C19.13","0.137266377663521"
"RP4-742J24.2","0.137266377663521"
"RP4-745E8.2","0.137879796084086"
"RP4-745K6.1","0.135775278482076"
"RP4-751H13.7","0.137571707944079"
"RP4-752I6.1","0.137647569900761"
"RP4-753D10.5","0.137296361202578"
"RP4-753F5.1","0.138387150626841"
"RP4-756G23.5","0.137189545859441"
"RP4-758J18.10","0.138294626944166"
"RP4-758J18.13","0.138060867092615"
"RP4-758J18.7","0.138474562142246"
"RP4-760C5.3","0.135283391888077"
"RP4-760C5.5","0.135091705559277"
"RP4-761J14.10","0.138474562142246"
"RP4-761J14.8","0.137563346354048"
"RP4-764O22.1","0.136231902586523"
"RP4-765H13.1","0.138060867092615"
"RP4-769N13.7","0.139242505835264"
"RP4-771M4.3","0.137938232393328"
"RP4-773N10.4","0.137682361587985"
"RP4-777L9.2","0.139242505835264"
"RP4-777L9.3","0.137043535312413"
"RP4-777O23.1","0.138990072661926"
"RP4-777O23.2","0.137200018714153"
"RP4-777O23.3","0.13987397827243"
"RP4-778K6.3","0.137879796084086"
"RP4-781K5.2","0.137691300656356"
"RP4-781K5.4","0.138113172906542"
"RP4-781K5.5","0.139260115883022"
"RP4-781K5.6","0.137797878157047"
"RP4-781K5.7","0.137511000243828"
"RP4-781K5.9","0.137101473218352"
"RP4-782L23.2","0.139260115883022"
"RP4-784A16.1","0.137196015027873"
"RP4-784A16.2","0.139600176789701"
"RP4-784A16.5","0.136690797601161"
"RP4-789D17.5","0.136059650706994"
"RP4-790G17.7","0.137797878157047"
"RP4-791M13.3","0.137647569900761"
"RP4-791M13.4","0.13752539810232"
"RP4-794H19.1","0.13759896040408"
"RP4-794I6.4","0.139145833623842"
"RP4-797C5.2","0.138659882389102"
"RP4-798A10.2","0.137217718913958"
"RP4-798A10.4","0.138295255492572"
"RP4-798A10.7","0.137175021951076"
"RP4-799D16.1","0.138017353422814"
"RP4-799P18.2","0.137682361587985"
"RP4-800J21.3","0.137266377663521"
"RP4-803J11.2","0.139242505835264"
"RP4-806M20.3","0.136231902586523"
"RP4-806M20.4","0.138060867092615"
"RP4-806M20.5","0.136294039106952"
"RP4-809F18.1","0.139936011841568"
"RP4-809F18.2","0.138595748207481"
"RP4-811H24.9","0.138060867092615"
"RP4-813D12.3","0.136595597116478"
"RP4-816N1.6","0.137682361587985"
"RP4-816N1.7","0.137571707944079"
"RP5-1004I9.1","0.137144617238222"
"RP5-1007H16.1","0.137469066812236"
"RP5-1009E24.8","0.137250082361699"
"RP5-1011O1.2","0.135283391888077"
"RP5-1011O1.3","0.137095788642726"
"RP5-1017F8.2","0.135091705559277"
"RP5-1018K9.1","0.134943030822534"
"RP5-1021I20.1","0.135091705559277"
"RP5-1021I20.2","0.137879796084086"
"RP5-1021I20.4","0.137682361587985"
"RP5-1021I20.5","0.138387150626841"
"RP5-1021I20.8","0.137621208760682"
"RP5-1022P6.4","0.137682361587985"
"RP5-1022P6.5","0.133854116528274"
"RP5-1022P6.7","0.137255804593945"
"RP5-1023B21.1","0.136016506687125"
"RP5-1024C24.1","0.137266377663521"
"RP5-1024G6.2","0.135223980694457"
"RP5-1024G6.5","0.137196015027873"
"RP5-1024G6.7","0.137797878157047"
"RP5-1024N4.2","0.133854116528274"
"RP5-1024N4.4","0.136211574403037"
"RP5-1025A1.3","0.136252858523508"
"RP5-1027G4.3","0.135570491558458"
"RP5-1027O15.1","0.137478774224346"
"RP5-1028K7.2","0.135901401957675"
"RP5-1028K7.3","0.134625754878607"
"RP5-1029F21.2","0.136227771608384"
"RP5-1029F21.3","0.135570491558458"
"RP5-1029F21.4","0.13607634247089"
"RP5-1030M6.3","0.137189545859441"
"RP5-1031D4.2","0.135653861741483"
"RP5-1031J8.1","0.137647569900761"
"RP5-1033H22.2","0.137797878157047"
"RP5-1039K5.13","0.137621208760682"
"RP5-1039K5.16","0.136206007869626"
"RP5-1039K5.17","0.135775278482076"
"RP5-1039K5.18","0.137685964199783"
"RP5-1042K10.10","0.137571707944079"
"RP5-1042K10.13","0.136690797601161"
"RP5-1050D4.2","0.137571707944079"
"RP5-1050D4.3","0.133534270430575"
"RP5-1050D4.4","0.137480634527043"
"RP5-1050D4.5","0.134943030822534"
"RP5-1050E16.1","0.135796661771427"
"RP5-1050E16.2","0.135571163779566"
"RP5-1051H14.2","0.137621208760682"
"RP5-1052I5.2","0.136432062969221"
"RP5-1056H1.2","0.136198055392682"
"RP5-1056L3.1","0.137189545859441"
"RP5-1057B20.3","0.136231902586523"
"RP5-1057I20.4","0.138295255492572"
"RP5-1057I20.5","0.135837308962975"
"RP5-1057J7.7","0.13452601927554"
"RP5-1061H20.4","0.137266377663521"
"RP5-1061H20.5","0.135283391888077"
"RP5-1063M23.1","0.137879796084086"
"RP5-1063M23.2","0.135775278482076"
"RP5-1065J22.8","0.134239688809708"
"RP5-1065O2.4","0.136974485014282"
"RP5-1065P14.2","0.137621208760682"
"RP5-1065P14.3","0.138295255492572"
"RP5-1066H13.4","0.138335395962826"
"RP5-1068E13.7","0.137879796084086"
"RP5-1068H6.6","0.137571707944079"
"RP5-1069C8.2","0.137255804593945"
"RP5-1069C8.3","0.138656241930928"
"RP5-1070A16.1","0.134130805408545"
"RP5-1070G24.2","0.136974485014282"
"RP5-1071N3.1","0.137647569900761"
"RP5-1073O3.2","0.138113172906542"
"RP5-1074L1.1","0.13824840483869"
"RP5-1074L1.4","0.137571707944079"
"RP5-1077I2.3","0.137571707944079"
"RP5-1085F17.3","0.135775278482076"
"RP5-1085F17.4","0.138295255492572"
"RP5-1086K13.1","0.137196015027873"
"RP5-1087E8.3","0.137154664439137"
"RP5-1091N2.9","0.137938232393328"
"RP5-1092A11.2","0.136974485014282"
"RP5-1092A11.5","0.137797878157047"
"RP5-1092A3.4","0.135283391888077"
"RP5-1092A3.5","0.137938232393328"
"RP5-1093G23.1","0.137154664439137"
"RP5-1096D14.3","0.137154664439137"
"RP5-1096D14.6","0.136974485014282"
"RP5-1096J16.1","0.137196015027873"
"RP5-1097P24.1","0.136554326380988"
"RP5-1098D14.1","0.136344651453816"
"RP5-1101C3.1","0.137682361587985"
"RP5-1102E8.3","0.137571707944079"
"RP5-1103B4.3","0.135091705559277"
"RP5-1103G7.10","0.137154664439137"
"RP5-1107A17.3","0.135091705559277"
"RP5-1112D6.4","0.137550131808584"
"RP5-1112D6.7","0.138113172906542"
"RP5-1112D6.8","0.134239688809708"
"RP5-1113E3.3","0.137797878157047"
"RP5-1115A15.1","0.138596813502099"
"RP5-1116H23.3","0.13700235472897"
"RP5-1116H23.4","0.136409146145284"
"RP5-1116H23.5","0.137196015027873"
"RP5-1116H23.6","0.137000391292544"
"RP5-1119A7.10","0.137557677616676"
"RP5-1119A7.14","0.137682361587985"
"RP5-1119O21.2","0.137154664439137"
"RP5-1120P11.1","0.13967183972416"
"RP5-1120P11.3","0.137557677616676"
"RP5-1121A15.3","0.139422467902639"
"RP5-1121E10.2","0.139260115883022"
"RP5-1121H13.3","0.138295255492572"
"RP5-1125A11.6","0.137154664439137"
"RP5-1125A11.7","0.135213876912978"
"RP5-1125N11.1","0.136231902586523"
"RP5-1125N11.2","0.137797878157047"
"RP5-1136G13.2","0.137266377663521"
"RP5-1139B12.2","0.138060867092615"
"RP5-1139B12.3","0.137647569900761"
"RP5-1139I1.1","0.137571707944079"
"RP5-1139I1.2","0.136974485014282"
"RP5-1142A6.10","0.137621208760682"
"RP5-1142A6.2","0.138990072661926"
"RP5-1142A6.5","0.135046543542662"
"RP5-1142A6.8","0.137196015027873"
"RP5-1142A6.9","0.137682361587985"
"RP5-1142J19.1","0.137682361587985"
"RP5-1148A21.3","0.136690797601161"
"RP5-1157M23.2","0.135097814772747"
"RP5-1158E12.3","0.137938232393328"
"RP5-1159O4.1","0.137095484177834"
"RP5-1159O4.2","0.138060867092615"
"RP5-1160K1.6","0.137621208760682"
"RP5-1160K1.8","0.134130805408545"
"RP5-1166F10.1","0.136294039106952"
"RP5-1170K4.7","0.137196015027873"
"RP5-1171I10.5","0.135091705559277"
"RP5-1172A22.1","0.135775278482076"
"RP5-1172N10.2","0.136974485014282"
"RP5-1177I5.3","0.134625754878607"
"RP5-1177M21.1","0.134943030822534"
"RP5-1178H5.2","0.137189545859441"
"RP5-1180C18.1","0.137797878157047"
"RP5-1180E21.4","0.133729257248829"
"RP5-1180E21.5","0.137189545859441"
"RP5-1182A14.5","0.133854116528274"
"RP5-1184F4.5","0.136010822111498"
"RP5-1184F4.7","0.132739748966869"
"RP5-1185H19.2","0.137647569900761"
"RP5-1185I7.1","0.136554326380988"
"RP5-1185K9.1","0.134964037088478"
"RP5-1186N24.3","0.136974485014282"
"RP5-1186P10.2","0.133915582792593"
"RP5-1187M17.10","0.135213876912978"
"RP5-1195D24.1","0.137571707944079"
"RP5-1198O20.4","0.136939723215917"
"RP5-821D11.7","0.135213876912978"
"RP5-823G15.5","0.137879796084086"
"RP5-826L7.1","0.133729257248829"
"RP5-827C21.2","0.136690797601161"
"RP5-827C21.4","0.136974485014282"
"RP5-827C21.6","0.134943030822534"
"RP5-828H9.1","0.137571707944079"
"RP5-828H9.4","0.137189545859441"
"RP5-832C2.5","0.137189545859441"
"RP5-834N19.1","0.135835435678596"
"RP5-836J3.1","0.137621208760682"
"RP5-837I24.4","0.137621208760682"
"RP5-837J1.4","0.139668976472004"
"RP5-837J1.6","0.137682361587985"
"RP5-837M10.4","0.137571707944079"
"RP5-839B4.8","0.137215755477532"
"RP5-842K16.1","0.13452601927554"
"RP5-843L14.1","0.134130805408545"
"RP5-851M4.1","0.135796661771427"
"RP5-855D21.1","0.13317825116695"
"RP5-855D21.2","0.134964037088478"
"RP5-855F14.2","0.136690797601161"
"RP5-855F16.1","0.137154664439137"
"RP5-856G1.1","0.133854116528274"
"RP5-857K21.2","0.136690797601161"
"RP5-857K21.4","0.133854116528274"
"RP5-858B6.1","0.137571707944079"
"RP5-858B6.3","0.137189545859441"
"RP5-858L17.1","0.137879796084086"
"RP5-862P8.2","0.137189717549095"
"RP5-864K19.4","0.137154664439137"
"RP5-864K19.6","0.137621208760682"
"RP5-866L20.1","0.133915582792593"
"RP5-867C24.5","0.137571707944079"
"RP5-874C20.8","0.134625754878607"
"RP5-875H18.10","0.135213876912978"
"RP5-875H18.4","0.133915582792593"
"RP5-875H18.9","0.135283391888077"
"RP5-875O13.1","0.137266377663521"
"RP5-881L22.5","0.136881051323727"
"RP5-881P19.7","0.133915582792593"
"RP5-882C2.2","0.137189545859441"
"RP5-884C9.2","0.133729257248829"
"RP5-884G6.2","0.133915582792593"
"RP5-884M6.1","0.133915582792593"
"RP5-887A10.1","0.135153515854848"
"RP5-888M10.2","0.136399783454865"
"RP5-890E16.5","0.136690797601161"
"RP5-892K4.1","0.135814380087125"
"RP5-893G23.1","0.135046543542662"
"RP5-894A10.2","0.134943030822534"
"RP5-894D12.4","0.135097814772747"
"RP5-894D12.5","0.137797878157047"
"RP5-897D18.1","0.136226199037437"
"RP5-899B16.1","0.134689581215541"
"RP5-899B16.2","0.135578811791618"
"RP5-899E9.1","0.135213876912978"
"RP5-901A4.1","0.137196015027873"
"RP5-902P8.10","0.135046543542662"
"RP5-902P8.12","0.134943030822534"
"RP5-903G2.2","0.135097814772747"
"RP5-905G11.3","0.136010822111498"
"RP5-905N1.2","0.137621208760682"
"RP5-906A24.2","0.137879796084086"
"RP5-906C1.1","0.135632316606868"
"RP5-907D15.3","0.137266377663521"
"RP5-907D15.4","0.134256632614428"
"RP5-908M14.5","0.134964037088478"
"RP5-908M14.9","0.135265161277901"
"RP5-919F19.5","0.137797878157047"
"RP5-921G16.1","0.133010799378599"
"RP5-921G16.2","0.135213876912978"
"RP5-930J4.2","0.134256632614428"
"RP5-933B4.1","0.136205905665665"
"RP5-933E2.1","0.136881051323727"
"RP5-933K21.3","0.135775278482076"
"RP5-936J12.1","0.13378610328566"
"RP5-937E21.8","0.136552453096609"
"RP5-940F7.2","0.137682361587985"
"RP5-940J5.3","0.137797878157047"
"RP5-940J5.6","0.134964037088478"
"RP5-940J5.8","0.136974485014282"
"RP5-940J5.9","0.136974485014282"
"RP5-942I16.1","0.137266377663521"
"RP5-943J3.2","0.137154664439137"
"RP5-944M2.1","0.135775278482076"
"RP5-944M2.2","0.136266755646071"
"RP5-944M2.3","0.135283391888077"
"RP5-945I17.2","0.137154664439137"
"RP5-947P14.1","0.13452601927554"
"RP5-951N9.1","0.137154664439137"
"RP5-952N6.1","0.135213876912978"
"RP5-955M13.4","0.135213876912978"
"RP5-956O18.2","0.137196015027873"
"RP5-956O18.3","0.137071054936461"
"RP5-963E22.4","0.139210510249048"
"RP5-963E22.5","0.135091705559277"
"RP5-963E22.6","0.13317825116695"
"RP5-965F6.2","0.13824840483869"
"RP5-965G21.3","0.137879796084086"
"RP5-965G21.4","0.133915582792593"
"RP5-965G21.5","0.136294039106952"
"RP5-965G21.6","0.137571707944079"
"RP5-966M1.6","0.135213876912978"
"RP5-967N21.11","0.136690797601161"
"RP5-968D22.1","0.139145833623842"
"RP5-968D22.3","0.135283391888077"
"RP5-968J1.1","0.137879796084086"
"RP5-968P14.2","0.137879796084086"
"RP5-971N18.3","0.134239688809708"
"RP5-973N23.4","0.137682361587985"
"RP5-978I12.1","0.13932486104908"
"RP5-981O7.2","0.137797878157047"
"RP5-983L19.2","0.137879796084086"
"RP5-984P4.6","0.137215755477532"
"RP5-991G20.1","0.137682361587985"
"RP5-991G20.2","0.137571707944079"
"RP5-991G20.6","0.137797878157047"
"RP5-994D16.11","0.136690797601161"
"RP5-994D16.3","0.137895341663282"
"RP5-997D16.2","0.133626982934793"
"RP5-997D24.3","0.136342790221351"
"RP5-998N21.4","0.137797878157047"
"RP5-998N21.7","0.134256632614428"
"RP5-999L4.2","0.137571676943199"
"RP6-109B7.2","0.133377878435333"
"RP6-109B7.4","0.136219904992188"
"RP6-109B7.5","0.135283391888077"
"RP6-114E22.1","0.137797878157047"
"RP6-159A1.3","0.137797878157047"
"RP6-159A1.4","0.135097814772747"
"RP6-191P20.4","0.137895341663282"
"RP6-1O2.1","0.137797878157047"
"RP6-201G10.2","0.136974485014282"
"RP6-24A23.3","0.138060867092615"
"RP6-65G23.3","0.133854116528274"
"RP6-65G23.5","0.137571707944079"
"RP6-74O6.2","0.135775278482076"
"RP6-74O6.6","0.135213876912978"
"RP6-91H8.1","0.136974485014282"
"RP6-91H8.2","0.135283391888077"
"RP6-91H8.3","0.137505433710417"
"RP6-91H8.5","0.137257664896642"
"RP6-99M1.3","0.136690797601161"
"RP9","0.137189545859441"
"RPA1","0.137797878157047"
"RPA2","0.137879796084086"
"RPA3","0.137189545859441"
"RPA4","0.135213876912978"
"RPAIN","0.139145833623842"
"RPAP1","0.137797878157047"
"RPAP2","0.134943030822534"
"RPAP3","0.137797878157047"
"RPE","0.13638593424122"
"RPE65","0.137938232393328"
"RPEL1","0.13824840483869"
"RPF1","0.137868311523511"
"RPF2","0.13700225252501"
"RPGR","0.137196015027873"
"RPGRIP1","0.138295255492572"
"RPGRIP1L","0.137895341663282"
"RPH3A","0.137266377663521"
"RPH3AL","0.137647569900761"
"RPIA","0.137879796084086"
"RPL10","0.137797878157047"
"RPL10A","0.135213876912978"
"RPL10L","0.138295255492572"
"RPL11","0.13452601927554"
"RPL12","0.138295255492572"
"RPL13","0.137196015027873"
"RPL13A","0.1398746787567"
"RPL14","0.138387150626841"
"RPL15","0.138474562142246"
"RPL17","0.137157808113863"
"RPL17-C18orf32","0.137797878157047"
"RPL18","0.13824840483869"
"RPL18A","0.137196015027873"
"RPL19","0.134239688809708"
"RPL21","0.137154664439137"
"RPL22","0.138060867092615"
"RPL22L1","0.138113172906542"
"RPL23","0.137196015027873"
"RPL23A","0.135775278482076"
"RPL24","0.137266377663521"
"RPL26","0.138060867092615"
"RPL26L1","0.136690797601161"
"RPL27","0.134625754878607"
"RPL27A","0.137266377663521"
"RPL28","0.138060867092615"
"RPL29","0.134130805408545"
"RPL3","0.134625754878607"
"RPL30","0.137531120334566"
"RPL31","0.137154664439137"
"RPL32","0.137282464080016"
"RPL34","0.139910810696535"
"RPL34-AS1","0.135213876912978"
"RPL35","0.137895341663282"
"RPL35A","0.139206898292359"
"RPL36","0.137797878157047"
"RPL36A","0.137266377663521"
"RPL36A-HNRNPH2","0.137157808113863"
"RPL36AL","0.13824840483869"
"RPL37","0.139242505835264"
"RPL37A","0.137189545859441"
"RPL38","0.138387150626841"
"RPL39","0.137157808113863"
"RPL39L","0.137189545859441"
"RPL3L","0.138113172906542"
"RPL4","0.137647569900761"
"RPL41","0.137266377663521"
"RPL5","0.137196015027873"
"RPL6","0.138474562142246"
"RPL7","0.138060867092615"
"RPL7A","0.136266755646071"
"RPL7L1","0.137157808113863"
"RPL8","0.138474562142246"
"RPL9","0.136974485014282"
"RPLP0","0.135213876912978"
"RPLP1","0.137621208760682"
"RPLP2","0.138295255492572"
"RPN1","0.137682361587985"
"RPN2","0.135097814772747"
"RPP14","0.136446062295744"
"RPP21","0.137895341663282"
"RPP25","0.138113172906542"
"RPP25L","0.137266377663521"
"RPP30","0.137189545859441"
"RPP38","0.138024935957758"
"RPP40","0.13824840483869"
"RPPH1","0.137621208760682"
"RPRD1A","0.137797878157047"
"RPRD1B","0.137895341663282"
"RPRD2","0.136595597116478"
"RPRM","0.1377364945819"
"RPRML","0.13824840483869"
"RPS10","0.139242505835264"
"RPS10-NUDT3","0.137532980637263"
"RPS11","0.137647569900761"
"RPS12","0.137196015027873"
"RPS13","0.136252858523508"
"RPS14","0.138060867092615"
"RPS15","0.137571707944079"
"RPS15A","0.140092132110195"
"RPS16","0.137214005988762"
"RPS17","0.135097814772747"
"RPS18","0.137282464080016"
"RPS19","0.138364114848955"
"RPS19BP1","0.137938232393328"
"RPS2","0.138060867092615"
"RPS20","0.137266377663521"
"RPS21","0.13723161603652"
"RPS23","0.137274511603072"
"RPS24","0.136881051323727"
"RPS25","0.138656241930928"
"RPS26","0.137938232393328"
"RPS27","0.134625754878607"
"RPS27A","0.137621208760682"
"RPS27L","0.137938232393328"
"RPS28","0.136690797601161"
"RPS29","0.138364114848955"
"RPS3","0.137682361587985"
"RPS3A","0.137189545859441"
"RPS4X","0.136974485014282"
"RPS4Y1","0.136881051323727"
"RPS4Y2","0.13824840483869"
"RPS5","0.138474562142246"
"RPS6","0.138295255492572"
"RPS6KA1","0.137879796084086"
"RPS6KA2","0.137938232393328"
"RPS6KA3","0.138387150626841"
"RPS6KA4","0.139044751698034"
"RPS6KA5","0.136974485014282"
"RPS6KA6","0.137895341663282"
"RPS6KB1","0.138387150626841"
"RPS6KB2","0.137196015027873"
"RPS6KC1","0.137895341663282"
"RPS6KL1","0.137938232393328"
"RPS7","0.137770578745839"
"RPS8","0.137879796084086"
"RPS9","0.133915582792593"
"RPSA","0.139547830679481"
"RPTN","0.137157808113863"
"RPTOR","0.137621208760682"
"RPUSD1","0.137571707944079"
"RPUSD2","0.138113172906542"
"RPUSD3","0.139044751698034"
"RPUSD4","0.13824840483869"
"RQCD1","0.137214005988762"
"RRAD","0.137157808113863"
"RRAGA","0.137189545859441"
"RRAGB","0.137266613997784"
"RRAGC","0.137154664439137"
"RRAGD","0.137621208760682"
"RRAS","0.137196015027873"
"RRAS2","0.139242505835264"
"RRBP1","0.137266377663521"
"RREB1","0.137621208760682"
"RRH","0.137266377663521"
"RRM1","0.13452601927554"
"RRM1-AS1","0.13932486104908"
"RRM2","0.13824840483869"
"RRM2B","0.136957104075958"
"RRN3","0.136974485014282"
"RRNAD1","0.137621208760682"
"RRP1","0.138113172906542"
"RRP12","0.137938232393328"
"RRP15","0.139260115883022"
"RRP1B","0.137682361587985"
"RRP36","0.139044751698034"
"RRP7A","0.137266377663521"
"RRP8","0.137196015027873"
"RRP9","0.137682361587985"
"RRS1","0.13824840483869"
"RRS1-AS1","0.139145833623842"
"RS1","0.137938232393328"
"RSAD1","0.137571707944079"
"RSAD2","0.138060867092615"
"RSBN1","0.13932486104908"
"RSBN1L","0.134943030822534"
"RSF1","0.137647569900761"
"RSG1","0.138596813502099"
"RSL1D1","0.137682361587985"
"RSL24D1","0.137196015027873"
"RSPH1","0.13824840483869"
"RSPH10B","0.135283391888077"
"RSPH10B2","0.136881051323727"
"RSPH14","0.137621208760682"
"RSPH3","0.137895341663282"
"RSPH4A","0.137189545859441"
"RSPH6A","0.137157808113863"
"RSPH9","0.138060867092615"
"RSPO1","0.137196015027873"
"RSPO2","0.138060867092615"
"RSPO3","0.137621208760682"
"RSPO4","0.135775278482076"
"RSPRY1","0.138387150626841"
"RSRC1","0.137189545859441"
"RSRC2","0.134130805408545"
"RSRP1","0.139778993754924"
"RSU1","0.137647569900761"
"RTBDN","0.139242505835264"
"RTCA","0.137196015027873"
"RTCA-AS1","0.137682361587985"
"RTCB","0.137647569900761"
"RTEL1","0.139242505835264"
"RTEL1-TNFRSF6B","0.137682361587985"
"RTF1","0.137266377663521"
"RTFDC1","0.138387150626841"
"RTKN","0.136974485014282"
"RTKN2","0.137621208760682"
"RTL1","0.137621208760682"
"RTN1","0.134239688809708"
"RTN2","0.137647569900761"
"RTN3","0.134625754878607"
"RTN4","0.137938232393328"
"RTN4IP1","0.139695345943661"
"RTN4R","0.136881051323727"
"RTN4RL1","0.139242505835264"
"RTN4RL2","0.137571707944079"
"RTP1","0.139260115883022"
"RTP2","0.139242505835264"
"RTP3","0.137274816067963"
"RTP4","0.137895341663282"
"RTP5","0.137621208760682"
"RTTN","0.13932486104908"
"RUBCN","0.133915582792593"
"RUFY1","0.13824840483869"
"RUFY2","0.13824840483869"
"RUFY3","0.13441575395094"
"RUFY4","0.137196015027873"
"RUNDC1","0.138060867092615"
"RUNDC3A","0.13452601927554"
"RUNDC3A-AS1","0.138060867092615"
"RUNDC3B","0.137621208760682"
"RUNX1","0.138596813502099"
"RUNX1T1","0.138596813502099"
"RUNX2","0.138060867092615"
"RUNX3","0.134130805408545"
"RUSC1","0.136068812501052"
"RUSC1-AS1","0.137196015027873"
"RUSC2","0.139547830679481"
"RUVBL1","0.134256632614428"
"RUVBL1-AS1","0.137621208760682"
"RUVBL2","0.136881051323727"
"RWDD1","0.134966197027948"
"RWDD2A","0.138113172906542"
"RWDD2B","0.139309113170809"
"RWDD3","0.137750493908423"
"RWDD4","0.137571707944079"
"RXFP1","0.139246877147229"
"RXFP2","0.135283391888077"
"RXFP3","0.137189545859441"
"RXFP4","0.137505433710417"
"RXRA","0.139260115883022"
"RXRB","0.137154664439137"
"RXRG","0.138113172906542"
"RYBP","0.137647569900761"
"RYK","0.136690797601161"
"RYR1","0.137797878157047"
"RYR2","0.135213876912978"
"RYR3","0.134625754878607"
"S100A1","0.139044751698034"
"S100A10","0.137879796084086"
"S100A11","0.135097814772747"
"S100A12","0.137154664439137"
"S100A13","0.13452601927554"
"S100A14","0.136690797601161"
"S100A16","0.135775278482076"
"S100A2","0.137571707944079"
"S100A3","0.137157808113863"
"S100A4","0.137895341663282"
"S100A5","0.139309113170809"
"S100A6","0.137266377663521"
"S100A7","0.13824840483869"
"S100A7A","0.139044751698034"
"S100A8","0.13754661429386"
"S100A9","0.137266377663521"
"S100B","0.137316446039995"
"S100G","0.137797878157047"
"S100P","0.137895341663282"
"S100PBP","0.135283391888077"
"S100Z","0.130902506372095"
"S1PR1","0.137571707944079"
"S1PR2","0.137571707944079"
"S1PR3","0.138387150626841"
"S1PR4","0.139145833623842"
"S1PR5","0.135213876912978"
"SAA1","0.138113172906542"
"SAA2","0.139242505835264"
"SAA2-SAA4","0.137682361587985"
"SAA4","0.136974485014282"
"SAAL1","0.138387150626841"
"SAC3D1","0.137571676943199"
"SACM1L","0.136690797601161"
"SACS","0.137621208760682"
"SACS-AS1","0.139044751698034"
"SAE1","0.134295969016384"
"SAFB","0.134130805408545"
"SAFB2","0.136690797601161"
"SAG","0.134295969016384"
"SAGE1","0.136974485014282"
"SALL1","0.137266377663521"
"SALL2","0.134625754878607"
"SALL3","0.133729257248829"
"SALL4","0.134130805408545"
"SALRNA1","0.137621208760682"
"SALRNA2","0.137157808113863"
"SAMD1","0.137879796084086"
"SAMD10","0.135775278482076"
"SAMD11","0.137682361587985"
"SAMD12","0.139242505835264"
"SAMD12-AS1","0.134295969016384"
"SAMD13","0.137196015027873"
"SAMD14","0.134130805408545"
"SAMD15","0.134239688809708"
"SAMD3","0.137189545859441"
"SAMD4A","0.137682361587985"
"SAMD4B","0.137571707944079"
"SAMD5","0.133915582792593"
"SAMD7","0.135775278482076"
"SAMD8","0.137938232393328"
"SAMD9","0.136974485014282"
"SAMD9L","0.134256632614428"
"SAMHD1","0.134625754878607"
"SAMM50","0.138060867092615"
"SAMSN1","0.136957104075958"
"SAMSN1-AS1","0.136344946001278"
"SAP130","0.134943030822534"
"SAP18","0.137621208760682"
"SAP25","0.137189545859441"
"SAP30","0.137621208760682"
"SAP30BP","0.136690797601161"
"SAP30L","0.137189545859441"
"SAP30L-AS1","0.137647569900761"
"SAPCD1","0.137266377663521"
"SAPCD1-AS1","0.137189545859441"
"SAPCD2","0.137154664439137"
"SAR1A","0.137797878157047"
"SAR1B","0.138387150626841"
"SARAF","0.137647569900761"
"SARDH","0.137157808113863"
"SARM1","0.136881051323727"
"SARNP","0.138113172906542"
"SARS","0.138387150626841"
"SARS2","0.137266377663521"
"SART1","0.135097814772747"
"SART3","0.13824840483869"
"SASH1","0.138295255492572"
"SASH3","0.138302184804172"
"SASS6","0.138113172906542"
"SAT1","0.13824840483869"
"SAT2","0.135097814772747"
"SATB1","0.139600176789701"
"SATB2","0.137189545859441"
"SATB2-AS1","0.137895341663282"
"SATL1","0.135213876912978"
"SAV1","0.135213876912978"
"SAXO1","0.137189545859441"
"SAXO2","0.137266377663521"
"SAYSD1","0.137189545859441"
"SBDS","0.139456651875106"
"SBF1","0.137647569900761"
"SBF2","0.137154664439137"
"SBF2-AS1","0.139145833623842"
"SBK1","0.137571707944079"
"SBK3","0.139547830679481"
"SBNO1","0.135097814772747"
"SBNO2","0.139220217661158"
"SBSN","0.134239688809708"
"SBSPON","0.138113172906542"
"SC22CB-1D7.1","0.137860765715419"
"SC5D","0.136881051323727"
"SCAANT1","0.138113172906542"
"SCAF1","0.137895341663282"
"SCAF11","0.137251700873937"
"SCAF4","0.136957104075958"
"SCAF8","0.137154664439137"
"SCAI","0.137647569900761"
"SCAMP1","0.137196015027873"
"SCAMP1-AS1","0.137196015027873"
"SCAMP2","0.135213876912978"
"SCAMP3","0.137196015027873"
"SCAMP4","0.138060867092615"
"SCAMP5","0.134256632614428"
"SCAND1","0.138387150626841"
"SCAP","0.137266377663521"
"SCAPER","0.136974485014282"
"SCARA3","0.135213876912978"
"SCARA5","0.139044751698034"
"SCARB1","0.137938232393328"
"SCARB2","0.138295255492572"
"SCARF1","0.137797878157047"
"SCARF2","0.134966197027948"
"SCARNA2","0.138295255492572"
"SCARNA9","0.137879796084086"
"SCCPDH","0.137895341663282"
"SCD","0.137266377663521"
"SCD5","0.136974485014282"
"SCEL","0.137682361587985"
"SCFD1","0.137797878157047"
"SCFD2","0.13824840483869"
"SCG2","0.135097814772747"
"SCG3","0.136957104075958"
"SCG5","0.133729257248829"
"SCGB1A1","0.138387150626841"
"SCGB1B2P","0.137196015027873"
"SCGB1C1","0.137157808113863"
"SCGB1C2","0.138295255492572"
"SCGB1D1","0.137895341663282"
"SCGB1D2","0.139547830679481"
"SCGB1D4","0.137647569900761"
"SCGB2A1","0.137196015027873"
"SCGB2A2","0.137157808113863"
"SCGB2B2","0.13723161603652"
"SCGB3A1","0.136690797601161"
"SCGB3A2","0.137154664439137"
"SCGN","0.136974485014282"
"SCHIP1","0.137938232393328"
"SCHLAP1","0.138113172906542"
"SCIMP","0.134256632614428"
"SCIN","0.139242505835264"
"SCLT1","0.139242505835264"
"SCLY","0.13824840483869"
"SCMH1","0.136957104075958"
"SCML1","0.13824840483869"
"SCML2","0.137682361587985"
"SCML4","0.139260115883022"
"SCN10A","0.133915582792593"
"SCN11A","0.138295255492572"
"SCN1A","0.137571707944079"
"SCN1B","0.140344671925283"
"SCN2A","0.134943030822534"
"SCN2B","0.137682361587985"
"SCN3A","0.137157808113863"
"SCN3B","0.136881051323727"
"SCN4A","0.13979540129637"
"SCN4B","0.137571707944079"
"SCN5A","0.13824840483869"
"SCN7A","0.137879796084086"
"SCN8A","0.137797878157047"
"SCN9A","0.138113172906542"
"SCNM1","0.137266377663521"
"SCNN1A","0.13932486104908"
"SCNN1B","0.13824840483869"
"SCNN1D","0.137938232393328"
"SCNN1G","0.135775278482076"
"SCO1","0.137647569900761"
"SCO2","0.137154664439137"
"SCOC","0.137647569900761"
"SCOC-AS1","0.135213876912978"
"SCP2","0.138060867092615"
"SCPEP1","0.134852022079995"
"SCRG1","0.137797878157047"
"SCRIB","0.138387150626841"
"SCRN1","0.135097814772747"
"SCRN2","0.137282464080016"
"SCRN3","0.137266377663521"
"SCRT1","0.137189545859441"
"SCT","0.137895341663282"
"SCTR","0.136881051323727"
"SCUBE1","0.136974485014282"
"SCUBE2","0.137144617238222"
"SCUBE3","0.136881051323727"
"SCX","0.139044751698034"
"SCYL1","0.137571707944079"
"SCYL2","0.137196015027873"
"SCYL3","0.136239989829605"
"SDAD1","0.137682361587985"
"SDC1","0.137196015027873"
"SDC2","0.138387150626841"
"SDC3","0.137266377663521"
"SDC4","0.134295969016384"
"SDCBP","0.133854116528274"
"SDCBP2","0.137189545859441"
"SDCBP2-AS1","0.138387150626841"
"SDCCAG3","0.136690797601161"
"SDCCAG8","0.137266377663521"
"SDE2","0.137154664439137"
"SDF2","0.137797878157047"
"SDF2L1","0.137797878157047"
"SDF4","0.13638593424122"
"SDHA","0.137938232393328"
"SDHAF1","0.136690797601161"
"SDHAF2","0.137157808113863"
"SDHAF3","0.137571707944079"
"SDHAF4","0.138060867092615"
"SDHB","0.137154664439137"
"SDHC","0.135775278482076"
"SDHD","0.133729257248829"
"SDK1","0.135775278482076"
"SDK2","0.137196015027873"
"SDPR","0.137571707944079"
"SDR16C5","0.137621208760682"
"SDR39U1","0.137157808113863"
"SDR42E1","0.133811191021954"
"SDR42E2","0.137571707944079"
"SDR9C7","0.139145833623842"
"SDS","0.137895341663282"
"SDSL","0.139910810696535"
"SEC11A","0.136974485014282"
"SEC11C","0.137895341663282"
"SEC13","0.138113172906542"
"SEC14L1","0.139377947523684"
"SEC14L2","0.137621208760682"
"SEC14L3","0.134943030822534"
"SEC14L4","0.133811191021954"
"SEC14L5","0.137571707944079"
"SEC14L6","0.137154664439137"
"SEC16A","0.138387150626841"
"SEC16B","0.134064572346227"
"SEC22A","0.135283391888077"
"SEC22B","0.137571707944079"
"SEC22C","0.138113172906542"
"SEC23A","0.138387150626841"
"SEC23B","0.137266377663521"
"SEC23IP","0.137266377663521"
"SEC24A","0.137797878157047"
"SEC24B","0.137647569900761"
"SEC24B-AS1","0.137682361587985"
"SEC24C","0.135213876912978"
"SEC24D","0.135283391888077"
"SEC31A","0.136690797601161"
"SEC31B","0.135097814772747"
"SEC61A1","0.137879796084086"
"SEC61A2","0.137266908545245"
"SEC61B","0.137682361587985"
"SEC61G","0.136690797601161"
"SEC62","0.136957104075958"
"SEC62-AS1","0.137266377663521"
"SEC63","0.136690797601161"
"SECISBP2","0.138060867092615"
"SECISBP2L","0.137621208760682"
"SECTM1","0.135097814772747"
"SEH1L","0.135097814772747"
"SEL1L","0.137154664439137"
"SEL1L2","0.137621208760682"
"SEL1L3","0.13932486104908"
"SELE","0.137154664439137"
"SELENBP1","0.137879796084086"
"SELK","0.137621208760682"
"SELL","0.137192631998834"
"SELM","0.137879796084086"
"SELO","0.137647569900761"
"SELP","0.137196015027873"
"SELPLG","0.138113172906542"
"SELT","0.137797878157047"
"SELV","0.134064572346227"
"SEMA3A","0.13452601927554"
"SEMA3B","0.137895341663282"
"SEMA3B-AS1","0.137196015027873"
"SEMA3C","0.137189545859441"
"SEMA3D","0.133811191021954"
"SEMA3E","0.136344753657777"
"SEMA3F","0.136974485014282"
"SEMA3F-AS1","0.137196015027873"
"SEMA3G","0.136690797601161"
"SEMA4A","0.137157808113863"
"SEMA4B","0.137571707944079"
"SEMA4C","0.135283391888077"
"SEMA4D","0.137682361587985"
"SEMA4F","0.137264752765319"
"SEMA4G","0.13452601927554"
"SEMA5A","0.13441575395094"
"SEMA5B","0.139044751698034"
"SEMA6A","0.13378610328566"
"SEMA6A-AS1","0.13441575395094"
"SEMA6B","0.13441575395094"
"SEMA6C","0.137938232393328"
"SEMA6D","0.134256632614428"
"SEMA7A","0.133729257248829"
"SEMG1","0.137571707944079"
"SEMG2","0.135283391888077"
"SENCR","0.137938232393328"
"SENP1","0.137555816384211"
"SENP2","0.134943030822534"
"SENP3","0.136974485014282"
"SENP3-EIF4A1","0.136957104075958"
"SENP5","0.137196015027873"
"SENP6","0.137266377663521"
"SENP7","0.136974485014282"
"SENP8","0.138225790502324"
"SEP15","0.137196015027873"
"SEPHS1","0.137647569900761"
"SEPHS2","0.135213876912978"
"SEPN1","0.133915582792593"
"SEPP1","0.134966197027948"
"SEPSECS","0.13378610328566"
"SEPSECS-AS1","0.134064572346227"
"SEPT1","0.137196015027873"
"SEPT10","0.133854116528274"
"SEPT11","0.136957104075958"
"SEPT12","0.134130805408545"
"SEPT14","0.13378610328566"
"SEPT2","0.137571707944079"
"SEPT3","0.13441575395094"
"SEPT4","0.137647569900761"
"SEPT4-AS1","0.133854116528274"
"SEPT5","0.133811191021954"
"SEPT6","0.137264752765319"
"SEPT7","0.136957104075958"
"SEPT7-AS1","0.136957104075958"
"SEPT8","0.134943030822534"
"SEPT9","0.134295969016384"
"SEPW1","0.134625754878607"
"SERAC1","0.138113172906542"
"SERBP1","0.13452601927554"
"SERF1A","0.133534270430575"
"SERF1B","0.136974485014282"
"SERF2","0.137621208760682"
"SERGEF","0.134256632614428"
"SERHL2","0.13378610328566"
"SERINC1","0.135097814772747"
"SERINC2","0.13378610328566"
"SERINC3","0.13441575395094"
"SERINC4","0.137189545859441"
"SERINC5","0.134239688809708"
"SERP1","0.135213876912978"
"SERP2","0.137647569900761"
"SERPINA1","0.136690797601161"
"SERPINA10","0.135775278482076"
"SERPINA11","0.137647569900761"
"SERPINA3","0.134625754878607"
"SERPINA4","0.133854116528274"
"SERPINA5","0.137282464080016"
"SERPINA6","0.133534270430575"
"SERPINA7","0.135775278482076"
"SERPINA9","0.134295969016384"
"SERPINB1","0.135213876912978"
"SERPINB10","0.135775278482076"
"SERPINB11","0.134064572346227"
"SERPINB12","0.137157808113863"
"SERPINB13","0.135775278482076"
"SERPINB2","0.136219904992188"
"SERPINB3","0.136974485014282"
"SERPINB4","0.135837308962975"
"SERPINB5","0.13441575395094"
"SERPINB6","0.137647569900761"
"SERPINB7","0.137895341663282"
"SERPINB8","0.133854116528274"
"SERPINB9","0.135097814772747"
"SERPINB9P1","0.136974485014282"
"SERPINC1","0.137217718913958"
"SERPIND1","0.137895341663282"
"SERPINE1","0.136957104075958"
"SERPINE2","0.136690797601161"
"SERPINE3","0.137154664439137"
"SERPINF1","0.137571707944079"
"SERPINF2","0.134966197027948"
"SERPING1","0.13441575395094"
"SERPINH1","0.136957104075958"
"SERPINI1","0.137095484177834"
"SERPINI2","0.137189545859441"
"SERTAD1","0.135639964618921"
"SERTAD2","0.134966197027948"
"SERTAD3","0.13452601927554"
"SERTAD4","0.136294039106952"
"SERTAD4-AS1","0.134239688809708"
"SERTM1","0.137154664439137"
"SESN1","0.136957104075958"
"SESN2","0.135570491558458"
"SESN3","0.137196015027873"
"SESTD1","0.135775278482076"
"SET","0.135636677402067"
"SETBP1","0.135283391888077"
"SETD1A","0.134064572346227"
"SETD1B","0.133377878435333"
"SETD2","0.135265161277901"
"SETD3","0.134943030822534"
"SETD4","0.132562783438274"
"SETD5","0.133377878435333"
"SETD6","0.134130805408545"
"SETD7","0.134064572346227"
"SETD9","0.134943030822534"
"SETDB1","0.137571707944079"
"SETDB2","0.137154664439137"
"SETMAR","0.137571707944079"
"SETSIP","0.134966197027948"
"SETX","0.135636677402067"
"SEZ6","0.135755673531484"
"SEZ6L","0.133915582792593"
"SEZ6L2","0.137571707944079"
"SF1","0.13378610328566"
"SF3A1","0.136247188453069"
"SF3A2","0.134943030822534"
"SF3A3","0.134625754878607"
"SF3B1","0.132537814720741"
"SF3B2","0.137196015027873"
"SF3B3","0.137189545859441"
"SF3B4","0.134943030822534"
"SF3B5","0.136104757897457"
"SF3B6","0.13564635351514"
"SFI1","0.137157808113863"
"SFMBT1","0.13686427072985"
"SFMBT2","0.138024935957758"
"SFN","0.134064572346227"
"SFPQ","0.136690797601161"
"SFR1","0.13686427072985"
"SFRP1","0.136018662467051"
"SFRP2","0.135894125277662"
"SFRP4","0.135636677402067"
"SFRP5","0.135775278482076"
"SFSWAP","0.134295969016384"
"SFT2D1","0.132562783438274"
"SFT2D2","0.138060867092615"
"SFT2D3","0.137682361587985"
"SFTA1P","0.134966197027948"
"SFTA2","0.137647569900761"
"SFTA3","0.136957104075958"
"SFTPA1","0.138295255492572"
"SFTPA2","0.136881051323727"
"SFTPB","0.135852854542171"
"SFTPC","0.132465782241389"
"SFTPD","0.137196015027873"
"SFTPD-AS1","0.137157808113863"
"SFXN1","0.137157808113863"
"SFXN2","0.133915582792593"
"SFXN3","0.135775278482076"
"SFXN4","0.135775278482076"
"SFXN5","0.133591245351454"
"SGCA","0.135636677402067"
"SGCB","0.137196015027873"
"SGCD","0.136974485014282"
"SGCE","0.133534270430575"
"SGCG","0.13441575395094"
"SGCZ","0.134295969016384"
"SGF29","0.137157808113863"
"SGIP1","0.137154664439137"
"SGK1","0.136881051323727"
"SGK2","0.134943030822534"
"SGK223","0.134943030822534"
"SGK3","0.137196015027873"
"SGK494","0.13686427072985"
"SGMS1","0.133915582792593"
"SGMS1-AS1","0.133377878435333"
"SGMS2","0.133854116528274"
"SGOL1","0.135837399115022"
"SGOL2","0.134295969016384"
"SGPL1","0.135636677402067"
"SGPP1","0.135837591458523"
"SGPP2","0.13441575395094"
"SGSH","0.135636677402067"
"SGSM1","0.136690797601161"
"SGSM2","0.137682361587985"
"SGSM3","0.136957104075958"
"SGTA","0.13378610328566"
"SGTB","0.135775278482076"
"SH2B1","0.134295969016384"
"SH2B2","0.136032367246113"
"SH2B3","0.13441575395094"
"SH2D1A","0.136974485014282"
"SH2D1B","0.136957104075958"
"SH2D2A","0.137189545859441"
"SH2D3A","0.137797878157047"
"SH2D3C","0.137647569900761"
"SH2D4A","0.138060867092615"
"SH2D4B","0.134943030822534"
"SH2D5","0.134295969016384"
"SH2D6","0.13452601927554"
"SH2D7","0.134064572346227"
"SH3BGR","0.133626982934793"
"SH3BGRL","0.134064572346227"
"SH3BGRL2","0.136881051323727"
"SH3BGRL3","0.134130805408545"
"SH3BP1","0.137196015027873"
"SH3BP2","0.134064572346227"
"SH3BP4","0.137266377663521"
"SH3BP5","0.136957104075958"
"SH3BP5-AS1","0.134966197027948"
"SH3BP5L","0.137938232393328"
"SH3D19","0.136063127925426"
"SH3D21","0.136690797601161"
"SH3GL1","0.13441575395094"
"SH3GL2","0.133811191021954"
"SH3GL3","0.134625754878607"
"SH3GLB1","0.135636677402067"
"SH3GLB2","0.138113172906542"
"SH3KBP1","0.134256632614428"
"SH3PXD2A","0.13452601927554"
"SH3PXD2A-AS1","0.137154664439137"
"SH3PXD2B","0.136690797601161"
"SH3RF1","0.134625754878607"
"SH3RF2","0.137647569900761"
"SH3RF3","0.136974485014282"
"SH3RF3-AS1","0.134943030822534"
"SH3TC1","0.137157808113863"
"SH3TC2","0.135639154891676"
"SH3YL1","0.135755391035936"
"SHANK1","0.137196015027873"
"SHANK2","0.135097814772747"
"SHANK2-AS1","0.136690797601161"
"SHANK2-AS3","0.134295969016384"
"SHANK3","0.13441575395094"
"SHARPIN","0.136690797601161"
"SHB","0.13441575395094"
"SHBG","0.134256632614428"
"SHC1","0.134239688809708"
"SHC2","0.134239688809708"
"SHC3","0.134625754878607"
"SHC4","0.136881051323727"
"SHCBP1","0.133591245351454"
"SHCBP1L","0.136881051323727"
"SHD","0.13686427072985"
"SHE","0.133729257248829"
"SHF","0.134239688809708"
"SHFM1","0.133915582792593"
"SHH","0.135853137037719"
"SHISA2","0.136957104075958"
"SHISA3","0.13686427072985"
"SHISA4","0.136974485014282"
"SHISA5","0.134625754878607"
"SHISA6","0.135636677402067"
"SHISA7","0.135636677402067"
"SHISA8","0.135775278482076"
"SHISA9","0.134256632614428"
"SHKBP1","0.136881051323727"
"SHMT1","0.136344753657777"
"SHMT2","0.134966197027948"
"SHOC2","0.137266377663521"
"SHOX","0.137879796084086"
"SHOX2","0.133626982934793"
"SHPK","0.134943030822534"
"SHPRH","0.134943030822534"
"SHQ1","0.134625754878607"
"SHROOM1","0.134239688809708"
"SHROOM2","0.135636677402067"
"SHROOM3","0.137157808113863"
"SHROOM4","0.133811191021954"
"SHTN1","0.133626982934793"
"SI","0.134966197027948"
"SIAE","0.135775278482076"
"SIAH1","0.136974485014282"
"SIAH2","0.134130805408545"
"SIAH2-AS1","0.135097814772747"
"SIAH3","0.135097814772747"
"SIDT1","0.137154664439137"
"SIDT1-AS1","0.134966197027948"
"SIDT2","0.13686427072985"
"SIGIRR","0.135097814772747"
"SIGLEC1","0.133729257248829"
"SIGLEC10","0.13686427072985"
"SIGLEC11","0.138060867092615"
"SIGLEC12","0.135775278482076"
"SIGLEC14","0.134064572346227"
"SIGLEC15","0.134064572346227"
"SIGLEC5","0.136690797601161"
"SIGLEC6","0.134625754878607"
"SIGLEC7","0.137571707944079"
"SIGLEC8","0.137797878157047"
"SIGLEC9","0.134256632614428"
"SIGLECL1","0.137154664439137"
"SIGMAR1","0.137571707944079"
"SIK1","0.137682361587985"
"SIK2","0.136690797601161"
"SIK3","0.136336801180833"
"SIKE1","0.134966197027948"
"SIL1","0.135775278482076"
"SIM1","0.136881051323727"
"SIM2","0.133854116528274"
"SIMC1","0.138338633845829"
"SIN3A","0.137189545859441"
"SIN3B","0.135636677402067"
"SIPA1","0.13686427072985"
"SIPA1L1","0.135775278482076"
"SIPA1L2","0.137189545859441"
"SIPA1L3","0.13686427072985"
"SIRPA","0.136018470123551"
"SIRPB1","0.136881051323727"
"SIRPB2","0.134625754878607"
"SIRPD","0.134064572346227"
"SIRPG","0.13378610328566"
"SIRPG-AS1","0.138060867092615"
"SIRT1","0.133915582792593"
"SIRT2","0.135886926654197"
"SIRT3","0.138295255492572"
"SIRT4","0.137157808113863"
"SIRT5","0.137621208760682"
"SIRT6","0.13441575395094"
"SIRT7","0.134966197027948"
"SIT1","0.137157808113863"
"SIVA1","0.137196015027873"
"SIX1","0.136881051323727"
"SIX2","0.134064572346227"
"SIX3","0.136957104075958"
"SIX3-AS1","0.134239688809708"
"SIX4","0.13317825116695"
"SIX5","0.134130805408545"
"SIX6","0.13452601927554"
"SKA1","0.135636677402067"
"SKA2","0.13452601927554"
"SKA3","0.137682361587985"
"SKAP1","0.136881051323727"
"SKAP2","0.137154664439137"
"SKI","0.133010799378599"
"SKIDA1","0.137621208760682"
"SKIL","0.133626982934793"
"SKIV2L","0.137154664439137"
"SKIV2L2","0.137189545859441"
"SKOR1","0.13638593424122"
"SKOR2","0.137154664439137"
"SKP1","0.137621208760682"
"SKP2","0.137157808113863"
"SLA","0.137196015027873"
"SLA2","0.134295969016384"
"SLAIN1","0.133854116528274"
"SLAIN2","0.137157808113863"
"SLAMF1","0.134239688809708"
"SLAMF6","0.135636677402067"
"SLAMF7","0.135837308962975"
"SLAMF8","0.135636677402067"
"SLAMF9","0.133854116528274"
"SLBP","0.137621208760682"
"SLC10A1","0.132562783438274"
"SLC10A2","0.133377878435333"
"SLC10A3","0.135636677402067"
"SLC10A4","0.136957104075958"
"SLC10A5","0.135636677402067"
"SLC10A6","0.134064572346227"
"SLC10A7","0.137797878157047"
"SLC11A1","0.135636677402067"
"SLC11A2","0.137480346795293"
"SLC12A1","0.132537814720741"
"SLC12A2","0.137682361587985"
"SLC12A3","0.136690797601161"
"SLC12A4","0.134239688809708"
"SLC12A5","0.137647569900761"
"SLC12A6","0.137189545859441"
"SLC12A7","0.137682361587985"
"SLC12A8","0.137647569900761"
"SLC12A9","0.13452601927554"
"SLC13A1","0.136957104075958"
"SLC13A2","0.137154664439137"
"SLC13A3","0.135097814772747"
"SLC13A4","0.136957104075958"
"SLC13A5","0.137647569900761"
"SLC14A1","0.137571707944079"
"SLC14A2","0.137647569900761"
"SLC14A2-AS1","0.135636677402067"
"SLC15A1","0.137189545859441"
"SLC15A2","0.136881051323727"
"SLC15A3","0.136052452083529"
"SLC15A4","0.135097814772747"
"SLC15A5","0.136479584050207"
"SLC16A1","0.136690797601161"
"SLC16A1-AS1","0.133915582792593"
"SLC16A10","0.133915582792593"
"SLC16A11","0.137196015027873"
"SLC16A12","0.136881051323727"
"SLC16A12-AS1","0.133377878435333"
"SLC16A13","0.137647569900761"
"SLC16A14","0.135097814772747"
"SLC16A2","0.135097814772747"
"SLC16A3","0.13317825116695"
"SLC16A4","0.134943030822534"
"SLC16A5","0.13441575395094"
"SLC16A6","0.134625754878607"
"SLC16A7","0.13452601927554"
"SLC16A8","0.134943030822534"
"SLC16A9","0.137797878157047"
"SLC17A1","0.133377878435333"
"SLC17A3","0.13686427072985"
"SLC17A4","0.133729257248829"
"SLC17A5","0.137304287758128"
"SLC17A7","0.134256632614428"
"SLC17A8","0.133811191021954"
"SLC17A9","0.133854116528274"
"SLC18A1","0.137682361587985"
"SLC18A2","0.134625754878607"
"SLC18A3","0.133377878435333"
"SLC18B1","0.134256632614428"
"SLC19A1","0.13441575395094"
"SLC19A2","0.133811191021954"
"SLC19A3","0.137682361587985"
"SLC1A1","0.136690797601161"
"SLC1A2","0.138113172906542"
"SLC1A3","0.137621208760682"
"SLC1A4","0.134943030822534"
"SLC1A5","0.134239688809708"
"SLC1A6","0.137571707944079"
"SLC1A7","0.13686427072985"
"SLC20A1","0.137621208760682"
"SLC20A2","0.137621208760682"
"SLC22A1","0.137647569900761"
"SLC22A10","0.134130805408545"
"SLC22A11","0.134130805408545"
"SLC22A13","0.136378735617756"
"SLC22A14","0.13378610328566"
"SLC22A15","0.135929817384242"
"SLC22A16","0.13686427072985"
"SLC22A17","0.137682361587985"
"SLC22A18","0.13441575395094"
"SLC22A18AS","0.13441575395094"
"SLC22A2","0.133915582792593"
"SLC22A23","0.13317825116695"
"SLC22A25","0.136690797601161"
"SLC22A3","0.137571707944079"
"SLC22A31","0.137196015027873"
"SLC22A4","0.137157808113863"
"SLC22A5","0.137154664439137"
"SLC22A6","0.13378610328566"
"SLC22A7","0.13686427072985"
"SLC22A8","0.134295969016384"
"SLC22A9","0.133811191021954"
"SLC23A1","0.134256632614428"
"SLC23A2","0.136690797601161"
"SLC23A3","0.133854116528274"
"SLC24A1","0.132465782241389"
"SLC24A2","0.137266377663521"
"SLC24A3","0.137157808113863"
"SLC24A4","0.135605172931697"
"SLC24A5","0.137157808113863"
"SLC25A1","0.133377878435333"
"SLC25A10","0.135636677402067"
"SLC25A11","0.134256632614428"
"SLC25A12","0.137266377663521"
"SLC25A13","0.134239688809708"
"SLC25A14","0.136881051323727"
"SLC25A15","0.134064572346227"
"SLC25A16","0.136690797601161"
"SLC25A17","0.135636677402067"
"SLC25A18","0.137647569900761"
"SLC25A19","0.134943030822534"
"SLC25A2","0.136957104075958"
"SLC25A20","0.134064572346227"
"SLC25A21","0.137266377663521"
"SLC25A21-AS1","0.134295969016384"
"SLC25A22","0.133729257248829"
"SLC25A23","0.134966197027948"
"SLC25A24","0.134064572346227"
"SLC25A25","0.133344161090166"
"SLC25A25-AS1","0.13378610328566"
"SLC25A26","0.134295969016384"
"SLC25A27","0.133626982934793"
"SLC25A28","0.136479584050207"
"SLC25A29","0.132537814720741"
"SLC25A3","0.136310133999328"
"SLC25A30","0.134625754878607"
"SLC25A30-AS1","0.137189545859441"
"SLC25A31","0.129953781918414"
"SLC25A32","0.137531336915817"
"SLC25A33","0.133024784743168"
"SLC25A34","0.133915582792593"
"SLC25A35","0.133854116528274"
"SLC25A36","0.133811191021954"
"SLC25A37","0.134625754878607"
"SLC25A38","0.133854116528274"
"SLC25A39","0.132739748966869"
"SLC25A4","0.13441575395094"
"SLC25A40","0.137157808113863"
"SLC25A41","0.134256632614428"
"SLC25A42","0.137196015027873"
"SLC25A43","0.134130805408545"
"SLC25A44","0.134239688809708"
"SLC25A45","0.134256632614428"
"SLC25A46","0.134966197027948"
"SLC25A47","0.13452601927554"
"SLC25A48","0.134064572346227"
"SLC25A5","0.133854116528274"
"SLC25A51","0.134295969016384"
"SLC25A52","0.137280613324307"
"SLC25A53","0.136479584050207"
"SLC25A6","0.133854116528274"
"SLC26A1","0.131193337207201"
"SLC26A10","0.136881051323727"
"SLC26A11","0.133344161090166"
"SLC26A2","0.133344161090166"
"SLC26A3","0.135828145510845"
"SLC26A4","0.132465782241389"
"SLC26A4-AS1","0.133626982934793"
"SLC26A5","0.134130805408545"
"SLC26A6","0.134256632614428"
"SLC26A7","0.134295969016384"
"SLC26A8","0.135636677402067"
"SLC26A9","0.134064572346227"
"SLC27A1","0.133377878435333"
"SLC27A2","0.131193337207201"
"SLC27A3","0.132465782241389"
"SLC27A4","0.137189545859441"
"SLC27A5","0.133024784743168"
"SLC27A6","0.134295969016384"
"SLC28A1","0.13317825116695"
"SLC28A2","0.133377878435333"
"SLC28A3","0.136881051323727"
"SLC29A1","0.134295969016384"
"SLC29A2","0.132212852099872"
"SLC29A3","0.132537814720741"
"SLC29A4","0.136690797601161"
"SLC2A1","0.134064572346227"
"SLC2A1-AS1","0.131681504651926"
"SLC2A10","0.133854116528274"
"SLC2A11","0.133626982934793"
"SLC2A12","0.133626982934793"
"SLC2A13","0.134966197027948"
"SLC2A14","0.13686427072985"
"SLC2A2","0.134239688809708"
"SLC2A3","0.134064572346227"
"SLC2A4","0.133626982934793"
"SLC2A4RG","0.13452601927554"
"SLC2A5","0.134625754878607"
"SLC2A6","0.133344161090166"
"SLC2A7","0.133591245351454"
"SLC2A8","0.13317825116695"
"SLC2A9","0.133010799378599"
"SLC30A1","0.13317825116695"
"SLC30A10","0.135837308962975"
"SLC30A2","0.136881051323727"
"SLC30A3","0.132562783438274"
"SLC30A4","0.135851296237584"
"SLC30A5","0.134130805408545"
"SLC30A6","0.133344161090166"
"SLC30A7","0.132562783438274"
"SLC30A8","0.133915582792593"
"SLC30A9","0.136479584050207"
"SLC31A1","0.134295969016384"
"SLC31A2","0.13441575395094"
"SLC32A1","0.134064572346227"
"SLC33A1","0.134064572346227"
"SLC34A1","0.134239688809708"
"SLC34A2","0.132537814720741"
"SLC34A3","0.133658581788238"
"SLC35A1","0.133729257248829"
"SLC35A2","0.132039347769831"
"SLC35A3","0.132562783438274"
"SLC35A4","0.134471169041122"
"SLC35A5","0.136690797601161"
"SLC35B1","0.132465782241389"
"SLC35B2","0.133811191021954"
"SLC35B3","0.133024784743168"
"SLC35B4","0.133915582792593"
"SLC35C1","0.136479584050207"
"SLC35C2","0.133729257248829"
"SLC35D1","0.136479584050207"
"SLC35D2","0.132739748966869"
"SLC35D3","0.133344161090166"
"SLC35E1","0.136479584050207"
"SLC35E2","0.137189545859441"
"SLC35E2B","0.135605172931697"
"SLC35E3","0.13317825116695"
"SLC35E4","0.13128591551944"
"SLC35F1","0.130454991562451"
"SLC35F2","0.131193337207201"
"SLC35F3","0.136070775937478"
"SLC35F4","0.133591245351454"
"SLC35F5","0.133626982934793"
"SLC35F6","0.131193337207201"
"SLC35G1","0.133024784743168"
"SLC35G2","0.133915582792593"
"SLC35G3","0.135632316606868"
"SLC35G5","0.134130805408545"
"SLC35G6","0.134064572346227"
"SLC36A1","0.136690797601161"
"SLC36A2","0.13452601927554"
"SLC36A3","0.133344161090166"
"SLC36A4","0.133344161090166"
"SLC37A1","0.135612793751597"
"SLC37A2","0.13452601927554"
"SLC37A3","0.134256632614428"
"SLC37A4","0.13378610328566"
"SLC38A1","0.137157808113863"
"SLC38A10","0.136219904992188"
"SLC38A11","0.133626982934793"
"SLC38A2","0.134064572346227"
"SLC38A3","0.132562783438274"
"SLC38A4","0.13378610328566"
"SLC38A5","0.136881051323727"
"SLC38A6","0.13686427072985"
"SLC38A7","0.132152592103278"
"SLC38A8","0.134625754878607"
"SLC38A9","0.132152592103278"
"SLC39A1","0.134130805408545"
"SLC39A10","0.137647569900761"
"SLC39A11","0.133915582792593"
"SLC39A12","0.132562783438274"
"SLC39A12-AS1","0.133626982934793"
"SLC39A13","0.134130805408545"
"SLC39A14","0.133626982934793"
"SLC39A2","0.135636677402067"
"SLC39A3","0.134130805408545"
"SLC39A4","0.134943030822534"
"SLC39A5","0.133626982934793"
"SLC39A6","0.134625754878607"
"SLC39A7","0.132465782241389"
"SLC39A8","0.137154664439137"
"SLC39A9","0.13452601927554"
"SLC3A1","0.133377878435333"
"SLC3A2","0.132465782241389"
"SLC40A1","0.13452601927554"
"SLC41A1","0.134295969016384"
"SLC41A2","0.134239688809708"
"SLC41A3","0.133729257248829"
"SLC43A1","0.134625754878607"
"SLC43A2","0.133591245351454"
"SLC43A3","0.136690797601161"
"SLC44A1","0.136881051323727"
"SLC44A2","0.134130805408545"
"SLC44A3","0.13686427072985"
"SLC44A4","0.13378610328566"
"SLC44A5","0.13545831733162"
"SLC45A1","0.137571707944079"
"SLC45A2","0.132465782241389"
"SLC45A3","0.137154664439137"
"SLC45A4","0.133344161090166"
"SLC46A1","0.133377878435333"
"SLC46A2","0.133811191021954"
"SLC46A3","0.13452601927554"
"SLC47A1","0.137621208760682"
"SLC47A2","0.134256632614428"
"SLC48A1","0.13317825116695"
"SLC4A1","0.136479584050207"
"SLC4A10","0.13378610328566"
"SLC4A11","0.135636677402067"
"SLC4A1AP","0.132152592103278"
"SLC4A2","0.134064572346227"
"SLC4A3","0.133626982934793"
"SLC4A4","0.13441575395094"
"SLC4A5","0.13452601927554"
"SLC4A7","0.136957104075958"
"SLC4A8","0.133626982934793"
"SLC4A9","0.134625754878607"
"SLC50A1","0.134295969016384"
"SLC51A","0.134295969016384"
"SLC51B","0.13378610328566"
"SLC52A1","0.133729257248829"
"SLC52A2","0.133915582792593"
"SLC52A3","0.133591245351454"
"SLC5A1","0.136690797601161"
"SLC5A10","0.13452601927554"
"SLC5A11","0.135636677402067"
"SLC5A12","0.134256632614428"
"SLC5A2","0.133024784743168"
"SLC5A3","0.131681504651926"
"SLC5A4","0.134943030822534"
"SLC5A5","0.137002547072471"
"SLC5A6","0.137154664439137"
"SLC5A7","0.133915582792593"
"SLC5A8","0.134943030822534"
"SLC5A9","0.137571707944079"
"SLC6A1","0.134256632614428"
"SLC6A11","0.130249719074953"
"SLC6A12","0.133811191021954"
"SLC6A13","0.13686427072985"
"SLC6A14","0.132537814720741"
"SLC6A15","0.132562783438274"
"SLC6A16","0.137157808113863"
"SLC6A17","0.134064572346227"
"SLC6A18","0.13545831733162"
"SLC6A19","0.136219904992188"
"SLC6A2","0.130454991562451"
"SLC6A20","0.136881051323727"
"SLC6A3","0.134064572346227"
"SLC6A4","0.133729257248829"
"SLC6A6","0.132465782241389"
"SLC6A7","0.132039347769831"
"SLC6A8","0.133915582792593"
"SLC6A9","0.137154664439137"
"SLC7A1","0.134625754878607"
"SLC7A10","0.137621208760682"
"SLC7A11","0.135636677402067"
"SLC7A13","0.136479584050207"
"SLC7A14","0.134295969016384"
"SLC7A2","0.13441575395094"
"SLC7A3","0.137266377663521"
"SLC7A4","0.134625754878607"
"SLC7A5","0.132537814720741"
"SLC7A6","0.13686427072985"
"SLC7A6OS","0.133626982934793"
"SLC7A7","0.13441575395094"
"SLC7A8","0.133729257248829"
"SLC7A9","0.133915582792593"
"SLC8A1","0.137154664439137"
"SLC8A1-AS1","0.133915582792593"
"SLC8A2","0.132537814720741"
"SLC8A3","0.135615165435547"
"SLC8B1","0.134943030822534"
"SLC9A1","0.13545831733162"
"SLC9A2","0.134625754878607"
"SLC9A3R1","0.134256632614428"
"SLC9A3R2","0.136881051323727"
"SLC9A4","0.133729257248829"
"SLC9A5","0.134625754878607"
"SLC9A6","0.137154664439137"
"SLC9A7","0.137571707944079"
"SLC9A8","0.135636677402067"
"SLC9A9","0.137621208760682"
"SLC9A9-AS1","0.13452601927554"
"SLC9A9-AS2","0.13378610328566"
"SLC9B1","0.13317825116695"
"SLC9B2","0.13686427072985"
"SLC9C1","0.13378610328566"
"SLC9C2","0.135636677402067"
"SLCO1A2","0.135636677402067"
"SLCO1B1","0.134239688809708"
"SLCO1B3","0.134966197027948"
"SLCO1B7","0.132039347769831"
"SLCO1C1","0.13441575395094"
"SLCO2A1","0.133729257248829"
"SLCO2B1","0.131193337207201"
"SLCO3A1","0.13545831733162"
"SLCO4A1","0.134256632614428"
"SLCO4A1-AS1","0.134256632614428"
"SLCO4C1","0.133811191021954"
"SLCO5A1","0.133344161090166"
"SLCO6A1","0.136479584050207"
"SLF1","0.134943030822534"
"SLF2","0.134295969016384"
"SLFN11","0.13545831733162"
"SLFN12","0.13378610328566"
"SLFN12L","0.134625754878607"
"SLFN13","0.132039347769831"
"SLFN14","0.133915582792593"
"SLFN5","0.134943030822534"
"SLFNL1","0.135636677402067"
"SLFNL1-AS1","0.13545831733162"
"SLIRP","0.134295969016384"
"SLIT1","0.133915582792593"
"SLIT2","0.136479584050207"
"SLIT3","0.130891483986459"
"SLITRK1","0.135187600018788"
"SLITRK2","0.133344161090166"
"SLITRK3","0.134130805408545"
"SLITRK4","0.132739748966869"
"SLITRK5","0.133377878435333"
"SLITRK6","0.13545831733162"
"SLK","0.132212852099872"
"SLMAP","0.134943030822534"
"SLN","0.136479584050207"
"SLPI","0.133377878435333"
"SLTM","0.133591245351454"
"SLU7","0.13441575395094"
"SLURP1","0.133811191021954"
"SLX1A","0.132212852099872"
"SLX1B","0.136479584050207"
"SLX4","0.137647569900761"
"SLX4IP","0.13452601927554"
"SMAD1","0.134239688809708"
"SMAD1-AS1","0.13545831733162"
"SMAD2","0.13545831733162"
"SMAD3","0.133811191021954"
"SMAD4","0.133626982934793"
"SMAD5","0.134943030822534"
"SMAD5-AS1","0.137175627438892"
"SMAD6","0.132212852099872"
"SMAD7","0.133915582792593"
"SMAD9","0.133377878435333"
"SMAGP","0.134256632614428"
"SMAP1","0.13545831733162"
"SMAP2","0.137266377663521"
"SMARCA1","0.134943030822534"
"SMARCA2","0.131681504651926"
"SMARCA4","0.13824840483869"
"SMARCA5","0.136957104075958"
"SMARCA5-AS1","0.134295969016384"
"SMARCAD1","0.130902506372095"
"SMARCAL1","0.136479584050207"
"SMARCB1","0.135636677402067"
"SMARCC1","0.134130805408545"
"SMARCC2","0.134625754878607"
"SMARCD1","0.132537814720741"
"SMARCD2","0.134966197027948"
"SMARCD3","0.134625754878607"
"SMARCE1","0.134625754878607"
"SMC1A","0.134948689066873"
"SMC1B","0.131681504651926"
"SMC2","0.137266377663521"
"SMC2-AS1","0.132465782241389"
"SMC3","0.135636677402067"
"SMC4","0.13317825116695"
"SMC5","0.131268128316536"
"SMC5-AS1","0.134239688809708"
"SMC6","0.135115308940839"
"SMCHD1","0.13441575395094"
"SMCO1","0.134295969016384"
"SMCO2","0.13317825116695"
"SMCO3","0.134966197027948"
"SMCO4","0.134256632614428"
"SMCP","0.136271437693392"
"SMCR2","0.135570491558458"
"SMCR5","0.136690797601161"
"SMCR8","0.13317825116695"
"SMDT1","0.132152592103278"
"SMG1","0.132152592103278"
"SMG5","0.132212852099872"
"SMG6","0.137196015027873"
"SMG7","0.133915582792593"
"SMG8","0.132212852099872"
"SMG9","0.133915582792593"
"SMIM1","0.134625754878607"
"SMIM10","0.136479584050207"
"SMIM10L1","0.134943030822534"
"SMIM10L2A","0.131616899707939"
"SMIM10L2B","0.133344161090166"
"SMIM11A","0.134130805408545"
"SMIM11B","0.134064572346227"
"SMIM12","0.134130805408545"
"SMIM13","0.135636677402067"
"SMIM14","0.13686427072985"
"SMIM15","0.133811191021954"
"SMIM17","0.133811191021954"
"SMIM18","0.134130805408545"
"SMIM19","0.134966197027948"
"SMIM2","0.131193337207201"
"SMIM2-AS1","0.13317825116695"
"SMIM20","0.13686427072985"
"SMIM21","0.132562783438274"
"SMIM22","0.132562783438274"
"SMIM24","0.132212852099872"
"SMIM3","0.132739748966869"
"SMIM4","0.136010517646606"
"SMIM5","0.131616899707939"
"SMIM6","0.129826507471591"
"SMIM7","0.134943030822534"
"SMIM8","0.134239688809708"
"SMIM9","0.137196015027873"
"SMKR1","0.134625754878607"
"SMN1","0.133344161090166"
"SMN2","0.134064572346227"
"SMNDC1","0.137196015027873"
"SMO","0.134239688809708"
"SMOC1","0.13128591551944"
"SMOC2","0.133024784743168"
"SMOX","0.132152592103278"
"SMPD1","0.133591245351454"
"SMPD2","0.135636677402067"
"SMPD3","0.133344161090166"
"SMPD4","0.133915582792593"
"SMPD5","0.13686427072985"
"SMPDL3A","0.13441575395094"
"SMPDL3B","0.134943030822534"
"SMPX","0.132562783438274"
"SMR3A","0.133591245351454"
"SMR3B","0.133811191021954"
"SMS","0.132152592103278"
"SMTN","0.133377878435333"
"SMTNL1","0.134239688809708"
"SMTNL2","0.131193337207201"
"SMU1","0.132294752630764"
"SMUG1","0.133811191021954"
"SMURF1","0.134437379424644"
"SMURF2","0.132039347769831"
"SMYD1","0.134822066104287"
"SMYD2","0.134295969016384"
"SMYD3","0.13545831733162"
"SMYD4","0.134130805408545"
"SMYD5","0.134130805408545"
"SNAI1","0.131681504651926"
"SNAI2","0.13545831733162"
"SNAI3","0.134130805408545"
"SNAI3-AS1","0.13545831733162"
"SNAP23","0.132039347769831"
"SNAP25","0.135115411144799"
"SNAP25-AS1","0.134822066104287"
"SNAP29","0.131193337207201"
"SNAP47","0.133915582792593"
"SNAP91","0.134239688809708"
"SNAPC1","0.134914616954847"
"SNAPC2","0.13545831733162"
"SNAPC3","0.134943030822534"
"SNAPC4","0.13452601927554"
"SNAPC5","0.132964980642327"
"SNAPIN","0.134256632614428"
"SNCA","0.13441575395094"
"SNCA-AS1","0.133377878435333"
"SNCAIP","0.134064572346227"
"SNCB","0.134625754878607"
"SNCG","0.134966197027948"
"SND1","0.133811191021954"
"SND1-IT1","0.135197537789638"
"SNED1","0.132562783438274"
"SNF8","0.134295969016384"
"SNHG10","0.134295969016384"
"SNHG12","0.132212852099872"
"SNHG15","0.132739748966869"
"SNHG18","0.133377878435333"
"SNHG19","0.133626982934793"
"SNHG21","0.134130805408545"
"SNHG22","0.133377878435333"
"SNHG23","0.133591245351454"
"SNHG24","0.132562783438274"
"SNHG25","0.133811191021954"
"SNHG7","0.132483622306476"
"SNHG8","0.132739748966869"
"SNHG9","0.136881051323727"
"SNIP1","0.134256632614428"
"SNN","0.134943030822534"
"SNPH","0.134625754878607"
"SNRK","0.13441575395094"
"SNRK-AS1","0.134256632614428"
"SNRNP200","0.134821873760786"
"SNRNP25","0.132562783438274"
"SNRNP27","0.133344161090166"
"SNRNP35","0.133915582792593"
"SNRNP40","0.133626982934793"
"SNRNP48","0.134239688809708"
"SNRNP70","0.135115411144799"
"SNRPA","0.136881051323727"
"SNRPA1","0.135578709587658"
"SNRPB","0.134451084203706"
"SNRPB2","0.133626982934793"
"SNRPC","0.130678459190273"
"SNRPD1","0.132039347769831"
"SNRPD2","0.134064572346227"
"SNRPD3","0.133344161090166"
"SNRPE","0.133737423301577"
"SNRPF","0.133737423301577"
"SNRPG","0.131616899707939"
"SNRPN","0.133737423301577"
"SNTA1","0.133024784743168"
"SNTB1","0.132524802889919"
"SNTB2","0.13545831733162"
"SNTG1","0.134064572346227"
"SNTG2","0.131616899707939"
"SNTN","0.134064572346227"
"SNU13","0.13378610328566"
"SNUPN","0.133626982934793"
"SNURF","0.133344161090166"
"SNW1","0.13441575395094"
"SNX1","0.134064572346227"
"SNX10","0.13378610328566"
"SNX11","0.13545831733162"
"SNX12","0.131681504651926"
"SNX13","0.133737423301577"
"SNX14","0.13317825116695"
"SNX15","0.133811191021954"
"SNX16","0.133811191021954"
"SNX17","0.133377878435333"
"SNX18","0.133915582792593"
"SNX19","0.132934615813449"
"SNX2","0.134130805408545"
"SNX20","0.132212852099872"
"SNX21","0.136881051323727"
"SNX22","0.133024784743168"
"SNX24","0.133737423301577"
"SNX25","0.13599181063748"
"SNX27","0.134064572346227"
"SNX29","0.133915582792593"
"SNX3","0.134943030822534"
"SNX30","0.133811191021954"
"SNX31","0.135636677402067"
"SNX32","0.133377878435333"
"SNX33","0.134256632614428"
"SNX4","0.133457100946"
"SNX5","0.132921836622458"
"SNX6","0.13483100634261"
"SNX7","0.133737423301577"
"SNX8","0.134064572346227"
"SNX9","0.133811191021954"
"SOAT1","0.132465782241389"
"SOAT2","0.135151654622383"
"SOBP","0.133915582792593"
"SOCS1","0.13441575395094"
"SOCS2","0.134256632614428"
"SOCS3","0.132739748966869"
"SOCS4","0.134064572346227"
"SOCS5","0.133591245351454"
"SOCS6","0.134830701877719"
"SOCS7","0.132373549325376"
"SOD1","0.132407338941854"
"SOD2","0.134943030822534"
"SOD3","0.132739748966869"
"SOGA1","0.133811191021954"
"SOGA3","0.133626982934793"
"SOHLH1","0.131681504651926"
"SOHLH2","0.134295969016384"
"SON","0.13441575395094"
"SORBS1","0.13452601927554"
"SORBS2","0.134295969016384"
"SORBS3","0.134451084203706"
"SORCS1","0.132524802889919"
"SORCS2","0.135115308940839"
"SORCS3","0.134256632614428"
"SORD","0.134256632614428"
"SORL1","0.135805017396705"
"SORT1","0.137065780944809"
"SOS1","0.13441575395094"
"SOS2","0.134130805408545"
"SOST","0.13317825116695"
"SOSTDC1","0.134130805408545"
"SOWAHA","0.134295969016384"
"SOWAHB","0.134943030822534"
"SOWAHC","0.133915582792593"
"SOWAHD","0.134437187081143"
"SOX1","0.134437187081143"
"SOX10","0.134295969016384"
"SOX11","0.13378610328566"
"SOX12","0.13128591551944"
"SOX13","0.134130805408545"
"SOX14","0.132914530976032"
"SOX15","0.134295969016384"
"SOX17","0.13128591551944"
"SOX18","0.134838654354663"
"SOX2","0.134064572346227"
"SOX21","0.135198893779334"
"SOX21-AS1","0.132407338941854"
"SOX3","0.13378610328566"
"SOX30","0.134625754878607"
"SOX4","0.136025816031645"
"SOX5","0.131193337207201"
"SOX6","0.134836690918237"
"SOX7","0.135092392116902"
"SOX8","0.134295969016384"
"SOX9","0.13378610328566"
"SP1","0.133811191021954"
"SP100","0.132152592103278"
"SP110","0.132063355960606"
"SP140","0.134429234604199"
"SP140L","0.134130805408545"
"SP2","0.133377878435333"
"SP2-AS1","0.134064572346227"
"SP3","0.134256632614428"
"SP4","0.13452601927554"
"SP5","0.13317825116695"
"SP6","0.135502868070195"
"SP7","0.13441575395094"
"SP8","0.134631743574893"
"SP9","0.134891688078997"
"SPA17","0.134064572346227"
"SPACA1","0.13441575395094"
"SPACA3","0.13441575395094"
"SPACA4","0.13441575395094"
"SPACA6P-AS","0.131681504651926"
"SPACA7","0.134879834938106"
"SPAG1","0.134239688809708"
"SPAG11A","0.133594472776504"
"SPAG11B","0.133737423301577"
"SPAG16","0.133377878435333"
"SPAG17","0.132483814649977"
"SPAG4","0.134625754878607"
"SPAG5","0.133377878435333"
"SPAG6","0.134966197027948"
"SPAG7","0.132212852099872"
"SPAG8","0.132923709906837"
"SPAG9","0.134256632614428"
"SPAM1","0.133915582792593"
"SPANXA2-OT1","0.135090324229676"
"SPANXB1","0.132562783438274"
"SPANXC","0.132739748966869"
"SPANXD","0.133416112706057"
"SPANXN1","0.13128591551944"
"SPANXN2","0.134821997297458"
"SPANXN3","0.130454991562451"
"SPANXN4","0.135814380087125"
"SPANXN5","0.131034633350327"
"SPARC","0.132739748966869"
"SPARCL1","0.132465782241389"
"SPAST","0.136289644646113"
"SPATA12","0.132152592103278"
"SPATA13","0.133024784743168"
"SPATA13-AS1","0.132537814720741"
"SPATA16","0.13317825116695"
"SPATA17","0.132575405432599"
"SPATA18","0.132537814720741"
"SPATA19","0.13378610328566"
"SPATA2","0.132365404504931"
"SPATA20","0.132407338941854"
"SPATA21","0.131369463426248"
"SPATA22","0.132739748966869"
"SPATA24","0.13378610328566"
"SPATA25","0.133915582792593"
"SPATA2L","0.131757603439158"
"SPATA3","0.132212852099872"
"SPATA3-AS1","0.134798854732889"
"SPATA31A7","0.131616899707939"
"SPATA31D3","0.134256632614428"
"SPATA31E1","0.131802776012869"
"SPATA32","0.134239688809708"
"SPATA33","0.133344161090166"
"SPATA4","0.133737423301577"
"SPATA41","0.135805017396705"
"SPATA42","0.13338353864424"
"SPATA45","0.131193337207201"
"SPATA5","0.136194566451779"
"SPATA5L1","0.132152592103278"
"SPATA6","0.131193337207201"
"SPATA6L","0.133408272350504"
"SPATA7","0.134295969016384"
"SPATA8","0.132212852099872"
"SPATA9","0.133377878435333"
"SPATC1","0.131681504651926"
"SPATC1L","0.132465782241389"
"SPATS1","0.132957782018863"
"SPATS2","0.132537814720741"
"SPATS2L","0.132934615813449"
"SPC24","0.133915582792593"
"SPC25","0.133377878435333"
"SPCS1","0.132739748966869"
"SPCS2","0.133811191021954"
"SPCS3","0.134239688809708"
"SPDEF","0.133811191021954"
"SPDL1","0.133344161090166"
"SPDYA","0.13341395692613"
"SPDYC","0.130498165709347"
"SPDYE1","0.132365708969823"
"SPDYE16","0.13378610328566"
"SPDYE3","0.130688962968501"
"SPDYE4","0.13128591551944"
"SPDYE5","0.133344161090166"
"SPDYE6","0.135550810426755"
"SPECC1","0.134130805408545"
"SPECC1L","0.132934615813449"
"SPECC1L-ADORA2A","0.13289900087551"
"SPEF1","0.133569193517879"
"SPEF2","0.134130805408545"
"SPEG","0.132537814720741"
"SPEM1","0.132475974294423"
"SPEN","0.132227129142501"
"SPERT","0.134878655170784"
"SPESP1","0.133737423301577"
"SPG11","0.133392901334659"
"SPG20","0.133811191021954"
"SPG20-AS1","0.133377878435333"
"SPG21","0.133626982934793"
"SPG7","0.132152592103278"
"SPHK1","0.131777688276575"
"SPHK2","0.133024784743168"
"SPHKAP","0.131873095671482"
"SPI1","0.133737423301577"
"SPIB","0.135852616747105"
"SPIC","0.133626982934793"
"SPICE1","0.132562783438274"
"SPIDR","0.131802776012869"
"SPIN1","0.133626982934793"
"SPIN2A","0.13128591551944"
"SPIN2B","0.134802287456482"
"SPIN3","0.13174174288017"
"SPIN4","0.131681504651926"
"SPIN4-AS1","0.131193337207201"
"SPINK1","0.13317825116695"
"SPINK13","0.132251608610894"
"SPINK14","0.1321893393637"
"SPINK2","0.133556624723034"
"SPINK4","0.133626982934793"
"SPINK5","0.135077755434831"
"SPINK6","0.131681504651926"
"SPINK7","0.132739748966869"
"SPINK8","0.13378610328566"
"SPINK9","0.132739748966869"
"SPINT1","0.133344161090166"
"SPINT2","0.13466229775466"
"SPINT3","0.133626982934793"
"SPINT4","0.130144456741494"
"SPIRE1","0.132537814720741"
"SPIRE2","0.13317825116695"
"SPN","0.133811191021954"
"SPNS1","0.132152592103278"
"SPNS2","0.134882325388577"
"SPNS3","0.133344161090166"
"SPOCD1","0.132583550253044"
"SPOCK1","0.132212852099872"
"SPOCK2","0.132575709897491"
"SPOCK3","0.133915582792593"
"SPON1","0.132465782241389"
"SPON2","0.132769362429893"
"SPOP","0.132934615813449"
"SPOPL","0.132039347769831"
"SPP1","0.132212852099872"
"SPP2","0.133915582792593"
"SPPL2A","0.133416112706057"
"SPPL2B","0.134625754878607"
"SPPL3","0.13317825116695"
"SPR","0.131681504651926"
"SPRED1","0.131193337207201"
"SPRED2","0.129611984574103"
"SPRED3","0.132253764390821"
"SPRN","0.131193337207201"
"SPRR1A","0.132739748966869"
"SPRR1B","0.131268128316536"
"SPRR2A","0.130498165709347"
"SPRR2B","0.133594190280956"
"SPRR2D","0.132537814720741"
"SPRR2E","0.130688962968501"
"SPRR2F","0.130232653066916"
"SPRR2G","0.132294752630764"
"SPRR3","0.132212852099872"
"SPRR4","0.132562783438274"
"SPRTN","0.135636677402067"
"SPRY1","0.134889907923521"
"SPRY2","0.13378610328566"
"SPRY3","0.132941814436913"
"SPRY4","0.134435223644717"
"SPRY4-IT1","0.134437379424644"
"SPRYD3","0.13378610328566"
"SPRYD4","0.132900826196971"
"SPRYD7","0.132152592103278"
"SPSB1","0.132739748966869"
"SPSB2","0.133811191021954"
"SPSB3","0.133626982934793"
"SPSB4","0.132039347769831"
"SPTA1","0.133737423301577"
"SPTAN1","0.13378610328566"
"SPTB","0.132517604266455"
"SPTBN1","0.134130805408545"
"SPTBN2","0.133626982934793"
"SPTBN4","0.13441575395094"
"SPTBN5","0.134064572346227"
"SPTLC1","0.133344161090166"
"SPTLC2","0.131616899707939"
"SPTLC3","0.132212852099872"
"SPTSSA","0.132739748966869"
"SPTSSB","0.133626982934793"
"SPTY2D1","0.132916152046831"
"SPTY2D1-AS1","0.13441575395094"
"SPX","0.134891688078997"
"SPZ1","0.133626982934793"
"SQLE","0.133344161090166"
"SQRDL","0.134822066104287"
"SQSTM1","0.132739748966869"
"SRA1","0.132152592103278"
"SRBD1","0.134130805408545"
"SRC","0.133737423301577"
"SRCAP","0.133626982934793"
"SRCIN1","0.134064572346227"
"SRD5A1","0.133024784743168"
"SRD5A2","0.131268128316536"
"SRD5A3","0.133594472776504"
"SREBF1","0.134295969016384"
"SREBF2","0.133915582792593"
"SREK1","0.133344161090166"
"SREK1IP1","0.13317825116695"
"SRF","0.13481991032436"
"SRFBP1","0.133626982934793"
"SRGAP1","0.135588515874492"
"SRGAP2","0.132465782241389"
"SRGAP2-AS1","0.133377878435333"
"SRGAP2B","0.133811191021954"
"SRGAP2C","0.137266377663521"
"SRGAP3","0.134471169041122"
"SRGAP3-AS1","0.133344161090166"
"SRGAP3-AS2","0.131268128316536"
"SRGAP3-AS3","0.132152592103278"
"SRGAP3-AS4","0.133024784743168"
"SRGN","0.132039347769831"
"SRI","0.133915582792593"
"SRL","0.133915582792593"
"SRM","0.132212852099872"
"SRMS","0.132562783438274"
"SRP14","0.133737423301577"
"SRP14-AS1","0.131268128316536"
"SRP19","0.133737423301577"
"SRP54","0.132739748966869"
"SRP68","0.130690799501017"
"SRP72","0.13378610328566"
"SRP9","0.13317825116695"
"SRPK1","0.13452601927554"
"SRPK2","0.130690799501017"
"SRPK3","0.134770578815514"
"SRPRA","0.131616899707939"
"SRPRB","0.134239688809708"
"SRPX","0.134770578815514"
"SRPX2","0.134130805408545"
"SRR","0.132562783438274"
"SRRD","0.132964980642327"
"SRRM1","0.133811191021954"
"SRRM2","0.132583255705583"
"SRRM2-AS1","0.133737423301577"
"SRRM3","0.132739748966869"
"SRRM4","0.134064572346227"
"SRRM5","0.134879834938106"
"SRRT","0.132537814720741"
"SRSF1","0.13441575395094"
"SRSF10","0.132537814720741"
"SRSF11","0.132825587750031"
"SRSF12","0.133737423301577"
"SRSF2","0.134130805408545"
"SRSF3","0.133024784743168"
"SRSF4","0.133626982934793"
"SRSF5","0.130498165709347"
"SRSF6","0.132562783438274"
"SRSF7","0.130688962968501"
"SRSF8","0.133811191021954"
"SRSF9","0.130891483986459"
"SRXN1","0.131681504651926"
"SRY","0.135800602251699"
"SS18","0.13128591551944"
"SS18L1","0.132914530976032"
"SS18L2","0.132562783438274"
"SSB","0.133626982934793"
"SSBP1","0.130688962968501"
"SSBP2","0.134646437195671"
"SSBP3","0.133344161090166"
"SSBP3-AS1","0.130902506372095"
"SSBP4","0.133811191021954"
"SSC4D","0.132769362429893"
"SSC5D","0.132624538492987"
"SSFA2","0.132562783438274"
"SSH1","0.132537814720741"
"SSH2","0.130498165709347"
"SSH3","0.131681504651926"
"SSMEM1","0.130902506372095"
"SSNA1","0.134130805408545"
"SSPN","0.133408272350504"
"SSPO","0.134130805408545"
"SSR1","0.132152592103278"
"SSR2","0.133737423301577"
"SSR3","0.132414537565319"
"SSR4","0.132825587750031"
"SSRP1","0.134130805408545"
"SSSCA1","0.134239688809708"
"SST","0.133024784743168"
"SSTR1","0.134966197027948"
"SSTR2","0.133024784743168"
"SSTR3","0.134130805408545"
"SSTR5","0.132825587750031"
"SSU72","0.134838552150702"
"SSUH2","0.133377878435333"
"SSX1","0.133811191021954"
"SSX2IP","0.132152592103278"
"SSX5","0.132900543701423"
"ST13","0.134295969016384"
"ST14","0.133344161090166"
"ST18","0.133024784743168"
"ST20","0.132562783438274"
"ST20-AS1","0.131034633350327"
"ST20-MTHFS","0.134943030822534"
"ST3GAL1","0.134239688809708"
"ST3GAL2","0.134064572346227"
"ST3GAL3","0.132212852099872"
"ST3GAL4","0.132537814720741"
"ST3GAL4-AS1","0.132537814720741"
"ST3GAL5","0.135115308940839"
"ST3GAL5-AS1","0.133626982934793"
"ST3GAL6","0.135597524919644"
"ST3GAL6-AS1","0.133416112706057"
"ST5","0.133811191021954"
"ST6GAL1","0.134130805408545"
"ST6GAL2","0.13378610328566"
"ST6GALNAC1","0.13452601927554"
"ST6GALNAC2","0.132825587750031"
"ST6GALNAC3","0.133626982934793"
"ST6GALNAC4","0.134943030822534"
"ST6GALNAC5","0.133811191021954"
"ST6GALNAC6","0.133915582792593"
"ST7","0.134625754878607"
"ST7-AS1","0.134625754878607"
"ST7-AS2","0.132739748966869"
"ST7L","0.133024784743168"
"ST8SIA1","0.133344161090166"
"ST8SIA2","0.134966197027948"
"ST8SIA4","0.133737423301577"
"ST8SIA5","0.13317825116695"
"ST8SIA6","0.133737423301577"
"ST8SIA6-AS1","0.133737423301577"
"STAB1","0.133344161090166"
"STAB2","0.129826507471591"
"STAC","0.134295969016384"
"STAC2","0.13128591551944"
"STAC3","0.132152592103278"
"STAG1","0.133344161090166"
"STAG2","0.134239688809708"
"STAG3","0.132739748966869"
"STAM","0.131616899707939"
"STAM-AS1","0.135562154734414"
"STAM2","0.133377878435333"
"STAMBP","0.136179348383555"
"STAMBPL1","0.135216028217513"
"STAP1","0.13317825116695"
"STAP2","0.134239688809708"
"STAR","0.133915582792593"
"STARD10","0.13441575395094"
"STARD13","0.134130805408545"
"STARD3","0.134295969016384"
"STARD3NL","0.134943030822534"
"STARD4","0.13452601927554"
"STARD4-AS1","0.135579004135119"
"STARD5","0.135224173037958"
"STARD6","0.132739748966869"
"STARD7","0.132465782241389"
"STARD8","0.137157808113863"
"STARD9","0.134770578815514"
"STAT1","0.137157808113863"
"STAT2","0.133377878435333"
"STAT3","0.132152592103278"
"STAT4","0.131681504651926"
"STAT5A","0.134130805408545"
"STAT5B","0.136881051323727"
"STAT6","0.134295969016384"
"STATH","0.134239688809708"
"STAU1","0.132465782241389"
"STAU2","0.133915582792593"
"STAU2-AS1","0.133377878435333"
"STBD1","0.133811191021954"
"STC1","0.133915582792593"
"STC2","0.133344161090166"
"STEAP1","0.13452601927554"
"STEAP1B","0.134130805408545"
"STEAP2","0.134912743670468"
"STEAP3","0.13317825116695"
"STEAP3-AS1","0.134130805408545"
"STEAP4","0.134966197027948"
"STH","0.133915582792593"
"STIL","0.134966197027948"
"STIM1","0.133344161090166"
"STIM2","0.133626982934793"
"STIP1","0.133626982934793"
"STK10","0.133024784743168"
"STK11","0.13378610328566"
"STK11IP","0.130891483986459"
"STK16","0.134295969016384"
"STK17A","0.133344161090166"
"STK17B","0.13561330513285"
"STK19","0.134130805408545"
"STK24","0.13378610328566"
"STK24-AS1","0.134239688809708"
"STK25","0.133024784743168"
"STK26","0.133594190280956"
"STK3","0.134064572346227"
"STK31","0.13317825116695"
"STK32A","0.13686427072985"
"STK32B","0.133415830210509"
"STK32C","0.133024784743168"
"STK33","0.134852551477225"
"STK35","0.130690799501017"
"STK36","0.134130805408545"
"STK38","0.13128591551944"
"STK38L","0.13441575395094"
"STK39","0.135115320992752"
"STK4","0.133344161090166"
"STK4-AS1","0.136479584050207"
"STK40","0.132728374189951"
"STKLD1","0.134815635326765"
"STMN1","0.134064572346227"
"STMN2","0.134625754878607"
"STMN3","0.135578709587658"
"STMN4","0.132212852099872"
"STMND1","0.131681504651926"
"STOM","0.134295969016384"
"STOML1","0.13452601927554"
"STOML2","0.13441575395094"
"STOML3","0.13452601927554"
"STON1","0.133344161090166"
"STON1-GTF2A1L","0.13317825116695"
"STON2","0.132562783438274"
"STOX1","0.13452601927554"
"STOX2","0.133415830210509"
"STPG1","0.134625754878607"
"STPG2","0.134943030822534"
"STPG2-AS1","0.134943030822534"
"STRA13","0.133344161090166"
"STRA6","0.134064572346227"
"STRA8","0.133737423301577"
"STRADA","0.135156591728243"
"STRADB","0.132537814720741"
"STRAP","0.130902506372095"
"STRBP","0.132562783438274"
"STRC","0.135814380087125"
"STRIP1","0.134130805408545"
"STRIP2","0.132465782241389"
"STRN","0.134943030822534"
"STRN3","0.13128591551944"
"STRN4","0.135636677402067"
"STS","0.134239688809708"
"STT3A","0.133024784743168"
"STT3A-AS1","0.133344161090166"
"STT3B","0.13452601927554"
"STUB1","0.13378610328566"
"STX10","0.132152592103278"
"STX11","0.133915582792593"
"STX12","0.1331097466627"
"STX16","0.134943030822534"
"STX16-NPEPL1","0.131616899707939"
"STX17","0.136957104075958"
"STX17-AS1","0.1331097466627"
"STX18","0.1331097466627"
"STX18-AS1","0.134295969016384"
"STX19","0.133811191021954"
"STX1A","0.133811191021954"
"STX1B","0.13686427072985"
"STX2","0.133344161090166"
"STX3","0.135636677402067"
"STX4","0.133377878435333"
"STX5","0.134239688809708"
"STX6","0.131681504651926"
"STX7","0.133811191021954"
"STX8","0.130454991562451"
"STXBP1","0.13452601927554"
"STXBP2","0.133737423301577"
"STXBP3","0.133344161090166"
"STXBP4","0.133024784743168"
"STXBP5","0.132039347769831"
"STXBP5-AS1","0.133626982934793"
"STXBP5L","0.136690797601161"
"STXBP6","0.134064572346227"
"STYK1","0.135636677402067"
"STYX","0.13317825116695"
"STYXL1","0.13317825116695"
"SUB1","0.133377878435333"
"SUCLA2","0.133915582792593"
"SUCLA2-AS1","0.134130805408545"
"SUCLG1","0.133024784743168"
"SUCLG2","0.134295969016384"
"SUCLG2-AS1","0.133024784743168"
"SUCNR1","0.132465782241389"
"SUCO","0.134943030822534"
"SUDS3","0.133344161090166"
"SUFU","0.135636677402067"
"SUGCT","0.13441575395094"
"SUGP1","0.135866841816781"
"SUGP2","0.132739748966869"
"SUGT1","0.13317825116695"
"SULF1","0.137571707944079"
"SULF2","0.13378610328566"
"SULT1A1","0.134770578815514"
"SULT1A2","0.133737423301577"
"SULT1A3","0.133811191021954"
"SULT1A4","0.133377878435333"
"SULT1B1","0.13317825116695"
"SULT1C2","0.13686427072985"
"SULT1C4","0.134295969016384"
"SULT1E1","0.134295969016384"
"SULT2A1","0.137879796084086"
"SULT2B1","0.136479584050207"
"SULT4A1","0.133811191021954"
"SULT6B1","0.13317825116695"
"SUMF1","0.134064572346227"
"SUMF2","0.13545831733162"
"SUMO1","0.134064572346227"
"SUMO2","0.134625754878607"
"SUMO3","0.133811191021954"
"SUMO4","0.13128591551944"
"SUN1","0.134770578815514"
"SUN2","0.133377878435333"
"SUN3","0.13452601927554"
"SUN5","0.136957104075958"
"SUOX","0.1331097466627"
"SUPT16H","0.13452601927554"
"SUPT20H","0.134770578815514"
"SUPT3H","0.132562783438274"
"SUPT4H1","0.134943030822534"
"SUPT5H","0.132537814720741"
"SUPT6H","0.134239688809708"
"SUPT7L","0.137266377663521"
"SUPV3L1","0.132039347769831"
"SURF1","0.134130805408545"
"SURF2","0.136690797601161"
"SURF4","0.133811191021954"
"SURF6","0.132152592103278"
"SUSD1","0.132537814720741"
"SUSD2","0.136881051323727"
"SUSD3","0.133377878435333"
"SUSD4","0.132739748966869"
"SUSD5","0.133024784743168"
"SUSD6","0.1331097466627"
"SUV39H1","0.132212852099872"
"SUV39H2","0.134943030822534"
"SUZ12","0.134625754878607"
"SV2A","0.133737423301577"
"SV2B","0.135636677402067"
"SV2C","0.131268128316536"
"SVBP","0.134943030822534"
"SVEP1","0.136247188453069"
"SVIL","0.134239688809708"
"SVIL-AS1","0.132825587750031"
"SVIP","0.130690799501017"
"SVOP","0.13128591551944"
"SVOPL","0.1331097466627"
"SWAP70","0.13441575395094"
"SWI5","0.132465782241389"
"SWSAP1","0.135636677402067"
"SWT1","0.133811191021954"
"SYAP1","0.1331097466627"
"SYBU","0.137682361587985"
"SYCE1","0.137682361587985"
"SYCE1L","0.137157808113863"
"SYCE2","0.133737423301577"
"SYCE3","0.133344161090166"
"SYCN","0.134943030822534"
"SYCP1","0.13441575395094"
"SYCP2","0.132825587750031"
"SYCP2L","0.1331097466627"
"SYCP3","0.13317825116695"
"SYDE1","0.135636677402067"
"SYDE2","0.13452601927554"
"SYF2","0.13378610328566"
"SYK","0.134064572346227"
"SYMPK","0.132465782241389"
"SYN1","0.132739748966869"
"SYN2","0.136957104075958"
"SYN3","0.134130805408545"
"SYNC","0.13452601927554"
"SYNCRIP","0.136957104075958"
"SYNDIG1","0.134625754878607"
"SYNDIG1L","0.133024784743168"
"SYNE1","0.13378610328566"
"SYNE1-AS1","0.133915582792593"
"SYNE2","0.13686427072985"
"SYNE3","0.131193337207201"
"SYNE4","0.133915582792593"
"SYNGAP1","0.136690797601161"
"SYNGR1","0.136881051323727"
"SYNGR2","0.132739748966869"
"SYNGR3","0.133377878435333"
"SYNGR4","0.132465782241389"
"SYNJ1","0.130249719074953"
"SYNJ2","0.133626982934793"
"SYNJ2BP","0.130902506372095"
"SYNJ2BP-COX16","0.13441575395094"
"SYNM","0.134239688809708"
"SYNPO","0.133811191021954"
"SYNPO2","0.13452601927554"
"SYNPO2L","0.131193337207201"
"SYNPR","0.137682361587985"
"SYNPR-AS1","0.134064572346227"
"SYNRG","0.134064572346227"
"SYP","0.133024784743168"
"SYP-AS1","0.135800264404046"
"SYPL1","0.13378610328566"
"SYPL2","0.136957104075958"
"SYS1","0.134943030822534"
"SYS1-DBNDD2","0.134295969016384"
"SYT1","0.132152592103278"
"SYT10","0.133453214595808"
"SYT11","0.134966197027948"
"SYT12","0.134239688809708"
"SYT13","0.134064572346227"
"SYT14","0.136690797601161"
"SYT15","0.132465782241389"
"SYT16","0.134943030822534"
"SYT17","0.130891483986459"
"SYT2","0.137157808113863"
"SYT3","0.134770578815514"
"SYT4","0.133453214595808"
"SYT5","0.131616899707939"
"SYT6","0.134966197027948"
"SYT7","0.13317825116695"
"SYT8","0.133024784743168"
"SYT9","0.133915582792593"
"SYTL1","0.133915582792593"
"SYTL2","0.132562783438274"
"SYTL3","0.134295969016384"
"SYTL4","0.136690797601161"
"SYTL5","0.133453214595808"
"SYVN1","0.134625754878607"
"SZRD1","0.133626982934793"
"SZT2","0.132212852099872"
"SZT2-AS1","0.137157808113863"
"T","0.13441575395094"
"TAAR2","0.133024784743168"
"TAB1","0.131681504651926"
"TAB2","0.133811191021954"
"TAB3","0.131268128316536"
"TAB3-AS1","0.136479584050207"
"TAB3-AS2","0.134966197027948"
"TAC1","0.132825587750031"
"TAC3","0.13128591551944"
"TAC4","0.135636677402067"
"TACC1","0.133344161090166"
"TACC2","0.13378610328566"
"TACC3","0.13317825116695"
"TACO1","0.133737423301577"
"TACR1","0.132739748966869"
"TACR2","0.133344161090166"
"TACR3","0.133377878435333"
"TACSTD2","0.133626982934793"
"TADA1","0.136479584050207"
"TADA2A","0.134625754878607"
"TADA2B","0.13686427072985"
"TADA3","0.132825587750031"
"TAF1","0.13441575395094"
"TAF10","0.134943030822534"
"TAF11","0.133915582792593"
"TAF12","0.134130805408545"
"TAF13","0.132825587750031"
"TAF15","0.134943030822534"
"TAF1A","0.134295969016384"
"TAF1A-AS1","0.132562783438274"
"TAF1B","0.133737423301577"
"TAF1C","0.13128591551944"
"TAF1D","0.134625754878607"
"TAF1L","0.133626982934793"
"TAF2","0.134239688809708"
"TAF3","0.1331097466627"
"TAF4","0.136690797601161"
"TAF4B","0.134295969016384"
"TAF5","0.133737423301577"
"TAF5L","0.134770578815514"
"TAF6","0.133024784743168"
"TAF6L","0.134625754878607"
"TAF7","0.133626982934793"
"TAF7L","0.133377878435333"
"TAF8","0.132212852099872"
"TAF9","0.136957104075958"
"TAF9B","0.132212852099872"
"TAGAP","0.133811191021954"
"TAGLN","0.133915582792593"
"TAGLN2","0.133626982934793"
"TAGLN3","0.133377878435333"
"TAL1","0.132825587750031"
"TAL2","0.137682361587985"
"TALDO1","0.13378610328566"
"TAMM41","0.131681504651926"
"TANC1","0.134625754878607"
"TANC2","0.13545831733162"
"TANGO2","0.134966197027948"
"TANGO6","0.137266377663521"
"TANK","0.136479584050207"
"TAOK1","0.134130805408545"
"TAOK2","0.133811191021954"
"TAOK3","0.134966197027948"
"TAP1","0.133024784743168"
"TAP2","0.134064572346227"
"TAPBP","0.136957104075958"
"TAPBPL","0.133915582792593"
"TAPT1","0.133344161090166"
"TAPT1-AS1","0.131681504651926"
"TARBP1","0.13441575395094"
"TARBP2","0.133024784743168"
"TARDBP","0.137571707944079"
"TARID","0.133737423301577"
"TARM1","0.132465782241389"
"TARS","0.133737423301577"
"TARS2","0.13545831733162"
"TARSL2","0.13828624529757"
"TAS1R1","0.133344161090166"
"TAS1R3","0.133737423301577"
"TAS2R1","0.134130805408545"
"TAS2R10","0.13545831733162"
"TAS2R13","0.133453214595808"
"TAS2R14","0.13128591551944"
"TAS2R19","0.1331097466627"
"TAS2R20","0.134295969016384"
"TAS2R3","0.130902506372095"
"TAS2R30","0.133915582792593"
"TAS2R31","0.137157808113863"
"TAS2R38","0.135636677402067"
"TAS2R4","0.13545831733162"
"TAS2R41","0.135636677402067"
"TAS2R43","0.13317825116695"
"TAS2R46","0.133453214595808"
"TAS2R5","0.130891483986459"
"TAS2R50","0.136310133999328"
"TAS2R60","0.133453214595808"
"TAS2R8","0.133737423301577"
"TAS2R9","0.13686427072985"
"TASP1","0.133377878435333"
"TAT","0.134943030822534"
"TAT-AS1","0.133811191021954"
"TATDN1","0.131616899707939"
"TATDN2","0.134625754878607"
"TATDN3","0.137266377663521"
"TAX1BP1","0.134130805408545"
"TAX1BP3","0.130498165709347"
"TAZ","0.134130805408545"
"TBATA","0.134770578815514"
"TBC1D1","0.133377878435333"
"TBC1D10A","0.135894125277662"
"TBC1D10B","0.134064572346227"
"TBC1D10C","0.132562783438274"
"TBC1D12","0.130902506372095"
"TBC1D13","0.13317825116695"
"TBC1D14","0.133344161090166"
"TBC1D15","0.13441575395094"
"TBC1D16","0.129126772155902"
"TBC1D17","0.133453214595808"
"TBC1D19","0.137157808113863"
"TBC1D2","0.13452601927554"
"TBC1D20","0.133377878435333"
"TBC1D22A","0.133453214595808"
"TBC1D22B","0.13317825116695"
"TBC1D23","0.132739748966869"
"TBC1D24","0.133377878435333"
"TBC1D25","0.134943030822534"
"TBC1D26","0.13452601927554"
"TBC1D29","0.134130805408545"
"TBC1D2B","0.130690799501017"
"TBC1D30","0.133811191021954"
"TBC1D31","0.133626982934793"
"TBC1D32","0.135800264404046"
"TBC1D3B","0.134130805408545"
"TBC1D3C","0.13378610328566"
"TBC1D3D","0.13452601927554"
"TBC1D3I","0.13378610328566"
"TBC1D3L","0.13441575395094"
"TBC1D3P1-DHX40P1","0.132465782241389"
"TBC1D4","0.133344161090166"
"TBC1D5","0.133377878435333"
"TBC1D7","0.136690797601161"
"TBC1D8","0.131268128316536"
"TBC1D8B","0.134295969016384"
"TBC1D9","0.132739748966869"
"TBC1D9B","0.135800264404046"
"TBCA","0.134239688809708"
"TBCB","0.133344161090166"
"TBCC","0.133024784743168"
"TBCCD1","0.13378610328566"
"TBCD","0.1331097466627"
"TBCE","0.134295969016384"
"TBCEL","0.136479584050207"
"TBCK","0.135636677402067"
"TBK1","0.132825587750031"
"TBKBP1","0.133377878435333"
"TBL1X","0.133811191021954"
"TBL1XR1","0.1331097466627"
"TBL1XR1-AS1","0.133024784743168"
"TBL1Y","0.134064572346227"
"TBL2","0.136690797601161"
"TBL3","0.133737423301577"
"TBP","0.133626982934793"
"TBPL1","0.13441575395094"
"TBPL2","0.131616899707939"
"TBR1","0.13686427072985"
"TBRG1","0.132825587750031"
"TBRG4","0.132825587750031"
"TBX1","0.13378610328566"
"TBX10","0.13378610328566"
"TBX15","0.133811191021954"
"TBX18","0.133626982934793"
"TBX19","0.134064572346227"
"TBX2","0.136881051323727"
"TBX2-AS1","0.13441575395094"
"TBX20","0.138295255492572"
"TBX21","0.133024784743168"
"TBX22","0.134239688809708"
"TBX3","0.137157808113863"
"TBX4","0.13128591551944"
"TBX5","0.1331097466627"
"TBX5-AS1","0.132537814720741"
"TBX6","0.133377878435333"
"TBXA2R","0.13452601927554"
"TBXAS1","0.133811191021954"
"TC2N","0.134770578815514"
"TCAF1","0.132739748966869"
"TCAF2","0.134295969016384"
"TCAIM","0.132465782241389"
"TCAP","0.136690797601161"
"TCEA1","0.132212852099872"
"TCEA2","0.134239688809708"
"TCEA3","0.134239688809708"
"TCEAL1","0.13545831733162"
"TCEAL2","0.132739748966869"
"TCEAL3","0.137266377663521"
"TCEAL3-AS1","0.13452601927554"
"TCEAL4","0.13378610328566"
"TCEAL5","0.134272540962624"
"TCEAL6","0.13452601927554"
"TCEAL7","0.132825587750031"
"TCEAL8","0.134295969016384"
"TCEANC","0.133737423301577"
"TCEANC2","0.13545831733162"
"TCEB1","0.133737423301577"
"TCEB2","0.131616899707939"
"TCEB3","0.132465782241389"
"TCEB3-AS1","0.131034633350327"
"TCEB3B","0.134770578815514"
"TCERG1","0.13378610328566"
"TCERG1L","0.134943030822534"
"TCERG1L-AS1","0.130699389506"
"TCF12","0.134064572346227"
"TCF15","0.132825587750031"
"TCF19","0.134239688809708"
"TCF20","0.13128591551944"
"TCF21","0.132152592103278"
"TCF23","0.130498165709347"
"TCF24","0.1331097466627"
"TCF25","0.133915582792593"
"TCF3","0.132465782241389"
"TCF4","0.1331097466627"
"TCF4-AS1","0.13317825116695"
"TCF4-AS2","0.134295969016384"
"TCF7","0.132825587750031"
"TCF7L1","0.13317825116695"
"TCF7L2","0.13128591551944"
"TCFL5","0.131193337207201"
"TCHH","0.13317825116695"
"TCHHL1","0.132465782241389"
"TCHP","0.133453214595808"
"TCIRG1","0.133453214595808"
"TCL1A","0.130232653066916"
"TCL1B","0.1331097466627"
"TCN1","0.131681504651926"
"TCN2","0.133453214595808"
"TCOF1","0.13378610328566"
"TCP1","0.13378610328566"
"TCP10","0.131616899707939"
"TCP10L","0.131193337207201"
"TCP10L2","0.132825587750031"
"TCP11","0.134239688809708"
"TCP11L1","0.134239688809708"
"TCP11L2","0.130690799501017"
"TCP11X2","0.13317825116695"
"TCTA","0.13441575395094"
"TCTE1","0.134943030822534"
"TCTE3","0.133737423301577"
"TCTEX1D1","0.131268128316536"
"TCTEX1D2","0.136881051323727"
"TCTEX1D4","0.134130805408545"
"TCTN1","0.133626982934793"
"TCTN2","0.133811191021954"
"TCTN3","0.132825587750031"
"TDG","0.130688962968501"
"TDGF1","0.134064572346227"
"TDO2","0.133377878435333"
"TDP1","0.133453214595808"
"TDP2","0.134943030822534"
"TDRD1","0.132562783438274"
"TDRD10","0.134770578815514"
"TDRD12","0.132465782241389"
"TDRD15","0.136690797601161"
"TDRD3","0.13378610328566"
"TDRD5","0.132562783438274"
"TDRD6","0.137879796084086"
"TDRD7","0.134064572346227"
"TDRD9","0.132212852099872"
"TDRG1","0.134130805408545"
"TDRKH","0.131193337207201"
"TDRP","0.130690799501017"
"TEAD1","0.135592708914181"
"TEAD2","0.131616899707939"
"TEAD3","0.134130805408545"
"TEAD4","0.135636677402067"
"TEC","0.132465782241389"
"TECPR1","0.132825587750031"
"TECPR2","0.133377878435333"
"TECR","0.133344161090166"
"TECRL","0.130902506372095"
"TECTA","0.134272540962624"
"TECTB","0.132465782241389"
"TEDDM1","0.133377878435333"
"TEF","0.132825587750031"
"TEFM","0.133626982934793"
"TEK","0.132152592103278"
"TEKT1","0.133626982934793"
"TEKT2","0.134625754878607"
"TEKT3","0.133377878435333"
"TEKT4","0.132537814720741"
"TEKT5","0.132537814720741"
"TELO2","0.133024784743168"
"TEN1","0.132152592103278"
"TEN1-CDK3","0.133024784743168"
"TENM1","0.134064572346227"
"TENM2","0.134064572346227"
"TENM3","0.132370755129392"
"TENM4","0.130144456741494"
"TEP1","0.13378610328566"
"TEPP","0.134130805408545"
"TERC","0.1331097466627"
"TERF1","0.134625754878607"
"TERF2","0.130891483986459"
"TERF2IP","0.132152592103278"
"TERT","0.132537814720741"
"TES","0.133453214595808"
"TESC","0.132465782241389"
"TESC-AS1","0.132825587750031"
"TESK1","0.134239688809708"
"TESK2","0.1331097466627"
"TESPA1","0.13452601927554"
"TET1","0.134064572346227"
"TET2","0.134064572346227"
"TET2-AS1","0.13452601927554"
"TET3","0.130250716663552"
"TEX10","0.133811191021954"
"TEX101","0.132739748966869"
"TEX11","0.133024784743168"
"TEX12","0.133024784743168"
"TEX13C","0.132825587750031"
"TEX13D","0.132537814720741"
"TEX14","0.132739748966869"
"TEX15","0.135887882947319"
"TEX19","0.1331097466627"
"TEX2","0.133453214595808"
"TEX22","0.131268128316536"
"TEX26","0.134272540962624"
"TEX26-AS1","0.13378610328566"
"TEX261","0.134130805408545"
"TEX264","0.131268128316536"
"TEX28","0.1331097466627"
"TEX29","0.132825587750031"
"TEX30","0.134295969016384"
"TEX33","0.133453214595808"
"TEX35","0.133737423301577"
"TEX36","0.13441575395094"
"TEX37","0.13441575395094"
"TEX38","0.131616899707939"
"TEX40","0.131193337207201"
"TEX41","0.13441575395094"
"TEX43","0.13317825116695"
"TEX9","0.132825587750031"
"TF","0.135800264404046"
"TFAM","0.134064572346227"
"TFAP2A","0.134064572346227"
"TFAP2A-AS1","0.133915582792593"
"TFAP2B","0.13378610328566"
"TFAP2C","0.13378610328566"
"TFAP2D","0.132562783438274"
"TFAP2E","0.133344161090166"
"TFAP4","0.134130805408545"
"TFB1M","0.134064572346227"
"TFB2M","0.132152592103278"
"TFCP2","0.132212852099872"
"TFCP2L1","0.134272540962624"
"TFDP1","0.133626982934793"
"TFDP2","0.133024784743168"
"TFDP3","0.133453214595808"
"TFE3","0.1331097466627"
"TFEB","0.133626982934793"
"TFEC","0.131034633350327"
"TFF1","0.132212852099872"
"TFF2","0.133344161090166"
"TFF3","0.132152592103278"
"TFG","0.134943030822534"
"TFIP11","0.1331097466627"
"TFPI","0.130232653066916"
"TFPI2","0.132739748966869"
"TFPT","0.132152592103278"
"TFR2","0.134064572346227"
"TFRC","0.130690799501017"
"TG","0.133453214595808"
"TGDS","0.130678459190273"
"TGFA","0.132739748966869"
"TGFB1","0.132465782241389"
"TGFB1I1","0.133377878435333"
"TGFB2","0.133811191021954"
"TGFB2-AS1","0.130891483986459"
"TGFB3","0.133626982934793"
"TGFBI","0.1331097466627"
"TGFBR1","0.131616899707939"
"TGFBR2","0.13378610328566"
"TGFBR3","0.129826507471591"
"TGFBR3L","0.131681504651926"
"TGFBRAP1","0.133024784743168"
"TGIF1","0.132465782241389"
"TGIF2","0.13128591551944"
"TGIF2-C20orf24","0.132465782241389"
"TGIF2LX","0.132537814720741"
"TGM1","0.133024784743168"
"TGM2","0.132152592103278"
"TGM3","0.131616899707939"
"TGM4","0.132562783438274"
"TGM5","0.132562783438274"
"TGM7","0.131681504651926"
"TGOLN2","0.13545831733162"
"TGS1","0.130232653066916"
"TH","0.1331097466627"
"TH2LCRR","0.130498165709347"
"THADA","0.130699389506"
"THAP1","0.132152592103278"
"THAP10","0.134966197027948"
"THAP11","0.133626982934793"
"THAP2","0.133626982934793"
"THAP3","0.130902506372095"
"THAP4","0.133453214595808"
"THAP5","0.131268128316536"
"THAP6","0.132370755129392"
"THAP7","0.131681504651926"
"THAP7-AS1","0.130902506372095"
"THAP8","0.130126669620869"
"THAP9","0.132825587750031"
"THAP9-AS1","0.133626982934793"
"THBD","0.134239688809708"
"THBS1","0.132537814720741"
"THBS2","0.13317825116695"
"THBS3","0.133915582792593"
"THBS4","0.133626982934793"
"THCAT158","0.1331097466627"
"THEG","0.13378610328566"
"THEGL","0.130902506372095"
"THEM4","0.13452601927554"
"THEM5","0.131681504651926"
"THEM6","0.132152592103278"
"THEMIS","0.134064572346227"
"THEMIS2","0.130891483986459"
"THG1L","0.133344161090166"
"THNSL1","0.134295969016384"
"THNSL2","0.130690799501017"
"THOC1","0.134295969016384"
"THOC2","0.133811191021954"
"THOC3","0.131681504651926"
"THOC5","0.131193337207201"
"THOC6","0.132370755129392"
"THOC7","0.13378610328566"
"THOC7-AS1","0.130498165709347"
"THOP1","0.134239688809708"
"THPO","0.133024784743168"
"THRA","0.132562783438274"
"THRA1/BTR","0.132739748966869"
"THRAP3","0.132370755129392"
"THRB","0.133024784743168"
"THRIL","0.132805287101706"
"THRSP","0.130498165709347"
"THSD1","0.130688962968501"
"THSD4","0.131681504651926"
"THSD4-AS1","0.131193337207201"
"THSD7A","0.133626982934793"
"THSD7B","0.133024784743168"
"THTPA","0.133344161090166"
"THUMPD1","0.132152592103278"
"THUMPD2","0.134064572346227"
"THUMPD3","0.133024784743168"
"THUMPD3-AS1","0.133453214595808"
"THY1","0.133377878435333"
"THYN1","0.13378610328566"
"TIA1","0.132212852099872"
"TIAF1","0.132212852099872"
"TIAL1","0.133626982934793"
"TIAM1","0.131034633350327"
"TIAM2","0.132805287101706"
"TICAM1","0.131681504651926"
"TICAM2","0.133626982934793"
"TICRR","0.132152592103278"
"TIE1","0.1331097466627"
"TIFA","0.130902506372095"
"TIFAB","0.134272540962624"
"TIGAR","0.13378610328566"
"TIGD1","0.130498165709347"
"TIGD2","0.133024784743168"
"TIGD3","0.133811191021954"
"TIGD4","0.132212852099872"
"TIGD5","0.130144456741494"
"TIGD6","0.132212852099872"
"TIGD7","0.131681504651926"
"TIGIT","0.134295969016384"
"TIMD4","0.132805287101706"
"TIMELESS","0.13378610328566"
"TIMM10","0.130249719074953"
"TIMM10B","0.133024784743168"
"TIMM13","0.13644757432775"
"TIMM17A","0.13128591551944"
"TIMM17B","0.133377878435333"
"TIMM21","0.130902506372095"
"TIMM22","0.133737423301577"
"TIMM23","0.132370755129392"
"TIMM23B","0.133915582792593"
"TIMM44","0.134451084203706"
"TIMM50","0.134943030822534"
"TIMM8A","0.135636677402067"
"TIMM8B","0.130144456741494"
"TIMM9","0.132465782241389"
"TIMMDC1","0.133737423301577"
"TIMP1","0.131193337207201"
"TIMP2","0.132805287101706"
"TIMP3","0.129826507471591"
"TIMP4","0.132370755129392"
"TINAG","0.13128591551944"
"TINAGL1","0.135768602243249"
"TINCR","0.13128591551944"
"TINF2","0.130250716663552"
"TIPARP","0.134770578815514"
"TIPARP-AS1","0.132465782241389"
"TIPIN","0.133344161090166"
"TIPRL","0.133626982934793"
"TIRAP","0.130678459190273"
"TISP43","0.13431336012035"
"TJAP1","0.133377878435333"
"TJP1","0.132537814720741"
"TJP2","0.132562783438274"
"TJP3","0.130690799501017"
"TK1","0.130126669620869"
"TK2","0.132562783438274"
"TKFC","0.133453214595808"
"TKT","0.132825587750031"
"TKTL1","0.132805287101706"
"TKTL2","0.130126669620869"
"TLCD1","0.13317825116695"
"TLCD2","0.132562783438274"
"TLDC1","0.133453214595808"
"TLDC2","0.133737423301577"
"TLE1","0.132212852099872"
"TLE2","0.133024784743168"
"TLE3","0.134130805408545"
"TLE4","0.13128591551944"
"TLE6","0.133377878435333"
"TLK1","0.132465782241389"
"TLK2","0.133344161090166"
"TLL1","0.130678459190273"
"TLL2","0.132825587750031"
"TLN1","0.132562783438274"
"TLN2","0.131681504651926"
"TLR1","0.133811191021954"
"TLR10","0.134239688809708"
"TLR2","0.132562783438274"
"TLR3","0.13128591551944"
"TLR4","0.13317825116695"
"TLR5","0.132152592103278"
"TLR6","0.136355564745913"
"TLR7","0.130699389506"
"TLR8","0.131681504651926"
"TLR8-AS1","0.132825587750031"
"TLR9","0.132759237415605"
"TLX1","0.133453214595808"
"TLX2","0.134625754878607"
"TLX3","0.132805287101706"
"TM2D1","0.1331097466627"
"TM2D2","0.132739748966869"
"TM2D3","0.134625754878607"
"TM4SF1","0.134064572346227"
"TM4SF1-AS1","0.130688962968501"
"TM4SF18","0.132759237415605"
"TM4SF19","0.131034633350327"
"TM4SF19-AS1","0.133024784743168"
"TM4SF19-TCTEX1D2","0.134295969016384"
"TM4SF20","0.1331097466627"
"TM4SF4","0.133737423301577"
"TM4SF5","0.134064572346227"
"TM6SF1","0.133377878435333"
"TM6SF2","0.133737423301577"
"TM7SF2","0.133377878435333"
"TM7SF3","0.133811191021954"
"TM9SF1","0.1331097466627"
"TM9SF2","0.134272540962624"
"TM9SF3","0.134625754878607"
"TM9SF4","0.132739748966869"
"TMA16","0.132152592103278"
"TMA7","0.134064572346227"
"TMBIM1","0.132562783438274"
"TMBIM4","0.13452601927554"
"TMBIM6","0.129075859354416"
"TMC1","0.132212852099872"
"TMC2","0.133915582792593"
"TMC3","0.133626982934793"
"TMC3-AS1","0.136881051323727"
"TMC4","0.134966197027948"
"TMC5","0.132759237415605"
"TMC6","0.132212852099872"
"TMC7","0.133024784743168"
"TMC8","0.132465782241389"
"TMCC1","0.133344161090166"
"TMCC1-AS1","0.13441575395094"
"TMCC2","0.131616899707939"
"TMCC3","0.133453214595808"
"TMCO1","0.133453214595808"
"TMCO2","0.13523787781702"
"TMCO3","0.132870074126264"
"TMCO4","0.131034633350327"
"TMCO5A","0.134239688809708"
"TMCO6","0.134770578815514"
"TMED1","0.133626982934793"
"TMED10","0.133024784743168"
"TMED2","0.132537814720741"
"TMED3","0.132537814720741"
"TMED4","0.134943030822534"
"TMED5","0.134295969016384"
"TMED6","0.13378610328566"
"TMED7","0.133024784743168"
"TMED7-TICAM2","0.134130805408545"
"TMED8","0.133344161090166"
"TMED9","0.133344161090166"
"TMEFF1","0.131193337207201"
"TMEFF2","0.132370755129392"
"TMEM100","0.13441575395094"
"TMEM101","0.131681504651926"
"TMEM102","0.132739748966869"
"TMEM104","0.132739748966869"
"TMEM105","0.130232653066916"
"TMEM106A","0.13441575395094"
"TMEM106B","0.133811191021954"
"TMEM106C","0.133626982934793"
"TMEM107","0.134272540962624"
"TMEM108","0.129953781918414"
"TMEM108-AS1","0.134239688809708"
"TMEM109","0.1331097466627"
"TMEM11","0.133344161090166"
"TMEM110","0.135636677402067"
"TMEM110-MUSTN1","0.136957104075958"
"TMEM114","0.134239688809708"
"TMEM115","0.132825587750031"
"TMEM116","0.132370755129392"
"TMEM117","0.134966197027948"
"TMEM119","0.136355564745913"
"TMEM120A","0.132739748966869"
"TMEM120B","0.132537814720741"
"TMEM121","0.133344161090166"
"TMEM123","0.133915582792593"
"TMEM125","0.134239688809708"
"TMEM126A","0.132759237415605"
"TMEM126B","0.131681504651926"
"TMEM127","0.134130805408545"
"TMEM128","0.136881051323727"
"TMEM129","0.133377878435333"
"TMEM130","0.137621208760682"
"TMEM131","0.13441575395094"
"TMEM132A","0.134130805408545"
"TMEM132B","0.133626982934793"
"TMEM132C","0.133377878435333"
"TMEM132D","0.133811191021954"
"TMEM132E","0.134943030822534"
"TMEM133","0.130498165709347"
"TMEM134","0.134625754878607"
"TMEM135","0.133626982934793"
"TMEM136","0.134770578815514"
"TMEM138","0.137571707944079"
"TMEM139","0.13441575395094"
"TMEM140","0.134239688809708"
"TMEM141","0.133737423301577"
"TMEM143","0.130232653066916"
"TMEM144","0.134966197027948"
"TMEM145","0.134625754878607"
"TMEM147","0.13545831733162"
"TMEM147-AS1","0.131125569620467"
"TMEM14A","0.134239688809708"
"TMEM14B","0.133377878435333"
"TMEM14C","0.134064572346227"
"TMEM14EP","0.133024784743168"
"TMEM150A","0.133811191021954"
"TMEM150B","0.133811191021954"
"TMEM150C","0.135636677402067"
"TMEM151A","0.132825587750031"
"TMEM151B","0.132759237415605"
"TMEM154","0.13378610328566"
"TMEM155","0.133811191021954"
"TMEM156","0.130678459190273"
"TMEM158","0.133737423301577"
"TMEM159","0.132370755129392"
"TMEM160","0.132537814720741"
"TMEM161A","0.131125569620467"
"TMEM161B","0.13128591551944"
"TMEM161B-AS1","0.134943030822534"
"TMEM163","0.133453214595808"
"TMEM164","0.13378610328566"
"TMEM165","0.130891483986459"
"TMEM167A","0.13378610328566"
"TMEM167B","0.134064572346227"
"TMEM168","0.132825587750031"
"TMEM169","0.135800264404046"
"TMEM17","0.13644757432775"
"TMEM170A","0.13644757432775"
"TMEM170B","0.130891483986459"
"TMEM171","0.13545831733162"
"TMEM173","0.133377878435333"
"TMEM174","0.133344161090166"
"TMEM175","0.134943030822534"
"TMEM176A","0.1331097466627"
"TMEM176B","0.134064572346227"
"TMEM177","0.132825587750031"
"TMEM178A","0.133377878435333"
"TMEM178B","0.132739748966869"
"TMEM179","0.133377878435333"
"TMEM179B","0.13378610328566"
"TMEM18","0.136355564745913"
"TMEM181","0.132212852099872"
"TMEM182","0.134625754878607"
"TMEM183A","0.133626982934793"
"TMEM184A","0.133737423301577"
"TMEM184B","0.133811191021954"
"TMEM184C","0.1331097466627"
"TMEM185A","0.132212852099872"
"TMEM185B","0.133737423301577"
"TMEM186","0.132805287101706"
"TMEM187","0.133024784743168"
"TMEM189","0.1331097466627"
"TMEM189-UBE2V1","0.130688962968501"
"TMEM19","0.133811191021954"
"TMEM190","0.132759237415605"
"TMEM191B","0.134295969016384"
"TMEM191C","0.135778267924949"
"TMEM192","0.133024784743168"
"TMEM196","0.13545831733162"
"TMEM198","0.134272540962624"
"TMEM199","0.134239688809708"
"TMEM2","0.132805287101706"
"TMEM200A","0.131193337207201"
"TMEM200B","0.132562783438274"
"TMEM200C","0.133811191021954"
"TMEM201","0.132825587750031"
"TMEM202","0.132759237415605"
"TMEM203","0.136355564745913"
"TMEM204","0.134966197027948"
"TMEM205","0.13378610328566"
"TMEM206","0.132370755129392"
"TMEM207","0.132152592103278"
"TMEM208","0.129611984574103"
"TMEM209","0.132225820199113"
"TMEM210","0.134064572346227"
"TMEM211","0.133453214595808"
"TMEM212","0.132805287101706"
"TMEM213","0.133024784743168"
"TMEM214","0.135800264404046"
"TMEM215","0.132537814720741"
"TMEM216","0.133626982934793"
"TMEM217","0.13686427072985"
"TMEM218","0.130891483986459"
"TMEM219","0.132825587750031"
"TMEM220","0.133453214595808"
"TMEM220-AS1","0.132370755129392"
"TMEM221","0.133737423301577"
"TMEM222","0.131034633350327"
"TMEM223","0.13378610328566"
"TMEM229A","0.13378610328566"
"TMEM229B","0.134064572346227"
"TMEM230","0.133811191021954"
"TMEM231","0.130891483986459"
"TMEM232","0.132152592103278"
"TMEM233","0.134239688809708"
"TMEM234","0.134966197027948"
"TMEM235","0.134239688809708"
"TMEM236","0.129953781918414"
"TMEM237","0.133344161090166"
"TMEM238","0.13378610328566"
"TMEM239","0.132537814720741"
"TMEM240","0.1331097466627"
"TMEM241","0.133453214595808"
"TMEM242","0.13378610328566"
"TMEM243","0.132805287101706"
"TMEM244","0.134625754878607"
"TMEM245","0.131616899707939"
"TMEM246","0.1331097466627"
"TMEM246-AS1","0.133453214595808"
"TMEM247","0.133377878435333"
"TMEM248","0.136524970131537"
"TMEM249","0.131193337207201"
"TMEM25","0.134272540962624"
"TMEM251","0.13545831733162"
"TMEM252","0.133626982934793"
"TMEM253","0.133453214595808"
"TMEM254","0.134272540962624"
"TMEM254-AS1","0.1331097466627"
"TMEM255A","0.134239688809708"
"TMEM255B","0.133024784743168"
"TMEM256","0.134239688809708"
"TMEM256-PLSCR3","0.133453214595808"
"TMEM257","0.135636677402067"
"TMEM258","0.133024784743168"
"TMEM259","0.133377878435333"
"TMEM26","0.136881051323727"
"TMEM26-AS1","0.13441575395094"
"TMEM260","0.132759237415605"
"TMEM261","0.134943030822534"
"TMEM262","0.134966197027948"
"TMEM263","0.132739748966869"
"TMEM266","0.13441575395094"
"TMEM27","0.133024784743168"
"TMEM30A","0.135893871987838"
"TMEM30B","0.133811191021954"
"TMEM30C","0.133737423301577"
"TMEM31","0.134064572346227"
"TMEM33","0.134966197027948"
"TMEM35","0.13452601927554"
"TMEM37","0.133344161090166"
"TMEM38A","0.136479584050207"
"TMEM38B","0.131125569620467"
"TMEM39A","0.133626982934793"
"TMEM39B","0.13128591551944"
"TMEM40","0.133453214595808"
"TMEM41A","0.133737423301577"
"TMEM41B","0.132825587750031"
"TMEM42","0.133344161090166"
"TMEM43","0.132370755129392"
"TMEM44","0.130250716663552"
"TMEM44-AS1","0.13441575395094"
"TMEM45A","0.133811191021954"
"TMEM45B","0.134770578815514"
"TMEM47","0.137879796084086"
"TMEM5","0.134272540962624"
"TMEM5-AS1","0.133626982934793"
"TMEM50A","0.13452601927554"
"TMEM50B","0.132225820199113"
"TMEM51","0.133811191021954"
"TMEM51-AS1","0.135149393104778"
"TMEM52","0.134064572346227"
"TMEM52B","0.135636677402067"
"TMEM53","0.13128591551944"
"TMEM54","0.133737423301577"
"TMEM55A","0.133811191021954"
"TMEM55B","0.133811191021954"
"TMEM56","0.134770578815514"
"TMEM56-RWDD3","0.132537814720741"
"TMEM57","0.133024784743168"
"TMEM59","0.132370755129392"
"TMEM59L","0.130690799501017"
"TMEM60","0.132370755129392"
"TMEM61","0.134064572346227"
"TMEM62","0.132805287101706"
"TMEM63A","0.132370755129392"
"TMEM63B","0.134295969016384"
"TMEM63C","0.135352174316319"
"TMEM64","0.132370755129392"
"TMEM65","0.134272540962624"
"TMEM67","0.133811191021954"
"TMEM68","0.135768602243249"
"TMEM69","0.132562783438274"
"TMEM70","0.133377878435333"
"TMEM71","0.131034633350327"
"TMEM72","0.130250716663552"
"TMEM72-AS1","0.1331097466627"
"TMEM74","0.133737423301577"
"TMEM74B","0.132759237415605"
"TMEM78","0.13545831733162"
"TMEM79","0.134239688809708"
"TMEM80","0.130690799501017"
"TMEM81","0.132152592103278"
"TMEM82","0.133024784743168"
"TMEM86A","0.13378610328566"
"TMEM86B","0.133453214595808"
"TMEM87A","0.134064572346227"
"TMEM87B","0.13441575395094"
"TMEM88","0.133453214595808"
"TMEM88B","0.133626982934793"
"TMEM89","0.133737423301577"
"TMEM8A","0.134966197027948"
"TMEM8B","0.1331097466627"
"TMEM8C","0.134130805408545"
"TMEM9","0.134295969016384"
"TMEM91","0.133453214595808"
"TMEM92","0.131034633350327"
"TMEM92-AS1","0.133024784743168"
"TMEM94","0.136355564745913"
"TMEM95","0.134064572346227"
"TMEM97","0.131616899707939"
"TMEM98","0.132805287101706"
"TMEM99","0.134625754878607"
"TMEM9B","0.130699389506"
"TMEM9B-AS1","0.130699389506"
"TMF1","0.1331097466627"
"TMIE","0.133453214595808"
"TMIGD1","0.133453214595808"
"TMIGD2","0.133626982934793"
"TMIGD3","0.133811191021954"
"TMLHE","0.133811191021954"
"TMLHE-AS1","0.13644757432775"
"TMOD1","0.134272540962624"
"TMOD2","0.132825587750031"
"TMOD3","0.134130805408545"
"TMOD4","0.133626982934793"
"TMPO","0.131034633350327"
"TMPO-AS1","0.134239688809708"
"TMPPE","0.132562783438274"
"TMPRSS11A","0.133737423301577"
"TMPRSS11B","0.134130805408545"
"TMPRSS11D","0.133626982934793"
"TMPRSS11E","0.134966197027948"
"TMPRSS11F","0.131616899707939"
"TMPRSS12","0.132739748966869"
"TMPRSS13","0.134295969016384"
"TMPRSS15","0.134943030822534"
"TMPRSS2","0.1331097466627"
"TMPRSS3","0.132759237415605"
"TMPRSS4","0.134625754878607"
"TMPRSS4-AS1","0.132759237415605"
"TMPRSS5","0.134239688809708"
"TMPRSS6","0.13441575395094"
"TMPRSS7","0.135352174316319"
"TMPRSS9","0.13441575395094"
"TMSB10","0.134272540962624"
"TMSB15A","0.135768602243249"
"TMSB15B","0.134272540962624"
"TMSB4X","0.132825587750031"
"TMSB4Y","0.133626982934793"
"TMTC1","0.132805287101706"
"TMTC2","0.13441575395094"
"TMTC3","0.13545831733162"
"TMTC4","0.133024784743168"
"TMUB1","0.134239688809708"
"TMUB2","0.133024784743168"
"TMX1","0.133024784743168"
"TMX2","0.134272540962624"
"TMX2-CTNND1","0.134272540962624"
"TMX3","0.132537814720741"
"TMX4","0.134770578815514"
"TNC","0.133737423301577"
"TNF","0.131616899707939"
"TNFAIP1","0.133377878435333"
"TNFAIP2","0.134966197027948"
"TNFAIP3","0.131193337207201"
"TNFAIP6","0.132225820199113"
"TNFAIP8","0.133811191021954"
"TNFAIP8L1","0.136957104075958"
"TNFAIP8L2","0.13452601927554"
"TNFAIP8L3","0.13452601927554"
"TNFRSF10A","0.132562783438274"
"TNFRSF10B","0.133453214595808"
"TNFRSF10C","0.13441575395094"
"TNFRSF10D","0.135800264404046"
"TNFRSF11A","0.13686427072985"
"TNFRSF11B","0.135768602243249"
"TNFRSF12A","0.134239688809708"
"TNFRSF13B","0.137266377663521"
"TNFRSF13C","0.13378610328566"
"TNFRSF14","0.13452601927554"
"TNFRSF17","0.13545831733162"
"TNFRSF18","0.132537814720741"
"TNFRSF19","0.13441575395094"
"TNFRSF1A","0.135800264404046"
"TNFRSF1B","0.134625754878607"
"TNFRSF21","0.13644757432775"
"TNFRSF25","0.137938232393328"
"TNFRSF4","0.136881051323727"
"TNFRSF8","0.136957104075958"
"TNFRSF9","0.136479584050207"
"TNFSF10","0.135352174316319"
"TNFSF11","0.135352174316319"
"TNFSF12","0.1331097466627"
"TNFSF13","0.136881051323727"
"TNFSF13B","0.1331097466627"
"TNFSF14","0.134239688809708"
"TNFSF15","0.134966197027948"
"TNFSF18","0.13452601927554"
"TNFSF4","0.136524970131537"
"TNFSF8","0.138338633845829"
"TNFSF9","0.136479584050207"
"TNIK","0.136524970131537"
"TNIP1","0.13452601927554"
"TNIP2","0.136524970131537"
"TNIP3","0.133737423301577"
"TNK1","0.136957104075958"
"TNK2","0.136690797601161"
"TNK2-AS1","0.137895341663282"
"TNKS","0.135768602243249"
"TNKS1BP1","0.138295255492572"
"TNKS2","0.135768602243249"
"TNKS2-AS1","0.136355564745913"
"TNMD","0.134966197027948"
"TNN","0.134943030822534"
"TNNC1","0.13378610328566"
"TNNC2","0.137879796084086"
"TNNI1","0.137157808113863"
"TNNI2","0.136479584050207"
"TNNI3","0.135800264404046"
"TNNI3K","0.134770578815514"
"TNNT1","0.13545831733162"
"TNNT2","0.131125569620467"
"TNNT3","0.133737423301577"
"TNPO1","0.133453214595808"
"TNPO2","0.134239688809708"
"TNPO3","0.133811191021954"
"TNR","0.13378610328566"
"TNRC18","0.136690797601161"
"TNRC6A","0.136957104075958"
"TNRC6B","0.136479584050207"
"TNRC6C","0.13545831733162"
"TNS1","0.138083485156067"
"TNS2","0.137571707944079"
"TNS3","0.134239688809708"
"TNS4","0.135352174316319"
"TNXB","0.137157808113863"
"TOB1","0.138113172906542"
"TOB2","0.13452601927554"
"TOE1","0.13644757432775"
"TOLLIP","0.134064572346227"
"TOLLIP-AS1","0.134770578815514"
"TOM1","0.134770578815514"
"TOM1L1","0.136957104075958"
"TOM1L2","0.13545831733162"
"TOMM20","0.135352174316319"
"TOMM20L","0.13441575395094"
"TOMM22","0.13441575395094"
"TOMM34","0.134770578815514"
"TOMM40","0.136957104075958"
"TOMM40L","0.130498165709347"
"TOMM5","0.134770578815514"
"TOMM7","0.134770578815514"
"TOMM70A","0.133811191021954"
"TONSL","0.13378610328566"
"TONSL-AS1","0.134064572346227"
"TOP1","0.134239688809708"
"TOP1MT","0.134272540962624"
"TOP2A","0.133377878435333"
"TOP2B","0.136957104075958"
"TOP3A","0.132152592103278"
"TOP3B","0.136690797601161"
"TOPAZ1","0.134943030822534"
"TOPBP1","0.134966197027948"
"TOPORS","0.13378610328566"
"TOPORS-AS1","0.138295255492572"
"TOR1A","0.132567770371683"
"TOR1AIP1","0.135768602243249"
"TOR1AIP2","0.139309113170809"
"TOR1B","0.135800264404046"
"TOR2A","0.13790388150286"
"TOR3A","0.137879796084086"
"TOR4A","0.1331097466627"
"TOX","0.135768602243249"
"TOX2","0.137879796084086"
"TOX3","0.133626982934793"
"TOX4","0.136524970131537"
"TP53","0.137879796084086"
"TP53AIP1","0.135352174316319"
"TP53BP1","0.132825587750031"
"TP53BP2","0.13452601927554"
"TP53I11","0.138113172906542"
"TP53I13","0.137895341663282"
"TP53I3","0.138387150626841"
"TP53INP1","0.137571707944079"
"TP53INP2","0.138405601955291"
"TP53RK","0.13828624529757"
"TP53TG1","0.136479584050207"
"TP53TG3","0.136957104075958"
"TP53TG3D","0.13686427072985"
"TP53TG5","0.138942553870703"
"TP63","0.1331097466627"
"TP73","0.13686427072985"
"TP73-AS1","0.13790388150286"
"TPBG","0.138113172906542"
"TPBGL","0.134943030822534"
"TPCN1","0.134966197027948"
"TPCN2","0.134770578815514"
"TPD52","0.134966197027948"
"TPD52L1","0.136355564745913"
"TPD52L2","0.133344161090166"
"TPD52L3","0.132370755129392"
"TPGS1","0.136690797601161"
"TPGS2","0.138295255492572"
"TPH1","0.134239688809708"
"TPH2","0.135352174316319"
"TPI1","0.134943030822534"
"TPK1","0.136355564745913"
"TPM1","0.133811191021954"
"TPM2","0.13644757432775"
"TPM3","0.136957104075958"
"TPM4","0.136690797601161"
"TPMT","0.139137552195218"
"TPO","0.136355564745913"
"TPP1","0.136957104075958"
"TPP2","0.133737423301577"
"TPPP","0.13984222558965"
"TPPP2","0.132825587750031"
"TPPP3","0.136479584050207"
"TPR","0.13545831733162"
"TPRA1","0.134770578815514"
"TPRG1","0.133811191021954"
"TPRG1-AS1","0.135768602243249"
"TPRG1-AS2","0.137879796084086"
"TPRG1L","0.134064572346227"
"TPRKB","0.132825587750031"
"TPRN","0.13828624529757"
"TPRXL","0.138338633845829"
"TPSAB1","0.134966197027948"
"TPSB2","0.134625754878607"
"TPSD1","0.134966197027948"
"TPSG1","0.137895341663282"
"TPST1","0.135768602243249"
"TPST2","0.136957104075958"
"TPT1","0.137879796084086"
"TPT1-AS1","0.138338633845829"
"TPTE","0.13441575395094"
"TPTE2","0.136957104075958"
"TPTEP1","0.135768602243249"
"TPX2","0.133737423301577"
"TRA2A","0.136355564745913"
"TRA2B","0.135800264404046"
"TRABD","0.13828624529757"
"TRABD2A","0.13452601927554"
"TRABD2B","0.135800264404046"
"TRAC","0.13644757432775"
"TRADD","0.134625754878607"
"TRAF1","0.134770578815514"
"TRAF2","0.135800264404046"
"TRAF3","0.134272540962624"
"TRAF3IP1","0.134966197027948"
"TRAF3IP2","0.134272540962624"
"TRAF3IP2-AS1","0.137895341663282"
"TRAF3IP3","0.13545831733162"
"TRAF4","0.137157808113863"
"TRAF5","0.137571707944079"
"TRAF6","0.135636677402067"
"TRAF7","0.13441575395094"
"TRAFD1","0.135352174316319"
"TRAIP","0.138295255492572"
"TRAK1","0.136355564745913"
"TRAK2","0.135352174316319"
"TRAM1","0.13441575395094"
"TRAM1L1","0.134295969016384"
"TRAM2","0.13686427072985"
"TRAM2-AS1","0.135352174316319"
"TRANK1","0.134943030822534"
"TRAP1","0.13790388150286"
"TRAPPC1","0.136690797601161"
"TRAPPC10","0.135636677402067"
"TRAPPC11","0.134943030822534"
"TRAPPC12","0.137571707944079"
"TRAPPC12-AS1","0.134295969016384"
"TRAPPC13","0.135800264404046"
"TRAPPC2","0.134239688809708"
"TRAPPC2L","0.134943030822534"
"TRAPPC2P1","0.134295969016384"
"TRAPPC3","0.132759237415605"
"TRAPPC3L","0.134625754878607"
"TRAPPC4","0.136355564745913"
"TRAPPC5","0.135352174316319"
"TRAPPC6A","0.135636677402067"
"TRAPPC6B","0.137879796084086"
"TRAPPC8","0.138083485156067"
"TRAPPC9","0.13452601927554"
"TRAT1","0.135857031057219"
"TRAV1-1","0.13441575395094"
"TRAV1-2","0.135857031057219"
"TRAV10","0.134239688809708"
"TRAV11","0.137157808113863"
"TRAV12-1","0.136355564745913"
"TRAV12-2","0.136881051323727"
"TRAV12-3","0.130250716663552"
"TRAV13-1","0.134966197027948"
"TRAV13-2","0.135636677402067"
"TRAV14DV4","0.135857031057219"
"TRAV15","0.134943030822534"
"TRAV16","0.134239688809708"
"TRAV17","0.135857031057219"
"TRAV18","0.133811191021954"
"TRAV19","0.134943030822534"
"TRAV2","0.136881051323727"
"TRAV20","0.134625754878607"
"TRAV21","0.13441575395094"
"TRAV22","0.136957104075958"
"TRAV23DV6","0.13441575395094"
"TRAV24","0.134295969016384"
"TRAV25","0.136479584050207"
"TRAV26-1","0.134089126369048"
"TRAV26-2","0.1331097466627"
"TRAV27","0.13545831733162"
"TRAV29DV5","0.13644757432775"
"TRAV3","0.137938232393328"
"TRAV30","0.1331097466627"
"TRAV33","0.1331097466627"
"TRAV34","0.135636677402067"
"TRAV35","0.1331097466627"
"TRAV36DV7","0.134064572346227"
"TRAV37","0.136479584050207"
"TRAV38-1","0.134966197027948"
"TRAV38-2DV8","0.13545831733162"
"TRAV39","0.136479584050207"
"TRAV4","0.133737423301577"
"TRAV40","0.137157808113863"
"TRAV41","0.133737423301577"
"TRAV5","0.137571707944079"
"TRAV6","0.137879796084086"
"TRAV8-1","0.135352174316319"
"TRAV8-2","0.134295969016384"
"TRAV8-3","0.135857031057219"
"TRAV8-4","0.13545831733162"
"TRAV8-5","0.132739748966869"
"TRAV8-6","0.135636677402067"
"TRAV9-1","0.134943030822534"
"TRAV9-2","0.13545831733162"
"TRBC1","0.134089126369048"
"TRBC2","0.134295969016384"
"TRBV1","0.131616899707939"
"TRBV10-1","0.135352174316319"
"TRBV10-2","0.134272540962624"
"TRBV10-3","0.135857031057219"
"TRBV11-1","0.137571707944079"
"TRBV11-2","0.139615693521879"
"TRBV11-3","0.137571707944079"
"TRBV12-1","0.138083485156067"
"TRBV12-2","0.130249719074953"
"TRBV12-3","0.13790388150286"
"TRBV12-4","0.134943030822534"
"TRBV12-5","0.135636677402067"
"TRBV13","0.13545831733162"
"TRBV14","0.133737423301577"
"TRBV15","0.13441575395094"
"TRBV16","0.135857031057219"
"TRBV18","0.137234087632024"
"TRBV19","0.136690797601161"
"TRBV2","0.135352174316319"
"TRBV20-1","0.132825587750031"
"TRBV21-1","0.133377878435333"
"TRBV21OR9-2","0.135768602243249"
"TRBV22-1","0.136690797601161"
"TRBV23-1","0.134272540962624"
"TRBV24-1","0.136690797601161"
"TRBV25-1","0.134239688809708"
"TRBV26OR9-2","0.136957104075958"
"TRBV27","0.136690797601161"
"TRBV28","0.132567770371683"
"TRBV29-1","0.136479584050207"
"TRBV3-1","0.136690797601161"
"TRBV30","0.134295969016384"
"TRBV4-1","0.134089126369048"
"TRBV4-2","0.137234087632024"
"TRBV5-1","0.13686427072985"
"TRBV5-4","0.134295969016384"
"TRBV5-5","0.136957104075958"
"TRBV5-6","0.133811191021954"
"TRBV6-1","0.13452601927554"
"TRBV6-2","0.135636677402067"
"TRBV6-4","0.134625754878607"
"TRBV6-5","0.13644757432775"
"TRBV6-6","0.135352174316319"
"TRBV6-8","0.136690797601161"
"TRBV7-1","0.134064572346227"
"TRBV7-2","0.135800264404046"
"TRBV7-3","0.133453214595808"
"TRBV7-4","0.13545831733162"
"TRBV7-6","0.1331097466627"
"TRBV7-7","0.135768602243249"
"TRBV7-9","0.133344161090166"
"TRBV8-1","0.13545831733162"
"TRBV8-2","0.13441575395094"
"TRBV9","0.137234087632024"
"TRBVB","0.136479584050207"
"TRDC","0.135636677402067"
"TRDMT1","0.136881051323727"
"TRDN","0.132225820199113"
"TRDV1","0.13644757432775"
"TRDV2","0.136524970131537"
"TRDV3","0.137234087632024"
"TREH","0.136524970131537"
"TREM1","0.137234087632024"
"TREM2","0.13452601927554"
"TREML1","0.13545831733162"
"TREML2","0.136355564745913"
"TREML4","0.137234087632024"
"TRERF1","0.134966197027948"
"TRERNA1","0.134064572346227"
"TREX1","0.132805287101706"
"TREX2","0.136355564745913"
"TRG-AS1","0.135636677402067"
"TRGC1","0.13644757432775"
"TRGC2","0.134089126369048"
"TRGV1","0.137938232393328"
"TRGV10","0.136524970131537"
"TRGV11","0.134064572346227"
"TRGV2","0.137571707944079"
"TRGV3","0.134943030822534"
"TRGV4","0.136957104075958"
"TRGV5","0.136690797601161"
"TRGV6","0.134943030822534"
"TRGV7","0.13452601927554"
"TRGV8","0.134770578815514"
"TRGV9","0.134272540962624"
"TRGVA","0.132805287101706"
"TRGVB","0.134089126369048"
"TRH","0.139615693521879"
"TRHDE","0.136479584050207"
"TRHR","0.135352174316319"
"TRIAP1","0.134943030822534"
"TRIB1","0.136524970131537"
"TRIB2","0.13644757432775"
"TRIB3","0.136690797601161"
"TRIL","0.135768602243249"
"TRIM10","0.134295969016384"
"TRIM11","0.134272540962624"
"TRIM13","0.135352174316319"
"TRIM14","0.138485480275802"
"TRIM15","0.138485480275802"
"TRIM16","0.134770578815514"
"TRIM16L","0.136479584050207"
"TRIM17","0.13545831733162"
"TRIM2","0.137895341663282"
"TRIM21","0.136690797601161"
"TRIM22","0.134272540962624"
"TRIM23","0.136479584050207"
"TRIM24","0.137157808113863"
"TRIM25","0.134943030822534"
"TRIM26","0.136524970131537"
"TRIM27","0.134272540962624"
"TRIM28","0.136355564745913"
"TRIM29","0.13452601927554"
"TRIM3","0.134943030822534"
"TRIM31","0.133344161090166"
"TRIM31-AS1","0.134272540962624"
"TRIM32","0.134272540962624"
"TRIM33","0.136524970131537"
"TRIM34","0.135800264404046"
"TRIM35","0.13452601927554"
"TRIM36","0.135800264404046"
"TRIM37","0.135768602243249"
"TRIM38","0.13656798208579"
"TRIM39","0.137879796084086"
"TRIM39-RPP21","0.133377878435333"
"TRIM4","0.134089126369048"
"TRIM40","0.134064572346227"
"TRIM41","0.134943030822534"
"TRIM43","0.135800264404046"
"TRIM44","0.13686427072985"
"TRIM45","0.134943030822534"
"TRIM46","0.134943030822534"
"TRIM47","0.133737423301577"
"TRIM48","0.134295969016384"
"TRIM49","0.136881051323727"
"TRIM49C","0.133626982934793"
"TRIM5","0.136690797601161"
"TRIM50","0.135352174316319"
"TRIM51","0.136367412417364"
"TRIM52","0.13452601927554"
"TRIM54","0.13644757432775"
"TRIM55","0.133453214595808"
"TRIM56","0.134943030822534"
"TRIM58","0.134943030822534"
"TRIM59","0.136524970131537"
"TRIM6","0.134943030822534"
"TRIM60","0.134625754878607"
"TRIM61","0.137234087632024"
"TRIM62","0.134770578815514"
"TRIM63","0.134625754878607"
"TRIM65","0.134064572346227"
"TRIM66","0.136524970131537"
"TRIM67","0.13441575395094"
"TRIM68","0.13828624529757"
"TRIM69","0.135636677402067"
"TRIM7","0.136355564745913"
"TRIM71","0.137895341663282"
"TRIM72","0.133453214595808"
"TRIM73","0.133811191021954"
"TRIM74","0.13644757432775"
"TRIM8","0.135768602243249"
"TRIM9","0.135857031057219"
"TRIML1","0.133377878435333"
"TRIML2","0.131125569620467"
"TRIO","0.135768602243249"
"TRIOBP","0.13452601927554"
"TRIP10","0.13545831733162"
"TRIP11","0.133811191021954"
"TRIP12","0.134295969016384"
"TRIP13","0.133811191021954"
"TRIP4","0.133453214595808"
"TRIP6","0.137234087632024"
"TRIQK","0.135636677402067"
"TRIT1","0.1331097466627"
"TRMO","0.133377878435333"
"TRMT1","0.134966197027948"
"TRMT10A","0.135352174316319"
"TRMT10B","0.135352174316319"
"TRMT10C","0.13545831733162"
"TRMT11","0.13790388150286"
"TRMT112","0.133024784743168"
"TRMT12","0.134770578815514"
"TRMT13","0.137234087632024"
"TRMT1L","0.134064572346227"
"TRMT2A","0.133344161090166"
"TRMT2B","0.133024784743168"
"TRMT44","0.131125569620467"
"TRMT5","0.132739748966869"
"TRMT6","0.133377878435333"
"TRMT61A","0.133453214595808"
"TRMT61B","0.134770578815514"
"TRMU","0.132152592103278"
"TRNAU1AP","0.136621646638086"
"TRNP1","0.134089126369048"
"TRNT1","0.132825587750031"
"TRO","0.135352174316319"
"TROAP","0.132370755129392"
"TROVE2","0.134770578815514"
"TRPA1","0.136881051323727"
"TRPC1","0.138405601955291"
"TRPC3","0.13545831733162"
"TRPC4","0.133626982934793"
"TRPC4AP","0.134770578815514"
"TRPC5OS","0.136479584050207"
"TRPC6","0.134295969016384"
"TRPC7-AS1","0.134272540962624"
"TRPM1","0.134966197027948"
"TRPM2","0.136690797601161"
"TRPM2-AS","0.133297404491723"
"TRPM3","0.136524970131537"
"TRPM4","0.135352174316319"
"TRPM5","0.133344161090166"
"TRPM6","0.133737423301577"
"TRPM7","0.136957104075958"
"TRPM8","0.134064572346227"
"TRPS1","0.136479584050207"
"TRPT1","0.136957104075958"
"TRPV1","0.133453214595808"
"TRPV2","0.134272540962624"
"TRPV3","0.133377878435333"
"TRPV4","0.13545831733162"
"TRPV5","0.13441575395094"
"TRPV6","0.137938232393328"
"TRRAP","0.136881051323727"
"TRUB1","0.136690797601161"
"TRUB2","0.138338633845829"
"TSACC","0.134064572346227"
"TSC1","0.134625754878607"
"TSC2","0.137879796084086"
"TSC22D1","0.133344161090166"
"TSC22D1-AS1","0.136690797601161"
"TSC22D2","0.1331097466627"
"TSC22D3","0.134966197027948"
"TSC22D4","0.135800264404046"
"TSEN15","0.134770578815514"
"TSEN2","0.137234087632024"
"TSEN34","0.134295969016384"
"TSEN54","0.136881051323727"
"TSFM","0.13686427072985"
"TSG101","0.135352174316319"
"TSGA10","0.135636677402067"
"TSGA10IP","0.134770578815514"
"TSGA13","0.134089126369048"
"TSHR","0.136881051323727"
"TSHZ1","0.132825587750031"
"TSHZ2","0.135636677402067"
"TSHZ3","0.136479584050207"
"TSIX","0.134064572346227"
"TSKS","0.134295969016384"
"TSKU","0.13452601927554"
"TSLP","0.135768602243249"
"TSN","0.133737423301577"
"TSNARE1","0.13452601927554"
"TSNAX","0.132370755129392"
"TSNAX-DISC1","0.136479584050207"
"TSNAXIP1","0.135636677402067"
"TSPAN1","0.136479584050207"
"TSPAN10","0.134295969016384"
"TSPAN11","0.134295969016384"
"TSPAN12","0.137879796084086"
"TSPAN13","0.137938232393328"
"TSPAN14","0.136524970131537"
"TSPAN15","0.134943030822534"
"TSPAN16","0.137938232393328"
"TSPAN17","0.135845248352213"
"TSPAN18","0.133344161090166"
"TSPAN19","0.133737423301577"
"TSPAN2","0.138083485156067"
"TSPAN3","0.133626982934793"
"TSPAN31","0.136690797601161"
"TSPAN32","0.132370755129392"
"TSPAN33","0.13644757432775"
"TSPAN4","0.135857031057219"
"TSPAN5","0.132225820199113"
"TSPAN6","0.137234087632024"
"TSPAN7","0.134770578815514"
"TSPAN8","0.133024784743168"
"TSPAN9","0.134943030822534"
"TSPEAR","0.134770578815514"
"TSPEAR-AS1","0.134943030822534"
"TSPEAR-AS2","0.134295969016384"
"TSPO","0.136524970131537"
"TSPO2","0.137938232393328"
"TSPY2","0.136690797601161"
"TSPYL1","0.13441575395094"
"TSPYL2","0.135857031057219"
"TSPYL4","0.133024784743168"
"TSPYL5","0.13441575395094"
"TSPYL6","0.137157808113863"
"TSR1","0.134625754878607"
"TSR2","0.133737423301577"
"TSR3","0.133024784743168"
"TSSC1","0.133626982934793"
"TSSC4","0.132370755129392"
"TSSK1B","0.133377878435333"
"TSSK2","0.134272540962624"
"TSSK3","0.136479584050207"
"TSSK4","0.134625754878607"
"TSSK6","0.134089126369048"
"TST","0.132759237415605"
"TSTA3","0.133297404491723"
"TSTD1","0.134272540962624"
"TSTD2","0.13790388150286"
"TSTD3","0.135800264404046"
"TTBK1","0.133811191021954"
"TTBK2","0.136479584050207"
"TTC1","0.134966197027948"
"TTC12","0.134943030822534"
"TTC13","0.13644757432775"
"TTC14","0.131616899707939"
"TTC16","0.13452601927554"
"TTC17","0.133024784743168"
"TTC19","0.132759237415605"
"TTC21A","0.133453214595808"
"TTC21B","0.137234087632024"
"TTC22","0.135800264404046"
"TTC23","0.136479584050207"
"TTC23L","0.133737423301577"
"TTC24","0.134064572346227"
"TTC25","0.134625754878607"
"TTC26","0.135352174316319"
"TTC27","0.13452601927554"
"TTC28","0.133024784743168"
"TTC29","0.133024784743168"
"TTC3","0.133297404491723"
"TTC3-AS1","0.13441575395094"
"TTC30A","0.134064572346227"
"TTC30B","0.134625754878607"
"TTC31","0.132805287101706"
"TTC32","0.133737423301577"
"TTC33","0.13441575395094"
"TTC34","0.133024784743168"
"TTC36","0.134966197027948"
"TTC37","0.135857031057219"
"TTC38","0.134089126369048"
"TTC39A","0.135636677402067"
"TTC39A-AS1","0.134272540962624"
"TTC39B","0.131616899707939"
"TTC39C","0.134966197027948"
"TTC39C-AS1","0.132567770371683"
"TTC4","0.136690797601161"
"TTC5","0.138083485156067"
"TTC6","0.133377878435333"
"TTC7A","0.133377878435333"
"TTC7B","0.133626982934793"
"TTC8","0.133626982934793"
"TTC9","0.137879796084086"
"TTC9B","0.13644757432775"
"TTC9C","0.13452601927554"
"TTF1","0.135636677402067"
"TTF2","0.130891483986459"
"TTI1","0.133737423301577"
"TTI2","0.134295969016384"
"TTK","0.134064572346227"
"TTL","0.136355564745913"
"TTLL1","0.135352174316319"
"TTLL10","0.134943030822534"
"TTLL10-AS1","0.135768602243249"
"TTLL11","0.134966197027948"
"TTLL11-IT1","0.134770578815514"
"TTLL12","0.133344161090166"
"TTLL2","0.13452601927554"
"TTLL3","0.13644757432775"
"TTLL4","0.134625754878607"
"TTLL5","0.13452601927554"
"TTLL6","0.133626982934793"
"TTLL7","0.135352174316319"
"TTLL9","0.134943030822534"
"TTN","0.134064572346227"
"TTN-AS1","0.134295969016384"
"TTPA","0.135800264404046"
"TTPAL","0.13545831733162"
"TTR","0.135636677402067"
"TTTY10","0.135768602243249"
"TTTY14","0.136957104075958"
"TTTY15","0.132152592103278"
"TTTY5","0.134966197027948"
"TTTY7","0.134272540962624"
"TTTY9B","0.135352174316319"
"TTYH1","0.136355564745913"
"TTYH2","0.133737423301577"
"TTYH3","0.132225820199113"
"TUB","0.135352174316319"
"TUBA1A","0.133377878435333"
"TUBA1B","0.133737423301577"
"TUBA1C","0.136479584050207"
"TUBA3C","0.132225820199113"
"TUBA3D","0.134089126369048"
"TUBA3E","0.133626982934793"
"TUBA4A","0.136355564745913"
"TUBA4B","0.133453214595808"
"TUBA8","0.132370755129392"
"TUBAL3","0.133626982934793"
"TUBB","0.13545831733162"
"TUBB1","0.134295969016384"
"TUBB2A","0.132739748966869"
"TUBB2B","0.132759237415605"
"TUBB3","0.134966197027948"
"TUBB4A","0.13452601927554"
"TUBB4B","0.133377878435333"
"TUBB6","0.13441575395094"
"TUBB8","0.132225820199113"
"TUBD1","0.134966197027948"
"TUBE1","0.134295969016384"
"TUBG1","0.134943030822534"
"TUBG2","0.133297404491723"
"TUBGCP2","0.132805287101706"
"TUBGCP3","0.133453214595808"
"TUBGCP4","0.1331097466627"
"TUBGCP5","0.135768602243249"
"TUBGCP6","0.134089126369048"
"TUFM","0.132825587750031"
"TUFT1","0.133626982934793"
"TUG1","0.13790388150286"
"TULP1","0.136957104075958"
"TULP2","0.133344161090166"
"TULP3","0.132759237415605"
"TULP4","0.132370755129392"
"TUNAR","0.136355564745913"
"TUSC1","0.134089126369048"
"TUSC2","0.130699389506"
"TUSC3","0.134064572346227"
"TUSC5","0.132567770371683"
"TUSC7","0.133626982934793"
"TUSC8","0.134272540962624"
"TUT1","0.132567770371683"
"TVP23A","0.134625754878607"
"TVP23B","0.13545831733162"
"TVP23C","0.135800264404046"
"TVP23C-CDRT4","0.134089126369048"
"TWF1","0.134089126369048"
"TWF2","0.134089126369048"
"TWIST1","0.134272540962624"
"TWIST2","0.1331097466627"
"TWISTNB","0.135800264404046"
"TWSG1","0.133344161090166"
"TXK","0.132739748966869"
"TXLNA","0.131034633350327"
"TXLNB","0.136317015690968"
"TXLNG","0.133344161090166"
"TXN","0.134770578815514"
"TXN2","0.1331097466627"
"TXNDC11","0.133344161090166"
"TXNDC12","0.134295969016384"
"TXNDC12-AS1","0.135352174316319"
"TXNDC15","0.132825587750031"
"TXNDC16","0.136479584050207"
"TXNDC17","0.134625754878607"
"TXNDC2","0.134272540962624"
"TXNDC5","0.134770578815514"
"TXNDC8","0.132739748966869"
"TXNDC9","0.133626982934793"
"TXNIP","0.130699389506"
"TXNL1","0.134770578815514"
"TXNL4A","0.135636677402067"
"TXNL4B","0.13441575395094"
"TXNRD1","0.136317015690968"
"TXNRD2","0.134770578815514"
"TXNRD3","0.132567770371683"
"TYK2","0.133626982934793"
"TYMP","0.134625754878607"
"TYMS","0.13441575395094"
"TYR","0.135636677402067"
"TYRO3","0.135768602243249"
"TYROBP","0.136355564745913"
"TYRP1","0.13452601927554"
"TYSND1","0.134295969016384"
"TYW1","0.136317015690968"
"TYW1B","0.132152592103278"
"TYW3","0.132825587750031"
"TYW5","0.132225820199113"
"U2AF1","0.133737423301577"
"U2AF1L4","0.133626982934793"
"U2AF1L5","0.132805287101706"
"U2AF2","0.132805287101706"
"U2SURP","0.133297404491723"
"U47924.27","0.134770578815514"
"U47924.29","0.132739748966869"
"U47924.31","0.133024784743168"
"U47924.32","0.132739748966869"
"U51244.2","0.134625754878607"
"U51561.1","0.134295969016384"
"U52111.14","0.133297404491723"
"U66059.58","0.133626982934793"
"U73166.2","0.133737423301577"
"U82695.5","0.136524970131537"
"U82695.9","0.1331097466627"
"U91319.1","0.133246269690045"
"U91324.1","0.136104757897457"
"U91328.19","0.136881051323727"
"U91328.21","0.134770578815514"
"U91328.22","0.134295969016384"
"U95743.1","0.134089126369048"
"UACA","0.132759237415605"
"UAP1","0.136690797601161"
"UAP1L1","0.132825587750031"
"UBA1","0.13441575395094"
"UBA2","0.133737423301577"
"UBA3","0.13452601927554"
"UBA5","0.132152592103278"
"UBA52","0.134966197027948"
"UBA6","0.134272540962624"
"UBA6-AS1","0.132759237415605"
"UBA7","0.134089126369048"
"UBAC1","0.133626982934793"
"UBAC2","0.135636677402067"
"UBAC2-AS1","0.134625754878607"
"UBALD1","0.131421082352245"
"UBALD2","0.131125569620467"
"UBAP1","0.135768602243249"
"UBAP1L","0.135636677402067"
"UBAP2","0.132825587750031"
"UBAP2L","0.1331097466627"
"UBASH3A","0.133453214595808"
"UBASH3B","0.13441575395094"
"UBB","0.133737423301577"
"UBC","0.136524970131537"
"UBD","0.132759237415605"
"UBE2A","0.13452601927554"
"UBE2B","0.13545831733162"
"UBE2C","0.134064572346227"
"UBE2D1","0.131125569620467"
"UBE2D2","0.134966197027948"
"UBE2D3","0.133737423301577"
"UBE2D4","0.134064572346227"
"UBE2E1","0.135352174316319"
"UBE2E1-AS1","0.134089126369048"
"UBE2E2","0.133246269690045"
"UBE2E2-AS1","0.133737423301577"
"UBE2E3","0.134966197027948"
"UBE2F","0.133344161090166"
"UBE2F-SCLY","0.13686427072985"
"UBE2G1","0.133344161090166"
"UBE2G2","0.132739748966869"
"UBE2H","0.134089126369048"
"UBE2I","0.136355564745913"
"UBE2J1","0.131421082352245"
"UBE2J2","0.137234087632024"
"UBE2K","0.135590601959882"
"UBE2L3","0.134272540962624"
"UBE2L6","0.132068458568022"
"UBE2M","0.133626982934793"
"UBE2N","0.134943030822534"
"UBE2O","0.134625754878607"
"UBE2Q1","0.133453214595808"
"UBE2Q1-AS1","0.134770578815514"
"UBE2Q2","0.132225820199113"
"UBE2Q2L","0.13452601927554"
"UBE2QL1","0.134089126369048"
"UBE2R2","0.135800264404046"
"UBE2R2-AS1","0.135636677402067"
"UBE2S","0.131616899707939"
"UBE2T","0.134089126369048"
"UBE2U","0.132068458568022"
"UBE2V1","0.133737423301577"
"UBE2V2","0.1331097466627"
"UBE2W","0.134064572346227"
"UBE2Z","0.134943030822534"
"UBE3A","0.1331097466627"
"UBE3B","0.13441575395094"
"UBE3C","0.132225820199113"
"UBE3D","0.131125569620467"
"UBE4A","0.134272540962624"
"UBE4B","0.134943030822534"
"UBFD1","0.135352174316319"
"UBIAD1","0.136957104075958"
"UBL3","0.133024784743168"
"UBL4A","0.138338633845829"
"UBL4B","0.1331097466627"
"UBL5","0.1331097466627"
"UBL7","0.130498701293566"
"UBL7-AS1","0.13686427072985"
"UBLCP1","0.132739748966869"
"UBN1","0.13452601927554"
"UBN2","0.135590601959882"
"UBOX5","0.132739748966869"
"UBOX5-AS1","0.134272540962624"
"UBP1","0.132225820199113"
"UBQLN1","0.133246269690045"
"UBQLN2","0.134295969016384"
"UBQLN4","0.134625754878607"
"UBQLNL","0.134770578815514"
"UBR1","0.132805287101706"
"UBR2","0.133297404491723"
"UBR3","0.133297404491723"
"UBR4","0.133344161090166"
"UBR5","0.131616899707939"
"UBR5-AS1","0.132370755129392"
"UBR7","0.135800264404046"
"UBTD1","0.134295969016384"
"UBTD2","0.133344161090166"
"UBTF","0.132805287101706"
"UBTFL1","0.134295969016384"
"UBXN1","0.134966197027948"
"UBXN10","0.132225820199113"
"UBXN10-AS1","0.133453214595808"
"UBXN11","0.134966197027948"
"UBXN2A","0.134272540962624"
"UBXN2B","0.130224339092472"
"UBXN4","0.133737423301577"
"UBXN6","0.130401808141009"
"UBXN7","0.132370755129392"
"UBXN7-AS1","0.135768602243249"
"UBXN8","0.133626982934793"
"UCHL1","0.13441575395094"
"UCHL1-AS1","0.134943030822534"
"UCHL3","0.133246269690045"
"UCHL5","0.1331097466627"
"UCK1","0.136300150852688"
"UCK2","0.132805287101706"
"UCKL1","0.131421082352245"
"UCKL1-AS1","0.133024784743168"
"UCMA","0.134625754878607"
"UCN","0.13644757432775"
"UCN2","0.134943030822534"
"UCN3","0.135768602243249"
"UCP1","0.133024784743168"
"UCP2","0.135590601959882"
"UCP3","0.131616899707939"
"UEVLD","0.132567770371683"
"UFC1","0.135590601959882"
"UFD1L","0.133344161090166"
"UFL1","0.134295969016384"
"UFL1-AS1","0.132739748966869"
"UFM1","0.136479584050207"
"UFSP1","0.132759237415605"
"UFSP2","0.134770578815514"
"UG0898H09","0.133246269690045"
"UGCG","0.133626982934793"
"UGDH","0.13452601927554"
"UGDH-AS1","0.13452601927554"
"UGGT1","0.134966197027948"
"UGGT2","0.134272540962624"
"UGP2","0.136355564745913"
"UGT1A1","0.133453214595808"
"UGT1A10","0.131034633350327"
"UGT1A6","0.133246269690045"
"UGT1A7","0.13545831733162"
"UGT1A8","0.134272540962624"
"UGT1A9","0.132825587750031"
"UGT2A1","0.134295969016384"
"UGT2B10","0.134089126369048"
"UGT2B11","0.134770578815514"
"UGT2B15","0.132805287101706"
"UGT2B17","0.134089126369048"
"UGT2B28","0.133453214595808"
"UGT2B4","0.130886898766601"
"UGT2B7","0.133344161090166"
"UGT3A1","0.134089126369048"
"UGT3A2","0.135352174316319"
"UGT8","0.133737423301577"
"UHMK1","0.13452601927554"
"UHRF1","0.133246269690045"
"UHRF1BP1","0.133626982934793"
"UHRF1BP1L","0.134272540962624"
"UHRF2","0.133344161090166"
"UIMC1","0.134089126369048"
"ULBP1","0.133626982934793"
"ULBP2","0.131125569620467"
"ULBP3","0.133297404491723"
"ULK1","0.132567770371683"
"ULK2","0.133344161090166"
"ULK3","0.132370755129392"
"ULK4","0.130688962968501"
"UMAD1","0.131034633350327"
"UMODL1","0.134943030822534"
"UMPS","0.132068458568022"
"UNC119","0.132068458568022"
"UNC119B","0.134625754878607"
"UNC13A","0.131616899707939"
"UNC13B","0.133246269690045"
"UNC13C","0.1331097466627"
"UNC13D","0.13441575395094"
"UNC45A","0.134625754878607"
"UNC45B","0.132759237415605"
"UNC50","0.132825587750031"
"UNC5A","0.132825587750031"
"UNC5B","0.130498701293566"
"UNC5B-AS1","0.134966197027948"
"UNC5C","0.132370755129392"
"UNC5CL","0.133297404491723"
"UNC5D","0.134625754878607"
"UNC79","0.133626982934793"
"UNC80","0.134089126369048"
"UNC93A","0.132739748966869"
"UNC93B1","0.134966197027948"
"UNCX","0.133453214595808"
"UNG","0.134943030822534"
"UNK","0.13441575395094"
"UNKL","0.133626982934793"
"UNQ6494","0.130401808141009"
"UPB1","0.130886898766601"
"UPF1","0.135636677402067"
"UPF2","0.133246269690045"
"UPF3A","0.131034633350327"
"UPF3B","0.131421082352245"
"UPK1A","0.136881051323727"
"UPK1A-AS1","0.132068458568022"
"UPK1B","0.132739748966869"
"UPK2","0.134943030822534"
"UPK3A","0.133024784743168"
"UPK3B","0.130144456741494"
"UPK3BL","0.133453214595808"
"UPP1","0.136652807915165"
"UPP2","0.1331097466627"
"UPRT","0.134089126369048"
"UQCC1","0.135352174316319"
"UQCC2","0.134089126369048"
"UQCC3","0.13686427072985"
"UQCR10","0.132825587750031"
"UQCR11","0.132805287101706"
"UQCRB","0.129611984574103"
"UQCRC1","0.130891483986459"
"UQCRC2","0.134770578815514"
"UQCRFS1","0.132567770371683"
"UQCRH","0.132567770371683"
"UQCRHL","0.134089126369048"
"UQCRQ","0.13452601927554"
"URAD","0.131616899707939"
"URB1","0.134272540962624"
"URB1-AS1","0.132825587750031"
"URB2","0.132805287101706"
"URGCP","0.135857031057219"
"URGCP-MRPS24","0.134272540962624"
"URI1","0.131616899707939"
"URM1","0.136300150852688"
"UROC1","0.134089126369048"
"UROD","0.134089126369048"
"UROS","0.13441575395094"
"USB1","0.135590601959882"
"USE1","0.134295969016384"
"USF1","0.134966197027948"
"USF2","0.131421082352245"
"USF3","0.1331097466627"
"USH1C","0.134272540962624"
"USH1G","0.131125569620467"
"USH2A","0.134966197027948"
"USHBP1","0.134064572346227"
"USMG5","0.1331097466627"
"USO1","0.134625754878607"
"USP1","0.133297404491723"
"USP10","0.131034633350327"
"USP11","0.134272540962624"
"USP12","0.13545831733162"
"USP12-AS2","0.135768602243249"
"USP13","0.132739748966869"
"USP14","0.134089126369048"
"USP15","0.133626982934793"
"USP16","0.136300150852688"
"USP18","0.134272540962624"
"USP19","0.135768602243249"
"USP2","0.135590601959882"
"USP2-AS1","0.135800264404046"
"USP20","0.134930341224736"
"USP21","0.13545831733162"
"USP22","0.132567770371683"
"USP24","0.134064572346227"
"USP25","0.135590601959882"
"USP26","0.132805287101706"
"USP27X","0.133453214595808"
"USP27X-AS1","0.134064572346227"
"USP28","0.13452601927554"
"USP29","0.133246269690045"
"USP3","0.13441575395094"
"USP3-AS1","0.133246269690045"
"USP30","0.136524970131537"
"USP30-AS1","0.134272540962624"
"USP31","0.136300150852688"
"USP32","0.134385654436883"
"USP33","0.135352174316319"
"USP34","0.132805287101706"
"USP35","0.13441575395094"
"USP36","0.133453214595808"
"USP37","0.132825587750031"
"USP38","0.13452601927554"
"USP39","0.134272540962624"
"USP4","0.132759237415605"
"USP40","0.13545831733162"
"USP41","0.133453214595808"
"USP42","0.134930341224736"
"USP43","0.133737423301577"
"USP44","0.134089126369048"
"USP45","0.134625754878607"
"USP46","0.134770578815514"
"USP46-AS1","0.134295969016384"
"USP47","0.133737423301577"
"USP48","0.134295969016384"
"USP49","0.134625754878607"
"USP5","0.132805287101706"
"USP50","0.136317015690968"
"USP51","0.134943030822534"
"USP53","0.134064572346227"
"USP54","0.135352174316319"
"USP6","0.133737423301577"
"USP6NL","0.13452601927554"
"USP7","0.134943030822534"
"USP8","0.133453214595808"
"USP9X","0.132805287101706"
"USP9Y","0.133246269690045"
"USPL1","0.132225820199113"
"UST","0.132759237415605"
"UTAT33","0.133453214595808"
"UTF1","0.130690799501017"
"UTP11L","0.132805287101706"
"UTP14A","0.133297404491723"
"UTP14C","0.134770578815514"
"UTP15","0.135768602243249"
"UTP18","0.133246269690045"
"UTP20","0.134930341224736"
"UTP23","0.132225820199113"
"UTP3","0.131616899707939"
"UTP4","0.131616899707939"
"UTP6","0.132567770371683"
"UTRN","0.131616899707939"
"UTS2","0.134770578815514"
"UTS2B","0.132068458568022"
"UTS2R","0.133737423301577"
"UTY","0.134295969016384"
"UVRAG","0.131421082352245"
"UVSSA","0.132225820199113"
"UXS1","0.134770578815514"
"UXT","0.134089126369048"
"UXT-AS1","0.134385654436883"
"VAC14","0.131616899707939"
"VAC14-AS1","0.134966197027948"
"VAMP1","0.13545831733162"
"VAMP2","0.135636677402067"
"VAMP3","0.130886898766601"
"VAMP4","0.133024784743168"
"VAMP5","0.132805287101706"
"VAMP7","0.134385654436883"
"VAMP8","0.131616899707939"
"VANGL1","0.135857031057219"
"VANGL2","0.135768602243249"
"VAPA","0.133024784743168"
"VAPB","0.131034633350327"
"VARS","0.132805287101706"
"VARS2","0.132805287101706"
"VASH1","0.134089126369048"
"VASH2","0.133737423301577"
"VASN","0.132759237415605"
"VASP","0.134943030822534"
"VAT1","0.134385654436883"
"VAT1L","0.132225820199113"
"VAV1","0.134089126369048"
"VAV2","0.134385654436883"
"VAV3","0.134272540962624"
"VAV3-AS1","0.134625754878607"
"VAX1","0.133453214595808"
"VAX2","0.1331097466627"
"VBP1","0.1331097466627"
"VCAM1","0.133246269690045"
"VCAN","0.132788965204969"
"VCAN-AS1","0.13545831733162"
"VCL","0.131421082352245"
"VCP","0.133246269690045"
"VCPIP1","0.134089126369048"
"VCPKMT","0.131421082352245"
"VCX","0.134930341224736"
"VCX2","0.135352174316319"
"VCX3A","0.13441575395094"
"VCX3B","0.135590601959882"
"VDAC1","0.132825587750031"
"VDAC2","0.136377254030031"
"VDAC3","0.134089126369048"
"VDR","0.13313686741649"
"VEGFA","0.13441575395094"
"VEGFB","0.135352174316319"
"VEGFC","0.13313686741649"
"VENTX","0.130249719074953"
"VENTXP1","0.132825587750031"
"VEPH1","0.136690797601161"
"VEZF1","0.136652807915165"
"VEZT","0.133024784743168"
"VGF","0.132068458568022"
"VGLL1","0.134089126369048"
"VGLL2","0.13441575395094"
"VGLL3","0.134966197027948"
"VGLL4","0.134295969016384"
"VHL","0.134966197027948"
"VHLL","0.133737423301577"
"VIL1","0.13441575395094"
"VILL","0.133737423301577"
"VIM","0.136317015690968"
"VIM-AS1","0.133737423301577"
"VIMP","0.133246269690045"
"VIP","0.134770578815514"
"VIPAS39","0.130690799501017"
"VIPR1","0.135857031057219"
"VIPR1-AS1","0.134295969016384"
"VIPR2","0.13441575395094"
"VIT","0.132805287101706"
"VKORC1","0.135352174316319"
"VKORC1L1","0.136317015690968"
"VLDLR","0.13313686741649"
"VLDLR-AS1","0.135800264404046"
"VMA21","0.135590601959882"
"VMAC","0.132068458568022"
"VMO1","0.134943030822534"
"VMP1","0.130886898766601"
"VN1R1","0.133737423301577"
"VN1R2","0.136209519904806"
"VN1R4","0.132788965204969"
"VNN1","0.133453214595808"
"VNN2","0.133297404491723"
"VNN3","0.130690799501017"
"VOPP1","0.132225820199113"
"VPRBP","0.13441575395094"
"VPREB1","0.133246269690045"
"VPREB3","0.13441575395094"
"VPS11","0.135590601959882"
"VPS13A","0.134272540962624"
"VPS13A-AS1","0.134966197027948"
"VPS13B","0.134272540962624"
"VPS13C","0.13313686741649"
"VPS13D","0.134385654436883"
"VPS16","0.132225820199113"
"VPS18","0.132225820199113"
"VPS25","0.135768602243249"
"VPS26A","0.132825587750031"
"VPS26B","0.132370755129392"
"VPS28","0.133453214595808"
"VPS29","0.134064572346227"
"VPS33A","0.132068458568022"
"VPS33B","0.133453214595808"
"VPS35","0.132825587750031"
"VPS36","0.133297404491723"
"VPS37A","0.136524970131537"
"VPS37B","0.133453214595808"
"VPS37C","0.133024784743168"
"VPS37D","0.132225820199113"
"VPS39","0.134930341224736"
"VPS41","0.13313686741649"
"VPS45","0.136300150852688"
"VPS4A","0.133453214595808"
"VPS4B","0.134385654436883"
"VPS50","0.134064572346227"
"VPS51","0.132068458568022"
"VPS52","0.132805287101706"
"VPS53","0.133024784743168"
"VPS54","0.133024784743168"
"VPS72","0.134064572346227"
"VPS8","0.1331097466627"
"VPS9D1","0.13545831733162"
"VPS9D1-AS1","0.130886898766601"
"VRK1","0.133737423301577"
"VRK2","0.134295969016384"
"VRK3","0.130688962968501"
"VRTN","0.135857031057219"
"VSIG1","0.135800264404046"
"VSIG10","0.133737423301577"
"VSIG10L","0.133297404491723"
"VSIG2","0.129115541312204"
"VSIG4","0.1331097466627"
"VSIG8","0.133453214595808"
"VSNL1","0.133737423301577"
"VSTM1","0.135590601959882"
"VSTM2A","0.133737423301577"
"VSTM2B","0.133297404491723"
"VSTM2L","0.132759237415605"
"VSTM4","0.133737423301577"
"VSTM5","0.134385654436883"
"VSX1","0.134966197027948"
"VSX2","0.134295969016384"
"VTA1","0.135800264404046"
"VTCN1","0.134064572346227"
"VTI1A","0.135800264404046"
"VTI1B","0.134770578815514"
"VTN","0.133453214595808"
"VWA1","0.136524970131537"
"VWA2","0.135768602243249"
"VWA3A","0.136524970131537"
"VWA3B","0.134385654436883"
"VWA5A","0.134272540962624"
"VWA5B1","0.134064572346227"
"VWA5B2","0.134770578815514"
"VWA7","0.13545831733162"
"VWA8","0.132788965204969"
"VWA8-AS1","0.1331097466627"
"VWA9","0.135636677402067"
"VWC2","0.134385654436883"
"VWC2L","0.133453214595808"
"VWCE","0.133737423301577"
"VWDE","0.132825587750031"
"VWF","0.135590601959882"
"WAC","0.13790388150286"
"WAC-AS1","0.134295969016384"
"WAPL","0.133024784743168"
"WARS","0.132370755129392"
"WARS2","0.133297404491723"
"WARS2-IT1","0.135352174316319"
"WAS","0.132068458568022"
"WASF1","0.133453214595808"
"WASF2","0.134966197027948"
"WASF3","0.131125569620467"
"WASF3-AS1","0.130886898766601"
"WASH1","0.13545831733162"
"WASIR1","0.133024784743168"
"WASIR2","0.136355564745913"
"WASL","0.130249719074953"
"WBP1","0.136300150852688"
"WBP11","0.130144456741494"
"WBP1L","0.1331097466627"
"WBP2","0.135800264404046"
"WBP2NL","0.132788965204969"
"WBP4","0.135590601959882"
"WBP5","0.134064572346227"
"WBSCR16","0.132788965204969"
"WBSCR17","0.132370755129392"
"WBSCR22","0.135636677402067"
"WBSCR27","0.132788965204969"
"WBSCR28","0.134272540962624"
"WDFY1","0.133246269690045"
"WDFY2","0.134064572346227"
"WDFY3","0.133246269690045"
"WDFY3-AS1","0.130401808141009"
"WDFY4","0.133737423301577"
"WDHD1","0.13441575395094"
"WDPCP","0.133737423301577"
"WDR1","0.13441575395094"
"WDR11","0.132788965204969"
"WDR11-AS1","0.132567770371683"
"WDR12","0.132567770371683"
"WDR13","0.133453214595808"
"WDR17","0.1331097466627"
"WDR18","0.133453214595808"
"WDR19","0.136957104075958"
"WDR20","0.130690799501017"
"WDR24","0.130699389506"
"WDR25","0.133453214595808"
"WDR26","0.132370755129392"
"WDR27","0.134966197027948"
"WDR3","0.132370755129392"
"WDR31","0.130232653066916"
"WDR33","0.132825587750031"
"WDR34","0.134930341224736"
"WDR35","0.130249719074953"
"WDR36","0.132567770371683"
"WDR37","0.134385654436883"
"WDR38","0.134089126369048"
"WDR4","0.133737423301577"
"WDR41","0.134272540962624"
"WDR43","0.130401808141009"
"WDR44","0.133246269690045"
"WDR45","0.133024784743168"
"WDR45B","0.133246269690045"
"WDR46","0.132788965204969"
"WDR47","0.135636677402067"
"WDR48","0.13441575395094"
"WDR49","0.13313686741649"
"WDR5","0.131616899707939"
"WDR53","0.13441575395094"
"WDR54","0.131616899707939"
"WDR55","0.134089126369048"
"WDR59","0.133453214595808"
"WDR5B","0.13441575395094"
"WDR6","0.134295969016384"
"WDR60","0.1385869734998"
"WDR61","0.130886898766601"
"WDR62","0.131421082352245"
"WDR63","0.134295969016384"
"WDR64","0.133453214595808"
"WDR66","0.130249719074953"
"WDR7","0.133024784743168"
"WDR70","0.13313686741649"
"WDR72","0.131034633350327"
"WDR73","0.13441575395094"
"WDR74","0.13313686741649"
"WDR75","0.133737423301577"
"WDR76","0.133246269690045"
"WDR77","0.132225820199113"
"WDR78","0.133297404491723"
"WDR81","0.13265123806169"
"WDR82","0.133246269690045"
"WDR83","0.134295969016384"
"WDR83OS","0.136524970131537"
"WDR86","0.129611984574103"
"WDR87","0.135590601959882"
"WDR88","0.133737423301577"
"WDR89","0.134295969016384"
"WDR90","0.132825587750031"
"WDR91","0.134295969016384"
"WDR92","0.134966197027948"
"WDR93","0.130224339092472"
"WDR97","0.133737423301577"
"WDSUB1","0.132370755129392"
"WDTC1","0.133737423301577"
"WDYHV1","0.131034633350327"
"WEE1","0.132068458568022"
"WEE2","0.132788965204969"
"WEE2-AS1","0.134385654436883"
"WFDC1","0.134385654436883"
"WFDC10A","0.134089126369048"
"WFDC10B","0.136479584050207"
"WFDC11","0.1331097466627"
"WFDC12","0.134770578815514"
"WFDC13","0.130093192861686"
"WFDC2","0.132370755129392"
"WFDC3","0.134930341224736"
"WFDC5","0.136524970131537"
"WFDC6","0.133024784743168"
"WFDC8","0.133297404491723"
"WFDC9","0.130126669620869"
"WFIKKN1","0.132825587750031"
"WFIKKN2","0.132805287101706"
"WFS1","0.133453214595808"
"WHAMM","0.135768602243249"
"WHSC1","0.13686427072985"
"WHSC1L1","0.132825587750031"
"WI2-1959D15.1","0.134930341224736"
"WI2-2373I1.2","0.13545831733162"
"WI2-80269A6.1","0.134089126369048"
"WI2-85898F10.1","0.134385654436883"
"WI2-85898F10.2","0.131034633350327"
"WI2-87327B8.2","0.132225820199113"
"WIF1","0.130690799501017"
"WIPF1","0.135590601959882"
"WIPF2","0.132805287101706"
"WIPF3","0.134385654436883"
"WIPI1","0.134272540962624"
"WIPI2","0.134770578815514"
"WISP1","0.133737423301577"
"WISP2","0.1331097466627"
"WISP3","0.133297404491723"
"WIZ","0.133246269690045"
"WLS","0.13313686741649"
"WNK1","0.132225820199113"
"WNK2","0.1331097466627"
"WNK3","0.134089126369048"
"WNK4","0.132825587750031"
"WNT1","0.131125569620467"
"WNT10A","0.132370755129392"
"WNT10B","0.136317015690968"
"WNT11","0.132825587750031"
"WNT16","0.134064572346227"
"WNT2","0.133024784743168"
"WNT2B","0.133297404491723"
"WNT3","0.132567770371683"
"WNT3A","0.136300150852688"
"WNT4","0.134272540962624"
"WNT5A","0.133737423301577"
"WNT5A-AS1","0.133737423301577"
"WNT5B","0.13441575395094"
"WNT6","0.135768602243249"
"WNT7A","0.134295969016384"
"WNT7B","0.130401808141009"
"WNT8B","0.134930341224736"
"WNT9A","0.134770578815514"
"WNT9B","0.133297404491723"
"WRAP53","0.132225820199113"
"WRAP73","0.1331097466627"
"WRB","0.134581694869421"
"WRN","0.133453214595808"
"WRNIP1","0.133453214595808"
"WSB1","0.136524970131537"
"WSB2","0.135352174316319"
"WSCD1","0.135768602243249"
"WSCD2","0.133453214595808"
"WT1","0.132370755129392"
"WT1-AS","0.136652807915165"
"WTAP","0.135768602243249"
"WTIP","0.134930341224736"
"WWC1","0.135590601959882"
"WWC2","0.134385654436883"
"WWC2-AS1","0.134966197027948"
"WWC2-AS2","0.1331097466627"
"WWC3","0.134930341224736"
"WWC3-AS1","0.137501831634967"
"WWOX","0.132788965204969"
"WWP1","0.132186362532303"
"WWP2","0.132805287101706"
"WWTR1","0.134930341224736"
"WWTR1-AS1","0.133297404491723"
"XAB2","0.135768602243249"
"XACT","0.132788965204969"
"XAF1","0.134966197027948"
"XAGE1A","0.135800264404046"
"XAGE1B","0.134295969016384"
"XAGE2","0.134385654436883"
"XAGE3","0.134581694869421"
"XAGE5","0.1331097466627"
"XBP1","0.135590601959882"
"XCL1","0.135352174316319"
"XCL2","0.135857031057219"
"XCR1","0.135857031057219"
"XDH","0.135768602243249"
"XG","0.132825587750031"
"XIAP","0.1331097466627"
"XIAP-AS1","0.133297404491723"
"XIRP1","0.13545831733162"
"XIRP2","0.136355564745913"
"XIST","0.133297404491723"
"XK","0.136957104075958"
"XKR3","0.134581694869421"
"XKR4","0.134295969016384"
"XKR5","0.134064572346227"
"XKR6","0.130249719074953"
"XKR7","0.134064572346227"
"XKR8","0.132567770371683"
"XKR9","0.134064572346227"
"XKRX","0.133297404491723"
"XPA","0.134385654436883"
"XPC","0.13313686741649"
"XPNPEP1","0.132759237415605"
"XPNPEP2","0.1331097466627"
"XPNPEP3","0.130886898766601"
"XPO1","0.132825587750031"
"XPO4","0.131421082352245"
"XPO5","0.134385654436883"
"XPO6","0.134966197027948"
"XPO7","0.132370755129392"
"XPOT","0.135352174316319"
"XPR1","0.134089126369048"
"XRCC1","0.133297404491723"
"XRCC2","0.134272540962624"
"XRCC3","0.136300150852688"
"XRCC4","0.134385654436883"
"XRCC5","0.133297404491723"
"XRCC6","0.133453214595808"
"XRCC6BP1","0.13441575395094"
"XRN1","0.136479584050207"
"XRN2","0.133246269690045"
"XRRA1","0.131034633350327"
"XX-C00717C00720L.1","0.133320919139581"
"XX-C2158C12.1","0.133453214595808"
"XX-C2158C12.2","0.134385654436883"
"XX-C2158C6.1","0.133246269690045"
"XX-C2158C6.3","0.135768602243249"
"XX-C283C717.1","0.13313686741649"
"XX-CR54.1","0.134581694869421"
"XX-DJ76P10--A.2","0.132068458568022"
"XX-FW80269A6.1","0.134089126369048"
"XX-FW83128A1.2","0.132788965204969"
"XX-FW83563B9.5","0.134770578815514"
"XXYLT1","0.134385654436883"
"XXYLT1-AS2","0.132788965204969"
"XXbac-B135H6.15","0.134966197027948"
"XXbac-B135H6.18","0.134089126369048"
"XXbac-B33L19.4","0.132567770371683"
"XXbac-B33L19.6","0.133246269690045"
"XXbac-B444P24.14","0.135857031057219"
"XXbac-B444P24.8","0.134295969016384"
"XXbac-B476C20.9","0.130886898766601"
"XXbac-BCX196D17.5","0.132759237415605"
"XXbac-BPG13B8.10","0.133453214595808"
"XXbac-BPG154L12.4","0.132788965204969"
"XXbac-BPG154L12.5","0.136355564745913"
"XXbac-BPG157A10.21","0.132788965204969"
"XXbac-BPG170G13.32","0.134770578815514"
"XXbac-BPG181B23.7","0.132825587750031"
"XXbac-BPG181M17.6","0.134064572346227"
"XXbac-BPG246D15.9","0.130690799501017"
"XXbac-BPG248L24.13","0.13441575395094"
"XXbac-BPG249D20.9","0.130886898766601"
"XXbac-BPG252P9.10","0.132825587750031"
"XXbac-BPG252P9.9","0.13441575395094"
"XXbac-BPG258E24.10","0.133024784743168"
"XXbac-BPG27H4.8","0.135636677402067"
"XXbac-BPG294E21.9","0.134930341224736"
"XXbac-BPG299F13.17","0.132759237415605"
"XXbac-BPG308J9.3","0.133024784743168"
"XXbac-BPG308K3.5","0.133320919139581"
"XXbac-BPG32J3.19","0.134295969016384"
"XXbac-BPG32J3.22","0.136317015690968"
"XXbac-BPG55C20.7","0.136957104075958"
"XXbac-BPGBPG55C20.1","0.13313686741649"
"XXbac-BPGBPG55C20.2","0.134581694869421"
"XXbac-BPGBPG55C20.3","0.134295969016384"
"XXcos-LUCA11.5","0.134295969016384"
"XXyac-YM21GA2.3","0.131616899707939"
"XXyac-YM21GA2.4","0.133320919139581"
"XXyac-YM21GA2.7","0.133024784743168"
"XXyac-YR29IB3.1","0.133737423301577"
"XXyac-YRM2039.3","0.133320919139581"
"XXyac-YX155B6.5","0.134064572346227"
"XXyac-YX155B6.7","0.132805287101706"
"XXyac-YX65C7-A.2","0.132759237415605"
"XXyac-YX65C7-A.3","0.132225820199113"
"XYLB","0.135800264404046"
"XYLT1","0.134064572346227"
"XYLT2","0.133024784743168"
"YAE1D1","0.135352174316319"
"YAF2","0.137470340820322"
"YAP1","0.133320919139581"
"YARS","0.132825587750031"
"YARS2","0.132788965204969"
"YBEY","0.134385654436883"
"YBX1","0.134295969016384"
"YBX2","0.132805287101706"
"YBX3","0.134966197027948"
"YDJC","0.132788965204969"
"YEATS2","0.135636677402067"
"YEATS2-AS1","0.132759237415605"
"YEATS4","0.133024784743168"
"YES1","0.134930341224736"
"YIF1A","0.134064572346227"
"YIF1B","0.130232653066916"
"YIPF1","0.132225820199113"
"YIPF2","0.133453214595808"
"YIPF3","0.132759237415605"
"YIPF4","0.135857031057219"
"YIPF5","0.133246269690045"
"YIPF6","0.132788965204969"
"YIPF7","0.134064572346227"
"YJEFN3","0.131125569620467"
"YKT6","0.134966197027948"
"YLPM1","0.136355564745913"
"YME1L1","0.13644757432775"
"YOD1","0.132805287101706"
"YPEL1","0.1331097466627"
"YPEL2","0.130699389506"
"YPEL3","0.134089126369048"
"YPEL4","0.132759237415605"
"YPEL5","0.134135236236894"
"YRDC","0.133024784743168"
"YTHDC1","0.134966197027948"
"YTHDC2","0.13545831733162"
"YTHDF1","0.132759237415605"
"YTHDF2","0.134770578815514"
"YTHDF3","0.135352174316319"
"YTHDF3-AS1","0.130249719074953"
"YWHAB","0.134770578815514"
"YWHAE","0.130699389506"
"YWHAG","0.135800264404046"
"YWHAH","0.134930341224736"
"YWHAQ","0.132788965204969"
"YWHAZ","0.133453214595808"
"YY1","0.132805287101706"
"YY1AP1","0.134064572346227"
"YY2","0.133320919139581"
"Z69666.2","0.132370755129392"
"Z69720.2","0.1331097466627"
"Z82214.3","0.132759237415605"
"Z83001.1","0.133320919139581"
"Z83844.1","0.135857031057219"
"Z83851.4","0.135857031057219"
"Z99756.1","0.132567770371683"
"ZACN","0.132825587750031"
"ZADH2","0.134064572346227"
"ZAN","0.134966197027948"
"ZAP70","0.134135236236894"
"ZAR1","0.133737423301577"
"ZAR1L","0.134581694869421"
"ZBBX","0.132567770371683"
"ZBED1","0.132370755129392"
"ZBED2","0.134135236236894"
"ZBED3","0.132225820199113"
"ZBED3-AS1","0.132825587750031"
"ZBED4","0.134581694869421"
"ZBED5","0.13313686741649"
"ZBED5-AS1","0.132567770371683"
"ZBED6","0.129880605538093"
"ZBED6CL","0.134581694869421"
"ZBED8","0.1331097466627"
"ZBED9","0.130144456741494"
"ZBP1","0.135768602243249"
"ZBTB1","0.132759237415605"
"ZBTB10","0.13644757432775"
"ZBTB11","0.135800264404046"
"ZBTB11-AS1","0.132825587750031"
"ZBTB12","0.135590601959882"
"ZBTB14","0.130678459190273"
"ZBTB16","0.134089126369048"
"ZBTB17","0.130886898766601"
"ZBTB18","0.134272540962624"
"ZBTB2","0.131616899707939"
"ZBTB20","0.132788965204969"
"ZBTB20-AS1","0.130224339092472"
"ZBTB20-AS2","0.134385654436883"
"ZBTB20-AS3","0.132225820199113"
"ZBTB20-AS4","0.135636677402067"
"ZBTB21","0.134581694869421"
"ZBTB22","0.135352174316319"
"ZBTB24","0.138041787141211"
"ZBTB25","0.132225820199113"
"ZBTB26","0.130886898766601"
"ZBTB3","0.134272540962624"
"ZBTB32","0.133320919139581"
"ZBTB33","0.134581694869421"
"ZBTB34","0.135636677402067"
"ZBTB37","0.134272540962624"
"ZBTB38","0.132825587750031"
"ZBTB39","0.133246269690045"
"ZBTB4","0.133024784743168"
"ZBTB40","0.133737423301577"
"ZBTB41","0.132068458568022"
"ZBTB42","0.134135236236894"
"ZBTB43","0.132068458568022"
"ZBTB44","0.133246269690045"
"ZBTB45","0.134064572346227"
"ZBTB46","0.134581694869421"
"ZBTB46-AS1","0.134295969016384"
"ZBTB47","0.131125569620467"
"ZBTB48","0.135857031057219"
"ZBTB49","0.134966197027948"
"ZBTB5","0.133737423301577"
"ZBTB6","0.132759237415605"
"ZBTB7A","0.134966197027948"
"ZBTB7B","0.132825587750031"
"ZBTB7C","0.132370755129392"
"ZBTB8A","0.135352174316319"
"ZBTB8B","0.134064572346227"
"ZBTB8OS","0.134581694869421"
"ZBTB9","0.134966197027948"
"ZC2HC1A","0.131616899707939"
"ZC2HC1C","0.134064572346227"
"ZC3H10","0.133297404491723"
"ZC3H11A","0.135636677402067"
"ZC3H12A","0.132759237415605"
"ZC3H12B","0.135352174316319"
"ZC3H12C","0.134064572346227"
"ZC3H12D","0.134135236236894"
"ZC3H13","0.134295969016384"
"ZC3H14","0.134064572346227"
"ZC3H15","0.132225820199113"
"ZC3H18","0.136479584050207"
"ZC3H3","0.133024784743168"
"ZC3H4","0.132225820199113"
"ZC3H6","0.132567770371683"
"ZC3H7A","0.133453214595808"
"ZC3H7B","0.134135236236894"
"ZC3H8","0.132068458568022"
"ZC3HAV1","0.133453214595808"
"ZC3HAV1L","0.132825587750031"
"ZC3HC1","0.13313686741649"
"ZC4H2","0.134930341224736"
"ZCCHC10","0.131034633350327"
"ZCCHC11","0.135590601959882"
"ZCCHC12","0.132662161954431"
"ZCCHC14","0.134295969016384"
"ZCCHC16","0.132788965204969"
"ZCCHC17","0.134770578815514"
"ZCCHC18","0.132662161954431"
"ZCCHC2","0.133737423301577"
"ZCCHC24","0.136652807915165"
"ZCCHC3","0.135590601959882"
"ZCCHC4","0.136562073354018"
"ZCCHC5","0.135352174316319"
"ZCCHC6","0.134385654436883"
"ZCCHC7","0.134135236236894"
"ZCCHC8","0.133246269690045"
"ZCCHC9","0.134295969016384"
"ZCRB1","0.132825587750031"
"ZCWPW1","0.133320919139581"
"ZCWPW2","0.134930341224736"
"ZDBF2","0.134581694869421"
"ZDHHC1","0.132825587750031"
"ZDHHC11","0.135352174316319"
"ZDHHC11B","0.135590601959882"
"ZDHHC12","0.130126669620869"
"ZDHHC13","0.134770578815514"
"ZDHHC14","0.131421082352245"
"ZDHHC15","0.134581694869421"
"ZDHHC16","0.133297404491723"
"ZDHHC17","0.13313686741649"
"ZDHHC18","0.134385654436883"
"ZDHHC19","0.130699389506"
"ZDHHC2","0.133737423301577"
"ZDHHC20","0.134295969016384"
"ZDHHC21","0.138502408750336"
"ZDHHC22","0.133246269690045"
"ZDHHC23","0.133453214595808"
"ZDHHC24","0.13545831733162"
"ZDHHC3","0.134385654436883"
"ZDHHC4","0.132805287101706"
"ZDHHC5","0.130699389506"
"ZDHHC6","0.134135236236894"
"ZDHHC7","0.134089126369048"
"ZDHHC8","0.130699389506"
"ZDHHC9","0.132567770371683"
"ZEB1","0.133024784743168"
"ZEB1-AS1","0.132788965204969"
"ZEB2","0.134089126369048"
"ZEB2-AS1","0.133737423301577"
"ZER1","0.132788965204969"
"ZFAND1","0.134135236236894"
"ZFAND2A","0.130690799501017"
"ZFAND2B","0.132759237415605"
"ZFAND3","0.134135236236894"
"ZFAND4","0.134272540962624"
"ZFAND5","0.133297404491723"
"ZFAND6","0.133453214595808"
"ZFAS1","0.134295969016384"
"ZFAT","0.135636677402067"
"ZFAT-AS1","0.13313686741649"
"ZFC3H1","0.134581694869421"
"ZFHX2","0.132370755129392"
"ZFHX3","0.132567770371683"
"ZFHX4","0.13313686741649"
"ZFHX4-AS1","0.13313686741649"
"ZFP1","0.133737423301577"
"ZFP14","0.13790388150286"
"ZFP2","0.134064572346227"
"ZFP28","0.130886898766601"
"ZFP3","0.132805287101706"
"ZFP30","0.135352174316319"
"ZFP36","0.131125569620467"
"ZFP36L1","0.134385654436883"
"ZFP36L2","0.136479584050207"
"ZFP37","0.132567770371683"
"ZFP41","0.133246269690045"
"ZFP42","0.133024784743168"
"ZFP57","0.134272540962624"
"ZFP62","0.134581694869421"
"ZFP64","0.135352174316319"
"ZFP69","0.133246269690045"
"ZFP69B","0.135800264404046"
"ZFP82","0.133320919139581"
"ZFP90","0.136479584050207"
"ZFP91","0.134930341224736"
"ZFP92","0.132567770371683"
"ZFPL1","0.136317015690968"
"ZFPM1","0.132604184087832"
"ZFPM2","0.135352174316319"
"ZFR","0.135768602243249"
"ZFR2","0.134581694869421"
"ZFX","0.135857031057219"
"ZFX-AS1","0.134064572346227"
"ZFY","0.133737423301577"
"ZFY-AS1","0.13545831733162"
"ZFYVE1","0.133297404491723"
"ZFYVE16","0.135800264404046"
"ZFYVE19","0.13313686741649"
"ZFYVE21","0.134581694869421"
"ZFYVE26","0.1331097466627"
"ZFYVE27","0.132662161954431"
"ZFYVE28","0.136524970131537"
"ZFYVE9","0.136524970131537"
"ZG16","0.135352174316319"
"ZG16B","0.135857031057219"
"ZGLP1","0.134930341224736"
"ZGPAT","0.133737423301577"
"ZGRF1","0.13545831733162"
"ZHX1","0.134135236236894"
"ZHX1-C8orf76","0.132805287101706"
"ZHX2","0.134135236236894"
"ZHX3","0.130498701293566"
"ZIC1","0.13644757432775"
"ZIC2","0.133320919139581"
"ZIC3","0.132788965204969"
"ZIC4","0.132805287101706"
"ZIC4-AS1","0.135590601959882"
"ZIC5","0.133297404491723"
"ZIK1","0.133737423301577"
"ZIM2","0.133737423301577"
"ZIM2-AS1","0.132759237415605"
"ZIM3","0.130401808141009"
"ZKSCAN1","0.133297404491723"
"ZKSCAN2","0.133453214595808"
"ZKSCAN3","0.132068458568022"
"ZKSCAN4","0.133246269690045"
"ZKSCAN5","0.132225820199113"
"ZKSCAN7","0.134135236236894"
"ZKSCAN8","0.133320919139581"
"ZMAT1","0.134272540962624"
"ZMAT2","0.136355564745913"
"ZMAT3","0.133737423301577"
"ZMAT4","0.1331097466627"
"ZMAT5","0.133246269690045"
"ZMIZ1","0.129880605538093"
"ZMIZ1-AS1","0.136562073354018"
"ZMIZ2","0.134930341224736"
"ZMPSTE24","0.134770578815514"
"ZMYM1","0.136300150852688"
"ZMYM2","0.132825587750031"
"ZMYM3","0.135636677402067"
"ZMYM4","0.135800264404046"
"ZMYM4-AS1","0.134272540962624"
"ZMYM5","0.135636677402067"
"ZMYM6","0.1331097466627"
"ZMYM6NB","0.135590601959882"
"ZMYND10","0.135768602243249"
"ZMYND10-AS1","0.134135236236894"
"ZMYND11","0.134089126369048"
"ZMYND12","0.132788965204969"
"ZMYND15","0.135800264404046"
"ZMYND19","0.130699389506"
"ZMYND8","0.133297404491723"
"ZNF10","0.134089126369048"
"ZNF100","0.132370755129392"
"ZNF101","0.134930341224736"
"ZNF106","0.134770578815514"
"ZNF107","0.134272540962624"
"ZNF112","0.1331097466627"
"ZNF114","0.135636677402067"
"ZNF117","0.136758024569944"
"ZNF12","0.133320919139581"
"ZNF121","0.132788965204969"
"ZNF124","0.135857031057219"
"ZNF131","0.134064572346227"
"ZNF132","0.135636677402067"
"ZNF133","0.134385654436883"
"ZNF134","0.133453214595808"
"ZNF135","0.134626676197177"
"ZNF136","0.134064572346227"
"ZNF138","0.1331097466627"
"ZNF14","0.134064572346227"
"ZNF140","0.134770578815514"
"ZNF141","0.134930341224736"
"ZNF142","0.134064572346227"
"ZNF143","0.131616899707939"
"ZNF146","0.132567770371683"
"ZNF148","0.136355564745913"
"ZNF154","0.132759237415605"
"ZNF155","0.134385654436883"
"ZNF157","0.133453214595808"
"ZNF16","0.134385654436883"
"ZNF160","0.13545831733162"
"ZNF165","0.134089126369048"
"ZNF169","0.134770578815514"
"ZNF17","0.135636677402067"
"ZNF174","0.136562073354018"
"ZNF175","0.134581694869421"
"ZNF177","0.135800264404046"
"ZNF18","0.132788965204969"
"ZNF180","0.132805287101706"
"ZNF181","0.134064572346227"
"ZNF182","0.136355564745913"
"ZNF184","0.132759237415605"
"ZNF185","0.133320919139581"
"ZNF189","0.13545831733162"
"ZNF19","0.134385654436883"
"ZNF195","0.134770578815514"
"ZNF197","0.134581694869421"
"ZNF197-AS1","0.135352174316319"
"ZNF2","0.132068458568022"
"ZNF20","0.132825587750031"
"ZNF200","0.13313686741649"
"ZNF202","0.133737423301577"
"ZNF205","0.132825587750031"
"ZNF207","0.135352174316319"
"ZNF208","0.136479584050207"
"ZNF211","0.133737423301577"
"ZNF212","0.133297404491723"
"ZNF213","0.135352174316319"
"ZNF213-AS1","0.132759237415605"
"ZNF214","0.134770578815514"
"ZNF215","0.133737423301577"
"ZNF217","0.134930341224736"
"ZNF219","0.134272540962624"
"ZNF22","0.135800264404046"
"ZNF221","0.135857031057219"
"ZNF222","0.13313686741649"
"ZNF223","0.134272540962624"
"ZNF224","0.135352174316319"
"ZNF225","0.134385654436883"
"ZNF226","0.138405601955291"
"ZNF227","0.132370755129392"
"ZNF229","0.132759237415605"
"ZNF23","0.132662161954431"
"ZNF230","0.133937103279754"
"ZNF232","0.13313686741649"
"ZNF233","0.132788965204969"
"ZNF234","0.136652807915165"
"ZNF235","0.133937103279754"
"ZNF236","0.134385654436883"
"ZNF239","0.133737423301577"
"ZNF24","0.132567770371683"
"ZNF248","0.132825587750031"
"ZNF25","0.131125569620467"
"ZNF250","0.132662161954431"
"ZNF251","0.13313686741649"
"ZNF252P-AS1","0.132788965204969"
"ZNF253","0.133320919139581"
"ZNF254","0.133937103279754"
"ZNF256","0.13313686741649"
"ZNF257","0.13545831733162"
"ZNF26","0.136300150852688"
"ZNF260","0.132604184087832"
"ZNF263","0.132788965204969"
"ZNF264","0.134135236236894"
"ZNF266","0.133937103279754"
"ZNF267","0.13545831733162"
"ZNF268","0.13313686741649"
"ZNF273","0.134930341224736"
"ZNF274","0.134930341224736"
"ZNF275","0.134089126369048"
"ZNF276","0.134385654436883"
"ZNF277","0.135636677402067"
"ZNF28","0.134135236236894"
"ZNF280A","0.133937103279754"
"ZNF280B","0.132759237415605"
"ZNF280C","0.132805287101706"
"ZNF280D","0.131125569620467"
"ZNF281","0.135352174316319"
"ZNF282","0.135768602243249"
"ZNF283","0.135572692658482"
"ZNF284","0.134089126369048"
"ZNF285","0.133453214595808"
"ZNF286A","0.133297404491723"
"ZNF286B","0.1331097466627"
"ZNF287","0.133937103279754"
"ZNF292","0.130224339092472"
"ZNF295-AS1","0.134385654436883"
"ZNF296","0.135590601959882"
"ZNF3","0.134385654436883"
"ZNF30","0.13545831733162"
"ZNF30-AS1","0.136317015690968"
"ZNF300","0.135572692658482"
"ZNF302","0.132805287101706"
"ZNF304","0.134385654436883"
"ZNF311","0.134581694869421"
"ZNF316","0.133737423301577"
"ZNF317","0.133937103279754"
"ZNF318","0.134272540962624"
"ZNF319","0.132604184087832"
"ZNF32","0.130498165709347"
"ZNF32-AS1","0.133246269690045"
"ZNF32-AS2","0.13047785051851"
"ZNF32-AS3","0.135590601959882"
"ZNF320","0.134272540962624"
"ZNF322","0.131421082352245"
"ZNF324","0.132225820199113"
"ZNF324B","0.134135236236894"
"ZNF326","0.133737423301577"
"ZNF329","0.134272540962624"
"ZNF330","0.132759237415605"
"ZNF331","0.135636677402067"
"ZNF333","0.134385654436883"
"ZNF334","0.130886898766601"
"ZNF335","0.133937103279754"
"ZNF337","0.136562073354018"
"ZNF337-AS1","0.135857031057219"
"ZNF33A","0.133737423301577"
"ZNF33B","0.133453214595808"
"ZNF34","0.135352174316319"
"ZNF341","0.134385654436883"
"ZNF341-AS1","0.132759237415605"
"ZNF343","0.135800264404046"
"ZNF345","0.135590601959882"
"ZNF346","0.134581694869421"
"ZNF347","0.135352174316319"
"ZNF35","0.133737423301577"
"ZNF350","0.134135236236894"
"ZNF350-AS1","0.134272540962624"
"ZNF354A","0.135590601959882"
"ZNF354B","0.133320919139581"
"ZNF354C","0.135800264404046"
"ZNF358","0.133737423301577"
"ZNF362","0.133453214595808"
"ZNF365","0.135572692658482"
"ZNF366","0.13313686741649"
"ZNF367","0.134272540962624"
"ZNF37A","0.135590601959882"
"ZNF382","0.134135236236894"
"ZNF383","0.132759237415605"
"ZNF384","0.132662161954431"
"ZNF385A","0.133320919139581"
"ZNF385B","0.134385654436883"
"ZNF385C","0.132662161954431"
"ZNF385D","0.13313686741649"
"ZNF385D-AS1","0.133297404491723"
"ZNF391","0.134089126369048"
"ZNF394","0.134581694869421"
"ZNF395","0.132225820199113"
"ZNF396","0.132805287101706"
"ZNF397","0.135590601959882"
"ZNF398","0.132788965204969"
"ZNF404","0.130249719074953"
"ZNF407","0.135352174316319"
"ZNF408","0.13313686741649"
"ZNF41","0.132805287101706"
"ZNF410","0.134930341224736"
"ZNF414","0.132567770371683"
"ZNF415","0.133937103279754"
"ZNF416","0.135857031057219"
"ZNF417","0.136260113579583"
"ZNF418","0.135800264404046"
"ZNF419","0.132225820199113"
"ZNF420","0.130886898766601"
"ZNF423","0.133297404491723"
"ZNF425","0.1331097466627"
"ZNF426","0.132604184087832"
"ZNF428","0.132788965204969"
"ZNF429","0.133937103279754"
"ZNF43","0.133737423301577"
"ZNF430","0.134135236236894"
"ZNF431","0.130690799501017"
"ZNF432","0.132068458568022"
"ZNF433","0.1331097466627"
"ZNF436","0.134581694869421"
"ZNF436-AS1","0.13545831733162"
"ZNF438","0.132604184087832"
"ZNF439","0.134089126369048"
"ZNF44","0.135572692658482"
"ZNF440","0.135590601959882"
"ZNF441","0.132604184087832"
"ZNF442","0.132370755129392"
"ZNF443","0.132825587750031"
"ZNF444","0.135572692658482"
"ZNF445","0.133320919139581"
"ZNF446","0.133297404491723"
"ZNF449","0.1331097466627"
"ZNF45","0.134089126369048"
"ZNF451","0.132068458568022"
"ZNF454","0.132225820199113"
"ZNF460","0.132805287101706"
"ZNF461","0.132225820199113"
"ZNF462","0.136300150852688"
"ZNF467","0.133320919139581"
"ZNF468","0.133320919139581"
"ZNF469","0.134930341224736"
"ZNF470","0.135572692658482"
"ZNF471","0.134089126369048"
"ZNF473","0.130690799501017"
"ZNF474","0.132759237415605"
"ZNF479","0.135857031057219"
"ZNF48","0.135352174316319"
"ZNF480","0.134089126369048"
"ZNF483","0.134272540962624"
"ZNF484","0.133320919139581"
"ZNF485","0.130690799501017"
"ZNF486","0.136300150852688"
"ZNF487","0.133937103279754"
"ZNF488","0.132805287101706"
"ZNF490","0.133737423301577"
"ZNF491","0.133246269690045"
"ZNF492","0.134581694869421"
"ZNF493","0.133246269690045"
"ZNF496","0.133246269690045"
"ZNF497","0.133320919139581"
"ZNF500","0.132662161954431"
"ZNF501","0.132759237415605"
"ZNF502","0.132825587750031"
"ZNF503","0.134135236236894"
"ZNF503-AS1","0.134089126369048"
"ZNF503-AS2","0.135352174316319"
"ZNF506","0.133297404491723"
"ZNF507","0.133320919139581"
"ZNF510","0.134930341224736"
"ZNF511","0.134770578815514"
"ZNF512","0.133937103279754"
"ZNF512B","0.13545831733162"
"ZNF513","0.133737423301577"
"ZNF514","0.132788965204969"
"ZNF516","0.136652807915165"
"ZNF517","0.130401808141009"
"ZNF518A","0.134930341224736"
"ZNF518B","0.133297404491723"
"ZNF519","0.133297404491723"
"ZNF521","0.135800264404046"
"ZNF524","0.13545831733162"
"ZNF525","0.1331097466627"
"ZNF526","0.131125569620467"
"ZNF527","0.136317015690968"
"ZNF528","0.132805287101706"
"ZNF529","0.134581694869421"
"ZNF529-AS1","0.13545831733162"
"ZNF530","0.132825587750031"
"ZNF532","0.136317015690968"
"ZNF534","0.130498165709347"
"ZNF536","0.13790388150286"
"ZNF540","0.136300150852688"
"ZNF541","0.135768602243249"
"ZNF543","0.133453214595808"
"ZNF544","0.133453214595808"
"ZNF546","0.133320919139581"
"ZNF547","0.13313686741649"
"ZNF548","0.135800264404046"
"ZNF549","0.133297404491723"
"ZNF550","0.132805287101706"
"ZNF551","0.135857031057219"
"ZNF552","0.134385654436883"
"ZNF554","0.134135236236894"
"ZNF555","0.134272540962624"
"ZNF556","0.136355564745913"
"ZNF557","0.136479584050207"
"ZNF558","0.136317015690968"
"ZNF559","0.133453214595808"
"ZNF559-ZNF177","0.134089126369048"
"ZNF560","0.132788965204969"
"ZNF561","0.1331097466627"
"ZNF562","0.134581694869421"
"ZNF563","0.136300150852688"
"ZNF564","0.135572692658482"
"ZNF565","0.135352174316319"
"ZNF566","0.134089126369048"
"ZNF567","0.134135236236894"
"ZNF568","0.132068458568022"
"ZNF569","0.134581694869421"
"ZNF57","0.133453214595808"
"ZNF570","0.132370755129392"
"ZNF571","0.133246269690045"
"ZNF571-AS1","0.134272540962624"
"ZNF572","0.133737423301577"
"ZNF573","0.132662161954431"
"ZNF574","0.134089126369048"
"ZNF575","0.132225820199113"
"ZNF576","0.132567770371683"
"ZNF577","0.132370755129392"
"ZNF578","0.134770578815514"
"ZNF579","0.135572692658482"
"ZNF580","0.137470340820322"
"ZNF581","0.13545831733162"
"ZNF582","0.134770578815514"
"ZNF582-AS1","0.135800264404046"
"ZNF583","0.136355564745913"
"ZNF584","0.136355564745913"
"ZNF585A","0.135857031057219"
"ZNF585B","0.13313686741649"
"ZNF586","0.135857031057219"
"ZNF587","0.134930341224736"
"ZNF587B","0.135352174316319"
"ZNF589","0.133297404491723"
"ZNF592","0.134930341224736"
"ZNF593","0.135857031057219"
"ZNF594","0.136317015690968"
"ZNF595","0.13545831733162"
"ZNF596","0.132825587750031"
"ZNF597","0.133737423301577"
"ZNF598","0.135800264404046"
"ZNF599","0.134135236236894"
"ZNF600","0.136652807915165"
"ZNF605","0.131421082352245"
"ZNF606","0.13545831733162"
"ZNF607","0.135352174316319"
"ZNF608","0.134135236236894"
"ZNF609","0.132370755129392"
"ZNF610","0.136355564745913"
"ZNF611","0.132225820199113"
"ZNF613","0.13545831733162"
"ZNF614","0.134581694869421"
"ZNF615","0.135800264404046"
"ZNF616","0.133937103279754"
"ZNF618","0.132805287101706"
"ZNF619","0.134770578815514"
"ZNF620","0.136300150852688"
"ZNF621","0.133453214595808"
"ZNF622","0.134770578815514"
"ZNF623","0.134385654436883"
"ZNF624","0.134272540962624"
"ZNF625","0.132225820199113"
"ZNF625-ZNF20","0.134135236236894"
"ZNF626","0.136317015690968"
"ZNF627","0.133937103279754"
"ZNF628","0.136524970131537"
"ZNF629","0.130690799501017"
"ZNF630","0.133297404491723"
"ZNF638","0.137470340820322"
"ZNF639","0.135768602243249"
"ZNF641","0.133937103279754"
"ZNF644","0.133737423301577"
"ZNF645","0.134930341224736"
"ZNF646","0.134089126369048"
"ZNF648","0.134385654436883"
"ZNF649","0.131421082352245"
"ZNF649-AS1","0.133453214595808"
"ZNF652","0.134385654436883"
"ZNF653","0.134385654436883"
"ZNF654","0.133737423301577"
"ZNF655","0.134930341224736"
"ZNF658","0.135352174316319"
"ZNF66","0.136317015690968"
"ZNF660","0.135768602243249"
"ZNF662","0.137008029120556"
"ZNF664","0.135590601959882"
"ZNF665","0.136479584050207"
"ZNF667","0.137191254754177"
"ZNF667-AS1","0.136479584050207"
"ZNF668","0.133246269690045"
"ZNF669","0.137008029120556"
"ZNF670","0.13545831733162"
"ZNF670-ZNF695","0.132567770371683"
"ZNF671","0.136652807915165"
"ZNF672","0.136562073354018"
"ZNF674","0.133246269690045"
"ZNF674-AS1","0.134581694869421"
"ZNF675","0.133320919139581"
"ZNF676","0.136479584050207"
"ZNF677","0.135590601959882"
"ZNF678","0.135768602243249"
"ZNF679","0.133737423301577"
"ZNF680","0.134272540962624"
"ZNF681","0.134930341224736"
"ZNF682","0.132662161954431"
"ZNF683","0.134770578815514"
"ZNF684","0.134135236236894"
"ZNF687","0.135572692658482"
"ZNF688","0.134930341224736"
"ZNF689","0.134135236236894"
"ZNF69","0.134930341224736"
"ZNF691","0.13545831733162"
"ZNF692","0.134089126369048"
"ZNF695","0.135590601959882"
"ZNF696","0.133737423301577"
"ZNF697","0.136562073354018"
"ZNF699","0.136479584050207"
"ZNF7","0.13545831733162"
"ZNF70","0.136479584050207"
"ZNF700","0.138041787141211"
"ZNF701","0.131421082352245"
"ZNF703","0.133737423301577"
"ZNF704","0.133737423301577"
"ZNF705A","0.133297404491723"
"ZNF705G","0.136652807915165"
"ZNF706","0.13644757432775"
"ZNF707","0.135800264404046"
"ZNF708","0.133453214595808"
"ZNF709","0.134581694869421"
"ZNF71","0.132370755129392"
"ZNF710","0.132225820199113"
"ZNF711","0.136524970131537"
"ZNF713","0.132805287101706"
"ZNF714","0.130498165709347"
"ZNF716","0.135857031057219"
"ZNF717","0.136317015690968"
"ZNF718","0.136317015690968"
"ZNF720","0.13545831733162"
"ZNF721","0.135768602243249"
"ZNF724P","0.134581694869421"
"ZNF726","0.136317015690968"
"ZNF727","0.136806875336912"
"ZNF728","0.136562073354018"
"ZNF729","0.133320919139581"
"ZNF730","0.134272540962624"
"ZNF732","0.135800264404046"
"ZNF736","0.133453214595808"
"ZNF737","0.135768602243249"
"ZNF738","0.135572692658482"
"ZNF74","0.135590601959882"
"ZNF740","0.132046594850041"
"ZNF746","0.136355564745913"
"ZNF747","0.132370755129392"
"ZNF749","0.133297404491723"
"ZNF750","0.134135236236894"
"ZNF75A","0.136652807915165"
"ZNF75D","0.135352174316319"
"ZNF76","0.13545831733162"
"ZNF761","0.133937103279754"
"ZNF763","0.134770578815514"
"ZNF764","0.135800264404046"
"ZNF765","0.13047785051851"
"ZNF766","0.136355564745913"
"ZNF768","0.134135236236894"
"ZNF77","0.132225820199113"
"ZNF770","0.134272540962624"
"ZNF771","0.132068458568022"
"ZNF772","0.133297404491723"
"ZNF773","0.132788965204969"
"ZNF774","0.135572692658482"
"ZNF775","0.134385654436883"
"ZNF776","0.131125569620467"
"ZNF777","0.133453214595808"
"ZNF778","0.132759237415605"
"ZNF780A","0.13644757432775"
"ZNF780B","0.1331097466627"
"ZNF781","0.13545831733162"
"ZNF782","0.134272540962624"
"ZNF783","0.136300150852688"
"ZNF784","0.136562073354018"
"ZNF785","0.132805287101706"
"ZNF786","0.134089126369048"
"ZNF787","0.134135236236894"
"ZNF788","0.134770578815514"
"ZNF789","0.136479584050207"
"ZNF79","0.135857031057219"
"ZNF790","0.135590601959882"
"ZNF790-AS1","0.133937103279754"
"ZNF791","0.135800264404046"
"ZNF792","0.134135236236894"
"ZNF793","0.135590601959882"
"ZNF793-AS1","0.135590601959882"
"ZNF799","0.13644757432775"
"ZNF8","0.136355564745913"
"ZNF80","0.135768602243249"
"ZNF800","0.134272540962624"
"ZNF804A","0.134089126369048"
"ZNF804B","0.134930341224736"
"ZNF805","0.133246269690045"
"ZNF808","0.135590601959882"
"ZNF81","0.135590601959882"
"ZNF812P","0.133320919139581"
"ZNF813","0.134581694869421"
"ZNF814","0.134385654436883"
"ZNF816","0.138485480275802"
"ZNF816-ZNF321P","0.135768602243249"
"ZNF821","0.134272540962624"
"ZNF823","0.134770578815514"
"ZNF827","0.132604184087832"
"ZNF829","0.134025645212373"
"ZNF83","0.134581694869421"
"ZNF830","0.134272540962624"
"ZNF831","0.1331097466627"
"ZNF835","0.134385654436883"
"ZNF836","0.13545831733162"
"ZNF837","0.137008029120556"
"ZNF839","0.138405601955291"
"ZNF84","0.13644757432775"
"ZNF841","0.134135236236894"
"ZNF843","0.13790388150286"
"ZNF844","0.133453214595808"
"ZNF845","0.132805287101706"
"ZNF846","0.134770578815514"
"ZNF85","0.135352174316319"
"ZNF850","0.134581694869421"
"ZNF852","0.134581694869421"
"ZNF853","0.134272540962624"
"ZNF860","0.134135236236894"
"ZNF862","0.132662161954431"
"ZNF865","0.137501831634967"
"ZNF878","0.133320919139581"
"ZNF879","0.133320919139581"
"ZNF880","0.135800264404046"
"ZNF883","0.1331097466627"
"ZNF888","0.133246269690045"
"ZNF891","0.132805287101706"
"ZNF90","0.135572692658482"
"ZNF91","0.134930341224736"
"ZNF92","0.133320919139581"
"ZNF93","0.136355564745913"
"ZNF98","0.135352174316319"
"ZNF99","0.135800264404046"
"ZNFX1","0.13545831733162"
"ZNHIT1","0.137008029120556"
"ZNHIT2","0.134930341224736"
"ZNHIT3","0.13545831733162"
"ZNHIT6","0.135590601959882"
"ZNRD1","0.133737423301577"
"ZNRD1-AS1","0.134385654436883"
"ZNRF1","0.134089126369048"
"ZNRF2","0.136652807915165"
"ZNRF3","0.133937103279754"
"ZNRF3-AS1","0.135590601959882"
"ZNRF4","0.137501831634967"
"ZP1","0.134089126369048"
"ZP2","0.135352174316319"
"ZP3","0.136562073354018"
"ZPBP","0.136317015690968"
"ZPBP2","0.132370755129392"
"ZPLD1","0.13545831733162"
"ZPR1","0.135857031057219"
"ZRANB1","0.133453214595808"
"ZRANB2","0.135352174316319"
"ZRANB2-AS1","0.132825587750031"
"ZRANB3","0.135590601959882"
"ZRSR1","0.135572692658482"
"ZRSR2","0.136652807915165"
"ZSCAN1","0.133453214595808"
"ZSCAN10","0.135800264404046"
"ZSCAN12","0.134581694869421"
"ZSCAN16","0.136524970131537"
"ZSCAN16-AS1","0.134581694869421"
"ZSCAN18","0.135590601959882"
"ZSCAN2","0.13545831733162"
"ZSCAN20","0.137895235001842"
"ZSCAN21","0.133297404491723"
"ZSCAN22","0.133937103279754"
"ZSCAN23","0.137234087632024"
"ZSCAN25","0.134770578815514"
"ZSCAN26","0.137895235001842"
"ZSCAN29","0.13545831733162"
"ZSCAN30","0.134089126369048"
"ZSCAN31","0.136524970131537"
"ZSCAN32","0.134770578815514"
"ZSCAN4","0.135572692658482"
"ZSCAN5A","0.136355564745913"
"ZSCAN5B","0.134135236236894"
"ZSCAN9","0.138480047011034"
"ZSWIM1","0.133297404491723"
"ZSWIM2","0.13313686741649"
"ZSWIM3","0.136317015690968"
"ZSWIM4","0.134272540962624"
"ZSWIM5","0.134135236236894"
"ZSWIM6","0.135590601959882"
"ZSWIM7","0.132370755129392"
"ZSWIM8","0.13828624529757"
"ZUFSP","0.13313686741649"
"ZW10","0.135572692658482"
"ZWILCH","0.133246269690045"
"ZWINT","0.133246269690045"
"ZXDA","0.134581694869421"
"ZXDB","0.136524970131537"
"ZXDC","0.135352174316319"
"ZYG11A","0.134770578815514"
"ZYG11B","0.135857031057219"
"ZYX","0.134770578815514"
"ZZEF1","0.135590601959882"
"ZZZ3","0.136355564745913"
"bP-21264C1.2","0.136562073354018"
"bP-2189O9.3","0.133937103279754"
