"id.time1","level_1"
"A1BG","0.145196061432886"
"A1BG-AS1","0.145276601217332"
"A1CF","0.13997545310074"
"A2M","0.145032015607074"
"A2M-AS1","0.147221655759461"
"A2ML1","0.144545380743298"
"A2ML1-AS1","0.147015203054839"
"A2ML1-AS2","0.146679625415367"
"A4GALT","0.146397337405292"
"A4GNT","0.14541902318346"
"AAAS","0.147783967783331"
"AACS","0.140307722325514"
"AADAC","0.147113801479378"
"AADACL2","0.146460199496864"
"AADACL2-AS1","0.147015203054839"
"AADACL3","0.147221655759461"
"AADACL4","0.146257140524002"
"AADAT","0.147597543448206"
"AAED1","0.145276601217332"
"AAGAB","0.147597543448206"
"AAK1","0.145076915256058"
"AAMDC","0.147358904356839"
"AAMP","0.143094933553706"
"AANAT","0.147341709179794"
"AAR2","0.144944038125894"
"AARD","0.145057304397625"
"AARS","0.143195323078904"
"AARS2","0.146397337405292"
"AARSD1","0.146170352944677"
"AASDH","0.142906971155624"
"AASDHPPT","0.144960081071918"
"AASS","0.144944038125894"
"AATBC","0.142506627325839"
"AATF","0.143094933553706"
"AATK","0.146926980637146"
"AATK-AS1","0.145276601217332"
"AB015752.3","0.146170352944677"
"AB019440.50","0.146170352944677"
"ABALON","0.144944038125894"
"ABAT","0.147221655759461"
"ABC12-49244600F4.4","0.147221655759461"
"ABC7-42404400C24.1","0.146682828511331"
"ABCA1","0.144944038125894"
"ABCA10","0.145639361827795"
"ABCA12","0.145964770366856"
"ABCA13","0.147015203054839"
"ABCA2","0.142506627325839"
"ABCA3","0.145076915256058"
"ABCA4","0.145076915256058"
"ABCA5","0.144960081071918"
"ABCA6","0.147597208302158"
"ABCA7","0.145276601217332"
"ABCA8","0.14503252421118"
"ABCA9","0.144960081071918"
"ABCA9-AS1","0.146397337405292"
"ABCB1","0.145196061432886"
"ABCB10","0.145836196549455"
"ABCB11","0.146676770113109"
"ABCB4","0.147597543448206"
"ABCB5","0.144895009058752"
"ABCB6","0.145076915256058"
"ABCB7","0.146397337405292"
"ABCB8","0.147556899030521"
"ABCB9","0.146170352944677"
"ABCC1","0.146397337405292"
"ABCC10","0.146668659608421"
"ABCC11","0.148314958900214"
"ABCC12","0.148401586102729"
"ABCC2","0.147113801479378"
"ABCC3","0.148128199419041"
"ABCC4","0.148623628549049"
"ABCC5","0.147113801479378"
"ABCC5-AS1","0.146676770113109"
"ABCC6","0.145836196549455"
"ABCC8","0.147889895473722"
"ABCC9","0.147554455062179"
"ABCD1","0.145620456701181"
"ABCD2","0.14503252421118"
"ABCD3","0.149235393914436"
"ABCD4","0.147597543448206"
"ABCE1","0.144855537054053"
"ABCF1","0.147015203054839"
"ABCF2","0.145726366109111"
"ABCF3","0.147027321291984"
"ABCG1","0.146946805289005"
"ABCG2","0.147597543448206"
"ABCG4","0.146170352944677"
"ABCG5","0.147597208302158"
"ABCG8","0.146676770113109"
"ABHD1","0.143094933553706"
"ABHD10","0.143195323078904"
"ABHD11","0.143195323078904"
"ABHD11-AS1","0.14503252421118"
"ABHD12","0.147067839456636"
"ABHD12B","0.145076915256058"
"ABHD13","0.148128199419041"
"ABHD14A","0.147597543448206"
"ABHD14A-ACY1","0.146936210675293"
"ABHD14B","0.144895009058752"
"ABHD15","0.146473556286082"
"ABHD15-AS1","0.146170352944677"
"ABHD16A","0.146170352944677"
"ABHD16B","0.146170352944677"
"ABHD17A","0.148206498784194"
"ABHD17B","0.144202034549521"
"ABHD17C","0.149235393914436"
"ABHD18","0.144944038125894"
"ABHD2","0.148128199419041"
"ABHD3","0.148314958900214"
"ABHD4","0.146397337405292"
"ABHD5","0.148435660788748"
"ABHD6","0.148798049962735"
"ABHD8","0.148206498784194"
"ABI1","0.144687569444017"
"ABI2","0.148128199419041"
"ABI3","0.147217616347079"
"ABI3BP","0.146261223549408"
"ABL1","0.145726366109111"
"ABL2","0.145620456701181"
"ABLIM1","0.147372499638599"
"ABLIM2","0.146378202053617"
"ABLIM3","0.148435660788748"
"ABO","0.147015203054839"
"ABR","0.147227090459455"
"ABRA","0.145620456701181"
"ABRACL","0.145276601217332"
"ABT1","0.14543319208637"
"ABTB1","0.146397337405292"
"ABTB2","0.147015203054839"
"AC000032.2","0.147071964862251"
"AC000035.3","0.148206498784194"
"AC000036.4","0.144895009058752"
"AC000067.1","0.144944038125894"
"AC000068.10","0.146397337405292"
"AC000068.5","0.146676770113109"
"AC000068.9","0.147217616347079"
"AC000111.6","0.144895009058752"
"AC000124.1","0.145276601217332"
"AC000403.4","0.148128199419041"
"AC001226.7","0.146150607538378"
"AC002064.5","0.146397337405292"
"AC002066.1","0.145276601217332"
"AC002076.10","0.146683750820982"
"AC002115.5","0.148036494999709"
"AC002115.9","0.148314958900214"
"AC002116.7","0.14494556393821"
"AC002117.1","0.144944038125894"
"AC002128.5","0.147597543448206"
"AC002306.1","0.146637102251778"
"AC002310.12","0.146960974191915"
"AC002310.13","0.145232349632503"
"AC002310.7","0.14487197005211"
"AC002331.1","0.148128199419041"
"AC002383.2","0.147597543448206"
"AC002398.11","0.145836196549455"
"AC002398.12","0.144687569444017"
"AC002398.13","0.147060956675097"
"AC002429.5","0.144855537054053"
"AC002451.3","0.14494556393821"
"AC002454.1","0.147277111823719"
"AC002456.2","0.147217616347079"
"AC002463.3","0.145239153921334"
"AC002467.7","0.144944038125894"
"AC002480.2","0.144960081071918"
"AC002480.3","0.145620456701181"
"AC002480.4","0.14503252421118"
"AC002511.2","0.147889895473722"
"AC002511.3","0.145239153921334"
"AC002539.1","0.144855537054053"
"AC002550.5","0.143195323078904"
"AC002550.6","0.143595860295955"
"AC003002.6","0.144895009058752"
"AC003005.2","0.146676770113109"
"AC003075.4","0.146150607538378"
"AC003084.2","0.145836196549455"
"AC003088.1","0.14741165792535"
"AC003090.1","0.146397337405292"
"AC003092.1","0.140307722325514"
"AC003092.2","0.14503252421118"
"AC003101.1","0.144553949136497"
"AC003956.1","0.143595860295955"
"AC003958.2","0.144202034549521"
"AC003984.1","0.143094933553706"
"AC003986.5","0.145239153921334"
"AC003986.6","0.146170352944677"
"AC003986.7","0.146271309426912"
"AC003991.3","0.144687569444017"
"AC004012.1","0.147829109232229"
"AC004019.13","0.144202034549521"
"AC004053.1","0.145076915256058"
"AC004066.3","0.145239153921334"
"AC004067.5","0.146500737980207"
"AC004069.2","0.142506627325839"
"AC004076.5","0.148435660788748"
"AC004076.7","0.145620456701181"
"AC004076.9","0.142262265506879"
"AC004112.4","0.14503252421118"
"AC004156.3","0.145239153921334"
"AC004158.1","0.14747241889253"
"AC004158.3","0.145836196549455"
"AC004160.4","0.146682828511331"
"AC004221.2","0.146413127641614"
"AC004231.2","0.145620456701181"
"AC004237.1","0.146267227840785"
"AC004257.1","0.144687569444017"
"AC004381.6","0.146956892605788"
"AC004381.7","0.144687569444017"
"AC004448.2","0.146019984587673"
"AC004448.5","0.143595860295955"
"AC004449.6","0.144687569444017"
"AC004471.10","0.144855537054053"
"AC004471.9","0.146170352944677"
"AC004490.1","0.145434114396021"
"AC004510.3","0.144895009058752"
"AC004540.4","0.146660665676647"
"AC004540.5","0.14278913071796"
"AC004549.6","0.145836196549455"
"AC004556.1","0.147889895473722"
"AC004593.3","0.143421685097987"
"AC004603.4","0.144883710832176"
"AC004623.2","0.144895009058752"
"AC004637.1","0.145836196549455"
"AC004692.4","0.145929854502436"
"AC004702.2","0.145052937077673"
"AC004754.3","0.144687569444017"
"AC004775.5","0.140875827561599"
"AC004791.2","0.144202034549521"
"AC004813.1","0.144960081071918"
"AC004824.2","0.144855537054053"
"AC004837.5","0.144960081071918"
"AC004854.4","0.145239153921334"
"AC004862.6","0.143595860295955"
"AC004870.3","0.147032646223015"
"AC004878.2","0.148847179873167"
"AC004878.8","0.145836196549455"
"AC004893.11","0.144773119462001"
"AC004895.4","0.14543319208637"
"AC004901.1","0.148206498784194"
"AC004906.3","0.147131136159685"
"AC004920.3","0.146397337405292"
"AC004941.3","0.148314958900214"
"AC004947.2","0.14595831891616"
"AC004951.6","0.144960081071918"
"AC004988.1","0.146170352944677"
"AC005009.1","0.144960081071918"
"AC005009.2","0.145836196549455"
"AC005013.5","0.143595860295955"
"AC005019.3","0.146397337405292"
"AC005037.3","0.144960081071918"
"AC005042.4","0.145239153921334"
"AC005076.5","0.145620456701181"
"AC005082.12","0.146170352944677"
"AC005104.3","0.143075724869149"
"AC005150.1","0.143240437681378"
"AC005152.3","0.143244626523409"
"AC005162.5","0.144895009058752"
"AC005197.2","0.146170352944677"
"AC005220.3","0.144855537054053"
"AC005224.2","0.143595860295955"
"AC005235.1","0.140875827561599"
"AC005237.4","0.146019984587673"
"AC005253.2","0.145620456701181"
"AC005253.4","0.143421685097987"
"AC005256.1","0.144944038125894"
"AC005262.2","0.146216997498347"
"AC005264.2","0.144960081071918"
"AC005276.1","0.145726366109111"
"AC005281.1","0.143195323078904"
"AC005281.2","0.144944038125894"
"AC005301.8","0.146185838158075"
"AC005304.1","0.146170352944677"
"AC005307.1","0.147048879717916"
"AC005307.3","0.144960081071918"
"AC005324.6","0.144842066158749"
"AC005329.7","0.146676770113109"
"AC005330.2","0.146634297386288"
"AC005339.2","0.144895009058752"
"AC005355.1","0.144687569444017"
"AC005355.2","0.143094933553706"
"AC005358.3","0.146224682738617"
"AC005363.11","0.144960081071918"
"AC005387.2","0.145295382765949"
"AC005387.3","0.144198992488687"
"AC005477.1","0.145915316932162"
"AC005480.1","0.143967605253256"
"AC005481.5","0.146676770113109"
"AC005487.2","0.147876322551281"
"AC005498.3","0.144887792418302"
"AC005498.4","0.144960081071918"
"AC005522.7","0.143244626523409"
"AC005523.2","0.146221329334241"
"AC005523.3","0.146660665676647"
"AC005534.8","0.144855537054053"
"AC005537.2","0.143595860295955"
"AC005540.3","0.144920158109554"
"AC005546.2","0.147299957501308"
"AC005550.3","0.143595860295955"
"AC005592.1","0.144687569444017"
"AC005592.2","0.145389009366417"
"AC005592.3","0.14278913071796"
"AC005597.1","0.147959205269025"
"AC005606.14","0.142994179258735"
"AC005606.15","0.14609921095556"
"AC005609.16","0.144687569444017"
"AC005609.17","0.145427662945326"
"AC005609.18","0.147131136159685"
"AC005609.20","0.144512123294167"
"AC005614.3","0.143421685097987"
"AC005616.1","0.145703381277202"
"AC005616.2","0.144233908353107"
"AC005618.6","0.145052937077673"
"AC005618.9","0.147019645969783"
"AC005624.2","0.144944038125894"
"AC005625.1","0.145679572951751"
"AC005703.2","0.143595860295955"
"AC005703.3","0.143244626523409"
"AC005740.5","0.142906971155624"
"AC005740.6","0.144895009058752"
"AC005754.7","0.144855537054053"
"AC005754.8","0.146590322376179"
"AC005757.6","0.147889895473722"
"AC005775.2","0.144895009058752"
"AC005779.2","0.148128199419041"
"AC005780.1","0.145596321974215"
"AC005786.5","0.144944038125894"
"AC005786.7","0.143102479291347"
"AC005808.3","0.143096950150302"
"AC005863.1","0.144895009058752"
"AC005932.1","0.145052937077673"
"AC005944.2","0.142996869237556"
"AC005954.4","0.142980235543916"
"AC006004.1","0.145679572951751"
"AC006019.4","0.144512123294167"
"AC006026.2","0.144194589713871"
"AC006041.1","0.142980235543916"
"AC006042.6","0.14609921095556"
"AC006042.7","0.145166749740436"
"AC006116.12","0.144146755660511"
"AC006116.17","0.147017209642872"
"AC006116.21","0.147865657615718"
"AC006126.3","0.142850189386252"
"AC006126.4","0.144202034549521"
"AC006129.1","0.143421685097987"
"AC006129.2","0.143080316456662"
"AC006145.4","0.145677012986843"
"AC006159.4","0.143528021192506"
"AC006160.5","0.143244626523409"
"AC006262.10","0.143195323078904"
"AC006262.4","0.145929854502436"
"AC006262.5","0.14341013417921"
"AC006272.1","0.1434505761983"
"AC006272.2","0.146631431928514"
"AC006273.4","0.145389009366417"
"AC006273.5","0.146912443066872"
"AC006277.2","0.142859553875121"
"AC006296.1","0.144912951888121"
"AC006296.2","0.144756686463945"
"AC006369.2","0.142768251635172"
"AC006369.3","0.144837812325632"
"AC006372.4","0.146900977222552"
"AC006372.5","0.144162809668468"
"AC006372.6","0.144184454918413"
"AC006373.1","0.143421685097987"
"AC006378.2","0.142751546990129"
"AC006380.3","0.14278913071796"
"AC006449.2","0.147958711272938"
"AC006460.2","0.14159376454721"
"AC006482.1","0.145913867964534"
"AC006486.9","0.144687569444017"
"AC006547.13","0.143402938771663"
"AC006547.15","0.145394795756785"
"AC006547.8","0.147304289337202"
"AC006552.1","0.147407404092233"
"AC006942.4","0.143064082961762"
"AC006946.15","0.144937752957133"
"AC006946.16","0.146103980850082"
"AC006946.17","0.146102076413335"
"AC006994.2","0.144397746676369"
"AC006994.3","0.147017634899424"
"AC007009.1","0.144928388468264"
"AC007036.6","0.146102076413335"
"AC007038.7","0.146452544493354"
"AC007040.11","0.146629420858155"
"AC007040.6","0.144855537054053"
"AC007040.8","0.145412390850029"
"AC007050.17","0.146912443066872"
"AC007064.24","0.147300861776697"
"AC007078.4","0.142888585715837"
"AC007091.1","0.142888585715837"
"AC007098.1","0.146242277586196"
"AC007099.1","0.144960081071918"
"AC007126.1","0.144895009058752"
"AC007128.1","0.147052143780138"
"AC007131.1","0.145726366109111"
"AC007131.2","0.145434114396021"
"AC007161.5","0.145387516721534"
"AC007163.3","0.146170352944677"
"AC007163.6","0.14494556393821"
"AC007182.6","0.142994179258735"
"AC007192.4","0.144888714727953"
"AC007192.6","0.142889508025488"
"AC007193.10","0.144687569444017"
"AC007193.8","0.147131136159685"
"AC007193.9","0.145266830653183"
"AC007204.2","0.145052937077673"
"AC007228.11","0.145387516721534"
"AC007228.5","0.143671845187619"
"AC007228.9","0.144960081071918"
"AC007246.3","0.144960081071918"
"AC007249.3","0.145427662945326"
"AC007250.4","0.147436582948563"
"AC007255.8","0.145052937077673"
"AC007271.3","0.145691550557117"
"AC007277.3","0.145266830653183"
"AC007285.6","0.145620456701181"
"AC007292.3","0.146232913097327"
"AC007292.4","0.145166749740436"
"AC007292.6","0.144944038125894"
"AC007292.7","0.146397337405292"
"AC007308.7","0.144945983561508"
"AC007319.1","0.144855537054053"
"AC007325.1","0.145166749740436"
"AC007325.2","0.146170352944677"
"AC007325.4","0.146013115581641"
"AC007326.10","0.144432154015649"
"AC007349.4","0.144895009058752"
"AC007349.5","0.144960081071918"
"AC007349.7","0.143595860295955"
"AC007362.3","0.14695544505087"
"AC007364.1","0.145725544111886"
"AC007365.1","0.144202034549521"
"AC007365.3","0.148218805852649"
"AC007381.3","0.146116613983609"
"AC007383.3","0.145836196549455"
"AC007383.4","0.146025219368356"
"AC007386.2","0.144944038125894"
"AC007386.4","0.147300436520145"
"AC007389.3","0.144202034549521"
"AC007391.2","0.143967605253256"
"AC007392.3","0.14747241889253"
"AC007392.4","0.143244626523409"
"AC007403.2","0.145266830653183"
"AC007405.4","0.14621671847291"
"AC007405.6","0.143495687830708"
"AC007405.8","0.143421685097987"
"AC007422.1","0.143421685097987"
"AC007463.2","0.144855537054053"
"AC007556.3","0.142994179258735"
"AC007563.3","0.147889895473722"
"AC007563.5","0.14592545172762"
"AC007566.10","0.144944038125894"
"AC007620.3","0.144202034549521"
"AC007731.1","0.145266830653183"
"AC007740.1","0.144227456902411"
"AC007743.1","0.146676770113109"
"AC007750.5","0.145052937077673"
"AC007773.2","0.1453832119937"
"AC007796.1","0.146170352944677"
"AC007879.1","0.143094933553706"
"AC007879.2","0.143976969742125"
"AC007879.3","0.146003430548568"
"AC007879.4","0.143094933553706"
"AC007879.5","0.147052143780138"
"AC007879.6","0.146104636378243"
"AC007879.7","0.143595860295955"
"AC007880.1","0.143562014747275"
"AC007906.1","0.144202034549521"
"AC007950.1","0.143244626523409"
"AC007950.2","0.144855537054053"
"AC007966.1","0.142888585715837"
"AC008060.7","0.144194589713871"
"AC008063.2","0.143094933553706"
"AC008063.3","0.144159642387748"
"AC008067.2","0.145166749740436"
"AC008069.1","0.14273076818358"
"AC008073.7","0.144960081071918"
"AC008073.9","0.143674107493252"
"AC008074.1","0.144045584074204"
"AC008074.3","0.145266830653183"
"AC008074.4","0.142725128555872"
"AC008079.10","0.146457969916036"
"AC008079.9","0.142994179258735"
"AC008088.4","0.14278913071796"
"AC008132.15","0.140875827561599"
"AC008154.4","0.141385541068855"
"AC008154.5","0.143244626523409"
"AC008268.1","0.144895009058752"
"AC008269.2","0.141666679325414"
"AC008271.1","0.14278913071796"
"AC008277.1","0.141611172750128"
"AC008278.2","0.144483386910557"
"AC008440.10","0.144466447591138"
"AC008440.5","0.145052937077673"
"AC008522.1","0.140261673720633"
"AC008592.4","0.143707726307783"
"AC008592.7","0.145386565398075"
"AC008592.8","0.142819269255421"
"AC008686.1","0.143094933553706"
"AC008691.1","0.143094933553706"
"AC008697.1","0.143735941620601"
"AC008703.1","0.142994179258735"
"AC008746.12","0.142859553875121"
"AC008746.3","0.1429281682072"
"AC008753.4","0.142506627325839"
"AC008753.6","0.141666679325414"
"AC008781.7","0.146013115581641"
"AC008937.2","0.142709856460575"
"AC008937.3","0.142994179258735"
"AC008940.1","0.143195323078904"
"AC008991.1","0.1434505761983"
"AC009005.2","0.143244626523409"
"AC009014.3","0.142735504044106"
"AC009022.1","0.144687569444017"
"AC009060.2","0.143094933553706"
"AC009060.3","0.143421685097987"
"AC009065.4","0.13902397870096"
"AC009095.4","0.142996869237556"
"AC009110.1","0.145052428473568"
"AC009120.10","0.142996869237556"
"AC009120.11","0.142774928473741"
"AC009120.4","0.144687569444017"
"AC009120.5","0.143532982906559"
"AC009133.12","0.144944038125894"
"AC009133.15","0.145052937077673"
"AC009133.17","0.142981597142259"
"AC009133.21","0.14047047590295"
"AC009158.1","0.144235653364052"
"AC009227.2","0.144687569444017"
"AC009228.1","0.143435304103004"
"AC009229.6","0.142506627325839"
"AC009236.2","0.145678917423591"
"AC009262.2","0.144687569444017"
"AC009264.1","0.144525010021404"
"AC009276.4","0.144855537054053"
"AC009299.2","0.143427073498629"
"AC009299.3","0.144235653364052"
"AC009303.1","0.142819269255421"
"AC009312.1","0.143595860295955"
"AC009313.1","0.14278913071796"
"AC009336.19","0.142981597142259"
"AC009365.4","0.143094933553706"
"AC009403.2","0.143735941620601"
"AC009404.2","0.142994179258735"
"AC009410.1","0.144532205134377"
"AC009473.1","0.140261673720633"
"AC009478.1","0.1429281682072"
"AC009480.3","0.141385541068855"
"AC009487.4","0.141536778477886"
"AC009495.2","0.143096950150302"
"AC009495.3","0.143671845187619"
"AC009495.4","0.144687569444017"
"AC009501.4","0.141666679325414"
"AC009502.4","0.1439852003465"
"AC009505.2","0.145266830653183"
"AC009505.4","0.139976185801181"
"AC009506.1","0.144855537054053"
"AC009508.1","0.143735941620601"
"AC009518.4","0.14274569320929"
"AC009518.8","0.143195323078904"
"AC009542.2","0.144855537054053"
"AC009784.3","0.143666316046575"
"AC009892.10","0.144432154015649"
"AC009948.5","0.142506627325839"
"AC009950.2","0.14493279124308"
"AC009955.8","0.143195323078904"
"AC009961.3","0.144416111069626"
"AC010082.2","0.144687569444017"
"AC010084.1","0.143195323078904"
"AC010091.1","0.144756686463945"
"AC010096.1","0.143195323078904"
"AC010127.3","0.145620456701181"
"AC010132.10","0.143539359741145"
"AC010136.2","0.144235653364052"
"AC010149.4","0.145052937077673"
"AC010226.4","0.140875827561599"
"AC010287.1","0.14692257786233"
"AC010468.2","0.144506889610229"
"AC010504.2","0.144367082002483"
"AC010524.2","0.14278913071796"
"AC010524.4","0.144235653364052"
"AC010525.4","0.144855537054053"
"AC010547.9","0.142506627325839"
"AC010641.1","0.145902741838271"
"AC010642.1","0.146397337405292"
"AC010649.1","0.142867784479496"
"AC010729.2","0.143094933553706"
"AC010731.4","0.145266830653183"
"AC010745.4","0.142779686764058"
"AC010746.3","0.144202034549521"
"AC010761.10","0.144855537054053"
"AC010761.13","0.14278913071796"
"AC010761.14","0.146219912844094"
"AC010761.6","0.143735941620601"
"AC010761.8","0.143244626523409"
"AC010761.9","0.144198992488687"
"AC010883.5","0.146603209103416"
"AC010884.1","0.144960081071918"
"AC010890.1","0.145166749740436"
"AC010894.3","0.144235653364052"
"AC010894.5","0.144895009058752"
"AC010907.2","0.143094933553706"
"AC010907.5","0.144960081071918"
"AC010967.2","0.143976969742125"
"AC010969.1","0.145166749740436"
"AC010974.3","0.144944038125894"
"AC010976.2","0.144945983561508"
"AC010983.1","0.144855537054053"
"AC010987.5","0.144016530997644"
"AC010987.6","0.143102479291347"
"AC011043.1","0.144687569444017"
"AC011239.1","0.141666679325414"
"AC011247.3","0.146225634062076"
"AC011284.3","0.142506627325839"
"AC011286.1","0.144944038125894"
"AC011288.2","0.145387516721534"
"AC011290.4","0.148206498784194"
"AC011294.3","0.145166749740436"
"AC011298.2","0.143094933553706"
"AC011343.1","0.145379784433194"
"AC011513.4","0.142795729710082"
"AC011516.2","0.144491617514932"
"AC011523.2","0.143539359741145"
"AC011524.1","0.144130084883935"
"AC011525.2","0.14595582644995"
"AC011625.1","0.142779686764058"
"AC011648.1","0.141666679325414"
"AC011718.2","0.144960081071918"
"AC011738.4","0.14586164429102"
"AC011747.3","0.145166749740436"
"AC011747.4","0.145836196549455"
"AC011752.1","0.143094933553706"
"AC011893.3","0.143102479291347"
"AC011899.10","0.143145462248592"
"AC011899.9","0.14346670729216"
"AC011995.3","0.143539359741145"
"AC011997.1","0.144212184807115"
"AC012005.3","0.143217993809352"
"AC012005.4","0.145565812040803"
"AC012065.4","0.1430023983786"
"AC012074.2","0.143094933553706"
"AC012075.2","0.143195323078904"
"AC012123.1","0.145166749740436"
"AC012307.2","0.143244626523409"
"AC012314.20","0.145596321974215"
"AC012314.8","0.145399198531601"
"AC012322.1","0.144960081071918"
"AC012354.6","0.145387516721534"
"AC012358.7","0.145308269493187"
"AC012358.8","0.142555631413919"
"AC012360.4","0.143195323078904"
"AC012360.6","0.143640216184739"
"AC012363.4","0.143244626523409"
"AC012368.1","0.138369064245485"
"AC012370.3","0.144202034549521"
"AC012442.6","0.144944038125894"
"AC012445.1","0.143539359741145"
"AC012456.4","0.143682447140435"
"AC012462.1","0.142555631413919"
"AC012462.2","0.144855537054053"
"AC012462.3","0.143244626523409"
"AC012485.2","0.141666679325414"
"AC012494.1","0.144977386750664"
"AC012499.1","0.144895009058752"
"AC012506.3","0.144855537054053"
"AC012506.4","0.139774602338106"
"AC012507.3","0.145996176262223"
"AC012507.4","0.143094933553706"
"AC012513.6","0.145443794039186"
"AC012531.25","0.145677223564615"
"AC012593.1","0.146170352944677"
"AC012594.1","0.146146280062838"
"AC012668.2","0.144016603535657"
"AC012668.3","0.144960081071918"
"AC013264.2","0.141666679325414"
"AC013275.2","0.146397337405292"
"AC013401.1","0.144016603535657"
"AC013401.2","0.143094933553706"
"AC013402.5","0.146910994099244"
"AC013436.6","0.143094933553706"
"AC013448.1","0.142798505719724"
"AC013448.2","0.144895009058752"
"AC013461.1","0.144895009058752"
"AC013463.2","0.144309521041884"
"AC013472.4","0.143094933553706"
"AC015688.3","0.143244626523409"
"AC015691.13","0.145836196549455"
"AC015849.12","0.141385541068855"
"AC015849.16","0.143541836483831"
"AC015849.19","0.144202034549521"
"AC015849.2","0.144235653364052"
"AC015922.6","0.145166749740436"
"AC015933.2","0.145596321974215"
"AC015936.3","0.144960081071918"
"AC015969.3","0.144960081071918"
"AC015971.2","0.143735941620601"
"AC015987.1","0.144945983561508"
"AC016549.1","0.144944038125894"
"AC016577.1","0.144048984540087"
"AC016582.2","0.143539359741145"
"AC016629.3","0.144944038125894"
"AC016644.1","0.144687569444017"
"AC016683.5","0.146008153867589"
"AC016700.2","0.144855537054053"
"AC016700.5","0.142525443460164"
"AC016722.3","0.145052937077673"
"AC016722.4","0.145836196549455"
"AC016723.4","0.146170352944677"
"AC016735.1","0.144895009058752"
"AC016735.2","0.144895009058752"
"AC016735.3","0.143539359741145"
"AC016738.3","0.145166749740436"
"AC016738.4","0.142994179258735"
"AC016745.3","0.146634314543932"
"AC016751.2","0.144687569444017"
"AC016751.3","0.144895009058752"
"AC016768.1","0.143244626523409"
"AC016831.7","0.145399198531601"
"AC016907.3","0.143244626523409"
"AC016910.1","0.144855537054053"
"AC016912.3","0.145596321974215"
"AC016995.3","0.143094933553706"
"AC016999.2","0.145052937077673"
"AC017002.1","0.146397337405292"
"AC017002.2","0.146486381135518"
"AC017006.2","0.143999551621618"
"AC017006.3","0.145166749740436"
"AC017028.10","0.139774602338106"
"AC017060.1","0.143094933553706"
"AC017074.1","0.142798505719724"
"AC017074.2","0.144960081071918"
"AC017101.10","0.141666679325414"
"AC017104.2","0.143539359741145"
"AC018359.1","0.140830508796965"
"AC018462.2","0.143714828144865"
"AC018643.4","0.143094933553706"
"AC018647.3","0.14431231709288"
"AC018693.6","0.144960081071918"
"AC018717.1","0.144507146901948"
"AC018730.4","0.145052937077673"
"AC018737.3","0.144687569444017"
"AC018742.1","0.144119618977088"
"AC018755.17","0.145596321974215"
"AC018766.4","0.139505967243522"
"AC018766.6","0.142500438480449"
"AC018799.1","0.142798505719724"
"AC018816.3","0.142500438480449"
"AC018832.1","0.144687569444017"
"AC018878.3","0.142884258240297"
"AC018890.4","0.143735941620601"
"AC018890.6","0.145052937077673"
"AC019048.1","0.146170352944677"
"AC019055.1","0.14431231709288"
"AC019117.1","0.143094933553706"
"AC019117.2","0.142798505719724"
"AC019118.3","0.144687569444017"
"AC019172.2","0.144159642387748"
"AC019181.2","0.14431231709288"
"AC019186.1","0.144638822684167"
"AC019206.1","0.140830508796965"
"AC019349.5","0.142773640654162"
"AC020571.3","0.142916346157388"
"AC020594.5","0.14431231709288"
"AC020743.2","0.142916346157388"
"AC020743.3","0.143640216184739"
"AC020956.3","0.142211853037202"
"AC021106.1","0.143539359741145"
"AC021188.4","0.145068394917946"
"AC021218.2","0.143735941620601"
"AC021224.1","0.143735941620601"
"AC022007.5","0.142566201039426"
"AC022154.7","0.142500438480449"
"AC022182.1","0.142836455153287"
"AC022182.3","0.142262265506879"
"AC022201.4","0.143539359741145"
"AC022201.5","0.143999551621618"
"AC022816.2","0.144416111069626"
"AC023115.2","0.142774928473741"
"AC023115.4","0.142686858216677"
"AC023128.1","0.142916346157388"
"AC023137.2","0.144159642387748"
"AC023347.1","0.142916346157388"
"AC023469.1","0.139706058657714"
"AC023481.1","0.142262265506879"
"AC023491.2","0.143195323078904"
"AC023590.1","0.143411169376038"
"AC023669.1","0.142916346157388"
"AC024028.1","0.144855537054053"
"AC024084.1","0.139774602338106"
"AC024560.2","0.142916346157388"
"AC024592.12","0.142555631413919"
"AC024592.9","0.142781670480518"
"AC024704.2","0.142838712667327"
"AC025016.1","0.142981597142259"
"AC025165.8","0.143622758081729"
"AC025171.1","0.144687569444017"
"AC025263.3","0.142555631413919"
"AC025335.1","0.141536778477886"
"AC025442.3","0.141844564402496"
"AC025811.3","0.142500438480449"
"AC026150.8","0.144855537054053"
"AC026167.1","0.143815932043214"
"AC026188.1","0.144895009058752"
"AC026202.3","0.142525443460164"
"AC026248.1","0.139976185801181"
"AC026471.6","0.143965932807087"
"AC026904.1","0.140877081269414"
"AC027119.1","0.139774602338106"
"AC027601.1","0.142500438480449"
"AC034187.2","0.142500438480449"
"AC034228.2","0.143011432684876"
"AC034228.3","0.14219094868829"
"AC034228.4","0.140877081269414"
"AC034243.1","0.142262265506879"
"AC037459.4","0.143094933553706"
"AC046143.3","0.139640161988189"
"AC053503.4","0.141734338450611"
"AC053503.6","0.142555631413919"
"AC055733.1","0.142485705600102"
"AC055764.1","0.139706058657714"
"AC058791.1","0.142637352782489"
"AC060834.3","0.139640161988189"
"AC061961.2","0.140495362534896"
"AC061992.2","0.140383485400606"
"AC062017.1","0.139505967243522"
"AC062020.1","0.142500438480449"
"AC062028.1","0.142916346157388"
"AC062029.1","0.13835728394655"
"AC062031.1","0.142730599658168"
"AC064834.1","0.142916346157388"
"AC064834.2","0.142500438480449"
"AC064834.3","0.138364022347112"
"AC064865.1","0.139758684489263"
"AC067945.2","0.142525443460164"
"AC067956.1","0.142500438480449"
"AC067959.1","0.142262265506879"
"AC067961.1","0.142500438480449"
"AC067968.3","0.142525443460164"
"AC067969.2","0.141523269711494"
"AC068134.6","0.140388340491267"
"AC068134.8","0.140474237026394"
"AC068138.1","0.142555631413919"
"AC068196.1","0.140418528445022"
"AC068282.3","0.141039214321257"
"AC068490.2","0.140877081269414"
"AC068491.2","0.14133749589723"
"AC068492.1","0.140722086035813"
"AC068499.10","0.141330825659356"
"AC068533.7","0.142101339042749"
"AC068535.2","0.140145312427036"
"AC068538.4","0.142477246922046"
"AC068580.6","0.139448258744912"
"AC068580.7","0.142770693410303"
"AC068831.10","0.138739978300517"
"AC068831.15","0.139774602338106"
"AC068831.16","0.140830508796965"
"AC068831.3","0.141826058483106"
"AC068831.6","0.138708402432038"
"AC068858.1","0.138060242862409"
"AC069063.2","0.140077112908702"
"AC069257.8","0.139342518356312"
"AC069277.2","0.140438678334076"
"AC069363.1","0.139758684489263"
"AC069368.3","0.140989910876752"
"AC069394.1","0.139706058657714"
"AC069513.4","0.140046627809742"
"AC072062.1","0.142262265506879"
"AC072062.3","0.138709345166026"
"AC073046.25","0.139351625879709"
"AC073072.5","0.141536778477886"
"AC073115.6","0.14100106295733"
"AC073115.7","0.142555631413919"
"AC073130.3","0.140387895310532"
"AC073133.1","0.140957830584809"
"AC073133.2","0.139774602338106"
"AC073254.1","0.143094933553706"
"AC073257.2","0.140883955503575"
"AC073283.4","0.141530529418449"
"AC073283.7","0.139706058657714"
"AC073284.4","0.139914216086286"
"AC073316.1","0.139356743750351"
"AC073316.2","0.137394095634746"
"AC073321.4","0.14040849038032"
"AC073333.8","0.142262265506879"
"AC073342.12","0.143174831695876"
"AC073343.13","0.142262265506879"
"AC073409.1","0.140474237026394"
"AC073610.5","0.140363335511552"
"AC073628.1","0.13876012818957"
"AC073635.5","0.140371694051143"
"AC073636.1","0.140349154213145"
"AC073641.2","0.141059473925232"
"AC073657.1","0.140914898826171"
"AC073834.3","0.140909780955529"
"AC073842.19","0.141107523554512"
"AC073928.2","0.14026283763875"
"AC073934.6","0.14133749589723"
"AC073957.15","0.14026283763875"
"AC073987.1","0.141359325013609"
"AC074011.2","0.140046627809742"
"AC074117.10","0.139774602338106"
"AC074183.4","0.141972511424181"
"AC074212.6","0.141550789022424"
"AC074289.1","0.142318713909854"
"AC074363.1","0.140401882004899"
"AC074366.3","0.139505967243522"
"AC074389.5","0.140474237026394"
"AC074391.1","0.139505967243522"
"AC078883.3","0.142645510327381"
"AC078883.4","0.142570616364173"
"AC078941.1","0.139399675508989"
"AC079117.1","0.139089819711248"
"AC079135.1","0.141550789022424"
"AC079145.4","0.143094933553706"
"AC079305.10","0.142144580989493"
"AC079305.11","0.142916346157388"
"AC079305.8","0.141536778477886"
"AC079354.3","0.143965932807087"
"AC079354.5","0.143094933553706"
"AC079466.1","0.142479035362228"
"AC079584.2","0.143357667192235"
"AC079586.1","0.141090877114388"
"AC079610.2","0.141050366401834"
"AC079630.2","0.142262265506879"
"AC079630.4","0.139706058657714"
"AC079742.4","0.142525443460164"
"AC079767.4","0.142500438480449"
"AC079776.1","0.140046627809742"
"AC079776.3","0.142916346157388"
"AC079779.5","0.142734011399222"
"AC079779.6","0.140840717337574"
"AC079779.7","0.141422406661301"
"AC079790.2","0.139706058657714"
"AC079807.2","0.14103609244162"
"AC079807.4","0.141862448652721"
"AC079922.3","0.142747409162811"
"AC079988.3","0.143195323078904"
"AC080094.1","0.140383453945259"
"AC083843.1","0.140402555056096"
"AC083843.2","0.140402555056096"
"AC083949.1","0.140850710895093"
"AC084082.3","0.140899189077008"
"AC084149.1","0.139640161988189"
"AC084149.2","0.13804839416438"
"AC084219.4","0.142525443460164"
"AC084809.2","0.142336467357807"
"AC084809.3","0.142103783011092"
"AC087294.2","0.142081952189674"
"AC087430.1","0.140893069709791"
"AC087491.2","0.142864394414076"
"AC087501.1","0.13691800878826"
"AC090154.1","0.140046627809742"
"AC090286.4","0.14100106295733"
"AC090498.1","0.140046627809742"
"AC090505.1","0.142500438480449"
"AC090505.4","0.142500438480449"
"AC090505.6","0.142567006497437"
"AC090587.5","0.139178661945799"
"AC090616.2","0.140758826826668"
"AC090617.1","0.138428927489098"
"AC090952.5","0.140046627809742"
"AC091132.1","0.141598838651704"
"AC091133.1","0.14107919526165"
"AC091153.4","0.139976185801181"
"AC091177.1","0.139640161988189"
"AC091199.1","0.142488215100583"
"AC091493.2","0.14277338646955"
"AC091633.3","0.139366515567085"
"AC091729.7","0.139505967243522"
"AC091729.8","0.142132282365345"
"AC091729.9","0.138364022347112"
"AC091770.3","0.141827374152958"
"AC091801.1","0.143016142156852"
"AC091814.2","0.138364022347112"
"AC091814.3","0.142675502326517"
"AC091878.1","0.140402555056096"
"AC091962.3","0.142262265506879"
"AC092155.4","0.139505967243522"
"AC092159.2","0.143094933553706"
"AC092162.1","0.139640161988189"
"AC092171.2","0.139089819711248"
"AC092171.4","0.142262265506879"
"AC092192.1","0.142555631413919"
"AC092198.1","0.139706058657714"
"AC092295.4","0.141359325013609"
"AC092301.3","0.140046627809742"
"AC092316.1","0.140046627809742"
"AC092415.1","0.142525443460164"
"AC092431.3","0.139178661945799"
"AC092484.1","0.143016142156852"
"AC092535.3","0.142864394414076"
"AC092580.3","0.140046627809742"
"AC092580.4","0.143208014564332"
"AC092597.3","0.139774602338106"
"AC092614.2","0.142864394414076"
"AC092620.3","0.143016142156852"
"AC092625.1","0.142262265506879"
"AC092652.1","0.139089819711248"
"AC092667.2","0.142864394414076"
"AC092669.3","0.14133749589723"
"AC092669.6","0.142555631413919"
"AC092675.3","0.142195364013037"
"AC092687.5","0.142864394414076"
"AC092718.1","0.143539359741145"
"AC092835.2","0.14418731067862"
"AC092839.3","0.139505967243522"
"AC092839.4","0.142864394414076"
"AC092881.1","0.139758684489263"
"AC093063.3","0.14431231709288"
"AC093110.3","0.143094933553706"
"AC093159.1","0.139774602338106"
"AC093323.3","0.143539359741145"
"AC093326.1","0.139976185801181"
"AC093326.3","0.142262265506879"
"AC093375.1","0.142864394414076"
"AC093381.2","0.140977980473863"
"AC093382.1","0.139089819711248"
"AC093388.3","0.142771860657234"
"AC093390.1","0.142864394414076"
"AC093495.4","0.141819516894082"
"AC093585.6","0.143094933553706"
"AC093590.1","0.142714974331217"
"AC093609.1","0.144944038125894"
"AC093620.5","0.140046627809742"
"AC093627.10","0.140877081269414"
"AC093627.12","0.141882598541774"
"AC093627.7","0.142864394414076"
"AC093627.8","0.139485627678"
"AC093627.9","0.139275882792334"
"AC093642.3","0.140046627809742"
"AC093642.4","0.138369064245485"
"AC093642.6","0.139640161988189"
"AC093673.5","0.137596483734017"
"AC093690.1","0.139275882792334"
"AC093702.1","0.142902510626162"
"AC093732.1","0.139640161988189"
"AC093802.1","0.142553568465456"
"AC093818.1","0.138428927489098"
"AC093822.1","0.138428927489098"
"AC093901.1","0.139485627678"
"AC093911.1","0.140877081269414"
"AC096558.1","0.139758684489263"
"AC096574.5","0.139758684489263"
"AC096579.13","0.140877081269414"
"AC096649.2","0.142476406066937"
"AC096649.3","0.140402555056096"
"AC096669.3","0.140877081269414"
"AC096670.3","0.139706058657714"
"AC096772.6","0.139976185801181"
"AC097381.1","0.139485627678"
"AC097467.2","0.140046627809742"
"AC097468.4","0.142500438480449"
"AC097495.2","0.140877081269414"
"AC097495.3","0.137068222172052"
"AC097499.1","0.140046627809742"
"AC097662.2","0.138428927489098"
"AC097713.4","0.140402555056096"
"AC097721.2","0.139275882792334"
"AC097724.3","0.142525443460164"
"AC098617.1","0.140877081269414"
"AC098820.2","0.142500438480449"
"AC098820.4","0.139275882792334"
"AC098823.3","0.139976185801181"
"AC098828.2","0.140402555056096"
"AC098872.3","0.139640161988189"
"AC098973.1","0.140879039187955"
"AC098973.2","0.141802802366686"
"AC099342.1","0.140046627809742"
"AC099344.2","0.143094933553706"
"AC099344.3","0.137455340976879"
"AC099552.4","0.142525443460164"
"AC099684.1","0.140402555056096"
"AC099754.1","0.142347284100385"
"AC099850.1","0.142290835697411"
"AC100802.3","0.141802802366686"
"AC100830.3","0.13804839416438"
"AC100830.4","0.140383485400606"
"AC100830.5","0.139774602338106"
"AC100848.1","0.141402256772248"
"AC102948.2","0.138364022347112"
"AC102953.4","0.142290835697411"
"AC102953.6","0.137394095634746"
"AC103563.8","0.141373928479387"
"AC103563.9","0.139774602338106"
"AC104024.1","0.139976185801181"
"AC104024.2","0.138428927489098"
"AC104076.3","0.139275882792334"
"AC104088.1","0.142525443460164"
"AC104134.2","0.141536778477886"
"AC104135.2","0.142500438480449"
"AC104389.1","0.138706269909202"
"AC104532.2","0.142290835697411"
"AC104532.3","0.139774602338106"
"AC104532.4","0.138706269909202"
"AC104534.2","0.140402555056096"
"AC104534.3","0.142290835697411"
"AC104653.1","0.142553568465456"
"AC104654.1","0.139976185801181"
"AC104654.2","0.139774602338106"
"AC104655.3","0.136699657157543"
"AC104667.3","0.142500438480449"
"AC104695.4","0.139640161988189"
"AC104699.1","0.13804839416438"
"AC104777.1","0.137596483734017"
"AC104777.2","0.137394095634746"
"AC104777.3","0.140877081269414"
"AC104794.4","0.137068222172052"
"AC104809.2","0.137455340976879"
"AC104820.2","0.13804839416438"
"AC104984.4","0.13804839416438"
"AC105052.2","0.139275882792334"
"AC105053.3","0.139640161988189"
"AC105339.1","0.140046627809742"
"AC105393.1","0.142500438480449"
"AC105393.2","0.137423368234024"
"AC105398.3","0.139089819711248"
"AC105402.4","0.139419825398043"
"AC105760.2","0.142500438480449"
"AC105760.3","0.140402555056096"
"AC106053.1","0.138706269909202"
"AC106786.1","0.139706058657714"
"AC106801.1","0.139089819711248"
"AC106873.4","0.139774602338106"
"AC106900.6","0.137596483734017"
"AC107057.1","0.139275882792334"
"AC107079.1","0.142525443460164"
"AC107081.5","0.139976185801181"
"AC107218.3","0.136150834555352"
"AC108004.2","0.139275882792334"
"AC108004.3","0.139275882792334"
"AC108051.2","0.139774602338106"
"AC108051.3","0.139706058657714"
"AC108066.1","0.139275882792334"
"AC108142.1","0.139706058657714"
"AC108448.3","0.137394095634746"
"AC108463.1","0.138369064245485"
"AC108488.4","0.142864394414076"
"AC108868.5","0.141536778477886"
"AC108868.6","0.139640161988189"
"AC108925.1","0.142686922475307"
"AC108938.5","0.139674561755149"
"AC109333.10","0.139275882792334"
"AC109486.1","0.139640161988189"
"AC109642.1","0.139758684489263"
"AC109826.1","0.140402555056096"
"AC109829.1","0.140877081269414"
"AC110615.1","0.140886139815554"
"AC110769.3","0.141997516403895"
"AC110781.3","0.139485627678"
"AC112518.3","0.143094933553706"
"AC112715.2","0.139706058657714"
"AC112721.1","0.139774602338106"
"AC112721.2","0.140698963152317"
"AC113189.5","0.13629240314924"
"AC113331.9","0.140877081269414"
"AC113404.1","0.142500438480449"
"AC113617.1","0.141536778477886"
"AC114271.2","0.139747217900276"
"AC114730.11","0.141802802366686"
"AC114730.2","0.139275882792334"
"AC114730.3","0.140877081269414"
"AC114730.5","0.139774602338106"
"AC114730.7","0.141536778477886"
"AC114730.8","0.142290835697411"
"AC114763.1","0.138364022347112"
"AC114765.1","0.141039417964862"
"AC114765.2","0.142525443460164"
"AC114776.3","0.139089819711248"
"AC114803.3","0.141802802366686"
"AC114808.2","0.142525443460164"
"AC114814.3","0.139275882792334"
"AC114814.4","0.141802802366686"
"AC115522.3","0.140877081269414"
"AC116035.1","0.140877081269414"
"AC116366.5","0.142290835697411"
"AC116366.6","0.142500438480449"
"AC116609.1","0.142290835697411"
"AC116609.2","0.139758684489263"
"AC116614.1","0.140877081269414"
"AC118754.4","0.140046627809742"
"AC122136.2","0.141550789022424"
"AC123023.1","0.139089819711248"
"AC123512.2","0.138706269909202"
"AC123512.3","0.141536778477886"
"AC123886.2","0.139089819711248"
"AC124057.5","0.139089819711248"
"AC124861.1","0.138428927489098"
"AC124944.3","0.139774602338106"
"AC124944.5","0.140315285882272"
"AC125421.1","0.139640161988189"
"AC128709.3","0.139758684489263"
"AC128709.4","0.139275882792334"
"AC129492.1","0.141528084428711"
"AC129492.6","0.139485627678"
"AC129778.2","0.140173882617567"
"AC130469.2","0.141536778477886"
"AC131056.3","0.137455340976879"
"AC131056.5","0.139485627678"
"AC131097.4","0.137596483734017"
"AC131263.1","0.141037242560479"
"AC133528.2","0.139774602338106"
"AC133633.1","0.140046627809742"
"AC133644.2","0.141010170480727"
"AC133680.1","0.141802802366686"
"AC133785.1","0.136699657157543"
"AC135050.5","0.137994841556605"
"AC135178.7","0.141536778477886"
"AC136352.5","0.141762908641142"
"AC136612.1","0.138706269909202"
"AC136616.1","0.139685849286842"
"AC136616.2","0.142104459900991"
"AC137932.4","0.139640161988189"
"AC137932.5","0.138739978300517"
"AC137932.6","0.140345408732628"
"AC137934.1","0.140662530570161"
"AC138035.2","0.138004599089698"
"AC138647.1","0.138428927489098"
"AC138969.4","0.139640161988189"
"AC139099.4","0.140814278312937"
"AC139099.5","0.137455340976879"
"AC139099.6","0.137068222172052"
"AC139100.3","0.139706058657714"
"AC139887.4","0.137068222172052"
"AC140481.4","0.138428927489098"
"AC140542.2","0.138428927489098"
"AC140725.4","0.13725065123712"
"AC140912.1","0.140877081269414"
"AC141272.1","0.135968002376292"
"AC141928.1","0.140402555056096"
"AC142119.1","0.136150834555352"
"AC142293.3","0.139774602338106"
"AC142472.6","0.139485627678"
"AC142528.1","0.139275882792334"
"AC144449.1","0.140402555056096"
"AC144450.1","0.138364022347112"
"AC144450.2","0.140987465887014"
"AC144568.2","0.139706058657714"
"AC144652.1","0.136699657157543"
"AC144831.1","0.138364022347112"
"AC144831.3","0.139758684489263"
"AC144835.1","0.135968002376292"
"AC144836.1","0.140758826826668"
"AC145110.1","0.141536778477886"
"AC145123.2","0.142500438480449"
"AC145124.2","0.140402555056096"
"AC145212.2","0.137068222172052"
"AC145212.4","0.139383029068866"
"AC145343.2","0.137657649258262"
"AC147651.1","0.141008851421618"
"AC147651.4","0.139706058657714"
"AC159540.1","0.139485627678"
"AC159540.2","0.138364022347112"
"AC195454.1","0.137394095634746"
"AC226118.1","0.137068222172052"
"AC233755.1","0.137068222172052"
"AC233755.2","0.139371347216128"
"AC234582.1","0.139447526044471"
"AC234582.2","0.138004599089698"
"AC240274.1","0.137455340976879"
"AC241377.2","0.136699657157543"
"AC241585.2","0.139329394514956"
"AC243756.1","0.139758684489263"
"AC245100.1","0.137110451530576"
"AC253572.1","0.13629240314924"
"ACAA1","0.139178131601445"
"ACAA2","0.139706058657714"
"ACACA","0.139275882792334"
"ACACB","0.139706058657714"
"ACAD10","0.139758684489263"
"ACAD11","0.141524858836727"
"ACAD8","0.14029258128856"
"ACAD9","0.137859232721337"
"ACADL","0.140361371292345"
"ACADM","0.138265452087199"
"ACADS","0.138364022347112"
"ACADSB","0.137637499369209"
"ACADVL","0.140105683099234"
"ACAN","0.139580118385695"
"ACAP1","0.135871682462026"
"ACAP2","0.138428927489098"
"ACAP3","0.140735029394062"
"ACAT1","0.140118658228751"
"ACAT2","0.139178131601445"
"ACBD3","0.139640161988189"
"ACBD4","0.139275882792334"
"ACBD5","0.138706269909202"
"ACBD6","0.140370478815742"
"ACBD7","0.139640161988189"
"ACCS","0.137641731409419"
"ACD","0.139706058657714"
"ACE","0.138364022347112"
"ACE2","0.13691800878826"
"ACER1","0.140046627809742"
"ACER2","0.139706058657714"
"ACER3","0.140402555056096"
"ACHE","0.142102290366208"
"ACIN1","0.14008345173448"
"ACKR1","0.14040139113798"
"ACKR2","0.14175771399397"
"ACKR3","0.140110800969875"
"ACKR4","0.139518700753473"
"ACLY","0.14032826101179"
"ACMSD","0.139419825398043"
"ACO1","0.139089819711248"
"ACO2","0.139448258744912"
"ACOT1","0.137892878400721"
"ACOT11","0.138706269909202"
"ACOT12","0.139485627678"
"ACOT13","0.138004599089698"
"ACOT2","0.139275882792334"
"ACOT4","0.137881196547983"
"ACOT6","0.139706058657714"
"ACOT7","0.139383029068866"
"ACOT8","0.140375596686384"
"ACOT9","0.142290835697411"
"ACOX1","0.137657649258262"
"ACOX2","0.140317586268274"
"ACOX3","0.139364601009227"
"ACOXL","0.139485627678"
"ACP1","0.140331183338589"
"ACP2","0.13629240314924"
"ACP5","0.138004599089698"
"ACP6","0.138706269909202"
"ACP7","0.141530733062053"
"ACPP","0.137839082832284"
"ACPT","0.139758684489263"
"ACR","0.137455340976879"
"ACRBP","0.135871682462026"
"ACRC","0.139774602338106"
"ACRV1","0.138704589276411"
"ACSBG1","0.1408073484187"
"ACSBG2","0.137394095634746"
"ACSF2","0.14273038831643"
"ACSF3","0.137503059019291"
"ACSL1","0.137881196547983"
"ACSL3","0.137455340976879"
"ACSL4","0.139594945174796"
"ACSL5","0.140118658228751"
"ACSL6","0.14080611543018"
"ACSM1","0.138428927489098"
"ACSM2A","0.139976185801181"
"ACSM2B","0.136150834555352"
"ACSM3","0.140402555056096"
"ACSM4","0.139485627678"
"ACSM5","0.139518700753473"
"ACSM6","0.141328276957272"
"ACSS1","0.137503059019291"
"ACSS2","0.138004599089698"
"ACSS3","0.138706269909202"
"ACTA1","0.139976185801181"
"ACTA2","0.13691800878826"
"ACTA2-AS1","0.139706058657714"
"ACTB","0.139275882792334"
"ACTBL2","0.139774602338106"
"ACTC1","0.13691800878826"
"ACTG1","0.138428927489098"
"ACTG2","0.140402555056096"
"ACTL10","0.139448258744912"
"ACTL6A","0.137874450341082"
"ACTL6B","0.13725065123712"
"ACTL7B","0.138369064245485"
"ACTL8","0.141762908641142"
"ACTN1","0.138706269909202"
"ACTN1-AS1","0.139747217900276"
"ACTN2","0.138004599089698"
"ACTN3","0.13629240314924"
"ACTN4","0.135871682462026"
"ACTR10","0.139485627678"
"ACTR1A","0.138369064245485"
"ACTR1B","0.137641731409419"
"ACTR2","0.139976185801181"
"ACTR3","0.140046627809742"
"ACTR3B","0.137810754539422"
"ACTR3C","0.139485627678"
"ACTR5","0.140317356876719"
"ACTR6","0.137394095634746"
"ACTR8","0.137368674598156"
"ACTRT1","0.137839082832284"
"ACTRT2","0.139640161988189"
"ACTRT3","0.139485627678"
"ACVR1","0.138004599089698"
"ACVR1B","0.140654367687403"
"ACVR1C","0.140346184502526"
"ACVR2A","0.13691800878826"
"ACVR2B","0.138706269909202"
"ACVR2B-AS1","0.139275882792334"
"ACVRL1","0.135008576163785"
"ACY1","0.139485627678"
"ACY3","0.139089819711248"
"ACYP1","0.138004599089698"
"ACYP2","0.138369064245485"
"AD000671.6","0.139706058657714"
"AD001527.7","0.140347774222029"
"ADA","0.13911223493192"
"ADAD2","0.136699657157543"
"ADAL","0.140096575575836"
"ADAM10","0.137568955688817"
"ADAM11","0.139774602338106"
"ADAM12","0.13725065123712"
"ADAM15","0.140320234901616"
"ADAM17","0.137810754539422"
"ADAM18","0.139178661945799"
"ADAM19","0.139485627678"
"ADAM2","0.138428927489098"
"ADAM20","0.138428927489098"
"ADAM20P1","0.139758684489263"
"ADAM21","0.139706058657714"
"ADAM22","0.139089819711248"
"ADAM23","0.140046627809742"
"ADAM28","0.139976185801181"
"ADAM29","0.139089819711248"
"ADAM30","0.141802802366686"
"ADAM32","0.139640161988189"
"ADAM33","0.139637371104927"
"ADAM8","0.141064591795873"
"ADAM9","0.139089819711248"
"ADAMDEC1","0.141536778477886"
"ADAMTS1","0.142555631413919"
"ADAMTS10","0.13725065123712"
"ADAMTS12","0.140350422855372"
"ADAMTS13","0.13629240314924"
"ADAMTS14","0.140989679097699"
"ADAMTS15","0.137068222172052"
"ADAMTS16","0.139640161988189"
"ADAMTS17","0.138691928671237"
"ADAMTS18","0.138004599089698"
"ADAMTS19","0.140402555056096"
"ADAMTS2","0.139706058657714"
"ADAMTS20","0.138675217425499"
"ADAMTS3","0.140402555056096"
"ADAMTS4","0.141037242560479"
"ADAMTS5","0.137368674598156"
"ADAMTS6","0.142472603964297"
"ADAMTS7","0.140361371292345"
"ADAMTS8","0.139706058657714"
"ADAMTS9","0.137423368234024"
"ADAMTS9-AS1","0.138200691212181"
"ADAMTS9-AS2","0.140292351897004"
"ADAMTSL1","0.139600938522771"
"ADAMTSL2","0.141331502549255"
"ADAMTSL3","0.140805059372979"
"ADAMTSL4","0.139706058657714"
"ADAMTSL5","0.139485627678"
"ADAP1","0.138704589276411"
"ADAP2","0.139371347216128"
"ADAR","0.139874627999828"
"ADARB1","0.137068222172052"
"ADARB2","0.140679241815899"
"ADARB2-AS1","0.139275882792334"
"ADAT1","0.142650328495506"
"ADAT2","0.137839082832284"
"ADAT3","0.139774602338106"
"ADCK1","0.137068222172052"
"ADCK2","0.139774602338106"
"ADCK3","0.13962276763915"
"ADCK4","0.139089819711248"
"ADCK5","0.138208294934522"
"ADCY1","0.140068005385305"
"ADCY10","0.13629240314924"
"ADCY2","0.138237123794338"
"ADCY3","0.139089819711248"
"ADCY4","0.141757139068935"
"ADCY5","0.140810933598305"
"ADCY6","0.139371347216128"
"ADCY7","0.139774602338106"
"ADCY8","0.139518700753473"
"ADCY9","0.138704589276411"
"ADCYAP1","0.139640161988189"
"ADCYAP1R1","0.140293054517519"
"ADD1","0.137892878400721"
"ADD2","0.139706058657714"
"ADD3","0.138364022347112"
"ADGB","0.139246675281837"
"ADGRA1","0.137604935080243"
"ADGRA1-AS1","0.139450311580821"
"ADGRA2","0.13725065123712"
"ADGRA3","0.137423368234024"
"ADGRB1","0.140125404435652"
"ADGRB2","0.138704589276411"
"ADGRB3","0.138704903800754"
"ADGRD1","0.138704589276411"
"ADGRD2","0.14029258128856"
"ADGRE1","0.13725065123712"
"ADGRE2","0.141786565511285"
"ADGRE3","0.135871682462026"
"ADGRE5","0.139758684489263"
"ADGRF1","0.140371694051143"
"ADGRF2","0.140292219667332"
"ADGRF3","0.140966745112431"
"ADGRF4","0.13911223493192"
"ADGRF5","0.140361371292345"
"ADGRG1","0.139976185801181"
"ADGRG2","0.139774602338106"
"ADGRG3","0.13782592814651"
"ADGRG4","0.137861475211565"
"ADGRG5","0.139758684489263"
"ADGRG6","0.139774602338106"
"ADGRG7","0.140966037957724"
"ADGRL1","0.137892878400721"
"ADGRL2","0.136187175026714"
"ADGRL3","0.139706058657714"
"ADGRL4","0.136088540754306"
"ADGRV1","0.139774602338106"
"ADH1A","0.13782243639216"
"ADH1B","0.140967447732946"
"ADH1C","0.138691928671237"
"ADH4","0.139485627678"
"ADH5","0.13822921366932"
"ADH6","0.137844763965827"
"ADH7","0.135871682462026"
"ADHFE1","0.135968002376292"
"ADI1","0.138957700621731"
"ADIG","0.138723331860393"
"ADIPOQ","0.139640161988189"
"ADIPOQ-AS1","0.138004599089698"
"ADIPOR1","0.137580342216531"
"ADIPOR2","0.137068222172052"
"ADIRF","0.140995256251233"
"ADK","0.137781925679606"
"ADM","0.139640161988189"
"ADM2","0.139640161988189"
"ADM5","0.137528654964814"
"ADNP","0.140347774222029"
"ADNP-AS1","0.139597593808138"
"ADNP2","0.139338030709325"
"ADO","0.138704589276411"
"ADORA1","0.139976185801181"
"ADORA2A","0.140345974914194"
"ADORA2A-AS1","0.138150967538496"
"ADORA2B","0.138004599089698"
"ADORA3","0.142101234309007"
"ADPGK","0.14008345173448"
"ADPGK-AS1","0.137519274314746"
"ADPRH","0.135871682462026"
"ADPRHL1","0.139089819711248"
"ADPRHL2","0.135130856813581"
"ADPRM","0.135130856813581"
"ADRA1A","0.136952716742351"
"ADRA1B","0.137774321957266"
"ADRA1D","0.137556983257675"
"ADRA2A","0.137909524840844"
"ADRA2B","0.137486412579168"
"ADRA2C","0.135871682462026"
"ADRB1","0.139328923185927"
"ADRB2","0.140046627809742"
"ADRB3","0.135871682462026"
"ADRBK1","0.137068222172052"
"ADRBK2","0.137041558976901"
"ADRM1","0.138230377587437"
"ADSL","0.137842574586633"
"ADSS","0.138564566705093"
"ADSSL1","0.138405037792157"
"ADTRP","0.139485627678"
"AE000658.22","0.140323579616249"
"AE000658.31","0.139518299950056"
"AE000661.50","0.138307478951409"
"AE000662.92","0.137460127260653"
"AE000662.93","0.135968002376292"
"AEBP1","0.137623779621688"
"AEBP2","0.135008576163785"
"AEN","0.141802802366686"
"AES","0.140057056948332"
"AF001548.5","0.1375597850273"
"AF001548.6","0.139640161988189"
"AF001550.7","0.139640161988189"
"AF003625.3","0.135227598681751"
"AF003626.1","0.137068222172052"
"AF011889.2","0.138248805647076"
"AF011889.5","0.138230377587437"
"AF015262.2","0.140320403752914"
"AF015720.3","0.139178661945799"
"AF038458.5","0.137368674598156"
"AF064858.10","0.139600938522771"
"AF064858.11","0.13629240314924"
"AF064858.6","0.139485627678"
"AF064858.7","0.137460127260653"
"AF064858.8","0.141750071981353"
"AF064860.7","0.140350422855372"
"AF067845.1","0.139594945174796"
"AF067845.2","0.140654071892105"
"AF111168.2","0.139485627678"
"AF121898.3","0.137423368234024"
"AF124730.4","0.137588705121925"
"AF127577.10","0.137423368234024"
"AF127577.12","0.140339770588185"
"AF127577.8","0.137505677244431"
"AF127936.3","0.13950470287974"
"AF127936.5","0.13962276763915"
"AF127936.7","0.139595418403756"
"AF127936.9","0.137607133181564"
"AF129408.17","0.137577133146729"
"AF131215.6","0.138208294934522"
"AF131215.8","0.140361371292345"
"AF131216.1","0.14065569687373"
"AF131216.5","0.138208294934522"
"AF131216.6","0.138265452087199"
"AF131217.1","0.139594583553569"
"AF146191.4","0.139590051830107"
"AF165138.7","0.13747473072643"
"AF178030.2","0.137623779621688"
"AF186192.1","0.139369433898481"
"AF186192.6","0.138285601976253"
"AF196970.3","0.140807444616506"
"AF196972.9","0.140656175600959"
"AF212831.2","0.140807444616506"
"AF213884.2","0.139342518356312"
"AF230666.2","0.139328923185927"
"AF240627.2","0.13755901874667"
"AF241725.6","0.139485627678"
"AFAP1","0.13629240314924"
"AFAP1-AS1","0.13755901874667"
"AFAP1L1","0.139697055427365"
"AFAP1L2","0.139178661945799"
"AFF1","0.140808758193922"
"AFF2","0.138704589276411"
"AFF3","0.13782592814651"
"AFF4","0.139178661945799"
"AFG3L2","0.141034304001438"
"AFM","0.137423368234024"
"AFMID","0.137434953429641"
"AFP","0.137533499708785"
"AFTPH","0.139833636646467"
"AGA","0.140085627138863"
"AGAP1","0.142474583333684"
"AGAP14P","0.13962276763915"
"AGAP2","0.137794524957353"
"AGAP2-AS1","0.137566622469011"
"AGAP3","0.138307478951409"
"AGAP4","0.136088540754306"
"AGAP5","0.13911223493192"
"AGAP6","0.140085627138863"
"AGAP9","0.140347544830474"
"AGBL1","0.138691928671237"
"AGBL1-AS1","0.138711650007655"
"AGBL2","0.138685741477844"
"AGBL3","0.138307478951409"
"AGBL4","0.139637371104927"
"AGBL5","0.140353767570004"
"AGBL5-AS1","0.139166159170304"
"AGER","0.139640161988189"
"AGFG1","0.139518299950056"
"AGFG2","0.140315786960439"
"AGGF1","0.138957700621731"
"AGK","0.139640161988189"
"AGL","0.139694086226573"
"AGMAT","0.138564566705093"
"AGMO","0.140315416733492"
"AGO1","0.141802802366686"
"AGO2","0.140670134292501"
"AGO3","0.137423368234024"
"AGO4","0.136088540754306"
"AGPAT1","0.138307478951409"
"AGPAT2","0.139640161988189"
"AGPAT3","0.139640161988189"
"AGPAT4","0.142641887244589"
"AGPAT5","0.137540336817552"
"AGPS","0.140348359906909"
"AGR2","0.138307478951409"
"AGR3","0.142967563728602"
"AGRN","0.139694086226573"
"AGRP","0.137068222172052"
"AGT","0.138197346497549"
"AGTPBP1","0.138004599089698"
"AGTR1","0.14096613415553"
"AGTR2","0.135227598681751"
"AGTRAP","0.13971353443632"
"AGXT","0.139637371104927"
"AGXT2","0.13485084553456"
"AHCTF1","0.136791642287957"
"AHCY","0.13935879275328"
"AHCYL1","0.137623779621688"
"AHCYL2","0.140877081269414"
"AHDC1","0.138248805647076"
"AHI1","0.137556983257675"
"AHNAK","0.139451750499261"
"AHNAK2","0.13971353443632"
"AHR","0.140292351897004"
"AHRR","0.141662823408295"
"AHSA1","0.13955881066261"
"AHSA2","0.14029258128856"
"AHSG","0.13780750008687"
"AHSP","0.138004599089698"
"AICDA","0.135130856813581"
"AIDA","0.138307478951409"
"AIF1","0.137423368234024"
"AIF1L","0.135968002376292"
"AIFM1","0.142290835697411"
"AIFM2","0.139518299950056"
"AIFM3","0.137198345034397"
"AIG1","0.136187175026714"
"AIM1","0.136791642287957"
"AIM1L","0.13955881066261"
"AIM2","0.136791642287957"
"AIMP1","0.139640161988189"
"AIMP2","0.139760882590585"
"AIP","0.138127645424833"
"AIPL1","0.137556983257675"
"AIRE","0.140966974503986"
"AIRN","0.140290115958478"
"AJ003147.8","0.13971353443632"
"AJ003147.9","0.137576431467423"
"AJ006998.2","0.138668994685968"
"AJ009632.3","0.139315799344572"
"AJ011932.1","0.137280742005273"
"AJ239322.1","0.13935879275328"
"AJAP1","0.137280742005273"
"AJUBA","0.1395051761087"
"AK1","0.137584714311545"
"AK2","0.137578709992596"
"AK3","0.137198345034397"
"AK4","0.142472603964297"
"AK5","0.138004599089698"
"AK6","0.135130856813581"
"AK7","0.139595418403756"
"AK8","0.137068222172052"
"AK9","0.139328923185927"
"AKAP1","0.135145917561548"
"AKAP10","0.138668383729068"
"AKAP11","0.136587636196568"
"AKAP12","0.13911223493192"
"AKAP13","0.138208294934522"
"AKAP14","0.137760016549021"
"AKAP17A","0.139597593808138"
"AKAP2","0.135145917561548"
"AKAP3","0.135126992596253"
"AKAP4","0.136198591085354"
"AKAP5","0.136670417978128"
"AKAP6","0.136187175026714"
"AKAP7","0.138307478951409"
"AKAP8","0.137193361491522"
"AKAP8L","0.136494562549739"
"AKAP9","0.135115310743515"
"AKIP1","0.135523383229065"
"AKIRIN1","0.134175450069396"
"AKIRIN2","0.136197653829227"
"AKNA","0.13629240314924"
"AKNAD1","0.137485388686227"
"AKR1A1","0.136187175026714"
"AKR1B1","0.135145917561548"
"AKR1B10","0.13485084553456"
"AKR1B15","0.137505677244431"
"AKR1C1","0.135241043837811"
"AKR1C2","0.135075533446726"
"AKR1C3","0.137156928909365"
"AKR1C4","0.135523383229065"
"AKR1D1","0.136088540754306"
"AKR1E2","0.140338602985736"
"AKR7A2","0.135523383229065"
"AKR7A3","0.136510329154837"
"AKT1","0.135968002376292"
"AKT1S1","0.137153584194733"
"AKT2","0.135075533446726"
"AKT3","0.136113218829834"
"AKTIP","0.137521908757913"
"AL008723.1","0.135968002376292"
"AL021546.6","0.13509841760906"
"AL022341.3","0.136187175026714"
"AL022344.5","0.135227598681751"
"AL022344.7","0.135279854866403"
"AL022476.2","0.135945321028621"
"AL022578.1","0.134175450069396"
"AL023806.1","0.140281584865164"
"AL035610.2","0.135130856813581"
"AL049794.1","0.135853560096999"
"AL109761.5","0.140082749113965"
"AL109767.1","0.134951269092208"
"AL109927.1","0.138668383729068"
"AL121578.2","0.134637892878936"
"AL121656.5","0.13629240314924"
"AL122127.25","0.135853560096999"
"AL132709.8","0.138194468472651"
"AL133245.2","0.133971587674462"
"AL133249.1","0.136088540754306"
"AL133493.2","0.133296973337083"
"AL157359.3","0.13755279600714"
"AL157902.3","0.135269618825003"
"AL161668.5","0.137496648620568"
"AL162151.4","0.13485084553456"
"AL162759.1","0.135008576163785"
"AL163953.2","0.13751176183036"
"AL354822.1","0.134135924656439"
"AL354828.1","0.137068222172052"
"AL354828.2","0.134747601177098"
"AL356289.1","0.137771458742413"
"AL356585.2","0.139595418403756"
"AL357140.1","0.137223968309556"
"AL358852.1","0.136791642287957"
"AL360294.1","0.135968002376292"
"AL365181.2","0.135130856813581"
"AL365202.1","0.135853560096999"
"AL450992.2","0.136540295115783"
"AL513523.2","0.136187175026714"
"AL589743.1","0.133641218713422"
"AL590235.1","0.135130856813581"
"AL591806.1","0.13629240314924"
"AL591893.1","0.134656817844232"
"AL592183.1","0.133851049296449"
"AL592528.1","0.136187175026714"
"AL645728.1","0.13236745540741"
"AL672294.1","0.136187175026714"
"AL773572.7","0.135130856813581"
"AL928654.7","0.137280742005273"
"AL928742.12","0.135008576163785"
"AL928768.3","0.134451193913915"
"ALAD","0.134747601177098"
"ALAS1","0.135853560096999"
"ALAS2","0.13532563304073"
"ALB","0.134747601177098"
"ALCAM","0.136970811896915"
"ALDH16A1","0.136510329154837"
"ALDH18A1","0.135499106797919"
"ALDH1A1","0.13720504334426"
"ALDH1A2","0.133528427959701"
"ALDH1A3","0.135130856813581"
"ALDH1B1","0.135115310743515"
"ALDH1L1","0.135008576163785"
"ALDH1L1-AS1","0.135130856813581"
"ALDH1L1-AS2","0.133641241283873"
"ALDH1L2","0.13629240314924"
"ALDH2","0.133024023045371"
"ALDH3A1","0.135499106797919"
"ALDH3A2","0.134451193913915"
"ALDH3B1","0.136088540754306"
"ALDH3B2","0.135108564536613"
"ALDH4A1","0.133467272367511"
"ALDH5A1","0.137068222172052"
"ALDH6A1","0.136499380717864"
"ALDH7A1","0.134451193913915"
"ALDH8A1","0.13485084553456"
"ALDH9A1","0.133641241283873"
"ALDOA","0.133522708571236"
"ALDOB","0.133528427959701"
"ALDOC","0.134747601177098"
"ALG1","0.136791642287957"
"ALG10","0.137457837591976"
"ALG10B","0.135499106797919"
"ALG11","0.133528427959701"
"ALG12","0.136187175026714"
"ALG13","0.135115310743515"
"ALG13-AS1","0.134441660284587"
"ALG14","0.13485084553456"
"ALG1L","0.134098327738532"
"ALG1L2","0.134135924656439"
"ALG2","0.136187175026714"
"ALG3","0.136187175026714"
"ALG5","0.136540295115783"
"ALG6","0.13780750008687"
"ALG8","0.135008576163785"
"ALG9","0.1316534922617"
"ALK","0.133522708571236"
"ALKBH1","0.137068222172052"
"ALKBH2","0.135968002376292"
"ALKBH3","0.134747601177098"
"ALKBH3-AS1","0.130418104983915"
"ALKBH4","0.133296973337083"
"ALKBH5","0.135853560096999"
"ALKBH6","0.136542228110223"
"ALKBH7","0.131175596565349"
"ALKBH8","0.134135924656439"
"ALLC","0.136791642287957"
"ALMS1","0.135008576163785"
"ALOX12","0.13122586154713"
"ALOX12-AS1","0.135968002376292"
"ALOX12B","0.135968002376292"
"ALOX15","0.133522708571236"
"ALOX15B","0.133296973337083"
"ALOX5","0.139502237549659"
"ALOX5AP","0.136187175026714"
"ALOXE3","0.133641218713422"
"ALPI","0.131948748691658"
"ALPK1","0.135499106797919"
"ALPK2","0.137505677244431"
"ALPK3","0.1346964766849"
"ALPL","0.135440075320024"
"ALPP","0.13485084553456"
"ALPPL2","0.136150834555352"
"ALS2","0.133460653224202"
"ALS2CL","0.13122586154713"
"ALS2CR11","0.13485084553456"
"ALS2CR12","0.136088540754306"
"ALX1","0.133528427959701"
"ALX3","0.133024023045371"
"ALX4","0.13334520970702"
"ALYREF","0.136088540754306"
"AMACR","0.131132597053125"
"AMBN","0.131948748691658"
"AMBP","0.135968002376292"
"AMBRA1","0.138176662220143"
"AMD1","0.137541356967661"
"AMDHD1","0.13485084553456"
"AMDHD2","0.136187175026714"
"AMELX","0.137423368234024"
"AMELY","0.135968002376292"
"AMER1","0.139321319463587"
"AMER2","0.135130856813581"
"AMER3","0.133528427959701"
"AMFR","0.135853560096999"
"AMH","0.13629240314924"
"AMHR2","0.140343541738784"
"AMIGO1","0.13629240314924"
"AMIGO2","0.133522708571236"
"AMIGO3","0.137588705121925"
"AMMECR1","0.135968002376292"
"AMMECR1L","0.133641241283873"
"AMN","0.137193361491522"
"AMN1","0.1346964766849"
"AMOT","0.135241043837811"
"AMOTL1","0.133641218713422"
"AMOTL2","0.135008576163785"
"AMPD1","0.136088540754306"
"AMPD2","0.135853560096999"
"AMPD3","0.136187175026714"
"AMPH","0.133522708571236"
"AMT","0.13485084553456"
"AMTN","0.133641241283873"
"AMY1A","0.13236745540741"
"AMY1B","0.135130856813581"
"AMY1C","0.135008576163785"
"AMY2A","0.137280742005273"
"AMY2B","0.13485084553456"
"AMZ1","0.134135924656439"
"AMZ2","0.1346964766849"
"ANAPC1","0.136187175026714"
"ANAPC10","0.136791642287957"
"ANAPC11","0.135499106797919"
"ANAPC13","0.133296973337083"
"ANAPC15","0.136187175026714"
"ANAPC16","0.131948748691658"
"ANAPC2","0.1346964766849"
"ANAPC4","0.133522708571236"
"ANAPC5","0.135008576163785"
"ANAPC7","0.133522708571236"
"ANG","0.136791642287957"
"ANGEL1","0.136791642287957"
"ANGEL2","0.136791642287957"
"ANGPT1","0.13485084553456"
"ANGPT2","0.135339941977642"
"ANGPT4","0.13629240314924"
"ANGPTL1","0.136232860323497"
"ANGPTL2","0.135008576163785"
"ANGPTL3","0.13485084553456"
"ANGPTL4","0.135853560096999"
"ANGPTL5","0.137241839673437"
"ANGPTL6","0.136088540754306"
"ANGPTL7","0.1346964766849"
"ANGPTL8","0.135108564536613"
"ANHX","0.133522708571236"
"ANK1","0.135968002376292"
"ANK2","0.133296973337083"
"ANK3","0.135008576163785"
"ANKAR","0.136187175026714"
"ANKDD1A","0.135853560096999"
"ANKDD1B","0.133641241283873"
"ANKEF1","0.136088540754306"
"ANKFN1","0.135263933432841"
"ANKFY1","0.136088540754306"
"ANKH","0.134933397728327"
"ANKHD1","0.135968002376292"
"ANKHD1-EIF4EBP3","0.135968002376292"
"ANKIB1","0.135499106797919"
"ANKK1","0.138405037792157"
"ANKLE1","0.135163788925429"
"ANKLE2","0.135853560096999"
"ANKMY1","0.137193361491522"
"ANKMY2","0.137398757876565"
"ANKRA2","0.135291463795727"
"ANKRD1","0.133467272367511"
"ANKRD10","0.137280742005273"
"ANKRD11","0.134924708804431"
"ANKRD12","0.135284717588826"
"ANKRD13A","0.131357171626043"
"ANKRD13B","0.133522708571236"
"ANKRD13C","0.13656107590879"
"ANKRD13D","0.13334520970702"
"ANKRD16","0.136088540754306"
"ANKRD17","0.135968002376292"
"ANKRD18A","0.135008576163785"
"ANKRD18B","0.137486412579168"
"ANKRD2","0.135853560096999"
"ANKRD20A1","0.13629240314924"
"ANKRD20A2","0.13485084553456"
"ANKRD20A3","0.13935879275328"
"ANKRD20A4","0.137198345034397"
"ANKRD22","0.136187175026714"
"ANKRD23","0.137198345034397"
"ANKRD24","0.135968002376292"
"ANKRD26","0.136271638548891"
"ANKRD27","0.137193361491522"
"ANKRD28","0.136088540754306"
"ANKRD29","0.134544114533347"
"ANKRD30A","0.135853560096999"
"ANKRD30B","0.133024023045371"
"ANKRD30BL","0.133641241283873"
"ANKRD31","0.135968002376292"
"ANKRD33","0.13629240314924"
"ANKRD33B","0.13720504334426"
"ANKRD33B-AS1","0.135499106797919"
"ANKRD34A","0.136251288383137"
"ANKRD34B","0.135853560096999"
"ANKRD34C","0.132069875333881"
"ANKRD35","0.136870830820297"
"ANKRD36","0.1346964766849"
"ANKRD36B","0.135002474311332"
"ANKRD36C","0.13334520970702"
"ANKRD37","0.136752814949004"
"ANKRD39","0.135968002376292"
"ANKRD40","0.135499106797919"
"ANKRD42","0.136187175026714"
"ANKRD44","0.137457837591976"
"ANKRD45","0.137068222172052"
"ANKRD46","0.13236745540741"
"ANKRD49","0.1346964766849"
"ANKRD50","0.136088540754306"
"ANKRD52","0.133522708571236"
"ANKRD53","0.13725065123712"
"ANKRD54","0.137068222172052"
"ANKRD55","0.133641218713422"
"ANKRD6","0.1346964766849"
"ANKRD60","0.136187175026714"
"ANKRD61","0.1346964766849"
"ANKRD62","0.134637892878936"
"ANKRD63","0.13629240314924"
"ANKRD65","0.135499106797919"
"ANKRD66","0.134098327738532"
"ANKRD7","0.135008576163785"
"ANKRD9","0.136187175026714"
"ANKS1A","0.131948748691658"
"ANKS1B","0.135853560096999"
"ANKS3","0.135968002376292"
"ANKS4B","0.133467272367511"
"ANKS6","0.136187175026714"
"ANKUB1","0.135853560096999"
"ANKZF1","0.133467272367511"
"ANLN","0.137198345034397"
"ANO1","0.136187175026714"
"ANO1-AS1","0.137280742005273"
"ANO1-AS2","0.13334520970702"
"ANO10","0.135130856813581"
"ANO2","0.13629240314924"
"ANO3","0.137280742005273"
"ANO4","0.136222713395944"
"ANO5","0.137280742005273"
"ANO6","0.137198345034397"
"ANO7","0.135499106797919"
"ANO8","0.137068222172052"
"ANO9","0.137280742005273"
"ANOS1","0.13720504334426"
"ANP32A","0.137198345034397"
"ANP32B","0.133109159865398"
"ANP32D","0.13629240314924"
"ANP32E","0.139694086226573"
"ANPEP","0.131948748691658"
"ANTXR1","0.136088540754306"
"ANTXR2","0.13629240314924"
"ANTXRL","0.135853560096999"
"ANXA1","0.137595451328826"
"ANXA10","0.135008576163785"
"ANXA11","0.136791642287957"
"ANXA13","0.133467272367511"
"ANXA2","0.136791642287957"
"ANXA2R","0.136928968001217"
"ANXA3","0.136791642287957"
"ANXA4","0.138127645424833"
"ANXA5","0.136187175026714"
"ANXA6","0.139594945174796"
"ANXA7","0.137588705121925"
"ANXA8","0.134544114533347"
"ANXA8L1","0.137068222172052"
"ANXA9","0.139640161988189"
"AOAH","0.137198345034397"
"AOC1","0.138176662220143"
"AOC2","0.134135924656439"
"AOC3","0.138119441972347"
"AOX1","0.136791642287957"
"AP000146.2","0.1346964766849"
"AP000221.1","0.137280742005273"
"AP000223.42","0.137492972487488"
"AP000230.1","0.138209516987263"
"AP000233.2","0.135968002376292"
"AP000233.4","0.136088540754306"
"AP000251.3","0.135968002376292"
"AP000253.1","0.135853560096999"
"AP000254.8","0.135008576163785"
"AP000255.6","0.137398757876565"
"AP000265.1","0.137198345034397"
"AP000266.7","0.133641241283873"
"AP000275.65","0.13935879275328"
"AP000281.2","0.137456895057485"
"AP000282.2","0.136791642287957"
"AP000289.6","0.13485084553456"
"AP000295.10","0.135968002376292"
"AP000295.9","0.135130856813581"
"AP000302.58","0.137198345034397"
"AP000304.12","0.138704589276411"
"AP000318.2","0.136187175026714"
"AP000320.6","0.133109159865398"
"AP000343.2","0.139619610854532"
"AP000344.3","0.137280742005273"
"AP000345.1","0.135499106797919"
"AP000349.2","0.137198345034397"
"AP000350.10","0.133522776282591"
"AP000350.5","0.133641241283873"
"AP000355.2","0.135909269514321"
"AP000402.3","0.137398757876565"
"AP000431.2","0.13485084553456"
"AP000432.2","0.139395534266698"
"AP000438.2","0.136566183289236"
"AP000439.1","0.136791642287957"
"AP000439.2","0.137198345034397"
"AP000439.3","0.134544114533347"
"AP000442.1","0.134135924656439"
"AP000442.4","0.137836164187909"
"AP000459.7","0.136791642287957"
"AP000462.2","0.137280742005273"
"AP000462.3","0.137068222172052"
"AP000472.2","0.135781014186422"
"AP000472.3","0.137223968309556"
"AP000473.5","0.138405037792157"
"AP000473.6","0.134135924656439"
"AP000473.8","0.137596581356477"
"AP000476.1","0.137068222172052"
"AP000477.3","0.138405037792157"
"AP000487.4","0.13334520970702"
"AP000487.5","0.135909269514321"
"AP000487.6","0.134714782242257"
"AP000569.9","0.13629240314924"
"AP000593.7","0.134544114533347"
"AP000640.10","0.137617369222964"
"AP000654.4","0.137068222172052"
"AP000679.2","0.136791642287957"
"AP000687.1","0.135781014186422"
"AP000688.11","0.138685741477844"
"AP000688.15","0.135781014186422"
"AP000688.29","0.135853560096999"
"AP000692.10","0.135968002376292"
"AP000695.4","0.139091683798263"
"AP000695.6","0.136791642287957"
"AP000696.2","0.137198345034397"
"AP000704.5","0.135781014186422"
"AP000708.1","0.138405037792157"
"AP000721.4","0.1346964766849"
"AP000769.1","0.135499106797919"
"AP000769.7","0.135968002376292"
"AP000797.3","0.137206939722981"
"AP000797.4","0.138205245540647"
"AP000857.3","0.137068222172052"
"AP000866.1","0.1346964766849"
"AP000892.4","0.135499106797919"
"AP000936.4","0.138405037792157"
"AP000962.2","0.137206939722981"
"AP000997.1","0.13485084553456"
"AP000997.2","0.136187175026714"
"AP001046.5","0.133522776282591"
"AP001046.6","0.137398757876565"
"AP001048.4","0.13935879275328"
"AP001055.6","0.136791642287957"
"AP001056.1","0.13485084553456"
"AP001057.1","0.137280742005273"
"AP001058.3","0.135781014186422"
"AP001059.5","0.136088540754306"
"AP001059.6","0.137280742005273"
"AP001059.7","0.136187175026714"
"AP001062.7","0.137068222172052"
"AP001062.9","0.137398757876565"
"AP001063.1","0.135909269514321"
"AP001065.15","0.137607133181564"
"AP001136.2","0.139432732327319"
"AP001171.1","0.136088540754306"
"AP001172.2","0.13629240314924"
"AP001189.4","0.137068222172052"
"AP001257.1","0.137206939722981"
"AP001258.4","0.13122586154713"
"AP001347.6","0.137068222172052"
"AP001372.2","0.135781014186422"
"AP001412.1","0.13334520970702"
"AP001432.14","0.134135924656439"
"AP001434.2","0.133641241283873"
"AP001437.1","0.13485084553456"
"AP001439.2","0.13334520970702"
"AP001462.6","0.135968002376292"
"AP001468.58","0.136187175026714"
"AP001469.5","0.134135924656439"
"AP001469.7","0.135909269514321"
"AP001469.9","0.135074212035537"
"AP001471.1","0.13130697303927"
"AP001476.2","0.138704589276411"
"AP001476.3","0.139569046704009"
"AP001476.4","0.134135924656439"
"AP001505.10","0.137133856795689"
"AP001596.6","0.132263302677589"
"AP001601.2","0.133522776282591"
"AP001604.3","0.136088540754306"
"AP001610.5","0.136791642287957"
"AP001610.9","0.132263302677589"
"AP001615.9","0.138405037792157"
"AP001619.3","0.134135924656439"
"AP001625.6","0.13508031388799"
"AP001626.1","0.136791642287957"
"AP001626.2","0.139432732327319"
"AP001627.1","0.136187175026714"
"AP001628.6","0.137133856795689"
"AP001628.7","0.13485084553456"
"AP001630.5","0.1346964766849"
"AP001891.1","0.135909269514321"
"AP002856.4","0.137206939722981"
"AP002856.5","0.13629240314924"
"AP002856.7","0.135499106797919"
"AP002884.2","0.135968002376292"
"AP002954.3","0.133522776282591"
"AP002954.4","0.134135924656439"
"AP003025.2","0.138237123794338"
"AP003068.23","0.137068222172052"
"AP003068.9","0.133109159865398"
"AP003419.16","0.135909269514321"
"AP003774.1","0.133109159865398"
"AP003774.4","0.136088540754306"
"AP003774.5","0.134135924656439"
"AP003774.6","0.133467272367511"
"AP003900.6","0.13508031388799"
"AP004372.1","0.134135924656439"
"AP004550.1","0.133129017295327"
"AP005242.1","0.133649734303183"
"AP005273.1","0.138285601976253"
"AP005530.1","0.139694086226573"
"AP005530.2","0.13334520970702"
"AP006216.10","0.135781014186422"
"AP006216.5","0.134135924656439"
"AP006222.2","0.136187175026714"
"AP006285.2","0.133553929588082"
"AP006285.6","0.13334520970702"
"AP006547.3","0.132069875333881"
"AP006621.5","0.137280742005273"
"AP006621.6","0.13508031388799"
"AP006621.8","0.13334520970702"
"AP006621.9","0.137206939722981"
"AP006748.1","0.135582630918942"
"AP1AR","0.129597957983118"
"AP1B1","0.134544114533347"
"AP1G1","0.133467272367511"
"AP1G2","0.134544114533347"
"AP1M1","0.136088540754306"
"AP1M2","0.135499106797919"
"AP1S1","0.133553929588082"
"AP1S2","0.132263302677589"
"AP1S3","0.135781014186422"
"AP2A1","0.137068222172052"
"AP2A2","0.133649734303183"
"AP2B1","0.136088540754306"
"AP2M1","0.131706113337741"
"AP2S1","0.13122586154713"
"AP3B1","0.135781014186422"
"AP3B2","0.135781014186422"
"AP3D1","0.13485084553456"
"AP3M1","0.13354825534052"
"AP3M2","0.136791642287957"
"AP3S1","0.135263933432841"
"AP3S2","0.136088540754306"
"AP4B1","0.134544114533347"
"AP4B1-AS1","0.1359438204061"
"AP4E1","0.131966289050338"
"AP4M1","0.131966289050338"
"AP4S1","0.135781014186422"
"AP5B1","0.136088540754306"
"AP5M1","0.134544114533347"
"AP5S1","0.134544114533347"
"AP5Z1","0.128895769231103"
"APAF1","0.131853086545115"
"APBA1","0.131966289050338"
"APBA2","0.136088540754306"
"APBA3","0.135781014186422"
"APBB1","0.135888110988778"
"APBB1IP","0.133109159865398"
"APBB2","0.137068222172052"
"APBB3","0.13629240314924"
"APC","0.132263302677589"
"APC2","0.133467272367511"
"APCDD1","0.131706113337741"
"APCDD1L","0.131357171626043"
"APCS","0.137068222172052"
"APEH","0.13485084553456"
"APELA","0.133522776282591"
"APEX1","0.132069875333881"
"APEX2","0.133509774168126"
"APH1A","0.131357171626043"
"APH1B","0.136088540754306"
"API5","0.130639067007475"
"APIP","0.133553929588082"
"APITD1","0.1359438204061"
"APITD1-CORT","0.13660592973942"
"APLF","0.133553929588082"
"APLN","0.133553929588082"
"APLNR","0.133553929588082"
"APLP1","0.133553929588082"
"APLP2","0.136271638548891"
"APMAP","0.134544114533347"
"APOA1","0.133522776282591"
"APOA1-AS","0.134544114533347"
"APOA1BP","0.133553929588082"
"APOA2","0.1359438204061"
"APOA4","0.13485084553456"
"APOA5","0.136249807928046"
"APOB","0.132425865053711"
"APOBEC1","0.13130697303927"
"APOBEC2","0.133109159865398"
"APOBEC3A","0.135014629509145"
"APOBEC3B","0.133522776282591"
"APOBEC3B-AS1","0.134933397728327"
"APOBEC3C","0.133649734303183"
"APOBEC3D","0.133649734303183"
"APOBEC3F","0.134656817844232"
"APOBEC3G","0.1359438204061"
"APOBEC3H","0.133522776282591"
"APOBEC4","0.134599332074121"
"APOBR","0.133109159865398"
"APOC1","0.130965984811142"
"APOC2","0.135499106797919"
"APOC3","0.135781014186422"
"APOC4","0.13451501063475"
"APOC4-APOC2","0.133522776282591"
"APOD","0.13130697303927"
"APOE","0.131175596565349"
"APOF","0.131888166654954"
"APOH","0.133129017295327"
"APOL1","0.131357171626043"
"APOL2","0.131966289050338"
"APOL3","0.133649734303183"
"APOL4","0.13122586154713"
"APOL5","0.132069875333881"
"APOL6","0.13508031388799"
"APOLD1","0.137552185050239"
"APOM","0.133553929588082"
"APOO","0.136088540754306"
"APOOL","0.134636412423845"
"APOPT1","0.131966289050338"
"APP","0.131357171626043"
"APPBP2","0.131818268158641"
"APPL1","0.133953716310581"
"APPL2","0.132069875333881"
"APRT","0.132069875333881"
"APTR","0.134924708804431"
"APTX","0.128907868434377"
"AQP1","0.132069875333881"
"AQP10","0.13508031388799"
"AQP11","0.131818268158641"
"AQP12B","0.132425865053711"
"AQP2","0.13485084553456"
"AQP3","0.13122586154713"
"AQP4","0.131357171626043"
"AQP4-AS1","0.134941546581853"
"AQP5","0.13564102466796"
"AQP6","0.135113097611692"
"AQP7","0.1359438204061"
"AQP8","0.132263302677589"
"AQP9","0.137767777526706"
"AQR","0.131175596565349"
"AR","0.135828320143103"
"ARAF","0.131966289050338"
"ARAP1","0.13485084553456"
"ARAP1-AS1","0.133522776282591"
"ARAP1-AS2","0.131818268158641"
"ARAP2","0.129482444458965"
"ARAP3","0.13354825534052"
"ARC","0.13485084553456"
"ARCN1","0.13508031388799"
"AREG","0.133522776282591"
"AREL1","0.13130697303927"
"ARF1","0.13564102466796"
"ARF3","0.13130697303927"
"ARF4","0.133522776282591"
"ARF4-AS1","0.132018689236233"
"ARF5","0.130639067007475"
"ARF6","0.131034732905725"
"ARFGAP1","0.129597957983118"
"ARFGAP2","0.133467272367511"
"ARFGAP3","0.13660592973942"
"ARFGEF1","0.133553929588082"
"ARFGEF2","0.132425865053711"
"ARFGEF3","0.134544114533347"
"ARFIP1","0.135828320143103"
"ARFIP2","0.129597957983118"
"ARFRP1","0.134656817844232"
"ARG1","0.134999032351964"
"ARG2","0.131966289050338"
"ARGLU1","0.13485084553456"
"ARHGAP1","0.13170297028477"
"ARHGAP10","0.13130697303927"
"ARHGAP11A","0.132425865053711"
"ARHGAP11B","0.132425865053711"
"ARHGAP12","0.133522776282591"
"ARHGAP15","0.129482444458965"
"ARHGAP17","0.13508031388799"
"ARHGAP18","0.134917184553462"
"ARHGAP19","0.136088540754306"
"ARHGAP19-SLIT1","0.131357171626043"
"ARHGAP20","0.13122586154713"
"ARHGAP21","0.1359438204061"
"ARHGAP22","0.13130697303927"
"ARHGAP23","0.13485084553456"
"ARHGAP24","0.133467272367511"
"ARHGAP25","0.133460653224202"
"ARHGAP26","0.132071011706138"
"ARHGAP26-AS1","0.133522776282591"
"ARHGAP27","0.128907868434377"
"ARHGAP28","0.133553929588082"
"ARHGAP29","0.132263302677589"
"ARHGAP30","0.132018689236233"
"ARHGAP31","0.133109159865398"
"ARHGAP31-AS1","0.13564102466796"
"ARHGAP32","0.133467272367511"
"ARHGAP33","0.13485084553456"
"ARHGAP35","0.132263302677589"
"ARHGAP36","0.130639067007475"
"ARHGAP39","0.134544114533347"
"ARHGAP4","0.133467272367511"
"ARHGAP40","0.13485084553456"
"ARHGAP42","0.13485084553456"
"ARHGAP44","0.132071011706138"
"ARHGAP5","0.131175596565349"
"ARHGAP5-AS1","0.132071011706138"
"ARHGAP6","0.132018689236233"
"ARHGAP8","0.131175596565349"
"ARHGAP9","0.132425865053711"
"ARHGDIA","0.132263302677589"
"ARHGDIB","0.129966043788098"
"ARHGDIG","0.131357171626043"
"ARHGEF1","0.13130697303927"
"ARHGEF10","0.13354825534052"
"ARHGEF10L","0.132018689236233"
"ARHGEF11","0.131175596565349"
"ARHGEF12","0.133649734303183"
"ARHGEF15","0.133649734303183"
"ARHGEF16","0.131966289050338"
"ARHGEF17","0.13170297028477"
"ARHGEF18","0.135666235049888"
"ARHGEF19","0.133109159865398"
"ARHGEF2","0.131966289050338"
"ARHGEF25","0.133522776282591"
"ARHGEF26","0.13451501063475"
"ARHGEF28","0.128895769231103"
"ARHGEF3","0.133467272367511"
"ARHGEF3-AS1","0.13334520970702"
"ARHGEF33","0.136187175026714"
"ARHGEF35","0.132263302677589"
"ARHGEF37","0.132425865053711"
"ARHGEF38","0.133109159865398"
"ARHGEF39","0.132263302677589"
"ARHGEF4","0.129966043788098"
"ARHGEF40","0.136380953207855"
"ARHGEF5","0.13564102466796"
"ARHGEF6","0.131175596565349"
"ARHGEF7","0.133649734303183"
"ARHGEF7-AS1","0.133522776282591"
"ARHGEF7-AS2","0.13629240314924"
"ARHGEF9","0.13170297028477"
"ARID1A","0.137068222172052"
"ARID1B","0.131001407544259"
"ARID2","0.131175596565349"
"ARID3A","0.133460653224202"
"ARID3B","0.136187175026714"
"ARID3C","0.132018689236233"
"ARID4A","0.130639067007475"
"ARID4B","0.131966289050338"
"ARID5A","0.1359438204061"
"ARID5B","0.133553929588082"
"ARIH1","0.133467272367511"
"ARIH2","0.13450651761544"
"ARIH2OS","0.132425865053711"
"ARL1","0.131357171626043"
"ARL10","0.132425865053711"
"ARL11","0.131357171626043"
"ARL13A","0.135055902104392"
"ARL13B","0.129966043788098"
"ARL14","0.133109159865398"
"ARL14EP","0.133109159865398"
"ARL14EPL","0.129059815720997"
"ARL15","0.13122586154713"
"ARL16","0.132018689236233"
"ARL17A","0.13130697303927"
"ARL17B","0.133467272367511"
"ARL2","0.133109159865398"
"ARL2BP","0.131357171626043"
"ARL3","0.13334520970702"
"ARL4A","0.131357171626043"
"ARL4C","0.131357171626043"
"ARL4D","0.132263302677589"
"ARL5A","0.130639067007475"
"ARL5B","0.133522776282591"
"ARL5C","0.13629240314924"
"ARL6","0.133467272367511"
"ARL6IP1","0.132018689236233"
"ARL6IP4","0.134544114533347"
"ARL6IP5","0.136811774138364"
"ARL6IP6","0.133649734303183"
"ARL8A","0.129597957983118"
"ARL8B","0.131966289050338"
"ARL9","0.130639067007475"
"ARMC1","0.132263302677589"
"ARMC10","0.133109159865398"
"ARMC12","0.1359438204061"
"ARMC2","0.132263302677589"
"ARMC2-AS1","0.136187175026714"
"ARMC3","0.131357171626043"
"ARMC4","0.13122586154713"
"ARMC5","0.132071011706138"
"ARMC6","0.136380953207855"
"ARMC7","0.13334520970702"
"ARMC8","0.135074212035537"
"ARMC9","0.132071011706138"
"ARMCX1","0.13122586154713"
"ARMCX2","0.131818268158641"
"ARMCX3","0.13236745540741"
"ARMCX3-AS1","0.13170297028477"
"ARMCX4","0.136540295115783"
"ARMCX5","0.13170297028477"
"ARMCX6","0.132263302677589"
"ARMS2","0.13564102466796"
"ARMT1","0.13170297028477"
"ARNT","0.131818268158641"
"ARNT2","0.133649734303183"
"ARNTL","0.132425865053711"
"ARNTL2","0.129059815720997"
"ARNTL2-AS1","0.131818268158641"
"ARPC1A","0.130639067007475"
"ARPC1B","0.133522776282591"
"ARPC2","0.131966289050338"
"ARPC3","0.131966289050338"
"ARPC4","0.13564102466796"
"ARPC4-TTLL3","0.13130697303927"
"ARPC5","0.133522776282591"
"ARPC5L","0.133460653224202"
"ARPIN","0.132071011706138"
"ARPP19","0.134544114533347"
"ARPP21","0.133109159865398"
"ARRB1","0.13130697303927"
"ARRB2","0.136187175026714"
"ARRDC1","0.132071011706138"
"ARRDC1-AS1","0.131175596565349"
"ARRDC2","0.132425865053711"
"ARRDC3","0.128798128461577"
"ARRDC3-AS1","0.131175596565349"
"ARRDC4","0.137206939722981"
"ARRDC5","0.132069875333881"
"ARSA","0.132425865053711"
"ARSB","0.132425865053711"
"ARSD","0.132018689236233"
"ARSD-AS1","0.133109159865398"
"ARSE","0.131175596565349"
"ARSF","0.129191433361557"
"ARSG","0.131966289050338"
"ARSH","0.129597957983118"
"ARSI","0.132263302677589"
"ARSJ","0.132263302677589"
"ARSK","0.131175596565349"
"ART1","0.131818268158641"
"ART3","0.131966289050338"
"ART4","0.132425865053711"
"ART5","0.133460653224202"
"ARTN","0.136166519961702"
"ARV1","0.13170297028477"
"ARVCF","0.13451501063475"
"ARX","0.13122586154713"
"AS3MT","0.132425865053711"
"ASAH1","0.132018689236233"
"ASAH2","0.132018689236233"
"ASAH2B","0.135666235049888"
"ASAP1","0.132071011706138"
"ASAP2","0.13629240314924"
"ASAP3","0.133522776282591"
"ASB1","0.132263302677589"
"ASB10","0.133109159865398"
"ASB11","0.131357171626043"
"ASB12","0.13130697303927"
"ASB13","0.133109159865398"
"ASB14","0.13170297028477"
"ASB15","0.133649734303183"
"ASB16","0.131818268158641"
"ASB16-AS1","0.13130697303927"
"ASB17","0.133244460812508"
"ASB18","0.133522776282591"
"ASB2","0.132425865053711"
"ASB3","0.130639067007475"
"ASB4","0.131175596565349"
"ASB5","0.133109159865398"
"ASB6","0.132018689236233"
"ASB7","0.132018689236233"
"ASB8","0.129966043788098"
"ASB9","0.132425865053711"
"ASCC1","0.131818268158641"
"ASCC2","0.133109159865398"
"ASCC3","0.128907868434377"
"ASCL1","0.134544114533347"
"ASCL2","0.132263302677589"
"ASCL3","0.131818268158641"
"ASCL4","0.129966043788098"
"ASCL5","0.131034732905725"
"ASF1A","0.132263302677589"
"ASF1B","0.133109159865398"
"ASGR1","0.135560467315182"
"ASGR2","0.13354825534052"
"ASH1L","0.13130697303927"
"ASH1L-AS1","0.13354825534052"
"ASH2L","0.13122586154713"
"ASIC1","0.133553929588082"
"ASIC2","0.131966289050338"
"ASIC3","0.136187175026714"
"ASIC4","0.132018689236233"
"ASIC5","0.133649734303183"
"ASIP","0.13170297028477"
"ASL","0.133522776282591"
"ASMT","0.130639067007475"
"ASMTL","0.13629240314924"
"ASMTL-AS1","0.135828320143103"
"ASNA1","0.131966289050338"
"ASNS","0.133522776282591"
"ASNSD1","0.135074212035537"
"ASPA","0.130639067007475"
"ASPDH","0.132018689236233"
"ASPG","0.129059815720997"
"ASPH","0.133380156280262"
"ASPHD1","0.131357171626043"
"ASPHD2","0.134544114533347"
"ASPM","0.131818268158641"
"ASPN","0.133109159865398"
"ASPRV1","0.131966289050338"
"ASPSCR1","0.13130697303927"
"ASRGL1","0.129482444458965"
"ASS1","0.131175596565349"
"ASTE1","0.137068222172052"
"ASTL","0.131818268158641"
"ASTN1","0.132071011706138"
"ASTN2","0.133553929588082"
"ASTN2-AS1","0.129482444458965"
"ASUN","0.131292449543198"
"ASXL1","0.131292449543198"
"ASXL2","0.13629240314924"
"ASXL3","0.132071011706138"
"ASZ1","0.133553929588082"
"ATAD1","0.129597957983118"
"ATAD2","0.133553929588082"
"ATAD2B","0.128209853158142"
"ATAD3A","0.134544114533347"
"ATAD3B","0.131966289050338"
"ATAD3C","0.129482444458965"
"ATAD5","0.129290781238768"
"ATAT1","0.134544114533347"
"ATCAY","0.131818268158641"
"ATE1","0.13170297028477"
"ATE1-AS1","0.133460653224202"
"ATF1","0.128895769231103"
"ATF2","0.131175596565349"
"ATF3","0.128895769231103"
"ATF4","0.13236745540741"
"ATF5","0.130424846322871"
"ATF6","0.129542083266517"
"ATF6B","0.131966289050338"
"ATF7","0.131175596565349"
"ATF7IP","0.133649734303183"
"ATF7IP2","0.134544114533347"
"ATG10","0.133649734303183"
"ATG10-AS1","0.137656080447388"
"ATG101","0.13170297028477"
"ATG12","0.135990876625149"
"ATG13","0.129966043788098"
"ATG14","0.13451501063475"
"ATG16L1","0.133460653224202"
"ATG16L2","0.134544114533347"
"ATG2A","0.132425865053711"
"ATG2B","0.132425865053711"
"ATG3","0.133522776282591"
"ATG4A","0.131966289050338"
"ATG4B","0.132071011706138"
"ATG4C","0.133522776282591"
"ATG4D","0.132018689236233"
"ATG5","0.132071011706138"
"ATG7","0.135990876625149"
"ATG9A","0.132018689236233"
"ATG9B","0.13564102466796"
"ATHL1","0.13170297028477"
"ATIC","0.132018689236233"
"ATL1","0.132018689236233"
"ATL2","0.128866437814641"
"ATL3","0.129966043788098"
"ATM","0.135828320143103"
"ATMIN","0.129597957983118"
"ATN1","0.13629240314924"
"ATOH1","0.13170297028477"
"ATOH7","0.136104226160655"
"ATOH8","0.13170297028477"
"ATOX1","0.132263302677589"
"ATP10A","0.13236745540741"
"ATP10B","0.137133856795689"
"ATP10D","0.130639067007475"
"ATP11A","0.136380953207855"
"ATP11A-AS1","0.135074212035537"
"ATP11AUN","0.132069875333881"
"ATP11B","0.13629240314924"
"ATP11C","0.133522776282591"
"ATP12A","0.13629240314924"
"ATP13A1","0.133109159865398"
"ATP13A2","0.132018689236233"
"ATP13A3","0.129966043788098"
"ATP13A4","0.132018689236233"
"ATP13A4-AS1","0.132071011706138"
"ATP13A5","0.131357171626043"
"ATP13A5-AS1","0.129191433361557"
"ATP1A1","0.13564102466796"
"ATP1A2","0.131175596565349"
"ATP1A3","0.129597957983118"
"ATP1A4","0.129059815720997"
"ATP1B1","0.13564102466796"
"ATP1B2","0.132263302677589"
"ATP1B3","0.134544114533347"
"ATP1B3-AS1","0.131966289050338"
"ATP1B4","0.133522776282591"
"ATP2A1","0.133244460812508"
"ATP2A1-AS1","0.133553929588082"
"ATP2A2","0.137784919790675"
"ATP2A3","0.128674106368296"
"ATP2B1","0.134544114533347"
"ATP2B2","0.135074212035537"
"ATP2B3","0.129263550572736"
"ATP2B4","0.133109159865398"
"ATP2C1","0.13564102466796"
"ATP2C2","0.134544114533347"
"ATP4A","0.128895769231103"
"ATP4B","0.137046421498644"
"ATP5A1","0.131034732905725"
"ATP5B","0.13629240314924"
"ATP5C1","0.131292449543198"
"ATP5D","0.129966043788098"
"ATP5E","0.135828320143103"
"ATP5EP2","0.129966043788098"
"ATP5F1","0.130524822407269"
"ATP5G1","0.132071011706138"
"ATP5G2","0.131966289050338"
"ATP5G3","0.133460653224202"
"ATP5H","0.132069875333881"
"ATP5I","0.131034732905725"
"ATP5J","0.136187175026714"
"ATP5J2","0.132263302677589"
"ATP5J2-PTCD1","0.132512196928923"
"ATP5L","0.131357171626043"
"ATP5L2","0.134422959230944"
"ATP5O","0.1331263646316"
"ATP5S","0.131818268158641"
"ATP5SL","0.132263302677589"
"ATP6AP1","0.133522776282591"
"ATP6AP1L","0.129059815720997"
"ATP6AP2","0.131818268158641"
"ATP6V0A1","0.132018689236233"
"ATP6V0A2","0.134544114533347"
"ATP6V0A4","0.129966043788098"
"ATP6V0B","0.129059815720997"
"ATP6V0C","0.129597957983118"
"ATP6V0D1","0.131292449543198"
"ATP6V0D2","0.129191433361557"
"ATP6V0E1","0.13170297028477"
"ATP6V0E2","0.13170297028477"
"ATP6V0E2-AS1","0.136380953207855"
"ATP6V1A","0.131357171626043"
"ATP6V1B1","0.132512196928923"
"ATP6V1B1-AS1","0.137046421498644"
"ATP6V1B2","0.132018689236233"
"ATP6V1C1","0.131292449543198"
"ATP6V1C2","0.132512196928923"
"ATP6V1D","0.133649734303183"
"ATP6V1E1","0.133553929588082"
"ATP6V1E2","0.133641241283873"
"ATP6V1F","0.133129425848939"
"ATP6V1G1","0.131034732905725"
"ATP6V1G2","0.131357171626043"
"ATP6V1G2-DDX39B","0.128798128461577"
"ATP6V1G3","0.131034732905725"
"ATP6V1H","0.128866437814641"
"ATP7A","0.130524822407269"
"ATP7B","0.129059815720997"
"ATP8A1","0.129263550572736"
"ATP8A2","0.132071011706138"
"ATP8B1","0.131966289050338"
"ATP8B2","0.133522776282591"
"ATP8B3","0.131818268158641"
"ATP8B4","0.132263302677589"
"ATP9A","0.131966289050338"
"ATP9B","0.132425865053711"
"ATPAF1","0.130524822407269"
"ATPAF2","0.131292449543198"
"ATPIF1","0.131966289050338"
"ATR","0.133522776282591"
"ATRAID","0.133522776282591"
"ATRIP","0.131292449543198"
"ATRN","0.133460653224202"
"ATRNL1","0.132263302677589"
"ATRX","0.131034732905725"
"ATXN1","0.130524822407269"
"ATXN10","0.132018689236233"
"ATXN1L","0.131357171626043"
"ATXN2","0.132512196928923"
"ATXN2L","0.132069875333881"
"ATXN3","0.129966043788098"
"ATXN7","0.129597957983118"
"ATXN7L1","0.132071011706138"
"ATXN7L2","0.131818268158641"
"ATXN7L3","0.135990876625149"
"ATXN7L3B","0.132425865053711"
"ATXN8OS","0.132018689236233"
"AUH","0.129597957983118"
"AUNIP","0.129059815720997"
"AUP1","0.13564102466796"
"AURKA","0.135666235049888"
"AURKAIP1","0.136104226160655"
"AURKB","0.132512196928923"
"AURKC","0.131966289050338"
"AUTS2","0.135828320143103"
"AVEN","0.136187175026714"
"AVIL","0.133522776282591"
"AVL9","0.133649734303183"
"AVP","0.136352798700463"
"AVPI1","0.133184118270265"
"AVPR1A","0.136104226160655"
"AVPR1B","0.129059815720997"
"AVPR2","0.131966289050338"
"AWAT1","0.128377157224543"
"AWAT2","0.131357171626043"
"AXDND1","0.135074212035537"
"AXIN1","0.13170297028477"
"AXIN2","0.131357171626043"
"AXL","0.130524822407269"
"AZGP1","0.133553929588082"
"AZI2","0.135074212035537"
"AZIN1","0.133522776282591"
"AZIN1-AS1","0.132512196928923"
"AZIN2","0.128377157224543"
"AZU1","0.13170297028477"
"B2M","0.13236745540741"
"B3GALNT1","0.135990876625149"
"B3GALNT2","0.132263302677589"
"B3GALT1","0.133522776282591"
"B3GALT2","0.133553929588082"
"B3GALT4","0.129966043788098"
"B3GALT5","0.13236745540741"
"B3GALT5-AS1","0.132512196928923"
"B3GALT6","0.13564102466796"
"B3GAT1","0.131175596565349"
"B3GAT2","0.129059815720997"
"B3GAT3","0.133460653224202"
"B3GLCT","0.131175596565349"
"B3GNT2","0.132263302677589"
"B3GNT3","0.129966043788098"
"B3GNT4","0.13354825534052"
"B3GNT5","0.132425865053711"
"B3GNT6","0.138405037792157"
"B3GNT7","0.1331263646316"
"B3GNT8","0.137381322475658"
"B3GNT9","0.131818268158641"
"B3GNTL1","0.132069875333881"
"B4GALNT1","0.129597957983118"
"B4GALNT2","0.13564102466796"
"B4GALNT3","0.1331263646316"
"B4GALNT4","0.1371008058388"
"B4GALT1","0.13170297028477"
"B4GALT1-AS1","0.136104226160655"
"B4GALT2","0.136104226160655"
"B4GALT3","0.132018689236233"
"B4GALT4","0.127710019746881"
"B4GALT5","0.132512196928923"
"B4GALT6","0.132425865053711"
"B4GALT7","0.132018689236233"
"B4GAT1","0.129966043788098"
"B9D1","0.135828320143103"
"B9D2","0.130524822407269"
"BAALC","0.134544114533347"
"BAALC-AS1","0.13170297028477"
"BAALC-AS2","0.130524822407269"
"BAAT","0.13354825534052"
"BABAM1","0.133460653224202"
"BACE1","0.131357171626043"
"BACE1-AS","0.129059815720997"
"BACE2","0.129263550572736"
"BACE2-IT1","0.13326166557871"
"BACH1","0.132263302677589"
"BACH1-AS1","0.13236745540741"
"BACH1-IT2","0.130524822407269"
"BACH2","0.131292449543198"
"BAD","0.131966289050338"
"BAG1","0.131034732905725"
"BAG2","0.132512196928923"
"BAG3","0.132512196928923"
"BAG4","0.135828320143103"
"BAG5","0.132263302677589"
"BAG6","0.132069875333881"
"BAHCC1","0.134544114533347"
"BAHD1","0.133522776282591"
"BAIAP2","0.131818268158641"
"BAIAP2-AS1","0.13354825534052"
"BAIAP2L1","0.131292449543198"
"BAIAP2L2","0.131966289050338"
"BAIAP3","0.131292449543198"
"BAK1","0.133649734303183"
"BAMBI","0.130524822407269"
"BANCR","0.135828320143103"
"BANF1","0.131034732905725"
"BANF2","0.133460653224202"
"BANK1","0.129263550572736"
"BANP","0.133460653224202"
"BAP1","0.132425865053711"
"BARD1","0.129597957983118"
"BARHL1","0.131175596565349"
"BARHL2","0.131175596565349"
"BARX1","0.129597957983118"
"BARX1-AS1","0.129482444458965"
"BARX2","0.1331263646316"
"BASP1","0.131292449543198"
"BATF","0.129059815720997"
"BATF2","0.129966043788098"
"BATF3","0.129966043788098"
"BAX","0.129597957983118"
"BAZ1A","0.133649734303183"
"BAZ1B","0.131177291301769"
"BAZ2A","0.131292449543198"
"BAZ2B","0.130524822407269"
"BBC3","0.131292449543198"
"BBIP1","0.132071011706138"
"BBOF1","0.129597957983118"
"BBOX1","0.132425865053711"
"BBOX1-AS1","0.132512196928923"
"BBS1","0.131818268158641"
"BBS10","0.131175596565349"
"BBS12","0.130524822407269"
"BBS2","0.135074212035537"
"BBS4","0.136352798700463"
"BBS5","0.133522776282591"
"BBS7","0.132018689236233"
"BBS9","0.132425865053711"
"BBX","0.132018689236233"
"BCAM","0.132425865053711"
"BCAN","0.133522776282591"
"BCAP29","0.131034732905725"
"BCAP31","0.129263550572736"
"BCAR1","0.134544114533347"
"BCAR3","0.132071011706138"
"BCAR4","0.132071011706138"
"BCAS1","0.131966289050338"
"BCAS2","0.132018689236233"
"BCAS3","0.133522776282591"
"BCAS4","0.131175596565349"
"BCAT1","0.132071011706138"
"BCAT2","0.137656080447388"
"BCCIP","0.129597957983118"
"BCDIN3D","0.131034732905725"
"BCDIN3D-AS1","0.133649734303183"
"BCHE","0.132512196928923"
"BCKDHA","0.13170297028477"
"BCKDHB","0.132071011706138"
"BCKDK","0.132018689236233"
"BCL10","0.132425865053711"
"BCL11A","0.135990876625149"
"BCL11B","0.131966289050338"
"BCL2","0.131966289050338"
"BCL2A1","0.132263302677589"
"BCL2L1","0.128674106368296"
"BCL2L10","0.132263302677589"
"BCL2L11","0.126897340207683"
"BCL2L12","0.135990876625149"
"BCL2L13","0.132512196928923"
"BCL2L14","0.128895769231103"
"BCL2L15","0.132263302677589"
"BCL2L2","0.135074212035537"
"BCL2L2-PABPN1","0.133522776282591"
"BCL3","0.132263302677589"
"BCL6","0.129597957983118"
"BCL6B","0.133649734303183"
"BCL7A","0.131966289050338"
"BCL7B","0.137133856795689"
"BCL7C","0.13326166557871"
"BCL9","0.136104226160655"
"BCL9L","0.132263302677589"
"BCLAF1","0.135074212035537"
"BCO1","0.133522776282591"
"BCO2","0.132071011706138"
"BCOR","0.132263302677589"
"BCORL1","0.131966289050338"
"BCR","0.131292449543198"
"BCS1L","0.136166519961702"
"BCYRN1","0.133522776282591"
"BDH1","0.129966043788098"
"BDH2","0.128895769231103"
"BDKRB1","0.129482444458965"
"BDKRB2","0.13564102466796"
"BDNF","0.136964237725047"
"BDNF-AS","0.133553929588082"
"BDP1","0.131966289050338"
"BEAN1","0.131966289050338"
"BEAN1-AS1","0.129597957983118"
"BECN1","0.132263302677589"
"BEGAIN","0.132071011706138"
"BEND2","0.132018689236233"
"BEND3","0.13170297028477"
"BEND4","0.132419069706016"
"BEND5","0.131357171626043"
"BEND6","0.135074212035537"
"BEND7","0.135074212035537"
"BEST1","0.131175596565349"
"BEST2","0.131357171626043"
"BEST3","0.132018689236233"
"BEST4","0.135990876625149"
"BET1","0.131966289050338"
"BET1L","0.13354825534052"
"BEX1","0.136187175026714"
"BEX2","0.131175596565349"
"BEX4","0.132071011706138"
"BEX5","0.135074212035537"
"BFAR","0.136565222817574"
"BFSP1","0.128377157224543"
"BFSP2","0.132071011706138"
"BFSP2-AS1","0.133522776282591"
"BGLAP","0.13326166557871"
"BGN","0.133522776282591"
"BHLHA15","0.132477479352316"
"BHLHB9","0.129597957983118"
"BHLHE22","0.135990876625149"
"BHLHE23","0.129059815720997"
"BHLHE40","0.133553929588082"
"BHLHE40-AS1","0.132018689236233"
"BHLHE41","0.131818268158641"
"BHMG1","0.131357171626043"
"BHMT","0.132419069706016"
"BHMT2","0.131034732905725"
"BICC1","0.137656080447388"
"BICD1","0.131034732905725"
"BICD2","0.131966289050338"
"BID","0.133522776282591"
"BIK","0.132071011706138"
"BIN1","0.136052841820187"
"BIN2","0.13354825534052"
"BIN3","0.130887162944053"
"BIRC2","0.131818268158641"
"BIRC3","0.136104226160655"
"BIRC5","0.136052841820187"
"BIRC6","0.131357171626043"
"BIRC6-AS2","0.133649734303183"
"BIRC7","0.132763908812392"
"BISPR","0.131693636088742"
"BIVM","0.129597957983118"
"BLACAT1","0.134544114533347"
"BLACE","0.132263302677589"
"BLCAP","0.132071011706138"
"BLID","0.131693636088742"
"BLK","0.131818268158641"
"BLM","0.128530806769506"
"BLMH","0.131292449543198"
"BLNK","0.132477479352316"
"BLOC1S1","0.133553929588082"
"BLOC1S2","0.131292449543198"
"BLOC1S3","0.132477479352316"
"BLOC1S4","0.132477479352316"
"BLOC1S5","0.136352798700463"
"BLOC1S6","0.132018689236233"
"BLVRA","0.131966289050338"
"BLVRB","0.132989695682535"
"BLZF1","0.133341315683034"
"BMF","0.131292449543198"
"BMI1","0.136104226160655"
"BMP1","0.129059815720997"
"BMP15","0.132419069706016"
"BMP2","0.132477479352316"
"BMP2K","0.131966289050338"
"BMP3","0.132846521047188"
"BMP4","0.133522776282591"
"BMP5","0.128798128461577"
"BMP6","0.131285755049632"
"BMP7","0.133649734303183"
"BMP7-AS1","0.131818268158641"
"BMP8A","0.133341315683034"
"BMP8B","0.133341315683034"
"BMPER","0.131034732905725"
"BMPR1A","0.136187175026714"
"BMPR1B","0.131966289050338"
"BMPR1B-AS1","0.132768352008099"
"BMPR2","0.129597957983118"
"BMS1","0.13451501063475"
"BMS1P14","0.133649734303183"
"BMX","0.132018689236233"
"BNC1","0.132018689236233"
"BNC2","0.130524822407269"
"BNIP1","0.132477479352316"
"BNIP2","0.133649734303183"
"BNIP3","0.13451501063475"
"BNIP3L","0.128377157224543"
"BNIPL","0.137784919790675"
"BOC","0.134544114533347"
"BOD1","0.136352798700463"
"BOD1L1","0.132763908812392"
"BOD1L2","0.135982473164507"
"BOK","0.132763908812392"
"BOK-AS1","0.133553929588082"
"BOLA1","0.133522776282591"
"BOLA2","0.128907868434377"
"BOLA2B","0.133553929588082"
"BOLA3","0.136565222817574"
"BOLA3-AS1","0.132477479352316"
"BOLL","0.133341315683034"
"BOP1","0.135828320143103"
"BORA","0.133649734303183"
"BORCS5","0.134544114533347"
"BORCS6","0.13451501063475"
"BORCS7","0.132846521047188"
"BORCS8","0.133341315683034"
"BORCS8-MEF2B","0.132263302677589"
"BPGM","0.131693636088742"
"BPHL","0.131693636088742"
"BPI","0.132846521047188"
"BPIFA1","0.132071011706138"
"BPIFA2","0.132846521047188"
"BPIFA3","0.131693636088742"
"BPIFB1","0.132018689236233"
"BPIFB2","0.132763908812392"
"BPIFB4","0.132477479352316"
"BPIFB6","0.134544114533347"
"BPIFC","0.132263302677589"
"BPNT1","0.132069875333881"
"BPTF","0.135828320143103"
"BRAF","0.133649734303183"
"BRAP","0.131818268158641"
"BRAT1","0.136565222817574"
"BRCA1","0.133341315683034"
"BRCA2","0.133649734303183"
"BRCC3","0.128895769231103"
"BRD1","0.132477479352316"
"BRD2","0.134544114533347"
"BRD3","0.132763908812392"
"BRD4","0.129966043788098"
"BRD7","0.132018689236233"
"BRD8","0.132018689236233"
"BRD9","0.132763908812392"
"BRDT","0.133649734303183"
"BRE","0.133341315683034"
"BRF1","0.133341315683034"
"BRF2","0.13564102466796"
"BRI3","0.133649734303183"
"BRI3BP","0.128895769231103"
"BRICD5","0.131285755049632"
"BRINP1","0.132846521047188"
"BRINP2","0.128530806769506"
"BRINP3","0.13564102466796"
"BRIP1","0.133522776282591"
"BRIX1","0.1371008058388"
"BRK1","0.131693636088742"
"BRMS1","0.135074212035537"
"BRMS1L","0.128530806769506"
"BROX","0.129542083266517"
"BRPF1","0.132071011706138"
"BRPF3","0.131818268158641"
"BRS3","0.133341315683034"
"BRSK1","0.129890289468979"
"BRSK2","0.135828320143103"
"BRWD1","0.128866437814641"
"BRWD1-AS1","0.131693636088742"
"BRWD1-AS2","0.132018689236233"
"BRWD3","0.133649734303183"
"BSCL2","0.136352798700463"
"BSDC1","0.137381322475658"
"BSG","0.132071011706138"
"BSN","0.133649734303183"
"BSN-AS1","0.132846521047188"
"BSN-AS2","0.133649734303183"
"BSND","0.132800531468792"
"BSPRY","0.137784919790675"
"BST1","0.131693636088742"
"BST2","0.138505343704108"
"BTAF1","0.131818268158641"
"BTBD1","0.132763908812392"
"BTBD10","0.13564102466796"
"BTBD11","0.128674106368296"
"BTBD16","0.131818268158641"
"BTBD17","0.132018689236233"
"BTBD18","0.132763908812392"
"BTBD19","0.136104226160655"
"BTBD2","0.131818268158641"
"BTBD3","0.13564102466796"
"BTBD6","0.132763908812392"
"BTBD7","0.133553929588082"
"BTBD8","0.128674106368296"
"BTBD9","0.133341315683034"
"BTBD9-AS1","0.129059815720997"
"BTC","0.136352798700463"
"BTD","0.13690952513861"
"BTF3","0.136352798700463"
"BTF3L4","0.133649734303183"
"BTG1","0.139687235848687"
"BTG2","0.132477479352316"
"BTG3","0.131966289050338"
"BTG4","0.131818268158641"
"BTK","0.131285755049632"
"BTLA","0.132419069706016"
"BTN1A1","0.133553929588082"
"BTN2A1","0.131693636088742"
"BTN2A2","0.129263550572736"
"BTN3A1","0.133553929588082"
"BTN3A2","0.132018689236233"
"BTN3A3","0.135990876625149"
"BTNL2","0.129263550572736"
"BTNL3","0.132263302677589"
"BTNL8","0.132477479352316"
"BTNL9","0.135990876625149"
"BTRC","0.132419069706016"
"BUB1","0.132763908812392"
"BUB1B","0.133341315683034"
"BUB1B-PAK6","0.130891046336579"
"BUB3","0.13564102466796"
"BUD13","0.131966289050338"
"BUD31","0.133522776282591"
"BVES","0.13451501063475"
"BVES-AS1","0.132069875333881"
"BX004987.4","0.129263550572736"
"BX255923.3","0.129542083266517"
"BX322557.13","0.13354825534052"
"BX322559.3","0.133553929588082"
"BX470102.3","0.132263302677589"
"BYSL","0.133341315683034"
"BZRAP1","0.129213624930274"
"BZRAP1-AS1","0.133341315683034"
"BZW1","0.131693636088742"
"BZW2","0.132071011706138"
"C10orf10","0.132263302677589"
"C10orf105","0.132069875333881"
"C10orf107","0.134544114533347"
"C10orf11","0.129263550572736"
"C10orf111","0.134544114533347"
"C10orf113","0.131285755049632"
"C10orf12","0.128530806769506"
"C10orf126","0.135828320143103"
"C10orf128","0.135990876625149"
"C10orf131","0.133649734303183"
"C10orf142","0.131966289050338"
"C10orf2","0.132071011706138"
"C10orf25","0.133553929588082"
"C10orf35","0.131966289050338"
"C10orf53","0.132069875333881"
"C10orf54","0.129542083266517"
"C10orf55","0.132763908812392"
"C10orf62","0.13564102466796"
"C10orf67","0.132018689236233"
"C10orf71","0.129966043788098"
"C10orf71-AS1","0.132763908812392"
"C10orf76","0.128895769231103"
"C10orf82","0.131966289050338"
"C10orf88","0.13037963840958"
"C10orf90","0.126867057872668"
"C10orf91","0.132763908812392"
"C10orf95","0.131966289050338"
"C10orf99","0.136964237725047"
"C11orf1","0.134544114533347"
"C11orf16","0.13009376269983"
"C11orf21","0.132846521047188"
"C11orf24","0.132763908812392"
"C11orf31","0.133522776282591"
"C11orf44","0.134544114533347"
"C11orf45","0.132763908812392"
"C11orf49","0.132763908812392"
"C11orf52","0.132846521047188"
"C11orf53","0.1371008058388"
"C11orf54","0.133553929588082"
"C11orf57","0.135990876625149"
"C11orf58","0.132477479352316"
"C11orf63","0.133649734303183"
"C11orf65","0.131285755049632"
"C11orf68","0.128866437814641"
"C11orf70","0.129059815720997"
"C11orf71","0.132071011706138"
"C11orf72","0.133423094656443"
"C11orf73","0.132263302677589"
"C11orf74","0.131285755049632"
"C11orf80","0.131966289050338"
"C11orf84","0.132263302677589"
"C11orf85","0.129059815720997"
"C11orf86","0.133423094656443"
"C11orf87","0.132018689236233"
"C11orf88","0.132071011706138"
"C11orf91","0.131966289050338"
"C11orf94","0.131818268158641"
"C11orf95","0.131818268158641"
"C11orf96","0.132071011706138"
"C11orf97","0.132763908812392"
"C11orf98","0.128895769231103"
"C12orf10","0.12861476498427"
"C12orf29","0.131693636088742"
"C12orf4","0.132477479352316"
"C12orf40","0.131693636088742"
"C12orf42","0.133553929588082"
"C12orf43","0.129263550572736"
"C12orf45","0.132071011706138"
"C12orf49","0.131966289050338"
"C12orf50","0.131818268158641"
"C12orf54","0.133423094656443"
"C12orf56","0.136104226160655"
"C12orf57","0.131966289050338"
"C12orf60","0.132071011706138"
"C12orf65","0.129966043788098"
"C12orf66","0.13564102466796"
"C12orf71","0.136104226160655"
"C12orf73","0.128902280308803"
"C12orf74","0.129542083266517"
"C12orf75","0.131285755049632"
"C12orf76","0.133649734303183"
"C12orf77","0.131966289050338"
"C12orf80","0.134544114533347"
"C14orf1","0.129059815720997"
"C14orf105","0.131818268158641"
"C14orf119","0.128907868434377"
"C14orf132","0.132477479352316"
"C14orf142","0.126224849678151"
"C14orf159","0.132018689236233"
"C14orf166","0.13224624064504"
"C14orf169","0.13009376269983"
"C14orf178","0.131818268158641"
"C14orf180","0.132018689236233"
"C14orf2","0.126888767096114"
"C14orf28","0.129263550572736"
"C14orf37","0.128377157224543"
"C14orf39","0.129263550572736"
"C14orf79","0.135828320143103"
"C14orf80","0.131693636088742"
"C14orf93","0.133553929588082"
"C15orf32","0.128530806769506"
"C15orf38-AP3S2","0.132763908812392"
"C15orf39","0.131818268158641"
"C15orf40","0.13224624064504"
"C15orf41","0.12876593106984"
"C15orf43","0.131693636088742"
"C15orf48","0.128866437814641"
"C15orf52","0.125288817525943"
"C15orf53","0.131285755049632"
"C15orf54","0.136319826348294"
"C15orf57","0.133423094656443"
"C15orf59","0.132846521047188"
"C15orf59-AS1","0.13564102466796"
"C15orf61","0.129263550572736"
"C15orf62","0.131693636088742"
"C15orf65","0.132018689236233"
"C16orf13","0.13224624064504"
"C16orf45","0.13309333903265"
"C16orf46","0.131818268158641"
"C16orf47","0.13564102466796"
"C16orf52","0.133649734303183"
"C16orf54","0.12921145457104"
"C16orf58","0.128895769231103"
"C16orf59","0.13354825534052"
"C16orf62","0.129057645361764"
"C16orf70","0.136104226160655"
"C16orf71","0.135828320143103"
"C16orf72","0.131693636088742"
"C16orf74","0.133553929588082"
"C16orf78","0.130891046336579"
"C16orf86","0.132846521047188"
"C16orf87","0.13354825534052"
"C16orf89","0.131818268158641"
"C16orf90","0.13009376269983"
"C16orf91","0.132846521047188"
"C16orf95","0.134544114533347"
"C16orf96","0.131966289050338"
"C17orf100","0.13564102466796"
"C17orf105","0.135990876625149"
"C17orf107","0.133423094656443"
"C17orf47","0.133649734303183"
"C17orf49","0.133522776282591"
"C17orf50","0.130891046336579"
"C17orf51","0.13224624064504"
"C17orf53","0.129057645361764"
"C17orf58","0.133553929588082"
"C17orf62","0.135074212035537"
"C17orf64","0.133649734303183"
"C17orf67","0.132477479352316"
"C17orf74","0.132768352008099"
"C17orf75","0.13224624064504"
"C17orf77","0.133522776282591"
"C17orf78","0.129542083266517"
"C17orf80","0.134544114533347"
"C17orf82","0.127592487940998"
"C17orf89","0.132846521047188"
"C17orf96","0.131285755049632"
"C17orf97","0.128751583366778"
"C17orf98","0.131966289050338"
"C17orf99","0.130891046336579"
"C18orf21","0.131966289050338"
"C18orf25","0.128861655246954"
"C18orf32","0.131693636088742"
"C18orf42","0.130891046336579"
"C18orf54","0.131966289050338"
"C18orf63","0.131693636088742"
"C18orf65","0.129890289468979"
"C18orf8","0.128866437814641"
"C19orf12","0.135074212035537"
"C19orf18","0.128895769231103"
"C19orf24","0.131693636088742"
"C19orf25","0.130891046336579"
"C19orf33","0.127592487940998"
"C19orf35","0.128530806769506"
"C19orf38","0.131818268158641"
"C19orf43","0.13009376269983"
"C19orf44","0.132763908812392"
"C19orf45","0.129057645361764"
"C19orf47","0.126376828419796"
"C19orf48","0.128895769231103"
"C19orf52","0.136104226160655"
"C19orf53","0.133111783912353"
"C19orf54","0.128866437814641"
"C19orf57","0.130887162944053"
"C19orf60","0.132846521047188"
"C19orf66","0.132018689236233"
"C19orf67","0.132903336751534"
"C19orf68","0.136565222817574"
"C19orf70","0.136397015807656"
"C19orf71","0.135074212035537"
"C19orf73","0.136565222817574"
"C19orf81","0.13354825534052"
"C19orf84","0.128327602108292"
"C1D","0.1398975302186"
"C1GALT1","0.129057645361764"
"C1GALT1C1","0.137381322475658"
"C1GALT1C1L","0.132903336751534"
"C1QA","0.133649734303183"
"C1QB","0.133553929588082"
"C1QBP","0.133111783912353"
"C1QC","0.132018689236233"
"C1QL1","0.133111783912353"
"C1QL2","0.133111783912353"
"C1QL3","0.129263550572736"
"C1QL4","0.132846521047188"
"C1QTNF1","0.13224624064504"
"C1QTNF1-AS1","0.131693636088742"
"C1QTNF2","0.129057645361764"
"C1QTNF3","0.129057645361764"
"C1QTNF3-AMACR","0.132477479352316"
"C1QTNF4","0.132018689236233"
"C1QTNF5","0.133423094656443"
"C1QTNF6","0.135828320143103"
"C1QTNF7","0.128895769231103"
"C1QTNF8","0.136104226160655"
"C1QTNF9","0.131285755049632"
"C1QTNF9B","0.13009376269983"
"C1QTNF9B-AS1","0.135828320143103"
"C1R","0.132903336751534"
"C1RL","0.137381322475658"
"C1RL-AS1","0.133111783912353"
"C1S","0.132903336751534"
"C1orf100","0.134544114533347"
"C1orf101","0.133111783912353"
"C1orf105","0.132477479352316"
"C1orf106","0.132903336751534"
"C1orf109","0.135990876625149"
"C1orf111","0.135990876625149"
"C1orf112","0.132903336751534"
"C1orf115","0.135990876625149"
"C1orf116","0.13009376269983"
"C1orf122","0.133423094656443"
"C1orf123","0.131818268158641"
"C1orf127","0.137381322475658"
"C1orf131","0.131285755049632"
"C1orf132","0.130891046336579"
"C1orf137","0.136397015807656"
"C1orf140","0.13564102466796"
"C1orf141","0.132846521047188"
"C1orf143","0.131818268158641"
"C1orf145","0.128866437814641"
"C1orf147","0.132903336751534"
"C1orf158","0.136104226160655"
"C1orf159","0.136319826348294"
"C1orf162","0.137784919790675"
"C1orf167","0.131285755049632"
"C1orf168","0.136565222817574"
"C1orf174","0.128751583366778"
"C1orf185","0.135779763602401"
"C1orf186","0.135990876625149"
"C1orf189","0.133649734303183"
"C1orf194","0.130891046336579"
"C1orf195","0.132846521047188"
"C1orf198","0.133111783912353"
"C1orf204","0.135074212035537"
"C1orf21","0.131966289050338"
"C1orf210","0.136104226160655"
"C1orf216","0.133423094656443"
"C1orf220","0.130891046336579"
"C1orf226","0.136319826348294"
"C1orf228","0.133522776282591"
"C1orf229","0.135074212035537"
"C1orf233","0.133423094656443"
"C1orf234","0.132846521047188"
"C1orf27","0.130887162944053"
"C1orf35","0.133553929588082"
"C1orf43","0.136319826348294"
"C1orf50","0.133111783912353"
"C1orf52","0.136964237725047"
"C1orf53","0.131966289050338"
"C1orf54","0.132018689236233"
"C1orf56","0.132903336751534"
"C1orf61","0.132763908812392"
"C1orf64","0.13224624064504"
"C1orf74","0.132018689236233"
"C1orf87","0.138505343704108"
"C1orf94","0.132477479352316"
"C1orf95","0.133423094656443"
"C2","0.135990876625149"
"C2-AS1","0.132903336751534"
"C20orf141","0.132477479352316"
"C20orf144","0.133423094656443"
"C20orf166-AS1","0.133111783912353"
"C20orf194","0.132763908812392"
"C20orf195","0.133111783912353"
"C20orf196","0.13451501063475"
"C20orf197","0.132477479352316"
"C20orf202","0.133522776282591"
"C20orf203","0.133111783912353"
"C20orf24","0.137784919790675"
"C20orf27","0.136319826348294"
"C20orf85","0.13451501063475"
"C20orf96","0.130891046336579"
"C21orf2","0.136565222817574"
"C21orf33","0.136397015807656"
"C21orf58","0.13564102466796"
"C21orf59","0.136319826348294"
"C21orf62","0.136964237725047"
"C21orf62-AS1","0.136964237725047"
"C21orf91","0.136319826348294"
"C21orf91-OT1","0.136964237725047"
"C22orf15","0.133111783912353"
"C22orf23","0.132245104272783"
"C22orf29","0.133423094656443"
"C22orf31","0.137381322475658"
"C22orf34","0.133111783912353"
"C22orf39","0.129057645361764"
"C22orf42","0.131818268158641"
"C22orf46","0.136397015807656"
"C2CD2","0.131693636088742"
"C2CD2L","0.132903336751534"
"C2CD3","0.132903336751534"
"C2CD4A","0.135828320143103"
"C2CD4B","0.13354825534052"
"C2CD4C","0.13963370203287"
"C2CD4D","0.132763908812392"
"C2CD5","0.132846521047188"
"C2orf15","0.135990876625149"
"C2orf16","0.137656080447388"
"C2orf27B","0.133553929588082"
"C2orf40","0.136964237725047"
"C2orf42","0.131693636088742"
"C2orf44","0.131285755049632"
"C2orf47","0.135982473164507"
"C2orf48","0.132846521047188"
"C2orf49","0.136104226160655"
"C2orf50","0.132196113203658"
"C2orf54","0.130891046336579"
"C2orf61","0.131818268158641"
"C2orf66","0.136104226160655"
"C2orf68","0.133522776282591"
"C2orf69","0.131285755049632"
"C2orf70","0.13451501063475"
"C2orf71","0.135074212035537"
"C2orf72","0.136397015807656"
"C2orf73","0.136104226160655"
"C2orf74","0.131818268158641"
"C2orf76","0.136397015807656"
"C2orf78","0.132846521047188"
"C2orf80","0.13564102466796"
"C2orf81","0.13564102466796"
"C2orf82","0.132477479352316"
"C2orf83","0.136397015807656"
"C2orf88","0.133359760562738"
"C2orf91","0.131818268158641"
"C3","0.138212120808412"
"C3AR1","0.136319826348294"
"C3orf14","0.132477479352316"
"C3orf17","0.136565222817574"
"C3orf18","0.13451501063475"
"C3orf20","0.13690952513861"
"C3orf22","0.137126589904553"
"C3orf30","0.132763908812392"
"C3orf33","0.135828320143103"
"C3orf35","0.131969698167108"
"C3orf36","0.132846521047188"
"C3orf38","0.131650222100416"
"C3orf49","0.129057645361764"
"C3orf52","0.132846521047188"
"C3orf56","0.132903336751534"
"C3orf58","0.126324033710912"
"C3orf62","0.133522776282591"
"C3orf67","0.13224624064504"
"C3orf67-AS1","0.133522776282591"
"C3orf70","0.128866437814641"
"C3orf79","0.129890289468979"
"C3orf80","0.133423094656443"
"C3orf84","0.135074212035537"
"C4A","0.128895769231103"
"C4B","0.13564102466796"
"C4BPA","0.136319826348294"
"C4BPB","0.132711986469583"
"C4orf17","0.135074212035537"
"C4orf19","0.13451501063475"
"C4orf22","0.128866437814641"
"C4orf26","0.135990876625149"
"C4orf27","0.1398975302186"
"C4orf3","0.137656080447388"
"C4orf32","0.133111783912353"
"C4orf33","0.128866437814641"
"C4orf36","0.133423094656443"
"C4orf45","0.137656080447388"
"C4orf46","0.128751583366778"
"C4orf47","0.135990876625149"
"C4orf48","0.133423094656443"
"C4orf50","0.132903336751534"
"C4orf51","0.132477479352316"
"C5","0.13564102466796"
"C5AR1","0.135074212035537"
"C5AR2","0.13224624064504"
"C5orf15","0.13224624064504"
"C5orf17","0.135990876625149"
"C5orf22","0.133522776282591"
"C5orf24","0.135828320143103"
"C5orf28","0.129890289468979"
"C5orf30","0.133111783912353"
"C5orf34","0.13009376269983"
"C5orf38","0.132763908812392"
"C5orf42","0.129263550572736"
"C5orf45","0.133440117399129"
"C5orf46","0.13451501063475"
"C5orf47","0.13451501063475"
"C5orf49","0.133111783912353"
"C5orf51","0.132846521047188"
"C5orf52","0.135990876625149"
"C5orf56","0.13224624064504"
"C5orf63","0.133465596457058"
"C5orf66","0.131969698167108"
"C5orf66-AS1","0.132636514790733"
"C5orf66-AS2","0.131650222100416"
"C5orf67","0.131818268158641"
"C6","0.13224624064504"
"C6orf1","0.13451501063475"
"C6orf10","0.136319826348294"
"C6orf106","0.130891046336579"
"C6orf118","0.132477479352316"
"C6orf120","0.130891046336579"
"C6orf132","0.132846521047188"
"C6orf136","0.129263550572736"
"C6orf141","0.13354825534052"
"C6orf15","0.136964237725047"
"C6orf163","0.133423094656443"
"C6orf201","0.136565222817574"
"C6orf203","0.129057645361764"
"C6orf222","0.133423094656443"
"C6orf223","0.139340933697049"
"C6orf226","0.131650222100416"
"C6orf229","0.137126589904553"
"C6orf25","0.132763908812392"
"C6orf3","0.133423094656443"
"C6orf47","0.135074212035537"
"C6orf47-AS1","0.13451501063475"
"C6orf48","0.131818268158641"
"C6orf52","0.132763908812392"
"C6orf58","0.13451501063475"
"C6orf62","0.135828320143103"
"C6orf89","0.13009376269983"
"C6orf99","0.131818268158641"
"C7","0.133199726705799"
"C7orf25","0.133522776282591"
"C7orf26","0.128530806769506"
"C7orf31","0.129263550572736"
"C7orf33","0.131969698167108"
"C7orf34","0.135828320143103"
"C7orf43","0.129263550572736"
"C7orf49","0.135074212035537"
"C7orf50","0.137206939722981"
"C7orf55","0.137381322475658"
"C7orf55-LUC7L2","0.132763908812392"
"C7orf57","0.137381322475658"
"C7orf60","0.136397015807656"
"C7orf61","0.131650222100416"
"C7orf62","0.136319826348294"
"C7orf65","0.137381322475658"
"C7orf69","0.138505343704108"
"C7orf71","0.133423094656443"
"C7orf72","0.133423094656443"
"C7orf73","0.133423094656443"
"C7orf77","0.133423094656443"
"C8A","0.13564102466796"
"C8B","0.136104226160655"
"C8G","0.139687235848687"
"C8orf22","0.136397015807656"
"C8orf33","0.136319826348294"
"C8orf34","0.131818268158641"
"C8orf34-AS1","0.134561029600615"
"C8orf37","0.132477479352316"
"C8orf37-AS1","0.133111783912353"
"C8orf4","0.13224624064504"
"C8orf44","0.133423094656443"
"C8orf44-SGK3","0.133111783912353"
"C8orf46","0.128877346231513"
"C8orf48","0.132903336751534"
"C8orf49","0.132846521047188"
"C8orf58","0.135982473164507"
"C8orf59","0.137656080447388"
"C8orf74","0.127103745312999"
"C8orf76","0.135828320143103"
"C8orf82","0.135828320143103"
"C8orf86","0.132846521047188"
"C8orf87","0.135990876625149"
"C8orf88","0.133522776282591"
"C8orf89","0.133359760562738"
"C9","0.133553929588082"
"C9orf106","0.136964237725047"
"C9orf114","0.13354825534052"
"C9orf116","0.13564102466796"
"C9orf129","0.137656080447388"
"C9orf131","0.132477479352316"
"C9orf135","0.128377157224543"
"C9orf135-AS1","0.132846521047188"
"C9orf139","0.13224624064504"
"C9orf142","0.133111783912353"
"C9orf147","0.133423094656443"
"C9orf152","0.129263550572736"
"C9orf153","0.132903336751534"
"C9orf16","0.135074212035537"
"C9orf163","0.133553929588082"
"C9orf170","0.131650222100416"
"C9orf172","0.128377157224543"
"C9orf173","0.130891046336579"
"C9orf173-AS1","0.135074212035537"
"C9orf24","0.13009376269983"
"C9orf3","0.135074212035537"
"C9orf40","0.135074212035537"
"C9orf41-AS1","0.13354825534052"
"C9orf43","0.136565222817574"
"C9orf47","0.137126589904553"
"C9orf50","0.136319826348294"
"C9orf57","0.133522776282591"
"C9orf64","0.131650222100416"
"C9orf66","0.138505343704108"
"C9orf69","0.137784919790675"
"C9orf72","0.13564102466796"
"C9orf78","0.132763908812392"
"C9orf84","0.135074212035537"
"C9orf85","0.131818268158641"
"C9orf9","0.135828320143103"
"C9orf91","0.136104226160655"
"C9orf92","0.133111783912353"
"CA1","0.137126589904553"
"CA10","0.13564102466796"
"CA11","0.132846521047188"
"CA12","0.136964237725047"
"CA13","0.133423094656443"
"CA14","0.137784919790675"
"CA2","0.131969698167108"
"CA3","0.136104226160655"
"CA3-AS1","0.135666235049888"
"CA4","0.135074212035537"
"CA5A","0.13451501063475"
"CA5B","0.131969698167108"
"CA6","0.130901724171667"
"CA7","0.132903336751534"
"CA8","0.137206939722981"
"CA9","0.137784919790675"
"CAAP1","0.135828320143103"
"CAB39","0.133423094656443"
"CAB39L","0.128377157224543"
"CABIN1","0.138212120808412"
"CABLES1","0.131650222100416"
"CABLES2","0.137381322475658"
"CABP1","0.137206939722981"
"CABP4","0.136565222817574"
"CABP5","0.135560467315182"
"CABP7","0.131650222100416"
"CABYR","0.132846521047188"
"CACFD1","0.13009376269983"
"CACHD1","0.133423094656443"
"CACNA1A","0.133440117399129"
"CACNA1B","0.133423094656443"
"CACNA1C","0.136397015807656"
"CACNA1C-AS1","0.137206939722981"
"CACNA1C-AS2","0.132846521047188"
"CACNA1D","0.133522776282591"
"CACNA1E","0.135828320143103"
"CACNA1F","0.132903336751534"
"CACNA1G","0.137206939722981"
"CACNA1G-AS1","0.132846521047188"
"CACNA1H","0.136565222817574"
"CACNA1I","0.132763908812392"
"CACNA1S","0.131650222100416"
"CACNA2D1","0.133522776282591"
"CACNA2D2","0.133111783912353"
"CACNA2D3","0.133423094656443"
"CACNA2D3-AS1","0.138505343704108"
"CACNA2D4","0.135560467315182"
"CACNB1","0.136964237725047"
"CACNB2","0.137381322475658"
"CACNB3","0.136565222817574"
"CACNB4","0.137656080447388"
"CACNG1","0.13963370203287"
"CACNG2","0.13451501063475"
"CACNG3","0.13451501063475"
"CACNG4","0.13224624064504"
"CACNG6","0.137381322475658"
"CACNG7","0.137206939722981"
"CACNG8","0.137126589904553"
"CACTIN","0.136964237725047"
"CACTIN-AS1","0.137206939722981"
"CACUL1","0.136299171283281"
"CACYBP","0.137126589904553"
"CAD","0.136299171283281"
"CADM1","0.132903336751534"
"CADM2","0.138212120808412"
"CADM2-AS1","0.136964237725047"
"CADM3","0.138420628624429"
"CADM3-AS1","0.133359760562738"
"CADM4","0.132846521047188"
"CADPS","0.138212120808412"
"CADPS2","0.131818268158641"
"CAGE1","0.131650222100416"
"CAHM","0.132763908812392"
"CALB1","0.13451501063475"
"CALB2","0.132846521047188"
"CALCA","0.133423094656443"
"CALCB","0.135560467315182"
"CALCOCO1","0.133111783912353"
"CALCOCO2","0.133423094656443"
"CALCR","0.13451501063475"
"CALCRL","0.13354825534052"
"CALD1","0.132846521047188"
"CALHM1","0.132763908812392"
"CALHM2","0.136565222817574"
"CALHM3","0.135560467315182"
"CALM1","0.136565222817574"
"CALM2","0.131650222100416"
"CALM3","0.13354825534052"
"CALML3","0.128856679378353"
"CALML3-AS1","0.133553929588082"
"CALML4","0.13451501063475"
"CALML5","0.133423094656443"
"CALML6","0.136299171283281"
"CALN1","0.128856679378353"
"CALR","0.133522776282591"
"CALR3","0.136299171283281"
"CALU","0.132763908812392"
"CALY","0.132196113203658"
"CAMK1","0.131969698167108"
"CAMK1D","0.132477479352316"
"CAMK1G","0.133553929588082"
"CAMK2A","0.129890289468979"
"CAMK2B","0.132763908812392"
"CAMK2D","0.132477479352316"
"CAMK2G","0.137381322475658"
"CAMK2N1","0.128751583366778"
"CAMK2N2","0.12931469205259"
"CAMK4","0.132763908812392"
"CAMKK1","0.133423094656443"
"CAMKK2","0.136397015807656"
"CAMKMT","0.132477479352316"
"CAMKV","0.133111783912353"
"CAMLG","0.130901724171667"
"CAMP","0.137126589904553"
"CAMSAP1","0.133359760562738"
"CAMSAP2","0.132846521047188"
"CAMSAP3","0.133111783912353"
"CAMTA1","0.129890289468979"
"CAMTA2","0.133111783912353"
"CAND1","0.131650222100416"
"CAND2","0.131650222100416"
"CANT1","0.136565222817574"
"CANX","0.131818268158641"
"CAP1","0.135738653780893"
"CAP2","0.130129679597621"
"CAPG","0.130129679597621"
"CAPN1","0.130129679597621"
"CAPN10","0.133111783912353"
"CAPN10-AS1","0.133553929588082"
"CAPN11","0.129057645361764"
"CAPN12","0.132903336751534"
"CAPN13","0.131818268158641"
"CAPN14","0.132903336751534"
"CAPN15","0.138631913468811"
"CAPN2","0.130090823051115"
"CAPN3","0.135792670751778"
"CAPN5","0.13009376269983"
"CAPN6","0.128335179020718"
"CAPN7","0.132477479352316"
"CAPN8","0.132846521047188"
"CAPN9","0.135049570031883"
"CAPNS1","0.13009376269983"
"CAPNS2","0.132846521047188"
"CAPRIN1","0.130129679597621"
"CAPRIN2","0.131818268158641"
"CAPS","0.135707336752699"
"CAPS2","0.138529388446767"
"CAPSL","0.13224624064504"
"CAPZA1","0.135792670751778"
"CAPZA2","0.133522776282591"
"CAPZA3","0.129263165803024"
"CAPZB","0.128751583366778"
"CARD10","0.131818268158641"
"CARD11","0.13224624064504"
"CARD14","0.133423094656443"
"CARD16","0.135049570031883"
"CARD17","0.135049570031883"
"CARD18","0.132477479352316"
"CARD19","0.132477479352316"
"CARD6","0.136964237725047"
"CARD8","0.132763908812392"
"CARD8-AS1","0.132846521047188"
"CARD9","0.136299171283281"
"CARF","0.135049570031883"
"CARHSP1","0.135049570031883"
"CARKD","0.132402007673466"
"CARM1","0.128751583366778"
"CARMN","0.128530806769506"
"CARNMT1","0.13224624064504"
"CARNS1","0.133553929588082"
"CARS","0.131969698167108"
"CARS-AS1","0.128877346231513"
"CARS2","0.126867057872668"
"CASC1","0.135828320143103"
"CASC10","0.12931469205259"
"CASC11","0.13224624064504"
"CASC15","0.13224624064504"
"CASC16","0.129057645361764"
"CASC17","0.133111783912353"
"CASC18","0.132846521047188"
"CASC19","0.131818268158641"
"CASC2","0.133111783912353"
"CASC20","0.133440117399129"
"CASC21","0.128877346231513"
"CASC22","0.128856679378353"
"CASC3","0.129263165803024"
"CASC4","0.13009376269983"
"CASC5","0.12931469205259"
"CASC6","0.131969698167108"
"CASC8","0.131969698167108"
"CASC9","0.126151591339144"
"CASD1","0.13009376269983"
"CASK","0.129057645361764"
"CASK-AS1","0.133423094656443"
"CASKIN1","0.133423094656443"
"CASKIN2","0.132846521047188"
"CASP1","0.128530806769506"
"CASP10","0.136397015807656"
"CASP14","0.128895769231103"
"CASP2","0.132477479352316"
"CASP3","0.132763908812392"
"CASP4","0.131650222100416"
"CASP5","0.132846521047188"
"CASP6","0.132763908812392"
"CASP7","0.132903336751534"
"CASP8","0.13009376269983"
"CASP8AP2","0.13009376269983"
"CASP9","0.135049570031883"
"CASQ1","0.132477479352316"
"CASQ2","0.136964237725047"
"CASR","0.13224624064504"
"CASS4","0.129890289468979"
"CAST","0.133111783912353"
"CASZ1","0.135049570031883"
"CAT","0.130439110911919"
"CATIP","0.133423094656443"
"CATIP-AS2","0.133111783912353"
"CATSPER1","0.135707336752699"
"CATSPER2","0.133553929588082"
"CATSPER3","0.133553929588082"
"CATSPER4","0.132477479352316"
"CATSPERB","0.136964237725047"
"CATSPERD","0.130129679597621"
"CATSPERG","0.135049570031883"
"CAV1","0.136565222817574"
"CAV2","0.132763908812392"
"CAV3","0.136964237725047"
"CBARP","0.133111783912353"
"CBFA2T2","0.128877346231513"
"CBFA2T3","0.13009376269983"
"CBFB","0.130129679597621"
"CBL","0.132477479352316"
"CBLB","0.135707336752699"
"CBLC","0.132477479352316"
"CBLL1","0.131001308664737"
"CBLN1","0.128877346231513"
"CBLN2","0.128895769231103"
"CBLN3","0.131818268158641"
"CBLN4","0.129263165803024"
"CBR1","0.131001308664737"
"CBR3","0.128895769231103"
"CBR4","0.135049570031883"
"CBS","0.137656080447388"
"CBSL","0.138093447330377"
"CBWD1","0.13354825534052"
"CBWD2","0.132477479352316"
"CBWD3","0.129890289468979"
"CBWD5","0.135990876625149"
"CBWD7","0.135707336752699"
"CBX1","0.135828320143103"
"CBX2","0.133423094656443"
"CBX3","0.132903336751534"
"CBX4","0.135049570031883"
"CBX5","0.133111783912353"
"CBX6","0.129057645361764"
"CBX7","0.13009376269983"
"CBX8","0.135707336752699"
"CBY1","0.130129679597621"
"CBY3","0.133423094656443"
"CC2D1A","0.136565222817574"
"CC2D1B","0.133423094656443"
"CC2D2A","0.131650222100416"
"CC2D2B","0.130129679597621"
"CCAR1","0.131650222100416"
"CCAR2","0.131969698167108"
"CCAT1","0.133423094656443"
"CCAT2","0.129890289468979"
"CCBE1","0.131969698167108"
"CCBL1","0.132903336751534"
"CCBL2","0.136299171283281"
"CCDC102A","0.132846521047188"
"CCDC102B","0.135792670751778"
"CCDC103","0.12931469205259"
"CCDC106","0.135707336752699"
"CCDC107","0.135828320143103"
"CCDC109B","0.13224624064504"
"CCDC110","0.136397015807656"
"CCDC112","0.130129679597621"
"CCDC113","0.132196113203658"
"CCDC114","0.12931469205259"
"CCDC115","0.135990876625149"
"CCDC116","0.136299171283281"
"CCDC117","0.132763908812392"
"CCDC12","0.133423094656443"
"CCDC120","0.132903336751534"
"CCDC121","0.135049570031883"
"CCDC122","0.136397015807656"
"CCDC124","0.132846521047188"
"CCDC125","0.133423094656443"
"CCDC126","0.13354825534052"
"CCDC127","0.126713942785129"
"CCDC129","0.136964237725047"
"CCDC13","0.1314960176805"
"CCDC13-AS1","0.130129679597621"
"CCDC130","0.131818268158641"
"CCDC134","0.132477479352316"
"CCDC136","0.135828320143103"
"CCDC137","0.136299171283281"
"CCDC138","0.13224624064504"
"CCDC14","0.137656080447388"
"CCDC140","0.127103745312999"
"CCDC141","0.136397015807656"
"CCDC142","0.135990876625149"
"CCDC144A","0.135990876625149"
"CCDC144NL","0.131818268158641"
"CCDC144NL-AS1","0.137359826396088"
"CCDC146","0.134831376727895"
"CCDC148","0.135828320143103"
"CCDC149","0.135792670751778"
"CCDC15","0.133111783912353"
"CCDC150","0.130428433076831"
"CCDC151","0.133111783912353"
"CCDC152","0.136397015807656"
"CCDC153","0.132903336751534"
"CCDC154","0.130439110911919"
"CCDC155","0.135828320143103"
"CCDC157","0.138529388446767"
"CCDC158","0.136397015807656"
"CCDC159","0.135707336752699"
"CCDC160","0.129890289468979"
"CCDC163P","0.135472554738717"
"CCDC166","0.136397015807656"
"CCDC167","0.132763908812392"
"CCDC168","0.134831376727895"
"CCDC169","0.135792670751778"
"CCDC169-SOHLH2","0.133465596457058"
"CCDC17","0.130129679597621"
"CCDC170","0.135792670751778"
"CCDC171","0.135707336752699"
"CCDC172","0.13563460565137"
"CCDC173","0.133465596457058"
"CCDC174","0.131818268158641"
"CCDC175","0.131818268158641"
"CCDC177","0.135990876625149"
"CCDC178","0.1314960176805"
"CCDC179","0.132846521047188"
"CCDC18","0.136299171283281"
"CCDC180","0.134831376727895"
"CCDC181","0.135472554738717"
"CCDC182","0.132763908812392"
"CCDC183","0.136964237725047"
"CCDC183-AS1","0.132763908812392"
"CCDC184","0.130439110911919"
"CCDC185","0.133465596457058"
"CCDC186","0.135828320143103"
"CCDC187","0.131969698167108"
"CCDC188","0.136299171283281"
"CCDC189","0.138093447330377"
"CCDC190","0.137126589904553"
"CCDC191","0.135828320143103"
"CCDC22","0.132196113203658"
"CCDC24","0.132477479352316"
"CCDC25","0.134831376727895"
"CCDC26","0.134831376727895"
"CCDC27","0.136397015807656"
"CCDC28A","0.133111783912353"
"CCDC28B","0.135990876625149"
"CCDC3","0.137784919790675"
"CCDC30","0.128856679378353"
"CCDC33","0.13224624064504"
"CCDC34","0.135049570031883"
"CCDC36","0.137126589904553"
"CCDC37-AS1","0.139365695917766"
"CCDC38","0.136964237725047"
"CCDC39","0.132763908812392"
"CCDC40","0.133465596457058"
"CCDC42","0.135792670751778"
"CCDC43","0.135472554738717"
"CCDC47","0.131734789280744"
"CCDC50","0.136397015807656"
"CCDC51","0.132846521047188"
"CCDC53","0.138093447330377"
"CCDC54","0.132846521047188"
"CCDC57","0.133111783912353"
"CCDC58","0.131818268158641"
"CCDC59","0.137784919790675"
"CCDC6","0.135828320143103"
"CCDC60","0.13009376269983"
"CCDC61","0.137359826396088"
"CCDC62","0.135828320143103"
"CCDC63","0.13009376269983"
"CCDC64","0.135792670751778"
"CCDC64B","0.136964237725047"
"CCDC65","0.12931469205259"
"CCDC66","0.13224624064504"
"CCDC67","0.137359826396088"
"CCDC68","0.135828320143103"
"CCDC69","0.135707336752699"
"CCDC7","0.135792670751778"
"CCDC70","0.132903336751534"
"CCDC71","0.135707336752699"
"CCDC71L","0.136565222817574"
"CCDC73","0.135707336752699"
"CCDC74A","0.135792670751778"
"CCDC74B","0.135472554738717"
"CCDC77","0.130129679597621"
"CCDC78","0.136299171283281"
"CCDC79","0.136964237725047"
"CCDC8","0.133465596457058"
"CCDC80","0.134831376727895"
"CCDC81","0.138631913468811"
"CCDC82","0.137784919790675"
"CCDC83","0.137359826396088"
"CCDC84","0.132846521047188"
"CCDC85A","0.137656080447388"
"CCDC85B","0.13963370203287"
"CCDC85C","0.137784919790675"
"CCDC86","0.136565222817574"
"CCDC87","0.136397015807656"
"CCDC88A","0.137656080447388"
"CCDC88B","0.135828320143103"
"CCDC88C","0.132763908812392"
"CCDC89","0.133111783912353"
"CCDC9","0.137359826396088"
"CCDC90B","0.137656080447388"
"CCDC91","0.1314960176805"
"CCDC92","0.127921004337337"
"CCDC93","0.135707336752699"
"CCDC94","0.134831376727895"
"CCDC96","0.132846521047188"
"CCDC97","0.135472554738717"
"CCER1","0.13224624064504"
"CCER2","0.134831376727895"
"CCHCR1","0.136397015807656"
"CCIN","0.132477479352316"
"CCK","0.135472554738717"
"CCKAR","0.13690952513861"
"CCKBR","0.137656080447388"
"CCL1","0.133465596457058"
"CCL11","0.132846521047188"
"CCL13","0.135792670751778"
"CCL14","0.132763908812392"
"CCL15","0.135828320143103"
"CCL15-CCL14","0.136565222817574"
"CCL16","0.132763908812392"
"CCL17","0.13963370203287"
"CCL18","0.13139643318743"
"CCL19","0.136397015807656"
"CCL2","0.135792670751778"
"CCL20","0.1314960176805"
"CCL21","0.132763908812392"
"CCL22","0.134831376727895"
"CCL23","0.135472554738717"
"CCL24","0.137784919790675"
"CCL25","0.137656080447388"
"CCL26","0.135828320143103"
"CCL27","0.135707336752699"
"CCL28","0.136964237725047"
"CCL3","0.133402262363353"
"CCL3L3","0.137784919790675"
"CCL4","0.131969698167108"
"CCL4L2","0.132846521047188"
"CCL5","0.138304206986419"
"CCL7","0.138529388446767"
"CCL8","0.136565222817574"
"CCM2","0.136299171283281"
"CCM2L","0.133111783912353"
"CCNA1","0.132763908812392"
"CCNA2","0.136299171283281"
"CCNB1","0.135472554738717"
"CCNB1IP1","0.13224624064504"
"CCNB2","0.133111783912353"
"CCNB3","0.131969698167108"
"CCNC","0.1314960176805"
"CCND1","0.132763908812392"
"CCND2","0.131818268158641"
"CCND2-AS1","0.1314960176805"
"CCND2-AS2","0.136247786942813"
"CCND3","0.135990876625149"
"CCNDBP1","0.135828320143103"
"CCNE1","0.135472554738717"
"CCNE2","0.131385755352341"
"CCNF","0.135990876625149"
"CCNG1","0.13963370203287"
"CCNG2","0.135707336752699"
"CCNH","0.137784919790675"
"CCNI","0.130017285193202"
"CCNI2","0.136565222817574"
"CCNJ","0.138304206986419"
"CCNJL","0.128649370465148"
"CCNK","0.135990876625149"
"CCNL1","0.135472554738717"
"CCNL2","0.136964237725047"
"CCNO","0.136964237725047"
"CCNT1","0.130074023666104"
"CCNT2","0.131818268158641"
"CCNT2-AS1","0.135707336752699"
"CCNY","0.135828320143103"
"CCNYL1","0.140275815140364"
"CCP110","0.136964237725047"
"CCPG1","0.135828320143103"
"CCR1","0.136299171283281"
"CCR10","0.132763908812392"
"CCR2","0.136299171283281"
"CCR3","0.136565222817574"
"CCR4","0.132903336751534"
"CCR5","0.135707336752699"
"CCR6","0.136964237725047"
"CCR7","0.136299171283281"
"CCR8","0.135707336752699"
"CCR9","0.133465596457058"
"CCRL2","0.132763908812392"
"CCS","0.132903336751534"
"CCSAP","0.132477479352316"
"CCSER1","0.131969698167108"
"CCSER2","0.132846521047188"
"CCT2","0.130129679597621"
"CCT3","0.135792670751778"
"CCT4","0.12931469205259"
"CCT5","0.132903336751534"
"CCT6A","0.133111783912353"
"CCT6B","0.135990876625149"
"CCT7","0.136964237725047"
"CCT8","0.130439110911919"
"CCT8L2","0.131969698167108"
"CCZ1","0.135141543864595"
"CCZ1B","0.133111783912353"
"CD101","0.133111783912353"
"CD109","0.129768607187163"
"CD14","0.130074023666104"
"CD151","0.131969698167108"
"CD160","0.137126589904553"
"CD163","0.132846521047188"
"CD163L1","0.136397015807656"
"CD164","0.135141543864595"
"CD164L2","0.138631913468811"
"CD177","0.138304206986419"
"CD180","0.135141543864595"
"CD19","0.130439110911919"
"CD1A","0.130074023666104"
"CD1B","0.133838344105528"
"CD1C","0.131969698167108"
"CD1D","0.1314960176805"
"CD1E","0.133838344105528"
"CD2","0.134923350560607"
"CD200","0.133465596457058"
"CD200R1","0.135707336752699"
"CD200R1L","0.136299171283281"
"CD207","0.133111783912353"
"CD209","0.135990876625149"
"CD22","0.133838344105528"
"CD226","0.132903336751534"
"CD24","0.132763908812392"
"CD244","0.135792670751778"
"CD247","0.13224624064504"
"CD248","0.136299171283281"
"CD27","0.133111783912353"
"CD274","0.137126589904553"
"CD276","0.135828320143103"
"CD28","0.132763908812392"
"CD2AP","0.134923350560607"
"CD2BP2","0.133838344105528"
"CD300A","0.132846521047188"
"CD300C","0.134923350560607"
"CD300E","0.135828320143103"
"CD300LB","0.131969698167108"
"CD300LD","0.132903336751534"
"CD300LF","0.133465596457058"
"CD300LG","0.134923350560607"
"CD302","0.138419052096421"
"CD320","0.132846521047188"
"CD33","0.137126589904553"
"CD34","0.132903336751534"
"CD36","0.135472554738717"
"CD37","0.137126589904553"
"CD38","0.137126589904553"
"CD3D","0.132763908812392"
"CD3E","0.129057645361764"
"CD3EAP","0.135990876625149"
"CD3G","0.138093447330377"
"CD4","0.133838344105528"
"CD40","0.135828320143103"
"CD40LG","0.13756776056373"
"CD44","0.134923350560607"
"CD46","0.139340933697049"
"CD47","0.132763908812392"
"CD48","0.133838344105528"
"CD5","0.138529388446767"
"CD52","0.133465596457058"
"CD53","0.138419052096421"
"CD55","0.135990876625149"
"CD58","0.130017285193202"
"CD59","0.133402262363353"
"CD5L","0.130129679597621"
"CD6","0.138419052096421"
"CD63","0.13224624064504"
"CD68","0.135792670751778"
"CD69","0.134923350560607"
"CD7","0.12931469205259"
"CD70","0.132846521047188"
"CD72","0.133838344105528"
"CD74","0.135472554738717"
"CD79A","0.132903336751534"
"CD79B","0.135707336752699"
"CD80","0.133465596457058"
"CD81","0.135472554738717"
"CD81-AS1","0.134923350560607"
"CD82","0.137784919790675"
"CD83","0.132477479352316"
"CD84","0.132903336751534"
"CD86","0.13758362214345"
"CD8A","0.135982473164507"
"CD8B","0.132763908812392"
"CD9","0.138304206986419"
"CD93","0.138529388446767"
"CD96","0.133111783912353"
"CD99","0.1314960176805"
"CD99L2","0.132846521047188"
"CDA","0.136964237725047"
"CDADC1","0.13224624064504"
"CDAN1","0.130074023666104"
"CDC123","0.130439110911919"
"CDC14A","0.13224624064504"
"CDC14B","0.132477479352316"
"CDC16","0.132903336751534"
"CDC20","0.13009376269983"
"CDC20B","0.130017285193202"
"CDC23","0.136964237725047"
"CDC25A","0.132477479352316"
"CDC25B","0.132763908812392"
"CDC25C","0.132846521047188"
"CDC26","0.132477479352316"
"CDC27","0.137126589904553"
"CDC34","0.128856679378353"
"CDC37","0.135707336752699"
"CDC37L1","0.130017285193202"
"CDC37L1-AS1","0.131818268158641"
"CDC40","0.133111783912353"
"CDC42","0.130439110911919"
"CDC42BPA","0.130129679597621"
"CDC42BPB","0.135707336752699"
"CDC42BPG","0.136397015807656"
"CDC42EP1","0.133111783912353"
"CDC42EP2","0.1314960176805"
"CDC42EP3","0.133465596457058"
"CDC42EP4","0.135982473164507"
"CDC42EP5","0.135472554738717"
"CDC42SE1","0.135982473164507"
"CDC42SE2","0.135707336752699"
"CDC45","0.136299171283281"
"CDC5L","0.129057645361764"
"CDC6","0.130074023666104"
"CDC7","0.138631913468811"
"CDC73","0.136964237725047"
"CDCA2","0.135792670751778"
"CDCA3","0.136397015807656"
"CDCA4","0.136299171283281"
"CDCA5","0.135982473164507"
"CDCA7","0.132763908812392"
"CDCA7L","0.133402262363353"
"CDCA8","0.131818268158641"
"CDCP1","0.139872648715767"
"CDCP2","0.133838344105528"
"CDH1","0.136964237725047"
"CDH10","0.137126589904553"
"CDH11","0.136397015807656"
"CDH12","0.134923350560607"
"CDH13","0.132402007673466"
"CDH15","0.128894110608237"
"CDH16","0.137784919790675"
"CDH17","0.132846521047188"
"CDH18","0.136565222817574"
"CDH19","0.131818268158641"
"CDH2","0.132763908812392"
"CDH20","0.136299171283281"
"CDH22","0.135982473164507"
"CDH23","0.138304206986419"
"CDH24","0.138304206986419"
"CDH26","0.135792670751778"
"CDH3","0.133838344105528"
"CDH4","0.138304206986419"
"CDH5","0.136565222817574"
"CDH6","0.131818268158641"
"CDH7","0.138419052096421"
"CDH8","0.132903336751534"
"CDH9","0.139365695917766"
"CDHR1","0.133111783912353"
"CDHR2","0.13758362214345"
"CDHR3","0.140301946042017"
"CDHR4","0.135982473164507"
"CDHR5","0.135982473164507"
"CDIP1","0.133838344105528"
"CDIPT","0.138419052096421"
"CDIPT-AS1","0.130129679597621"
"CDK1","0.139340933697049"
"CDK10","0.135792670751778"
"CDK11A","0.137126589904553"
"CDK11B","0.138419052096421"
"CDK12","0.135792670751778"
"CDK13","0.133838344105528"
"CDK14","0.126151591339144"
"CDK15","0.131818268158641"
"CDK16","0.133465596457058"
"CDK17","0.133838344105528"
"CDK18","0.132903336751534"
"CDK19","0.134923350560607"
"CDK2","0.132903336751534"
"CDK20","0.134923350560607"
"CDK2AP1","0.136397015807656"
"CDK2AP2","0.132903336751534"
"CDK3","0.131969698167108"
"CDK4","0.12931469205259"
"CDK5","0.131969698167108"
"CDK5R1","0.133838344105528"
"CDK5R2","0.131969698167108"
"CDK5RAP1","0.130017285193202"
"CDK5RAP2","0.132846521047188"
"CDK5RAP3","0.133111783912353"
"CDK6","0.138093447330377"
"CDK7","0.133838344105528"
"CDK8","0.1314960176805"
"CDK9","0.133465596457058"
"CDKAL1","0.132903336751534"
"CDKL1","0.132903336751534"
"CDKL2","0.136299171283281"
"CDKL3","0.136299171283281"
"CDKL4","0.133465596457058"
"CDKL5","0.134923350560607"
"CDKN1A","0.135707336752699"
"CDKN1B","0.129768607187163"
"CDKN1C","0.13009376269983"
"CDKN2A","0.136299171283281"
"CDKN2A-AS1","0.132350832547761"
"CDKN2AIP","0.13756776056373"
"CDKN2AIPNL","0.134923350560607"
"CDKN2B","0.139365695917766"
"CDKN2B-AS1","0.13756776056373"
"CDKN2C","0.132763908812392"
"CDKN2D","0.138419052096421"
"CDKN3","0.135982473164507"
"CDNF","0.135792670751778"
"CDO1","0.135982473164507"
"CDON","0.138381070798418"
"CDPF1","0.130129679597621"
"CDR1","0.130129679597621"
"CDR1-AS","0.133402262363353"
"CDR2","0.132402007673466"
"CDR2L","0.128856679378353"
"CDRT1","0.138304206986419"
"CDRT15","0.132846521047188"
"CDRT15L2","0.132402007673466"
"CDRT4","0.139872648715767"
"CDS1","0.132846521047188"
"CDS2","0.135792670751778"
"CDSN","0.133402262363353"
"CDT1","0.134831376727895"
"CDV3","0.138304206986419"
"CDX1","0.130439110911919"
"CDX2","0.132903336751534"
"CDY2A","0.126324033710912"
"CDYL","0.136397015807656"
"CDYL2","0.134923350560607"
"CEACAM1","0.133111783912353"
"CEACAM16","0.135792670751778"
"CEACAM19","0.130129679597621"
"CEACAM20","0.133465596457058"
"CEACAM21","0.130125796205095"
"CEACAM3","0.135982473164507"
"CEACAM4","0.135982473164507"
"CEACAM5","0.1314960176805"
"CEACAM6","0.132846521047188"
"CEACAM7","0.138093447330377"
"CEACAM8","0.136397015807656"
"CEBPA","0.132846521047188"
"CEBPA-AS1","0.137784919790675"
"CEBPB","0.136565222817574"
"CEBPB-AS1","0.130074023666104"
"CEBPD","0.131968650482784"
"CEBPE","0.138419052096421"
"CEBPG","0.133838344105528"
"CEBPZ","0.134923350560607"
"CEBPZOS","0.135707336752699"
"CECR1","0.135141543864595"
"CECR2","0.133465596457058"
"CECR3","0.130017285193202"
"CECR5","0.132903336751534"
"CECR5-AS1","0.132903336751534"
"CECR6","0.138093447330377"
"CECR7","0.136397015807656"
"CEL","0.135792670751778"
"CELA1","0.130074023666104"
"CELA2A","0.12536446494331"
"CELA2B","0.1314960176805"
"CELA3A","0.132903336751534"
"CELA3B","0.135707336752699"
"CELF1","0.130129679597621"
"CELF2","0.132846521047188"
"CELF2-AS1","0.13756776056373"
"CELF2-AS2","0.139340933697049"
"CELF3","0.138093447330377"
"CELF4","0.132846521047188"
"CELF5","0.137784919790675"
"CELF6","0.13009376269983"
"CELSR1","0.132903336751534"
"CELSR2","0.129768478930592"
"CELSR3","0.136299171283281"
"CELSR3-AS1","0.135141543864595"
"CEMIP","0.13367818386149"
"CEMP1","0.136964237725047"
"CEND1","0.137784919790675"
"CENPA","0.136397015807656"
"CENPB","0.136964237725047"
"CENPBD1","0.132763908812392"
"CENPC","0.130074023666104"
"CENPE","0.138093447330377"
"CENPF","0.137784919790675"
"CENPH","0.136299171283281"
"CENPI","0.132846521047188"
"CENPJ","0.135792670751778"
"CENPK","0.133741517955195"
"CENPL","0.132846521047188"
"CENPM","0.129883882579857"
"CENPN","0.138304206986419"
"CENPO","0.134923350560607"
"CENPP","0.133111783912353"
"CENPQ","0.131968650482784"
"CENPT","0.138304206986419"
"CENPU","0.135472554738717"
"CENPV","0.129407639125161"
"CENPW","0.13756776056373"
"CEP104","0.136565222817574"
"CEP112","0.135707336752699"
"CEP120","0.132846521047188"
"CEP126","0.138631913468811"
"CEP128","0.132763908812392"
"CEP131","0.135707336752699"
"CEP135","0.141241323793747"
"CEP152","0.140223833969287"
"CEP162","0.136964237725047"
"CEP164","0.135792670751778"
"CEP170","0.132763908812392"
"CEP170B","0.136964237725047"
"CEP19","0.132903336751534"
"CEP192","0.1314960176805"
"CEP250","0.136299171283281"
"CEP290","0.138529388446767"
"CEP295","0.135472554738717"
"CEP295NL","0.132763908812392"
"CEP350","0.1314960176805"
"CEP41","0.129883882579857"
"CEP44","0.133741517955195"
"CEP55","0.132903336751534"
"CEP57","0.136299171283281"
"CEP57L1","0.135792670751778"
"CEP63","0.129799589544686"
"CEP68","0.130074023666104"
"CEP70","0.135792670751778"
"CEP72","0.134923350560607"
"CEP76","0.129263165803024"
"CEP78","0.133111783912353"
"CEP83","0.134923350560607"
"CEP83-AS1","0.137784919790675"
"CEP85","0.1314960176805"
"CEP85L","0.138304206986419"
"CEP89","0.138419052096421"
"CEP95","0.138207391224388"
"CEP97","0.135792670751778"
"CEPT1","0.135472554738717"
"CER1","0.133793303826509"
"CERCAM","0.134923350560607"
"CERK","0.134923350560607"
"CERKL","0.139340933697049"
"CERS1","0.132903336751534"
"CERS2","0.13756776056373"
"CERS3","0.133111783912353"
"CERS3-AS1","0.130129679597621"
"CERS4","0.134923350560607"
"CERS5","0.133793303826509"
"CERS6","0.133111783912353"
"CES1","0.130017285193202"
"CES2","0.135141543864595"
"CES3","0.135707336752699"
"CES4A","0.138304206986419"
"CES5A","0.13009376269983"
"CETN2","0.131649543057614"
"CETN3","0.130129679597621"
"CETP","0.130074023666104"
"CFAP100","0.132763908812392"
"CFAP126","0.138631913468811"
"CFAP157","0.136397015807656"
"CFAP161","0.132402007673466"
"CFAP20","0.129407639125161"
"CFAP206","0.132903336751534"
"CFAP221","0.13756776056373"
"CFAP36","0.129691628844769"
"CFAP43","0.128040056538013"
"CFAP44","0.129883882579857"
"CFAP45","0.136964237725047"
"CFAP46","0.133111783912353"
"CFAP47","0.133793303826509"
"CFAP52","0.129883882579857"
"CFAP53","0.134923350560607"
"CFAP54","0.129407639125161"
"CFAP57","0.133111783912353"
"CFAP58","0.130074023666104"
"CFAP58-AS1","0.135792670751778"
"CFAP61","0.135707336752699"
"CFAP65","0.132903336751534"
"CFAP69","0.132402007673466"
"CFAP70","0.134923350560607"
"CFAP73","0.13009376269983"
"CFAP74","0.133793303826509"
"CFAP77","0.135707336752699"
"CFAP97","0.132763908812392"
"CFAP99","0.134923350560607"
"CFB","0.130439110911919"
"CFC1","0.138631913468811"
"CFD","0.134923350560607"
"CFDP1","0.130074023666104"
"CFH","0.135972034155109"
"CFHR1","0.138529388446767"
"CFHR3","0.129407639125161"
"CFHR4","0.136964237725047"
"CFHR5","0.127651258783565"
"CFI","0.134923350560607"
"CFL1","0.138631913468811"
"CFL2","0.132903336751534"
"CFLAR","0.130428433076831"
"CFLAR-AS1","0.13333047562"
"CFP","0.130439110911919"
"CFTR","0.135707336752699"
"CGA","0.135707336752699"
"CGB","0.136565222817574"
"CGB2","0.136299171283281"
"CGB5","0.133111783912353"
"CGB7","0.134923350560607"
"CGB8","0.129883882579857"
"CGGBP1","0.132903336751534"
"CGN","0.133793303826509"
"CGNL1","0.136299171283281"
"CGREF1","0.138093447330377"
"CGRRF1","0.136397015807656"
"CH17-118O6.3","0.137784919790675"
"CH17-125A10.2","0.132903336751534"
"CH17-132F21.5","0.135707336752699"
"CH17-140K24.2","0.132903336751534"
"CH17-140K24.3","0.129691628844769"
"CH17-140K24.5","0.133793303826509"
"CH17-140K24.6","0.129263165803024"
"CH17-174L20.1","0.132763908812392"
"CH17-189H20.1","0.135707336752699"
"CH17-212P11.4","0.130439110911919"
"CH17-212P11.5","0.133111783912353"
"CH17-224D4.1","0.13333047562"
"CH17-224D4.2","0.132763908812392"
"CH17-262H11.1","0.13333047562"
"CH17-264L24.1","0.137784919790675"
"CH17-270A2.1","0.132903336751534"
"CH17-270A2.2","0.130017285193202"
"CH17-302M23.1","0.135707336752699"
"CH17-340M24.3","0.132768352008099"
"CH17-353B19.1","0.129691628844769"
"CH17-360D5.2","0.130439110911919"
"CH17-360D5.3","0.129050398613323"
"CH17-373J23.1","0.13333047562"
"CH17-408M7.1","0.130117707348947"
"CH17-437K3.1","0.13333047562"
"CH17-80A12.1","0.127068102987395"
"CH25H","0.136299171283281"
"CH507-145C22.1","0.129883882579857"
"CH507-154B10.1","0.132903336751534"
"CH507-154B10.2","0.133111783912353"
"CH507-210P18.1","0.133793303826509"
"CH507-210P18.4","0.132903336751534"
"CH507-216K13.2","0.13333047562"
"CH507-236L23.1","0.129660518230675"
"CH507-24F1.1","0.132846521047188"
"CH507-24F1.2","0.136397015807656"
"CH507-254M2.1","0.135472554738717"
"CH507-254M2.3","0.138093447330377"
"CH507-338C24.1","0.132031725122591"
"CH507-39O4.2","0.136397015807656"
"CH507-42P11.5","0.136299171283281"
"CH507-42P11.6","0.138631913468811"
"CH507-42P11.7","0.130085673843682"
"CH507-42P11.8","0.132846521047188"
"CH507-513H4.1","0.133793303826509"
"CH507-513H4.3","0.135972034155109"
"CH507-513H4.4","0.129034707628764"
"CH507-513H4.5","0.128856679378353"
"CH507-513H4.6","0.129407639125161"
"CH507-528H12.1","0.135614016349278"
"CH507-9B2.1","0.133267141526295"
"CH507-9B2.3","0.128520764416596"
"CH507-9B2.5","0.135472554738717"
"CH507-9B2.8","0.13333047562"
"CH507-9B2.9","0.132763908812392"
"CHAC1","0.129883882579857"
"CHAC2","0.129050398613323"
"CHAD","0.127651258783565"
"CHADL","0.132031725122591"
"CHAF1A","0.136299171283281"
"CHAF1B","0.130439110911919"
"CHAMP1","0.135707336752699"
"CHAT","0.136299171283281"
"CHCHD1","0.134948536916983"
"CHCHD10","0.138284255036387"
"CHCHD2","0.128649370465148"
"CHCHD3","0.129263165803024"
"CHCHD4","0.136964237725047"
"CHCHD5","0.132903336751534"
"CHCHD6","0.129407639125161"
"CHCHD7","0.130439110911919"
"CHD1","0.130439110911919"
"CHD1L","0.136964237725047"
"CHD2","0.135707336752699"
"CHD3","0.129263165803024"
"CHD4","0.132903336751534"
"CHD5","0.13333047562"
"CHD6","0.135972034155109"
"CHD7","0.132768352008099"
"CHD8","0.129883882579857"
"CHD9","0.129691628844769"
"CHDH","0.129883882579857"
"CHEK1","0.129263165803024"
"CHEK2","0.130085673843682"
"CHERP","0.137726378150934"
"CHFR","0.127651258783565"
"CHGA","0.130439110911919"
"CHGB","0.129883882579857"
"CHI3L1","0.133111783912353"
"CHI3L2","0.135972034155109"
"CHIA","0.138075367076766"
"CHIC1","0.137693586853911"
"CHIC2","0.136299171283281"
"CHID1","0.137726378150934"
"CHIT1","0.132903336751534"
"CHKA","0.130439110911919"
"CHKB","0.130085673843682"
"CHKB-AS1","0.137726378150934"
"CHKB-CPT1B","0.130439110911919"
"CHL1","0.136299171283281"
"CHL1-AS1","0.13333047562"
"CHM","0.132031725122591"
"CHML","0.129691628844769"
"CHMP1A","0.135707336752699"
"CHMP1B","0.127526247365303"
"CHMP2A","0.129407639125161"
"CHMP2B","0.135472554738717"
"CHMP3","0.138381070798418"
"CHMP4A","0.135472554738717"
"CHMP4B","0.125655757896259"
"CHMP4C","0.13333047562"
"CHMP5","0.134923350560607"
"CHMP6","0.134923350560607"
"CHMP7","0.130129679597621"
"CHN1","0.130439110911919"
"CHN2","0.132903336751534"
"CHODL","0.133793303826509"
"CHODL-AS1","0.132903336751534"
"CHORDC1","0.136299171283281"
"CHP1","0.130439110911919"
"CHP2","0.133111783912353"
"CHPF","0.135707336752699"
"CHPF2","0.137726378150934"
"CHPT1","0.137495191946111"
"CHRAC1","0.134923350560607"
"CHRD","0.135972034155109"
"CHRDL1","0.137726378150934"
"CHRDL2","0.137693586853911"
"CHRFAM7A","0.136148775666161"
"CHRM1","0.136148775666161"
"CHRM2","0.132763908812392"
"CHRM3","0.138631913468811"
"CHRM3-AS1","0.136299171283281"
"CHRM3-AS2","0.133111783912353"
"CHRM4","0.130129679597621"
"CHRM5","0.130152074303599"
"CHRNA1","0.136561153566968"
"CHRNA10","0.139872648715767"
"CHRNA2","0.130294038115033"
"CHRNA3","0.132763908812392"
"CHRNA4","0.133793303826509"
"CHRNA5","0.130294038115033"
"CHRNA6","0.130162752138687"
"CHRNA7","0.133793303826509"
"CHRNA9","0.136334676183462"
"CHRNB1","0.135707336752699"
"CHRNB2","0.13333047562"
"CHRNB3","0.137693586853911"
"CHRNB4","0.133111783912353"
"CHRND","0.137693586853911"
"CHRNE","0.136148775666161"
"CHRNG","0.137495191946111"
"CHST1","0.128649370465148"
"CHST10","0.136148775666161"
"CHST11","0.135707336752699"
"CHST12","0.130162752138687"
"CHST13","0.132763908812392"
"CHST14","0.132903336751534"
"CHST15","0.140532188928271"
"CHST2","0.130129679597621"
"CHST3","0.137495191946111"
"CHST4","0.135707336752699"
"CHST5","0.130487849505363"
"CHST6","0.132763908812392"
"CHST7","0.129407639125161"
"CHST8","0.136964237725047"
"CHST9","0.13333047562"
"CHSY1","0.130294038115033"
"CHSY3","0.136148775666161"
"CHTF18","0.138631913468811"
"CHTF8","0.130294038115033"
"CHTOP","0.137726378150934"
"CHUK","0.136334676183462"
"CHURC1","0.134923350560607"
"CHURC1-FNTB","0.130085673843682"
"CIAO1","0.132031725122591"
"CIAPIN1","0.130294038115033"
"CIART","0.136334676183462"
"CIB1","0.130487849505363"
"CIB2","0.130487849505363"
"CIB3","0.137495191946111"
"CIB4","0.135707336752699"
"CIC","0.134923350560607"
"CIDEA","0.132846521047188"
"CIDEB","0.136228944472773"
"CIDEC","0.130085673843682"
"CIITA","0.138381070798418"
"CILP","0.137693586853911"
"CILP2","0.136078548855653"
"CINP","0.13333047562"
"CIPC","0.136228944472773"
"CIR1","0.132763908812392"
"CIRBP","0.136561153566968"
"CIRBP-AS1","0.130294038115033"
"CISD1","0.130162752138687"
"CISD2","0.134923350560607"
"CISD3","0.130129679597621"
"CISH","0.13333047562"
"CISTR","0.136964237725047"
"CIT","0.139365695917766"
"CITED1","0.136964237725047"
"CITED2","0.130487849505363"
"CITED4","0.13333047562"
"CITF22-1A6.3","0.137726378150934"
"CITF22-49D8.1","0.132903336751534"
"CITF22-49E9.3","0.138529388446767"
"CITF22-92A6.1","0.130162752138687"
"CIZ1","0.132031725122591"
"CKAP2","0.137693586853911"
"CKAP2L","0.134923350560607"
"CKAP4","0.137495191946111"
"CKAP5","0.134923350560607"
"CKB","0.139547251131771"
"CKLF","0.136334676183462"
"CKLF-CMTM1","0.13258586830444"
"CKM","0.137693586853911"
"CKMT1A","0.135472554738717"
"CKMT1B","0.139817863853692"
"CKMT2","0.130294038115033"
"CKMT2-AS1","0.133793303826509"
"CKS1B","0.129691628844769"
"CKS2","0.136561153566968"
"CLASP1","0.129407639125161"
"CLASP2","0.137825968122482"
"CLASRP","0.132846521047188"
"CLC","0.136334676183462"
"CLCA1","0.13258586830444"
"CLCA2","0.137693586853911"
"CLCA4","0.133793303826509"
"CLCC1","0.140255539126025"
"CLCF1","0.12664623904335"
"CLCN1","0.133741517955195"
"CLCN2","0.132782731015497"
"CLCN3","0.132782731015497"
"CLCN4","0.130162752138687"
"CLCN5","0.130487849505363"
"CLCN6","0.135472554738717"
"CLCN7","0.132846521047188"
"CLCNKA","0.136334676183462"
"CLCNKB","0.130162752138687"
"CLDN1","0.132846521047188"
"CLDN10","0.132088191731905"
"CLDN10-AS1","0.13333047562"
"CLDN11","0.128856679378353"
"CLDN12","0.128856679378353"
"CLDN14","0.135472554738717"
"CLDN15","0.129407639125161"
"CLDN16","0.136334676183462"
"CLDN17","0.136561153566968"
"CLDN18","0.136561153566968"
"CLDN19","0.138529388446767"
"CLDN2","0.129691628844769"
"CLDN20","0.132213525338449"
"CLDN22","0.137495191946111"
"CLDN23","0.132846521047188"
"CLDN25","0.13333047562"
"CLDN3","0.13333047562"
"CLDN34","0.132782731015497"
"CLDN4","0.141241323793747"
"CLDN5","0.138419052096421"
"CLDN6","0.125997394836369"
"CLDN7","0.129883882579857"
"CLDN8","0.135472554738717"
"CLDN9","0.138107130107646"
"CLDND1","0.133111783912353"
"CLDND2","0.126289450100999"
"CLEC10A","0.133793303826509"
"CLEC11A","0.128856679378353"
"CLEC12A","0.133111783912353"
"CLEC12B","0.13258586830444"
"CLEC14A","0.135472554738717"
"CLEC16A","0.129407639125161"
"CLEC17A","0.136334676183462"
"CLEC18A","0.130162752138687"
"CLEC18B","0.127651258783565"
"CLEC18C","0.130294038115033"
"CLEC19A","0.136334676183462"
"CLEC1A","0.133793303826509"
"CLEC1B","0.138304206986419"
"CLEC2A","0.137693586853911"
"CLEC2B","0.137495191946111"
"CLEC2D","0.136078548855653"
"CLEC2L","0.128649370465148"
"CLEC3A","0.13258586830444"
"CLEC3B","0.13333047562"
"CLEC4A","0.132031725122591"
"CLEC4C","0.13258586830444"
"CLEC4D","0.134265772767385"
"CLEC4E","0.128649370465148"
"CLEC4F","0.13333047562"
"CLEC4G","0.137693586853911"
"CLEC4M","0.129203823052887"
"CLEC5A","0.137821667243573"
"CLEC6A","0.136905455888003"
"CLEC7A","0.135472554738717"
"CLEC9A","0.137495191946111"
"CLECL1","0.129407639125161"
"CLGN","0.133793303826509"
"CLHC1","0.129407639125161"
"CLIC1","0.130294038115033"
"CLIC2","0.130085673843682"
"CLIC3","0.128040056538013"
"CLIC4","0.128649370465148"
"CLIC5","0.130085673843682"
"CLIC6","0.130085673843682"
"CLINT1","0.130017285193202"
"CLIP1","0.129883882579857"
"CLIP1-AS1","0.130017285193202"
"CLIP2","0.135472554738717"
"CLIP3","0.135253362140976"
"CLIP4","0.132782731015497"
"CLK1","0.132846521047188"
"CLK2","0.125111834734627"
"CLK3","0.130129679597621"
"CLK4","0.127526247365303"
"CLLU1","0.132903336751534"
"CLLU1OS","0.130162752138687"
"CLMN","0.131980879222965"
"CLMP","0.137693586853911"
"CLN3","0.132031725122591"
"CLN5","0.130294038115033"
"CLN6","0.130294038115033"
"CLN8","0.134265772767385"
"CLNK","0.130487849505363"
"CLNS1A","0.129691628844769"
"CLOCK","0.128649370465148"
"CLP1","0.13258586830444"
"CLPB","0.130129679597621"
"CLPP","0.125830974422628"
"CLPS","0.124086844340787"
"CLPSL1","0.130294038115033"
"CLPSL2","0.135707336752699"
"CLPTM1","0.133111783912353"
"CLPTM1L","0.132846521047188"
"CLPX","0.130085673843682"
"CLRN1","0.129883882579857"
"CLRN1-AS1","0.132031725122591"
"CLRN2","0.132903336751534"
"CLRN3","0.130085673843682"
"CLSPN","0.132782731015497"
"CLSTN1","0.130487849505363"
"CLSTN2","0.135472554738717"
"CLSTN2-AS1","0.130162752138687"
"CLSTN3","0.130162752138687"
"CLTA","0.132787174211203"
"CLTB","0.13258586830444"
"CLTC","0.132903336751534"
"CLTCL1","0.125655757896259"
"CLU","0.13258586830444"
"CLUAP1","0.132846521047188"
"CLUH","0.129883882579857"
"CLUL1","0.128649370465148"
"CLVS1","0.130294038115033"
"CLVS2","0.130129679597621"
"CLYBL","0.138113299688643"
"CLYBL-AS1","0.130085673843682"
"CMA1","0.137693586853911"
"CMAS","0.129407639125161"
"CMB9-22P13.1","0.130129679597621"
"CMB9-22P13.2","0.136334676183462"
"CMB9-55A18.1","0.127651258783565"
"CMBL","0.132846521047188"
"CMC1","0.129407639125161"
"CMC2","0.129883882579857"
"CMC4","0.132782731015497"
"CMIP","0.130085673843682"
"CMKLR1","0.129407639125161"
"CMP21-97G8.1","0.129883882579857"
"CMP21-97G8.2","0.128520764416596"
"CMPK1","0.135472554738717"
"CMPK2","0.129203823052887"
"CMSS1","0.130162752138687"
"CMTM1","0.129203823052887"
"CMTM2","0.132903336751534"
"CMTM3","0.132835592138181"
"CMTM4","0.132088191731905"
"CMTM5","0.130129679597621"
"CMTM6","0.126289450100999"
"CMTM7","0.13333047562"
"CMTM8","0.12998129829323"
"CMTR1","0.130162752138687"
"CMTR2","0.130487849505363"
"CMYA5","0.132088191731905"
"CNBD1","0.134265772767385"
"CNBD2","0.130487849505363"
"CNBP","0.132846521047188"
"CNDP1","0.130017285193202"
"CNDP2","0.135035168836989"
"CNEP1R1","0.130129679597621"
"CNFN","0.137821667243573"
"CNGA1","0.130162752138687"
"CNGA3","0.126289450100999"
"CNGA4","0.134265772767385"
"CNGB1","0.130162752138687"
"CNGB3","0.129691628844769"
"CNIH1","0.127526247365303"
"CNIH2","0.132088191731905"
"CNIH3","0.129407639125161"
"CNIH4","0.132088191731905"
"CNKSR1","0.130294038115033"
"CNKSR2","0.137321642668722"
"CNKSR3","0.134265772767385"
"CNN1","0.136078548855653"
"CNN2","0.130487849505363"
"CNN3","0.132903336751534"
"CNNM1","0.133793303826509"
"CNNM2","0.136334676183462"
"CNNM3","0.132787174211203"
"CNNM4","0.137821667243573"
"CNOT1","0.129883882579857"
"CNOT10","0.129691628844769"
"CNOT11","0.134265772767385"
"CNOT2","0.135035168836989"
"CNOT3","0.137693586853911"
"CNOT4","0.133793303826509"
"CNOT6","0.127651258783565"
"CNOT6L","0.130017285193202"
"CNOT7","0.130085673843682"
"CNOT8","0.129883882579857"
"CNP","0.132846521047188"
"CNPPD1","0.135707336752699"
"CNPY1","0.130162752138687"
"CNPY2","0.129203823052887"
"CNPY3","0.137821667243573"
"CNPY4","0.13333047562"
"CNR1","0.132782731015497"
"CNR2","0.130162752138687"
"CNRIP1","0.136334676183462"
"CNST","0.130162752138687"
"CNTD1","0.127068102987395"
"CNTD2","0.130294038115033"
"CNTF","0.132088191731905"
"CNTFR","0.130129679597621"
"CNTLN","0.132903336751534"
"CNTN1","0.128040056538013"
"CNTN2","0.127535186191681"
"CNTN3","0.132215386340232"
"CNTN4","0.133111783912353"
"CNTN4-AS1","0.127068102987395"
"CNTN5","0.129407639125161"
"CNTN6","0.130162752138687"
"CNTNAP1","0.129660518230675"
"CNTNAP2","0.129691628844769"
"CNTNAP3","0.135035168836989"
"CNTNAP3B","0.132088191731905"
"CNTNAP4","0.128040056538013"
"CNTNAP5","0.125846156867084"
"CNTRL","0.138113299688643"
"CNTROB","0.129691628844769"
"COA1","0.130487849505363"
"COA3","0.129691628844769"
"COA4","0.126976018850121"
"COA5","0.134265772767385"
"COA6","0.129407639125161"
"COA7","0.135253362140976"
"COASY","0.133741517955195"
"COBL","0.132782731015497"
"COBLL1","0.134265772767385"
"COCH","0.132782731015497"
"COG1","0.135472554738717"
"COG2","0.137321642668722"
"COG3","0.129691628844769"
"COG4","0.129407639125161"
"COG5","0.129203823052887"
"COG6","0.135035168836989"
"COG7","0.133793303826509"
"COG8","0.127068102987395"
"COIL","0.13333047562"
"COL10A1","0.130152074303599"
"COL11A1","0.130162752138687"
"COL11A2","0.130162752138687"
"COL12A1","0.132782731015497"
"COL13A1","0.130487849505363"
"COL14A1","0.129407639125161"
"COL15A1","0.129407639125161"
"COL16A1","0.130129679597621"
"COL17A1","0.128649370465148"
"COL18A1","0.132088191731905"
"COL18A1-AS1","0.125830974422628"
"COL19A1","0.130129679597621"
"COL1A1","0.130085673843682"
"COL1A2","0.135707336752699"
"COL20A1","0.130487849505363"
"COL21A1","0.130017285193202"
"COL22A1","0.125774807819385"
"COL23A1","0.13333047562"
"COL24A1","0.128649370465148"
"COL25A1","0.132903336751534"
"COL26A1","0.125830974422628"
"COL27A1","0.132846521047188"
"COL28A1","0.130487849505363"
"COL2A1","0.130162752138687"
"COL3A1","0.13344562703935"
"COL4A1","0.12664623904335"
"COL4A2","0.130129679597621"
"COL4A2-AS1","0.13333047562"
"COL4A2-AS2","0.132846521047188"
"COL4A3","0.132782731015497"
"COL4A3BP","0.130085673843682"
"COL4A4","0.132846521047188"
"COL4A5","0.135707336752699"
"COL4A6","0.13333047562"
"COL5A1","0.133267141526295"
"COL5A2","0.133111783912353"
"COL5A3","0.133814425675854"
"COL6A1","0.130017285193202"
"COL6A2","0.128649370465148"
"COL6A3","0.136334676183462"
"COL6A5","0.130294038115033"
"COL6A6","0.130017285193202"
"COL7A1","0.130487849505363"
"COL8A1","0.132846521047188"
"COL8A2","0.13333047562"
"COL9A1","0.129203823052887"
"COL9A2","0.136078548855653"
"COL9A3","0.132782731015497"
"COLCA1","0.135472554738717"
"COLCA2","0.133111783912353"
"COLEC10","0.139176579110826"
"COLEC11","0.132088191731905"
"COLEC12","0.130017285193202"
"COLGALT1","0.13333047562"
"COLGALT2","0.132782731015497"
"COLQ","0.127651258783565"
"COMMD1","0.132782731015497"
"COMMD10","0.136334676183462"
"COMMD2","0.123203513879989"
"COMMD3","0.130017285193202"
"COMMD4","0.130162752138687"
"COMMD5","0.132846521047188"
"COMMD6","0.130162752138687"
"COMMD7","0.130129679597621"
"COMMD8","0.123220451309509"
"COMMD9","0.136078548855653"
"COMP","0.130487849505363"
"COMT","0.132782731015497"
"COMTD1","0.132903336751534"
"COPA","0.135035168836989"
"COPB1","0.128040056538013"
"COPB2","0.130017285193202"
"COPE","0.130129679597621"
"COPG1","0.128856679378353"
"COPG2","0.128040056538013"
"COPRS","0.133455451251807"
"COPS2","0.129734537162586"
"COPS3","0.129567474692706"
"COPS4","0.130162752138687"
"COPS5","0.13344562703935"
"COPS6","0.128649370465148"
"COPS7A","0.129407639125161"
"COPS7B","0.129567474692706"
"COPS8","0.132846521047188"
"COPZ1","0.129567474692706"
"COPZ2","0.129407639125161"
"COQ10A","0.130162752138687"
"COQ10B","0.129407639125161"
"COQ2","0.135472554738717"
"COQ3","0.129734537162586"
"COQ4","0.12998129829323"
"COQ5","0.132088191731905"
"COQ6","0.130129679597621"
"COQ7","0.130294038115033"
"COQ9","0.127068102987395"
"CORIN","0.130294038115033"
"CORO1A","0.133814425675854"
"CORO1B","0.129567474692706"
"CORO1C","0.132088191731905"
"CORO2A","0.12664623904335"
"CORO2B","0.129883882579857"
"CORO6","0.134149880504999"
"CORO7","0.128649370465148"
"CORO7-PAM16","0.129567474692706"
"CORT","0.130085673843682"
"COTL1","0.133814425675854"
"COX10","0.13333047562"
"COX11","0.130085673843682"
"COX14","0.132846521047188"
"COX15","0.13344562703935"
"COX16","0.130162752138687"
"COX17","0.130129679597621"
"COX18","0.127651258783565"
"COX19","0.130487849505363"
"COX20","0.130085673843682"
"COX4I1","0.130129679597621"
"COX4I2","0.137821667243573"
"COX5A","0.130085673843682"
"COX5B","0.124704360834456"
"COX6A1","0.133814425675854"
"COX6A2","0.12998129829323"
"COX6B1","0.134265772767385"
"COX6B2","0.129407639125161"
"COX6C","0.130294038115033"
"COX7A1","0.130017285193202"
"COX7A2","0.132903336751534"
"COX7A2L","0.130129679597621"
"COX7B","0.134265772767385"
"COX7B2","0.128856679378353"
"COX7C","0.127068102987395"
"COX8A","0.127651258783565"
"COX8C","0.129567474692706"
"CP","0.128649370465148"
"CPA1","0.133111783912353"
"CPA2","0.130294038115033"
"CPA3","0.133793303826509"
"CPA4","0.130129679597621"
"CPA5","0.130951393801407"
"CPA6","0.130017285193202"
"CPAMD8","0.128040056538013"
"CPB1","0.132088191731905"
"CPB2","0.127068102987395"
"CPB2-AS1","0.130162752138687"
"CPD","0.132903336751534"
"CPE","0.129734537162586"
"CPEB1","0.129407639125161"
"CPEB1-AS1","0.129407639125161"
"CPEB2","0.129883882579857"
"CPEB2-AS1","0.129407639125161"
"CPEB3","0.132037345832279"
"CPEB4","0.130085673843682"
"CPED1","0.129734537162586"
"CPLX1","0.130017285193202"
"CPLX2","0.127651258783565"
"CPLX3","0.133111783912353"
"CPLX4","0.135035168836989"
"CPM","0.135035168836989"
"CPN1","0.129883882579857"
"CPN2","0.129734537162586"
"CPNE1","0.130294038115033"
"CPNE2","0.127526247365303"
"CPNE3","0.132846521047188"
"CPNE4","0.130017285193202"
"CPNE5","0.130487849505363"
"CPNE6","0.133111783912353"
"CPNE7","0.129567474692706"
"CPNE8","0.12582015705311"
"CPNE9","0.133814425675854"
"CPO","0.135707336752699"
"CPOX","0.13333047562"
"CPPED1","0.132037345832279"
"CPQ","0.127526247365303"
"CPS1","0.130017285193202"
"CPSF1","0.135707336752699"
"CPSF2","0.136078548855653"
"CPSF3","0.128649370465148"
"CPSF3L","0.130294038115033"
"CPSF4","0.130017285193202"
"CPSF4L","0.132846521047188"
"CPSF6","0.130085673843682"
"CPSF7","0.129883882579857"
"CPT1A","0.130487849505363"
"CPT1B","0.13344562703935"
"CPT1C","0.134265772767385"
"CPT2","0.135035168836989"
"CPTP","0.130017285193202"
"CPVL","0.129203823052887"
"CPXCR1","0.128649370465148"
"CPXM1","0.129567474692706"
"CPXM2","0.130294038115033"
"CPZ","0.129567474692706"
"CR1","0.13333047562"
"CR1L","0.130017285193202"
"CR2","0.129567474692706"
"CR392000.1","0.129734537162586"
"CRABP1","0.130129679597621"
"CRABP2","0.132088191731905"
"CRACR2A","0.132842508850314"
"CRACR2B","0.133111783912353"
"CRADD","0.127651258783565"
"CRAMP1","0.132088191731905"
"CRAT","0.12516763506505"
"CRAT37","0.136334676183462"
"CRB1","0.132088191731905"
"CRB2","0.129883882579857"
"CRB3","0.132842508850314"
"CRBN","0.132088191731905"
"CRCP","0.130017285193202"
"CRCT1","0.128649370465148"
"CREB1","0.129883882579857"
"CREB3","0.130162752138687"
"CREB3L1","0.130487849505363"
"CREB3L2","0.130129679597621"
"CREB3L3","0.128037076929221"
"CREB3L4","0.134265772767385"
"CREB5","0.13344562703935"
"CREBBP","0.130085673843682"
"CREBL2","0.126289450100999"
"CREBRF","0.129567474692706"
"CREBZF","0.126289450100999"
"CREG1","0.133111783912353"
"CREG2","0.126289450100999"
"CRELD1","0.129883882579857"
"CRELD2","0.130017285193202"
"CREM","0.130085673843682"
"CRH","0.128040056538013"
"CRHBP","0.132842508850314"
"CRHR1","0.126976018850121"
"CRHR2","0.132842508850314"
"CRIM1","0.13333047562"
"CRIP1","0.135707336752699"
"CRIP2","0.130162752138687"
"CRIP3","0.129567474692706"
"CRIPAK","0.130162752138687"
"CRIPT","0.131816907516701"
"CRISP1","0.133814425675854"
"CRISP2","0.130129679597621"
"CRISP3","0.129567474692706"
"CRISPLD1","0.129567474692706"
"CRISPLD2","0.129734537162586"
"CRK","0.127068102987395"
"CRKL","0.132842508850314"
"CRLF1","0.125997427852975"
"CRLF2","0.130162752138687"
"CRLF3","0.129567474692706"
"CRLS1","0.129567474692706"
"CRMP1","0.129734537162586"
"CRNDE","0.133814425675854"
"CRNKL1","0.130129679597621"
"CRNN","0.130017285193202"
"CROCC","0.129567474692706"
"CROCC2","0.129567474692706"
"CROT","0.129203823052887"
"CRP","0.12664623904335"
"CRTAC1","0.13333047562"
"CRTAM","0.13344562703935"
"CRTAP","0.129883882579857"
"CRTC1","0.128649370465148"
"CRTC2","0.129883882579857"
"CRTC3","0.130085673843682"
"CRTC3-AS1","0.123203513879989"
"CRX","0.12516763506505"
"CRY1","0.130129679597621"
"CRY2","0.133111783912353"
"CRYAB","0.130085673843682"
"CRYBA1","0.130017285193202"
"CRYBA2","0.132088191731905"
"CRYBA4","0.12516763506505"
"CRYBB1","0.130085673843682"
"CRYBB2","0.136771443678456"
"CRYBB3","0.129691628844769"
"CRYBG3","0.128040056538013"
"CRYGA","0.132842508850314"
"CRYGB","0.132842508850314"
"CRYGC","0.132088191731905"
"CRYGD","0.134265772767385"
"CRYGN","0.130487849505363"
"CRYGS","0.125623366938644"
"CRYL1","0.135707336752699"
"CRYM","0.129734537162586"
"CRYM-AS1","0.129734537162586"
"CRYZ","0.130162752138687"
"CRYZL1","0.129203823052887"
"CS","0.134265772767385"
"CSAD","0.129734537162586"
"CSAG1","0.126565702512819"
"CSDC2","0.129567474692706"
"CSDE1","0.130152074303599"
"CSE1L","0.125003331850698"
"CSE1L-AS1","0.128856679378353"
"CSF1","0.13344562703935"
"CSF1R","0.129203823052887"
"CSF2","0.130129679597621"
"CSF2RA","0.123220451309509"
"CSF2RB","0.129883882579857"
"CSF3","0.123193953524356"
"CSF3R","0.129407639125161"
"CSGALNACT1","0.130085673843682"
"CSGALNACT2","0.125623366938644"
"CSH1","0.130017285193202"
"CSH2","0.136078548855653"
"CSHL1","0.130162752138687"
"CSK","0.128649370465148"
"CSMD1","0.127651258783565"
"CSMD2","0.128649370465148"
"CSMD2-AS1","0.129883882579857"
"CSMD3","0.134265772767385"
"CSN1S1","0.122280111964614"
"CSN2","0.129203823052887"
"CSN3","0.135472554738717"
"CSNK1A1","0.128040056538013"
"CSNK1A1L","0.130487849505363"
"CSNK1D","0.13344562703935"
"CSNK1E","0.130294038115033"
"CSNK1G1","0.132324996560867"
"CSNK1G2","0.129407639125161"
"CSNK1G2-AS1","0.130085673843682"
"CSNK1G3","0.127068102987395"
"CSNK2A1","0.127526247365303"
"CSNK2A2","0.133814425675854"
"CSNK2A3","0.129188132068328"
"CSNK2B","0.133111783912353"
"CSPG4","0.129567474692706"
"CSPG5","0.135472554738717"
"CSPP1","0.128856679378353"
"CSRNP1","0.130294038115033"
"CSRNP2","0.129734537162586"
"CSRNP3","0.131198263992248"
"CSRP1","0.130162752138687"
"CSRP2","0.135707336752699"
"CSRP2BP","0.132842508850314"
"CSRP3","0.129734537162586"
"CST1","0.123512941399904"
"CST11","0.137450521209596"
"CST2","0.129883882579857"
"CST3","0.130085673843682"
"CST4","0.127651258783565"
"CST5","0.135472554738717"
"CST6","0.129407639125161"
"CST7","0.129567474692706"
"CST8","0.132842508850314"
"CST9L","0.127526247365303"
"CSTA","0.130487849505363"
"CSTB","0.130162752138687"
"CSTF1","0.129536364078612"
"CSTF2","0.130129679597621"
"CSTF2T","0.133111783912353"
"CSTF3","0.130487849505363"
"CSTF3-AS1","0.12657849124079"
"CSTL1","0.129734537162586"
"CT45A1","0.126565702512819"
"CT45A10","0.13228368017168"
"CT45A2","0.126565702512819"
"CT45A5","0.130085673843682"
"CT45A9","0.127526247365303"
"CT55","0.13333047562"
"CT62","0.128856679378353"
"CT83","0.132842508850314"
"CTA-126B4.7","0.130162752138687"
"CTA-14H9.5","0.130294038115033"
"CTA-150C2.13","0.127068102987395"
"CTA-204B4.2","0.129203823052887"
"CTA-212A2.2","0.130017285193202"
"CTA-212A2.3","0.128856679378353"
"CTA-212A2.4","0.126565702512819"
"CTA-212D2.2","0.134265772767385"
"CTA-217C2.2","0.127526247365303"
"CTA-221G9.11","0.129188132068328"
"CTA-221G9.12","0.130162752138687"
"CTA-221G9.7","0.135035168836989"
"CTA-223H9.9","0.130017285193202"
"CTA-228A9.3","0.136078548855653"
"CTA-228A9.4","0.128649370465148"
"CTA-243E7.1","0.132842508850314"
"CTA-243E7.2","0.129410188864061"
"CTA-243E7.3","0.130294038115033"
"CTA-243E7.4","0.130162752138687"
"CTA-246H3.12","0.129407639125161"
"CTA-250D10.19","0.13344562703935"
"CTA-254O6.1","0.129188132068328"
"CTA-268H5.14","0.125997427852975"
"CTA-276F8.1","0.130117707348947"
"CTA-280A3.2","0.127526247365303"
"CTA-280A3--B.2","0.129734537162586"
"CTA-286B10.7","0.12516763506505"
"CTA-286B10.8","0.130017285193202"
"CTA-292E10.6","0.130162752138687"
"CTA-293F17.1","0.123220451309509"
"CTA-29F11.1","0.128856679378353"
"CTA-305I2.1","0.130017285193202"
"CTA-31J9.2","0.130263923129278"
"CTA-331P3.1","0.129203823052887"
"CTA-339C12.1","0.123220451309509"
"CTA-342B11.1","0.130017285193202"
"CTA-342B11.2","0.130294038115033"
"CTA-363E19.2","0.13333047562"
"CTA-363E6.2","0.130117707348947"
"CTA-363E6.5","0.128040056538013"
"CTA-363E6.6","0.13228368017168"
"CTA-363E6.7","0.133111783912353"
"CTA-373H7.7","0.130117707348947"
"CTA-384D8.31","0.125971395022396"
"CTA-384D8.33","0.129188132068328"
"CTA-384D8.34","0.129567474692706"
"CTA-384D8.35","0.128856679378353"
"CTA-384D8.36","0.129883882579857"
"CTA-390C10.9","0.130162752138687"
"CTA-392C11.1","0.129883882579857"
"CTA-392C11.2","0.130294038115033"
"CTA-392E5.1","0.13228368017168"
"CTA-397H3.3","0.130017285193202"
"CTA-398F10.1","0.135069036234448"
"CTA-398F10.2","0.127068102987395"
"CTA-407F11.7","0.129203823052887"
"CTA-407F11.8","0.13344562703935"
"CTA-445C9.14","0.12582015705311"
"CTA-503F6.2","0.13228368017168"
"CTA-796E4.3","0.13228368017168"
"CTA-796E4.4","0.129883882579857"
"CTA-797E19.2","0.133267141526295"
"CTA-833B7.2","0.129734537162586"
"CTA-929C8.7","0.131249109891874"
"CTA-929C8.8","0.129734537162586"
"CTA-972D3.2","0.137450521209596"
"CTA-984G1.5","0.132590918377815"
"CTA-989H11.1","0.128856679378353"
"CTA-992D9.10","0.123658957483571"
"CTA-992D9.11","0.129734537162586"
"CTA-992D9.7","0.132842508850314"
"CTA-992D9.8","0.130294038115033"
"CTAG1B","0.129842497862503"
"CTAG2","0.131249109891874"
"CTAGE1","0.123193953524356"
"CTAGE15","0.129883882579857"
"CTAGE4","0.129203823052887"
"CTAGE5","0.13228368017168"
"CTAGE6","0.134265772767385"
"CTAGE8","0.133814425675854"
"CTAGE9","0.129407639125161"
"CTB-102L5.4","0.128040056538013"
"CTB-107G13.1","0.131249109891874"
"CTB-108O6.2","0.133814425675854"
"CTB-111F10.1","0.12582015705311"
"CTB-113D17.1","0.130117707348947"
"CTB-113I20.2","0.126565702512819"
"CTB-113P19.1","0.132590918377815"
"CTB-113P19.3","0.130017285193202"
"CTB-113P19.4","0.132842508850314"
"CTB-113P19.5","0.130117707348947"
"CTB-1144G6.6","0.128856679378353"
"CTB-114C7.4","0.128856679378353"
"CTB-118N6.2","0.134265772767385"
"CTB-118P15.2","0.128040056538013"
"CTB-119C2.1","0.12516763506505"
"CTB-11I22.1","0.133814425675854"
"CTB-11I22.2","0.133814425675854"
"CTB-120L21.1","0.125545564904023"
"CTB-127C13.1","0.13228368017168"
"CTB-127M13.1","0.129734537162586"
"CTB-129O4.1","0.124704360834456"
"CTB-129P6.11","0.130117707348947"
"CTB-129P6.4","0.128520764416596"
"CTB-12A17.3","0.127651258783565"
"CTB-12O2.1","0.130487849505363"
"CTB-131K11.1","0.124091969415777"
"CTB-133G6.1","0.127068102987395"
"CTB-133G6.2","0.13228368017168"
"CTB-138E5.1","0.130487849505363"
"CTB-13F3.1","0.129407639125161"
"CTB-147C13.1","0.132590918377815"
"CTB-147C22.8","0.12998129829323"
"CTB-147C22.9","0.125623366938644"
"CTB-147N14.6","0.129734537162586"
"CTB-152G17.6","0.133814425675854"
"CTB-158D10.3","0.132842508850314"
"CTB-158E9.1","0.135035168836989"
"CTB-161C1.1","0.123108217283236"
"CTB-161M19.4","0.123658957483571"
"CTB-164N12.1","0.129567474692706"
"CTB-167B5.1","0.132842508850314"
"CTB-171A8.1","0.127416320763046"
"CTB-174D11.1","0.130085235444489"
"CTB-174D11.2","0.126565702512819"
"CTB-174O21.2","0.128856679378353"
"CTB-175E5.7","0.129883882579857"
"CTB-176F20.3","0.128040056538013"
"CTB-178M22.2","0.128856679378353"
"CTB-179K24.3","0.128856679378353"
"CTB-17P3.4","0.129883882579857"
"CTB-180A7.3","0.130017285193202"
"CTB-180A7.8","0.129407639125161"
"CTB-184G21.3","0.129883882579857"
"CTB-186G2.1","0.128649370465148"
"CTB-186G2.4","0.130162752138687"
"CTB-186H2.3","0.129883882579857"
"CTB-191K22.5","0.130117707348947"
"CTB-191K22.6","0.129407639125161"
"CTB-193M12.1","0.126565702512819"
"CTB-193M12.5","0.130162752138687"
"CTB-1I21.1","0.130487849505363"
"CTB-22K21.2","0.130294038115033"
"CTB-25B13.12","0.133267141526295"
"CTB-25B13.5","0.129407639125161"
"CTB-25B13.9","0.130294038115033"
"CTB-30L5.1","0.124704360834456"
"CTB-31N19.5","0.136078548855653"
"CTB-31O20.2","0.129407639125161"
"CTB-31O20.3","0.128649370465148"
"CTB-31O20.6","0.130117707348947"
"CTB-31O20.8","0.128040056538013"
"CTB-31O20.9","0.125819753125609"
"CTB-32O4.2","0.125819753125609"
"CTB-32O4.3","0.129567474692706"
"CTB-32O4.4","0.129407639125161"
"CTB-33G10.11","0.127651258783565"
"CTB-33G10.6","0.125623366938644"
"CTB-33O18.1","0.129734537162586"
"CTB-33O18.3","0.131249109891874"
"CTB-35F21.1","0.127651258783565"
"CTB-35F21.3","0.125623366938644"
"CTB-35F21.4","0.130162752138687"
"CTB-35F21.5","0.130162752138687"
"CTB-39G8.2","0.129567474692706"
"CTB-40H15.4","0.133814425675854"
"CTB-41I6.1","0.129567474692706"
"CTB-41I6.2","0.130294038115033"
"CTB-43E15.1","0.130162752138687"
"CTB-43E15.2","0.130294038115033"
"CTB-43P18.1","0.130294038115033"
"CTB-46B19.2","0.123108217283236"
"CTB-47B11.3","0.127526247365303"
"CTB-49A3.4","0.122665861123466"
"CTB-49A3.5","0.129407639125161"
"CTB-4E7.1","0.128856679378353"
"CTB-50L17.10","0.131249109891874"
"CTB-50L17.14","0.124704360834456"
"CTB-50L17.16","0.129407639125161"
"CTB-50L17.5","0.133814425675854"
"CTB-50L17.7","0.129203823052887"
"CTB-50L17.9","0.130162752138687"
"CTB-51J22.1","0.12717265345399"
"CTB-55O6.10","0.13344562703935"
"CTB-55O6.12","0.132578181774166"
"CTB-55O6.13","0.128567837370274"
"CTB-55O6.4","0.124584879058834"
"CTB-55O6.8","0.128040056538013"
"CTB-58E17.1","0.129203823052887"
"CTB-58E17.2","0.130117707348947"
"CTB-58E17.3","0.137450521209596"
"CTB-58E17.5","0.133267141526295"
"CTB-58E17.9","0.129567474692706"
"CTB-5E10.3","0.130017285193202"
"CTB-60B18.18","0.127651258783565"
"CTB-60B18.6","0.132842508850314"
"CTB-60E11.9","0.126879353912606"
"CTB-61M7.2","0.131249109891874"
"CTB-75G16.3","0.130117707348947"
"CTB-78F1.1","0.127651258783565"
"CTB-79E8.2","0.13228368017168"
"CTB-7E3.1","0.129203823052887"
"CTB-83J4.1","0.129203823052887"
"CTB-91J4.1","0.125819753125609"
"CTB-92J24.3","0.12584605524119"
"CTB-96E2.7","0.130487849505363"
"CTBP1","0.1290278961088"
"CTBP1-AS","0.130117707348947"
"CTBP1-AS2","0.135035168836989"
"CTBP2","0.132600444972995"
"CTBS","0.127526247365303"
"CTC-1337H24.3","0.132600444972995"
"CTC-1337H24.4","0.125997427852975"
"CTC-203F4.2","0.129883882579857"
"CTC-207P7.1","0.129407639125161"
"CTC-209H22.3","0.127526247365303"
"CTC-215O4.4","0.125819753125609"
"CTC-218B8.3","0.127651258783565"
"CTC-228N24.2","0.128696443418826"
"CTC-232P5.1","0.124704360834456"
"CTC-232P5.3","0.129734537162586"
"CTC-235G5.3","0.129567474692706"
"CTC-236F12.4","0.129734537162586"
"CTC-239J10.1","0.126879353912606"
"CTC-241F20.4","0.127171722792863"
"CTC-241N9.1","0.129203823052887"
"CTC-242N15.1","0.129407639125161"
"CTC-246B18.10","0.124091969415777"
"CTC-248O19.1","0.128567837370274"
"CTC-250I14.3","0.130294038115033"
"CTC-250I14.6","0.127177719369276"
"CTC-251D13.1","0.12584605524119"
"CTC-254B4.1","0.128040056538013"
"CTC-255N20.1","0.129567474692706"
"CTC-260E6.6","0.131249109891874"
"CTC-260F20.3","0.128696443418826"
"CTC-261N6.2","0.130117707348947"
"CTC-265F19.3","0.12584605524119"
"CTC-268N12.2","0.126565702512819"
"CTC-270D5.1","0.129883882579857"
"CTC-273B12.10","0.130017285193202"
"CTC-273B12.5","0.127171722792863"
"CTC-276P9.3","0.125997427852975"
"CTC-276P9.4","0.135035168836989"
"CTC-281F24.1","0.129883882579857"
"CTC-281F24.5","0.128567837370274"
"CTC-286N12.1","0.124704360834456"
"CTC-293G12.1","0.127177719369276"
"CTC-296K1.3","0.130117707348947"
"CTC-296K1.4","0.129407639125161"
"CTC-297N7.1","0.125623366938644"
"CTC-297N7.9","0.130294038115033"
"CTC-301O7.4","0.128696443418826"
"CTC-308K20.1","0.127177719369276"
"CTC-308K20.2","0.127651258783565"
"CTC-321K16.1","0.125003331850698"
"CTC-325H20.4","0.127177719369276"
"CTC-325J23.2","0.128567837370274"
"CTC-327F10.5","0.125003331850698"
"CTC-329D1.2","0.127171722792863"
"CTC-332L22.1","0.127651258783565"
"CTC-336P14.1","0.127651258783565"
"CTC-338M12.1","0.127171722792863"
"CTC-338M12.2","0.128696443418826"
"CTC-338M12.5","0.128040056538013"
"CTC-338M12.6","0.129734537162586"
"CTC-338M12.7","0.133187868745371"
"CTC-338M12.9","0.129734537162586"
"CTC-339F2.2","0.125819753125609"
"CTC-339O9.1","0.126879353912606"
"CTC-340A15.2","0.128040056538013"
"CTC-340D7.1","0.125997293210475"
"CTC-343N3.1","0.128040056538013"
"CTC-344H19.4","0.127526247365303"
"CTC-345K18.2","0.129734537162586"
"CTC-347C20.1","0.128696443418826"
"CTC-347C20.2","0.130117707348947"
"CTC-348L5.1","0.132600444972995"
"CTC-350I8.1","0.130117707348947"
"CTC-353G13.1","0.128040056538013"
"CTC-360G5.6","0.129407639125161"
"CTC-360G5.9","0.123220451309509"
"CTC-366B18.2","0.125997293210475"
"CTC-366B18.4","0.124091969415777"
"CTC-367F4.1","0.127651258783565"
"CTC-367J11.1","0.127651258783565"
"CTC-378H22.2","0.128040056538013"
"CTC-384G19.1","0.127051974580411"
"CTC-391G2.1","0.130117707348947"
"CTC-400I9.1","0.125997427852975"
"CTC-420A11.2","0.134265772767385"
"CTC-425F1.4","0.127171722792863"
"CTC-428G20.6","0.12584605524119"
"CTC-428H11.2","0.130017285193202"
"CTC-429P9.1","0.130162752138687"
"CTC-429P9.2","0.127171722792863"
"CTC-429P9.4","0.12516763506505"
"CTC-431G16.2","0.13228368017168"
"CTC-435M10.3","0.129407639125161"
"CTC-435M10.6","0.125623366938644"
"CTC-436K13.1","0.12651515521389"
"CTC-436K13.2","0.12516763506505"
"CTC-436K13.3","0.129567474692706"
"CTC-436K13.5","0.125819753125609"
"CTC-436K13.6","0.127526247365303"
"CTC-436P18.1","0.129567474692706"
"CTC-436P18.3","0.129407639125161"
"CTC-441N14.1","0.124704360834456"
"CTC-441N14.2","0.12516763506505"
"CTC-444N24.11","0.13228368017168"
"CTC-444N24.13","0.12651528985639"
"CTC-444N24.6","0.128040056538013"
"CTC-444N24.8","0.123512941399904"
"CTC-448D22.1","0.129734537162586"
"CTC-448F2.4","0.123512941399904"
"CTC-453G23.4","0.129883882579857"
"CTC-453G23.5","0.129203823052887"
"CTC-453G23.8","0.125623366938644"
"CTC-454I21.3","0.124091969415777"
"CTC-454I21.4","0.127526247365303"
"CTC-455F18.1","0.12651528985639"
"CTC-457E21.9","0.135035168836989"
"CTC-457L16.2","0.127651258783565"
"CTC-458G6.2","0.130017285193202"
"CTC-458G6.4","0.126828941256178"
"CTC-458I2.2","0.130140102054925"
"CTC-459F4.1","0.127651258783565"
"CTC-459F4.3","0.129407639125161"
"CTC-459M5.1","0.135035168836989"
"CTC-459M5.2","0.12584605524119"
"CTC-461F20.1","0.129567474692706"
"CTC-465D4.1","0.127177719369276"
"CTC-467M3.1","0.122977943096398"
"CTC-467M3.3","0.127651258783565"
"CTC-471C19.1","0.127177719369276"
"CTC-471J1.11","0.129567474692706"
"CTC-472C24.1","0.128564857761481"
"CTC-479C5.10","0.12584605524119"
"CTC-479C5.12","0.130017285193202"
"CTC-479C5.6","0.125623366938644"
"CTC-480C2.1","0.132523801569378"
"CTC-482H14.5","0.13220627891393"
"CTC-487M23.5","0.130162752138687"
"CTC-487M23.7","0.133814425675854"
"CTC-487M23.8","0.130117707348947"
"CTC-490E21.10","0.128567837370274"
"CTC-490E21.12","0.124584879058834"
"CTC-490E21.14","0.127171722792863"
"CTC-490G23.2","0.122397380947363"
"CTC-490G23.4","0.125261079099345"
"CTC-490G23.6","0.12584605524119"
"CTC-492K19.4","0.130117707348947"
"CTC-492K19.7","0.130487849505363"
"CTC-493L21.1","0.131249109891874"
"CTC-493L21.2","0.127051974580411"
"CTC-497E21.3","0.127177719369276"
"CTC-498J12.1","0.123108217283236"
"CTC-498J12.3","0.127651258783565"
"CTC-498M16.4","0.130162752138687"
"CTC-499B15.5","0.129407639125161"
"CTC-499B15.7","0.131249109891874"
"CTC-499J9.1","0.131249109891874"
"CTC-501O10.1","0.127526247365303"
"CTC-503J8.4","0.129883882579857"
"CTC-505O3.3","0.132523801569378"
"CTC-506B8.1","0.129203823052887"
"CTC-508F8.1","0.124126522471907"
"CTC-510F12.2","0.131198263992248"
"CTC-510F12.7","0.125359406718878"
"CTC-513N18.6","0.129203823052887"
"CTC-513N18.7","0.132578181774166"
"CTC-518B2.10","0.129734537162586"
"CTC-518B2.12","0.134265772767385"
"CTC-518B2.8","0.12651515521389"
"CTC-518B2.9","0.129407639125161"
"CTC-518P12.6","0.125819753125609"
"CTC-523E23.1","0.129734537162586"
"CTC-523E23.11","0.12651528985639"
"CTC-523E23.14","0.129883882579857"
"CTC-523E23.4","0.123658957483571"
"CTC-523E23.5","0.129407639125161"
"CTC-523E23.6","0.12651528985639"
"CTC-524C5.2","0.127171722792863"
"CTC-524C5.5","0.130487849505363"
"CTC-526N19.1","0.127526247365303"
"CTC-527H23.2","0.13344562703935"
"CTC-527H23.3","0.127526247365303"
"CTC-527H23.4","0.130487849505363"
"CTC-529G1.1","0.129203823052887"
"CTC-529I10.1","0.129734537162586"
"CTC-529I10.2","0.129297154895169"
"CTC-529L17.1","0.133187868745371"
"CTC-529L17.2","0.134265772767385"
"CTC-529P8.1","0.122903496394016"
"CTC-534A2.2","0.132600444972995"
"CTC-537E7.1","0.130162752138687"
"CTC-537E7.2","0.12516763506505"
"CTC-537E7.3","0.129883882579857"
"CTC-542B22.2","0.129203823052887"
"CTC-543D15.3","0.129203823052887"
"CTC-543D15.8","0.132523801569378"
"CTC-546K23.1","0.133187868745371"
"CTC-548K16.1","0.127526247365303"
"CTC-548K16.2","0.129203823052887"
"CTC-548K16.5","0.133814425675854"
"CTC-550B14.7","0.129203823052887"
"CTC-558O19.1","0.123509278531986"
"CTC-558O2.1","0.129734537162586"
"CTC-558O2.2","0.129203823052887"
"CTC-559E9.1","0.130294038115033"
"CTC-559E9.4","0.129734537162586"
"CTC-563A5.2","0.131249109891874"
"CTC-564N23.2","0.130487849505363"
"CTC-573N18.1","0.127051974580411"
"CTC-575N7.1","0.127651258783565"
"CTC-756D1.2","0.12651528985639"
"CTC-756D1.3","0.127526247365303"
"CTC-806A22.1","0.131249109891874"
"CTC1","0.127526247365303"
"CTCF","0.12651528985639"
"CTCFL","0.130117707348947"
"CTD-2001C12.1","0.132523801569378"
"CTD-2002J20.1","0.127051974580411"
"CTD-2003C8.2","0.12651528985639"
"CTD-2005H7.1","0.129567474692706"
"CTD-2005H7.2","0.133814425675854"
"CTD-2006C1.10","0.125819753125609"
"CTD-2006C1.13","0.129567474692706"
"CTD-2006H14.2","0.135707336752699"
"CTD-2006K23.1","0.127651258783565"
"CTD-2006K23.2","0.125819753125609"
"CTD-2007A10.1","0.127051974580411"
"CTD-2007H13.3","0.124126522471907"
"CTD-2007H18.1","0.129567474692706"
"CTD-2007L18.5","0.129883882579857"
"CTD-2008A1.3","0.124704360834456"
"CTD-2008L17.1","0.123719027466147"
"CTD-2008L17.2","0.135162244899479"
"CTD-2008P7.1","0.12584605524119"
"CTD-2008P7.10","0.13220627891393"
"CTD-2008P7.8","0.130487849505363"
"CTD-2008P7.9","0.127651258783565"
"CTD-2012J19.3","0.12651528985639"
"CTD-2012K14.2","0.125623366938644"
"CTD-2012K14.3","0.129407639125161"
"CTD-2012K14.4","0.127177719369276"
"CTD-2012K14.6","0.129567474692706"
"CTD-2012K14.7","0.130294038115033"
"CTD-2012K14.8","0.130487849505363"
"CTD-2013M15.1","0.125819753125609"
"CTD-2013N17.4","0.135162244899479"
"CTD-2013N17.7","0.130117707348947"
"CTD-2013N24.2","0.129567474692706"
"CTD-2014B16.3","0.130017285193202"
"CTD-2015G9.2","0.130117707348947"
"CTD-2015H3.1","0.129883882579857"
"CTD-2015H3.2","0.127376724242531"
"CTD-2015H6.3","0.127592478916263"
"CTD-2016O11.1","0.132600444972995"
"CTD-2017C7.1","0.132523801569378"
"CTD-2017C7.2","0.127177719369276"
"CTD-2017D11.1","0.130294038115033"
"CTD-2017F17.1","0.127177719369276"
"CTD-2017F17.2","0.127592478916263"
"CTD-2019O4.1","0.130294038115033"
"CTD-2020K17.1","0.131249109891874"
"CTD-2020K17.3","0.128899290060249"
"CTD-2020K17.4","0.127177719369276"
"CTD-2021H9.2","0.127651258783565"
"CTD-2021H9.3","0.132578181774166"
"CTD-2021J15.1","0.127651258783565"
"CTD-2023M8.1","0.127651258783565"
"CTD-2023N9.1","0.123193953524356"
"CTD-2023N9.2","0.12651528985639"
"CTD-2023N9.3","0.127171722792863"
"CTD-2024D23.1","0.129734537162586"
"CTD-2024I7.13","0.131249109891874"
"CTD-2024P10.1","0.128899290060249"
"CTD-2024P10.2","0.132523801569378"
"CTD-2026D20.2","0.130487849505363"
"CTD-2026G6.3","0.127171722792863"
"CTD-2026J24.1","0.127051974580411"
"CTD-2026K11.2","0.13344562703935"
"CTD-2026K11.3","0.127592478916263"
"CTD-2026K11.4","0.132578181774166"
"CTD-2026K11.5","0.125685826391419"
"CTD-2026K11.6","0.123837183257301"
"CTD-2027I19.3","0.133187868745371"
"CTD-2031P19.5","0.130294038115033"
"CTD-2033A16.1","0.129567474692706"
"CTD-2033A16.3","0.129734537162586"
"CTD-2033C11.1","0.132578181774166"
"CTD-2033D15.1","0.127177719369276"
"CTD-2033D15.3","0.137840175986566"
"CTD-2034I21.1","0.126548013263434"
"CTD-2034I21.2","0.132523801569378"
"CTD-2034I4.2","0.12895919543172"
"CTD-2035E11.3","0.125944360104823"
"CTD-2035E11.4","0.129883882579857"
"CTD-2035E11.5","0.129883882579857"
"CTD-2036P10.3","0.128522867679741"
"CTD-2036P10.5","0.125819753125609"
"CTD-2036P10.6","0.127592478916263"
"CTD-2037L6.2","0.12584605524119"
"CTD-2044J15.1","0.129691628844769"
"CTD-2047H16.4","0.124126522471907"
"CTD-2047H16.5","0.129734537162586"
"CTD-2049O4.1","0.129567474692706"
"CTD-2050B12.1","0.126548013263434"
"CTD-2050E21.2","0.127592478916263"
"CTD-2050N2.1","0.12895919543172"
"CTD-2054N24.2","0.12895919543172"
"CTD-2058B24.3","0.125685826391419"
"CTD-2060L22.1","0.123719027466147"
"CTD-2061E19.6","0.127592478916263"
"CTD-2062F14.3","0.129734537162586"
"CTD-2066L21.2","0.130017285193202"
"CTD-2066L21.3","0.127376414022155"
"CTD-2072I24.1","0.128522867679741"
"CTD-2076M15.1","0.130017285193202"
"CTD-2078B5.2","0.130017285193202"
"CTD-2081C10.1","0.127376414022155"
"CTD-2081C10.7","0.130017285193202"
"CTD-2083E4.6","0.127376414022155"
"CTD-2089N3.1","0.129237761374771"
"CTD-2089N3.2","0.129237761374771"
"CTD-2090I13.1","0.128522867679741"
"CTD-2091N23.1","0.127592478916263"
"CTD-2095E4.5","0.125685826391419"
"CTD-2104P17.2","0.125685826391419"
"CTD-2105E13.14","0.129883882579857"
"CTD-2105E13.15","0.123719027466147"
"CTD-2105E13.16","0.125685826391419"
"CTD-2105E13.6","0.127651258783565"
"CTD-2113L7.1","0.132523801569378"
"CTD-2116N17.1","0.129567474692706"
"CTD-2116N20.1","0.124126522471907"
"CTD-2117L12.1","0.123559018874828"
"CTD-2118P12.1","0.125003331850698"
"CTD-2126E3.3","0.130294038115033"
"CTD-2126E3.4","0.130140102054925"
"CTD-2128A3.2","0.128522867679741"
"CTD-2129N1.1","0.127067420950282"
"CTD-2130F23.2","0.130140102054925"
"CTD-2130O13.1","0.122977943096398"
"CTD-2132N18.3","0.127171722792863"
"CTD-2134A5.4","0.128522867679741"
"CTD-2135D7.2","0.123619009747292"
"CTD-2135D7.3","0.127171722792863"
"CTD-2135D7.5","0.127171722792863"
"CTD-2135J3.3","0.132578181774166"
"CTD-2139B15.2","0.127067420950282"
"CTD-2139B15.5","0.127376414022155"
"CTD-2140B24.6","0.127067420950282"
"CTD-2143L24.1","0.12516763506505"
"CTD-2144E22.5","0.12516763506505"
"CTD-2144E22.8","0.12895919543172"
"CTD-2145A24.4","0.13220627891393"
"CTD-2145A24.5","0.125819753125609"
"CTD-2147F2.1","0.12895919543172"
"CTD-2147F2.2","0.131249109891874"
"CTD-2152M20.2","0.129407639125161"
"CTD-2154B17.1","0.127171722792863"
"CTD-2154B17.4","0.133187868745371"
"CTD-2154H6.1","0.128522867679741"
"CTD-2154I11.2","0.12545467042879"
"CTD-2161F6.2","0.128522867679741"
"CTD-2162K18.3","0.129842497862503"
"CTD-2162K18.4","0.127067420950282"
"CTD-2165H16.4","0.129883882579857"
"CTD-2168K21.1","0.129237761374771"
"CTD-2168K21.2","0.124704360834456"
"CTD-2170G1.2","0.12545467042879"
"CTD-2171N6.1","0.123719027466147"
"CTD-2175A23.1","0.123559018874828"
"CTD-2176I21.2","0.129237761374771"
"CTD-2184C24.2","0.129407639125161"
"CTD-2184D3.3","0.132523801569378"
"CTD-2184D3.5","0.12545467042879"
"CTD-2184D3.6","0.127376414022155"
"CTD-2184D3.7","0.123837183257301"
"CTD-2185K10.1","0.129883882579857"
"CTD-2186M15.3","0.126548013263434"
"CTD-2187J20.1","0.133187868745371"
"CTD-2189E23.1","0.12584605524119"
"CTD-2189E23.2","0.130017285193202"
"CTD-2192J16.11","0.133187868745371"
"CTD-2192J16.20","0.138085368079778"
"CTD-2192J16.22","0.129331093217053"
"CTD-2192J16.26","0.130487849505363"
"CTD-2193G5.1","0.129331093217053"
"CTD-2193P3.2","0.128522867679741"
"CTD-2194A8.2","0.132578181774166"
"CTD-2194D22.1","0.127651258783565"
"CTD-2194D22.3","0.128522867679741"
"CTD-2195B23.3","0.12895919543172"
"CTD-2195M15.3","0.127592478916263"
"CTD-2195M15.4","0.12895919543172"
"CTD-2196E14.3","0.127376414022155"
"CTD-2196E14.5","0.129883882579857"
"CTD-2196P11.2","0.129734537162586"
"CTD-2199O4.1","0.13344562703935"
"CTD-2199O4.3","0.129734537162586"
"CTD-2199O4.6","0.127376414022155"
"CTD-2201E18.5","0.122977943096398"
"CTD-2201E9.1","0.129567474692706"
"CTD-2201E9.4","0.129331093217053"
"CTD-2201G3.1","0.125944360104823"
"CTD-2201I18.1","0.129567474692706"
"CTD-2203K17.1","0.128522867679741"
"CTD-2207O23.11","0.123154744827437"
"CTD-2207O23.12","0.129331093217053"
"CTD-2207O23.3","0.129734537162586"
"CTD-2207P18.1","0.134265772767385"
"CTD-2207P18.2","0.130017285193202"
"CTD-2210P24.3","0.129331093217053"
"CTD-2213F21.2","0.130017285193202"
"CTD-2213F21.3","0.127171722792863"
"CTD-2213F21.4","0.133814425675854"
"CTD-2215E18.1","0.129883882579857"
"CTD-2218K11.2","0.129567474692706"
"CTD-2223O18.1","0.132523801569378"
"CTD-2227C6.2","0.129331093217053"
"CTD-2227C6.3","0.12584605524119"
"CTD-2227E11.1","0.127171722792863"
"CTD-2227I18.1","0.129331093217053"
"CTD-2228A4.1","0.132578181774166"
"CTD-2231E14.4","0.126784662290236"
"CTD-2231E14.5","0.131249109891874"
"CTD-2231E14.8","0.129734537162586"
"CTD-2231H16.1","0.126594352373047"
"CTD-2232E5.2","0.129567474692706"
"CTD-2233C11.2","0.127171722792863"
"CTD-2234N14.1","0.127171722792863"
"CTD-2234N14.2","0.128522867679741"
"CTD-2235C13.2","0.123154744827437"
"CTD-2235C13.3","0.125355013423376"
"CTD-2236F14.1","0.127067420950282"
"CTD-2240E14.4","0.129883882579857"
"CTD-2240J17.1","0.130487849505363"
"CTD-2240J17.2","0.128522867679741"
"CTD-2240J17.3","0.127171722792863"
"CTD-2240J17.4","0.128522867679741"
"CTD-2245E15.3","0.123822686634536"
"CTD-2245F17.2","0.129734537162586"
"CTD-2245F17.3","0.127651258783565"
"CTD-2245F17.6","0.12584605524119"
"CTD-2246P4.1","0.129734537162586"
"CTD-2247C11.2","0.127067420950282"
"CTD-2249K22.1","0.127592478916263"
"CTD-2251F13.1","0.130140102054925"
"CTD-2256P15.1","0.127651258783565"
"CTD-2256P15.2","0.127376414022155"
"CTD-2256P15.4","0.125355013423376"
"CTD-2256P15.5","0.130294038115033"
"CTD-2260A17.1","0.127376414022155"
"CTD-2260A17.2","0.127171722792863"
"CTD-2260A17.3","0.12584605524119"
"CTD-2263F21.1","0.133814425675854"
"CTD-2265O21.3","0.129331093217053"
"CTD-2265O21.7","0.130294038115033"
"CTD-2267D19.3","0.132120018378855"
"CTD-2269F5.1","0.127171722792863"
"CTD-2270F17.1","0.125685826391419"
"CTD-2270L9.4","0.127171722792863"
"CTD-2270P14.5","0.130990328286648"
"CTD-2277K2.1","0.127067420950282"
"CTD-2278I10.1","0.135162244899479"
"CTD-2280E9.1","0.129842497862503"
"CTD-2281M20.1","0.127592478916263"
"CTD-2283N19.1","0.129331093217053"
"CTD-2287O16.4","0.13220627891393"
"CTD-2287O16.5","0.126784662290236"
"CTD-2288F12.1","0.129734537162586"
"CTD-2288O8.1","0.130487849505363"
"CTD-2291D10.1","0.12895919543172"
"CTD-2291D10.2","0.130140102054925"
"CTD-2291D10.4","0.129734537162586"
"CTD-2292M14.1","0.125685826391419"
"CTD-2292M16.7","0.13220627891393"
"CTD-2292M16.8","0.127376414022155"
"CTD-2292P10.2","0.130487849505363"
"CTD-2292P10.4","0.125685826391419"
"CTD-2293H3.2","0.127376414022155"
"CTD-2296D1.2","0.127171722792863"
"CTD-2296D1.5","0.130140102054925"
"CTD-2298J14.2","0.127376414022155"
"CTD-2302E22.2","0.128522867679741"
"CTD-2302E22.4","0.132578181774166"
"CTD-2302E22.6","0.127592478916263"
"CTD-2306A12.1","0.13344562703935"
"CTD-2306M5.1","0.12895919543172"
"CTD-2308B18.1","0.130487849505363"
"CTD-2308B18.3","0.132523801569378"
"CTD-2308L22.1","0.130140102054925"
"CTD-2308N23.2","0.129883882579857"
"CTD-2309H9.3","0.129331093217053"
"CTD-2309O5.3","0.137821667243573"
"CTD-2310F14.1","0.129883882579857"
"CTD-2311B13.2","0.132578181774166"
"CTD-2311M21.3","0.129567474692706"
"CTD-2311M21.4","0.12895919543172"
"CTD-2313F11.3","0.130487849505363"
"CTD-2313J17.6","0.130990328286648"
"CTD-2313J17.7","0.13344562703935"
"CTD-2313J23.1","0.128522867679741"
"CTD-2314B22.1","0.127171722792863"
"CTD-2314G24.2","0.13139965418576"
"CTD-2315E11.1","0.130990328286648"
"CTD-2316B1.2","0.123154744827437"
"CTD-2319I12.2","0.130990328286648"
"CTD-2320G14.2","0.129459818170504"
"CTD-2325A15.5","0.127348485778225"
"CTD-2325B11.1","0.127433646378847"
"CTD-2325M2.1","0.123559018874828"
"CTD-2325P2.3","0.128522867679741"
"CTD-2325P2.4","0.129331093217053"
"CTD-2329K10.1","0.130107630150467"
"CTD-2330J20.2","0.127651258783565"
"CTD-2330K9.2","0.133187868745371"
"CTD-2330K9.3","0.12895919543172"
"CTD-2331H12.7","0.127592478916263"
"CTD-2332E11.2","0.130487849505363"
"CTD-2334D19.1","0.129331093217053"
"CTD-2335O3.3","0.127348485778225"
"CTD-2336H13.2","0.129734537162586"
"CTD-2336O2.1","0.129883882579857"
"CTD-2336O2.3","0.12895919543172"
"CTD-2337A12.1","0.133187868745371"
"CTD-2337I7.1","0.13344562703935"
"CTD-2339F6.1","0.129567474692706"
"CTD-2340E1.2","0.129883882579857"
"CTD-2341M24.1","0.130017285193202"
"CTD-2342J14.6","0.129331093217053"
"CTD-2342N23.3","0.130140102054925"
"CTD-2349B8.1","0.134265772767385"
"CTD-2349P21.11","0.130017285193202"
"CTD-2349P21.12","0.127651258783565"
"CTD-2349P21.5","0.130140102054925"
"CTD-2349P21.6","0.129331093217053"
"CTD-2349P21.9","0.129883882579857"
"CTD-2350C19.2","0.121776101877529"
"CTD-2350J17.1","0.133814425675854"
"CTD-2353F22.1","0.130017285193202"
"CTD-2357A8.3","0.127433646378847"
"CTD-2358C21.3","0.132578181774166"
"CTD-2358C21.4","0.130990328286648"
"CTD-2358C21.5","0.133814425675854"
"CTD-2363C16.1","0.136721311806083"
"CTD-2363C16.2","0.132523801569378"
"CTD-2366F13.1","0.134265772767385"
"CTD-2366F13.2","0.136834988560775"
"CTD-2369P2.10","0.12895919543172"
"CTD-2369P2.4","0.132578181774166"
"CTD-2369P2.5","0.130939482387022"
"CTD-2369P2.8","0.129567474692706"
"CTD-2370N5.3","0.127651258783565"
"CTD-2371O3.2","0.133814425675854"
"CTD-2371O3.3","0.129883882579857"
"CTD-2373H9.5","0.129883882579857"
"CTD-2373N4.5","0.12895919543172"
"CTD-2374C24.1","0.130017285193202"
"CTD-2376I20.1","0.128522867679741"
"CTD-2376I4.1","0.129734537162586"
"CTD-2376I4.2","0.129883882579857"
"CTD-2377D24.6","0.132578181774166"
"CTD-2377O17.1","0.130140102054925"
"CTD-2378E12.1","0.135162244899479"
"CTD-2378E21.1","0.130017285193202"
"CTD-2380F24.1","0.129331093217053"
"CTD-2383I20.1","0.129877309333312"
"CTD-2383M3.1","0.13220627891393"
"CTD-2384A14.1","0.128522867679741"
"CTD-2384A14.2","0.132600444972995"
"CTD-2384B11.2","0.130939482387022"
"CTD-2385L22.1","0.129567474692706"
"CTD-2396E7.10","0.130939482387022"
"CTD-2396E7.11","0.13228368017168"
"CTD-2396E7.9","0.136525310830419"
"CTD-2410N18.3","0.138085368079778"
"CTD-2410N18.5","0.129331093217053"
"CTD-2501B8.1","0.127592478916263"
"CTD-2501E16.2","0.12971481742295"
"CTD-2501M5.1","0.127067420950282"
"CTD-2503I6.1","0.12895919543172"
"CTD-2503O16.4","0.128522867679741"
"CTD-2506J14.1","0.130017285193202"
"CTD-2506P8.6","0.130294038115033"
"CTD-2507G9.1","0.127592478916263"
"CTD-2509G16.2","0.128522867679741"
"CTD-2509G16.5","0.127592478916263"
"CTD-2510F5.6","0.133814425675854"
"CTD-2514K5.4","0.132600444972995"
"CTD-2515A14.1","0.128522867679741"
"CTD-2515H24.2","0.130294038115033"
"CTD-2515O10.5","0.135951800783439"
"CTD-2516F10.2","0.127171722792863"
"CTD-2516F10.4","0.132120018378855"
"CTD-2517M22.16","0.127651258783565"
"CTD-2517M22.17","0.132523801569378"
"CTD-2517O10.6","0.12895919543172"
"CTD-2520I13.1","0.129567474692706"
"CTD-2521M24.5","0.130017285193202"
"CTD-2521M24.6","0.129877309333312"
"CTD-2521M24.8","0.127171722792863"
"CTD-2523D13.2","0.130294038115033"
"CTD-2524L6.3","0.136525310830419"
"CTD-2525I3.2","0.12971481742295"
"CTD-2525I3.3","0.130294038115033"
"CTD-2525I3.5","0.137450521209596"
"CTD-2525I3.6","0.130017285193202"
"CTD-2526A2.2","0.132578181774166"
"CTD-2526M8.2","0.132120018378855"
"CTD-2527I21.14","0.130140102054925"
"CTD-2527I21.15","0.127592478916263"
"CTD-2527I21.7","0.13344562703935"
"CTD-2528A14.1","0.129769348633395"
"CTD-2528A14.3","0.129886161454428"
"CTD-2528A14.5","0.132578181774166"
"CTD-2528L19.4","0.129567474692706"
"CTD-2528L19.6","0.135162244899479"
"CTD-2529O21.2","0.129331093217053"
"CTD-2530H12.4","0.129983577167801"
"CTD-2530N21.4","0.130939482387022"
"CTD-2531D15.4","0.13344562703935"
"CTD-2531D15.5","0.13220627891393"
"CTD-2532D12.4","0.132523801569378"
"CTD-2532K18.2","0.135859684248189"
"CTD-2532N20.1","0.129567474692706"
"CTD-2533K21.4","0.129769348633395"
"CTD-2534I21.8","0.132600444972995"
"CTD-2534I21.9","0.127171722792863"
"CTD-2535I10.1","0.129769348633395"
"CTD-2536I1.3","0.132600444972995"
"CTD-2537I9.12","0.13139965418576"
"CTD-2537I9.16","0.132600444972995"
"CTD-2537I9.18","0.125355013423376"
"CTD-2537O9.1","0.129567474692706"
"CTD-2538C1.2","0.129331093217053"
"CTD-2538C1.3","0.129671909105133"
"CTD-2540B15.11","0.129769348633395"
"CTD-2540B15.12","0.128522867679741"
"CTD-2540B15.6","0.129769348633395"
"CTD-2540B15.7","0.129769348633395"
"CTD-2540B15.9","0.128522867679741"
"CTD-2540F13.2","0.127651258783565"
"CTD-2540L5.6","0.127171722792863"
"CTD-2540M10.1","0.129331093217053"
"CTD-2541J13.1","0.129567474692706"
"CTD-2541J13.2","0.129782758503653"
"CTD-2541M15.3","0.129886161454428"
"CTD-2542C24.8","0.12895919543172"
"CTD-2542L18.1","0.127651258783565"
"CTD-2544H17.1","0.130939482387022"
"CTD-2544H17.2","0.13139965418576"
"CTD-2544N14.3","0.129782758503653"
"CTD-2545M3.2","0.130140102054925"
"CTD-2545M3.6","0.127348485778225"
"CTD-2545M3.8","0.129886161454428"
"CTD-2547G23.4","0.12971481742295"
"CTD-2547H18.1","0.129331093217053"
"CTD-2547L16.1","0.13829489645013"
"CTD-2547L24.4","0.128522867679741"
"CTD-2550O8.5","0.130294038115033"
"CTD-2552K11.2","0.133187868745371"
"CTD-2553L13.10","0.130017285193202"
"CTD-2554C21.2","0.130294038115033"
"CTD-2554C21.3","0.133187868745371"
"CTD-2555A7.1","0.12971481742295"
"CTD-2555A7.2","0.132578181774166"
"CTD-2555A7.3","0.129331093217053"
"CTD-2555C10.3","0.130887119060204"
"CTD-2555I5.1","0.12895919543172"
"CTD-2555O16.1","0.13344562703935"
"CTD-2555O16.2","0.13139965418576"
"CTD-2555O16.4","0.127067420950282"
"CTD-2561B21.11","0.130294038115033"
"CTD-2561B21.5","0.127651258783565"
"CTD-2561B21.7","0.127592478916263"
"CTD-2562J15.4","0.127067420950282"
"CTD-2562J15.6","0.134758819231239"
"CTD-2562J17.4","0.127348485778225"
"CTD-2562J17.7","0.130294038115033"
"CTD-2566J3.1","0.129331093217053"
"CTD-2568A17.1","0.130887119060204"
"CTD-2568A17.8","0.12971481742295"
"CTD-2568P8.1","0.12971481742295"
"CTD-2571L23.8","0.125944225462322"
"CTD-2574D22.2","0.127651258783565"
"CTD-2574D22.7","0.130017285193202"
"CTD-2576D5.4","0.130294038115033"
"CTD-2583A14.10","0.129567474692706"
"CTD-2583A14.9","0.132220267991173"
"CTD-2583P5.1","0.130939482387022"
"CTD-2583P5.3","0.132578181774166"
"CTD-2586B10.1","0.127433646378847"
"CTD-2587H19.3","0.129883882579857"
"CTD-2587H24.10","0.13139965418576"
"CTD-2587H24.5","0.129769348633395"
"CTD-2587M2.1","0.129769348633395"
"CTD-2588C8.8","0.12584605524119"
"CTD-2588E21.1","0.134758819231239"
"CTD-2589H19.6","0.130017285193202"
"CTD-2589M5.4","0.130939482387022"
"CTD-2589M5.5","0.131527881952566"
"CTD-2591A6.2","0.132578181774166"
"CTD-2600O9.1","0.135859684248189"
"CTD-2600O9.2","0.129782758503653"
"CTD-2616J11.11","0.129782758503653"
"CTD-2616J11.14","0.12971481742295"
"CTD-2616J11.16","0.129769348633395"
"CTD-2616J11.2","0.134758819231239"
"CTD-2616J11.3","0.129459818170504"
"CTD-2616J11.9","0.127651258783565"
"CTD-2619J13.13","0.133814425675854"
"CTD-2619J13.14","0.138339367194283"
"CTD-2619J13.17","0.130294038115033"
"CTD-2619J13.19","0.13344562703935"
"CTD-2619J13.23","0.131527881952566"
"CTD-2619J13.27","0.137821667243573"
"CTD-2619J13.3","0.131527881952566"
"CTD-2619J13.9","0.133187868745371"
"CTD-2620I22.3","0.129567474692706"
"CTD-2621I17.6","0.133814425675854"
"CTD-2623N2.11","0.130294038115033"
"CTD-2623N2.5","0.129567474692706"
"CTD-2626G11.2","0.132220267991173"
"CTD-2630F21.1","0.130939482387022"
"CTD-2631K10.1","0.128522867679741"
"CTD-2636A23.2","0.131123418138261"
"CTD-2639E6.9","0.129567474692706"
"CTD-2647E9.3","0.127651258783565"
"CTD-2647L4.1","0.129782758503653"
"CTD-2647L4.5","0.131123418138261"
"CTD-2649C14.3","0.127348485778225"
"CTD-2650P22.1","0.130939482387022"
"CTD-2651B20.3","0.130294038115033"
"CTD-2653D5.1","0.132220267991173"
"CTD-2653M23.3","0.129567474692706"
"CTD-2655K5.1","0.130939482387022"
"CTD-2659N19.10","0.130073922125066"
"CTD-2659N19.2","0.132600444972995"
"CTD-2659N19.9","0.132523801569378"
"CTD-2666L21.1","0.127651258783565"
"CTD-3001H11.2","0.132523801569378"
"CTD-3007L5.1","0.12971481742295"
"CTD-3010D24.3","0.13139965418576"
"CTD-3012A18.1","0.132220267991173"
"CTD-3020H12.4","0.130294038115033"
"CTD-3022G6.1","0.133814425675854"
"CTD-3023L14.1","0.13344562703935"
"CTD-3025N20.3","0.129671909105133"
"CTD-3028N15.1","0.12971481742295"
"CTD-3028N15.3","0.130294038115033"
"CTD-3032H12.1","0.133187868745371"
"CTD-3032H12.2","0.127067420950282"
"CTD-3032J10.2","0.132578181774166"
"CTD-3032J10.3","0.133187868745371"
"CTD-3035D6.2","0.125944225462322"
"CTD-3035K23.6","0.130887119060204"
"CTD-3035K23.7","0.12895919543172"
"CTD-3037G24.3","0.129782758503653"
"CTD-3037G24.4","0.125407787482686"
"CTD-3037G24.5","0.129567474692706"
"CTD-3046C4.1","0.126861664663222"
"CTD-3051D23.1","0.131123418138261"
"CTD-3051D23.3","0.132220267991173"
"CTD-3051D23.4","0.134758819231239"
"CTD-3060P21.1","0.134265772767385"
"CTD-3064C13.1","0.132523801569378"
"CTD-3064H18.2","0.132600444972995"
"CTD-3064H18.4","0.130073922125066"
"CTD-3064M3.4","0.130294038115033"
"CTD-3064M3.7","0.132523801569378"
"CTD-3065B20.2","0.127530149991116"
"CTD-3065B20.3","0.139312153512764"
"CTD-3065J16.9","0.132600444972995"
"CTD-3073N11.9","0.131527881952566"
"CTD-3074O7.2","0.130294038115033"
"CTD-3074O7.5","0.137693586853911"
"CTD-3075F15.1","0.134758819231239"
"CTD-3076O17.1","0.13344562703935"
"CTD-3076O17.2","0.133814425675854"
"CTD-3080P12.3","0.134265772767385"
"CTD-3088G3.6","0.129769348633395"
"CTD-3088G3.8","0.137450521209596"
"CTD-3096M3.1","0.129782758503653"
"CTD-3096M3.2","0.136834988560775"
"CTD-3099C6.7","0.138987305807488"
"CTD-3105H18.14","0.132220267991173"
"CTD-3105H18.18","0.133814425675854"
"CTD-3105H18.7","0.132600444972995"
"CTD-3110H11.1","0.13220627891393"
"CTD-3113P16.11","0.135735307978471"
"CTD-3113P16.5","0.129331093217053"
"CTD-3116E22.7","0.13614282180977"
"CTD-3116E22.8","0.129784185555476"
"CTD-3118D11.2","0.13779325977655"
"CTD-3126B10.1","0.132578181774166"
"CTD-3126B10.4","0.132523801569378"
"CTD-3128G10.6","0.136834988560775"
"CTD-3131K8.2","0.133814425675854"
"CTD-3131K8.3","0.13344562703935"
"CTD-3137H5.1","0.132220267991173"
"CTD-3138B18.5","0.130887119060204"
"CTD-3148I10.9","0.138706310124341"
"CTD-3149D2.3","0.13614282180977"
"CTD-3149D2.4","0.136834988560775"
"CTD-3154N5.1","0.132523801569378"
"CTD-3154N5.2","0.131527881952566"
"CTD-3157E16.1","0.129331093217053"
"CTD-3157E16.2","0.137848261997687"
"CTD-3162L10.1","0.131123418138261"
"CTD-3162L10.3","0.138706310124341"
"CTD-3179P9.1","0.13344562703935"
"CTD-3184A7.4","0.132578181774166"
"CTD-3185P2.1","0.129769348633395"
"CTD-3187F8.11","0.129769348633395"
"CTD-3187F8.14","0.133187868745371"
"CTD-3193K9.11","0.136834988560775"
"CTD-3193K9.3","0.133814425675854"
"CTD-3193K9.4","0.131527881952566"
"CTD-3193O13.1","0.132600444972995"
"CTD-3193O13.11","0.132578181774166"
"CTD-3193O13.12","0.140088471072275"
"CTD-3193O13.13","0.136525310830419"
"CTD-3193O13.14","0.13139965418576"
"CTD-3194G12.1","0.134265772767385"
"CTD-3194G12.2","0.130294038115033"
"CTD-3195I5.3","0.131527881952566"
"CTD-3195I5.4","0.132220267991173"
"CTD-3203P2.1","0.12971481742295"
"CTD-3203P2.3","0.132220267991173"
"CTD-3212A4.2","0.136435033352387"
"CTD-3214H19.16","0.133187868745371"
"CTD-3214H19.4","0.135735307978471"
"CTD-3214H19.6","0.129459818170504"
"CTD-3220F14.1","0.131441621417491"
"CTD-3220F14.3","0.133187868745371"
"CTD-3222D19.11","0.130887119060204"
"CTD-3222D19.12","0.138339367194283"
"CTD-3222D19.8","0.132578181774166"
"CTD-3224I3.3","0.132600444972995"
"CTD-3224K15.2","0.129820318831304"
"CTD-3224K15.3","0.132600444972995"
"CTD-3234P18.6","0.132578181774166"
"CTD-3239E11.2","0.134265772767385"
"CTD-3252C9.2","0.130085682609426"
"CTD-3252C9.4","0.134265772767385"
"CTDNEP1","0.134758819231239"
"CTDP1","0.130294038115033"
"CTDSP1","0.13779325977655"
"CTDSP2","0.134758819231239"
"CTDSPL","0.131123418138261"
"CTDSPL2","0.130294038115033"
"CTF1","0.129820318831304"
"CTGF","0.132220267991173"
"CTH","0.13614282180977"
"CTHRC1","0.129769348633395"
"CTIF","0.131527881952566"
"CTLA4","0.127530149991116"
"CTNNA1","0.130294038115033"
"CTNNA2","0.129782758503653"
"CTNNA3","0.127348485778225"
"CTNNAL1","0.12895919543172"
"CTNNB1","0.13344562703935"
"CTNNBIP1","0.132220267991173"
"CTNNBL1","0.13779325977655"
"CTNND1","0.132220267991173"
"CTNND2","0.135276706246939"
"CTNS","0.13779325977655"
"CTPS1","0.130939482387022"
"CTPS2","0.13614282180977"
"CTR9","0.134149880504999"
"CTRB1","0.129567474692706"
"CTRB2","0.136834988560775"
"CTRC","0.135149630184448"
"CTRL","0.137024707141755"
"CTSA","0.132220267991173"
"CTSB","0.137491982850404"
"CTSC","0.137024707141755"
"CTSD","0.132590918377815"
"CTSE","0.129820318831304"
"CTSF","0.133187868745371"
"CTSG","0.132220267991173"
"CTSH","0.12895919543172"
"CTSK","0.135865578296208"
"CTSL","0.136834988560775"
"CTSO","0.134149880504999"
"CTSS","0.13614282180977"
"CTSV","0.136834988560775"
"CTSW","0.135276706246939"
"CTSZ","0.130085682609426"
"CTTN","0.136834988560775"
"CTTNBP2","0.128522867679741"
"CTTNBP2NL","0.134149880504999"
"CTU1","0.129782758503653"
"CTU2","0.12971481742295"
"CTXN1","0.129567474692706"
"CTXN2","0.129782758503653"
"CTXN3","0.132523801569378"
"CUBN","0.13344562703935"
"CUEDC1","0.131527881952566"
"CUEDC2","0.12971481742295"
"CUL1","0.127348485778225"
"CUL2","0.132600444972995"
"CUL3","0.135865578296208"
"CUL4A","0.132523801569378"
"CUL4B","0.12895919543172"
"CUL5","0.132578181774166"
"CUL7","0.129769348633395"
"CUL9","0.132600444972995"
"CUTA","0.125819753125609"
"CUTC","0.136834988560775"
"CUX1","0.129782758503653"
"CUX2","0.13344562703935"
"CUZD1","0.130294038115033"
"CWC15","0.134758819231239"
"CWC22","0.131123418138261"
"CWC25","0.136525310830419"
"CWC27","0.130085682609426"
"CWF19L1","0.13779325977655"
"CWF19L2","0.12971481742295"
"CWH43","0.129769348633395"
"CX3CL1","0.134758819231239"
"CX3CR1","0.133187868745371"
"CXADR","0.13614282180977"
"CXADRP3","0.136000767771761"
"CXCL1","0.134758819231239"
"CXCL10","0.127067420950282"
"CXCL11","0.129782758503653"
"CXCL12","0.12971481742295"
"CXCL13","0.136000767771761"
"CXCL14","0.129567474692706"
"CXCL16","0.129782758503653"
"CXCL17","0.134149880504999"
"CXCL2","0.131527881952566"
"CXCL3","0.130294038115033"
"CXCL5","0.132578181774166"
"CXCL6","0.130085682609426"
"CXCL8","0.133187868745371"
"CXCL9","0.130939482387022"
"CXCR1","0.128522867679741"
"CXCR2","0.134149880504999"
"CXCR3","0.131380317801403"
"CXCR4","0.130085682609426"
"CXCR5","0.136000767771761"
"CXCR6","0.134758819231239"
"CXXC1","0.132523801569378"
"CXXC4","0.13779325977655"
"CXXC5","0.129820318831304"
"CXorf21","0.136000767771761"
"CXorf23","0.131123418138261"
"CXorf36","0.130887119060204"
"CXorf38","0.137848261997687"
"CXorf40A","0.135865578296208"
"CXorf40B","0.131123418138261"
"CXorf49","0.137876239896354"
"CXorf49B","0.135812544991334"
"CXorf56","0.131123418138261"
"CXorf57","0.129820318831304"
"CXorf58","0.13779325977655"
"CXorf65","0.13614282180977"
"CXorf67","0.130085682609426"
"CYB561","0.132523801569378"
"CYB561A3","0.132600444972995"
"CYB561D1","0.134758819231239"
"CYB561D2","0.133187868745371"
"CYB5A","0.132220267991173"
"CYB5B","0.13614282180977"
"CYB5D1","0.13779325977655"
"CYB5D2","0.132523801569378"
"CYB5R1","0.131123418138261"
"CYB5R2","0.129567474692706"
"CYB5R3","0.133183623210822"
"CYB5R4","0.132220267991173"
"CYB5RL","0.132600444972995"
"CYBA","0.127067420950282"
"CYBB","0.136000767771761"
"CYBRD1","0.130085682609426"
"CYC1","0.137693586853911"
"CYCS","0.134758819231239"
"CYFIP1","0.13344562703935"
"CYFIP2","0.127651258783565"
"CYGB","0.129820318831304"
"CYHR1","0.130887119060204"
"CYLC1","0.133237462163678"
"CYLD","0.131441621417491"
"CYP11A1","0.131527881952566"
"CYP17A1","0.133187868745371"
"CYP17A1-AS1","0.132523801569378"
"CYP19A1","0.13614282180977"
"CYP1A1","0.130294038115033"
"CYP1A2","0.127621543648805"
"CYP1B1","0.13344562703935"
"CYP1B1-AS1","0.134758819231239"
"CYP20A1","0.13614282180977"
"CYP21A2","0.127651258783565"
"CYP24A1","0.13139965418576"
"CYP26A1","0.131527881952566"
"CYP26B1","0.129567474692706"
"CYP26C1","0.129769348633395"
"CYP27A1","0.12895919543172"
"CYP27B1","0.132578181774166"
"CYP27C1","0.127530149991116"
"CYP2A13","0.127348485778225"
"CYP2A6","0.12895919543172"
"CYP2A7","0.129769348633395"
"CYP2B6","0.135812544991334"
"CYP2C18","0.13139965418576"
"CYP2C19","0.13344562703935"
"CYP2C8","0.130294038115033"
"CYP2C9","0.129820318831304"
"CYP2D6","0.13344562703935"
"CYP2E1","0.131527881952566"
"CYP2F1","0.132220267991173"
"CYP2J2","0.130077253100785"
"CYP2R1","0.132220267991173"
"CYP2S1","0.129820318831304"
"CYP2U1","0.132523801569378"
"CYP2W1","0.131527881952566"
"CYP39A1","0.129567474692706"
"CYP3A4","0.127067420950282"
"CYP3A43","0.130073922125066"
"CYP3A5","0.136834988560775"
"CYP3A7","0.134149880504999"
"CYP3A7-CYP3A51P","0.136000767771761"
"CYP46A1","0.132578181774166"
"CYP4A11","0.129769348633395"
"CYP4A22","0.131441621417491"
"CYP4A22-AS1","0.136525310830419"
"CYP4B1","0.127530149991116"
"CYP4F11","0.132220267991173"
"CYP4F12","0.12971481742295"
"CYP4F2","0.134758819231239"
"CYP4F22","0.13139965418576"
"CYP4F26P","0.134149880504999"
"CYP4F3","0.132600444972995"
"CYP4F35P","0.129769348633395"
"CYP4F8","0.13344562703935"
"CYP4V2","0.137960135396061"
"CYP4X1","0.137024707141755"
"CYP4Z1","0.131123418138261"
"CYP51A1","0.130085682609426"
"CYP51A1-AS1","0.136834988560775"
"CYP7A1","0.132523801569378"
"CYP7B1","0.136000767771761"
"CYP8B1","0.134758819231239"
"CYR61","0.137848261997687"
"CYS1","0.135276706246939"
"CYSLTR1","0.132220267991173"
"CYSLTR2","0.128522867679741"
"CYSRT1","0.132600444972995"
"CYSTM1","0.132600444972995"
"CYTH1","0.132523801569378"
"CYTH2","0.130085682609426"
"CYTH3","0.129567474692706"
"CYTH4","0.132220267991173"
"CYTIP","0.129769348633395"
"CYTL1","0.136834988560775"
"CYYR1","0.131123418138261"
"CYYR1-AS1","0.132600444972995"
"D21S2088E","0.132523801569378"
"D2HGDH","0.130085682609426"
"DAAM1","0.131382199743488"
"DAAM2","0.134149880504999"
"DAB1","0.134758819231239"
"DAB1-AS1","0.129769348633395"
"DAB2","0.129769348633395"
"DAB2IP","0.137024707141755"
"DACH1","0.136525310830419"
"DACH2","0.12971481742295"
"DACT1","0.137679469082695"
"DACT2","0.134758819231239"
"DACT3","0.135812544991334"
"DACT3-AS1","0.133187868745371"
"DAD1","0.134149880504999"
"DAG1","0.132600444972995"
"DAGLA","0.135276706246939"
"DAGLB","0.13779325977655"
"DALRD3","0.132600444972995"
"DAND5","0.12895919543172"
"DANT1","0.13139965418576"
"DANT2","0.138339367194283"
"DAO","0.133187868745371"
"DAP","0.130294038115033"
"DAP3","0.132600444972995"
"DAPK1","0.131123418138261"
"DAPK2","0.132578181774166"
"DAPK3","0.136525310830419"
"DAPL1","0.134758819231239"
"DAPP1","0.135812544991334"
"DARS","0.135812544991334"
"DARS-AS1","0.132220267991173"
"DARS2","0.132578181774166"
"DAW1","0.135276706246939"
"DAXX","0.132600444972995"
"DAZAP1","0.13344562703935"
"DAZAP2","0.12895919543172"
"DAZL","0.136000767771761"
"DBET","0.132523801569378"
"DBF4","0.135276706246939"
"DBF4B","0.13139965418576"
"DBH","0.132220267991173"
"DBH-AS1","0.134758819231239"
"DBI","0.130294038115033"
"DBN1","0.129820318831304"
"DBNDD1","0.132578181774166"
"DBNDD2","0.132220267991173"
"DBNL","0.13770876959047"
"DBP","0.137024707141755"
"DBR1","0.134758819231239"
"DBT","0.137679469082695"
"DBX1","0.137024707141755"
"DBX2","0.136525310830419"
"DCAF10","0.137491982850404"
"DCAF11","0.132523801569378"
"DCAF12","0.132578181774166"
"DCAF12L1","0.132220267991173"
"DCAF13","0.132600444972995"
"DCAF15","0.131527881952566"
"DCAF16","0.131527881952566"
"DCAF17","0.134149880504999"
"DCAF4","0.131527881952566"
"DCAF4L1","0.13614282180977"
"DCAF4L2","0.132523801569378"
"DCAF5","0.132600444972995"
"DCAF6","0.138111276719348"
"DCAF7","0.13344562703935"
"DCAF8","0.136525310830419"
"DCAF8L1","0.135812544991334"
"DCAKD","0.137960135396061"
"DCANP1","0.13614282180977"
"DCBLD1","0.128522867679741"
"DCBLD2","0.137491982850404"
"DCC","0.129567474692706"
"DCD","0.132578181774166"
"DCDC1","0.136525310830419"
"DCDC2","0.130887119060204"
"DCDC2B","0.137491982850404"
"DCDC2C","0.136000767771761"
"DCHS1","0.136483852073846"
"DCHS2","0.137507679824537"
"DCK","0.135276706246939"
"DCLK1","0.133187868745371"
"DCLK2","0.131527881952566"
"DCLK3","0.132600444972995"
"DCLRE1A","0.137024707141755"
"DCLRE1B","0.134758819231239"
"DCLRE1C","0.136000767771761"
"DCN","0.137679469082695"
"DCP1A","0.131123418138261"
"DCP1B","0.130939482387022"
"DCP2","0.136891705902595"
"DCPS","0.132600444972995"
"DCST1","0.137491982850404"
"DCST2","0.134149880504999"
"DCSTAMP","0.136000767771761"
"DCT","0.13779325977655"
"DCTD","0.136834988560775"
"DCTN1","0.137113091345909"
"DCTN1-AS1","0.130294038115033"
"DCTN2","0.13344562703935"
"DCTN3","0.132578181774166"
"DCTN4","0.134149880504999"
"DCTN5","0.134758819231239"
"DCTN6","0.130887119060204"
"DCTPP1","0.132220267991173"
"DCUN1D1","0.13614282180977"
"DCUN1D2","0.137679469082695"
"DCUN1D2-AS","0.134758819231239"
"DCUN1D3","0.132220267991173"
"DCUN1D4","0.130887119060204"
"DCUN1D5","0.130887119060204"
"DCX","0.137679469082695"
"DCXR","0.134149880504999"
"DDA1","0.135276706246939"
"DDAH1","0.13344562703935"
"DDAH2","0.134149880504999"
"DDB1","0.135647877496289"
"DDB2","0.137679469082695"
"DDC","0.129820318831304"
"DDC-AS1","0.13344562703935"
"DDHD1","0.136834988560775"
"DDHD2","0.136525310830419"
"DDI2","0.13614282180977"
"DDIAS","0.132578181774166"
"DDIT3","0.137024707141755"
"DDIT4","0.136834988560775"
"DDIT4L","0.131527881952566"
"DDN","0.136525310830419"
"DDO","0.131466438271134"
"DDOST","0.132220267991173"
"DDR1","0.137491982850404"
"DDR1-AS1","0.130085682609426"
"DDR2","0.135276706246939"
"DDRGK1","0.13220627891393"
"DDT","0.137024707141755"
"DDTL","0.131527881952566"
"DDX1","0.132578181774166"
"DDX10","0.137126001077242"
"DDX11","0.131527881952566"
"DDX11-AS1","0.13779325977655"
"DDX17","0.133251234293407"
"DDX18","0.132552381354916"
"DDX19A","0.132220267991173"
"DDX19B","0.136834988560775"
"DDX20","0.133251234293407"
"DDX21","0.134149880504999"
"DDX23","0.134149880504999"
"DDX24","0.134149880504999"
"DDX25","0.135276706246939"
"DDX26B","0.13614282180977"
"DDX26B-AS1","0.136000767771761"
"DDX27","0.13770876959047"
"DDX28","0.137679469082695"
"DDX31","0.135276706246939"
"DDX39A","0.136525310830419"
"DDX39B","0.132220267991173"
"DDX39B-AS1","0.135812544991334"
"DDX3X","0.13656092784408"
"DDX3Y","0.134758819231239"
"DDX4","0.132578181774166"
"DDX41","0.137580540623081"
"DDX42","0.13614282180977"
"DDX43","0.132220267991173"
"DDX46","0.137925240766477"
"DDX47","0.136525310830419"
"DDX49","0.136525310830419"
"DDX5","0.136577786776989"
"DDX50","0.137679469082695"
"DDX51","0.13779325977655"
"DDX52","0.136834988560775"
"DDX53","0.137491982850404"
"DDX54","0.136520157688819"
"DDX55","0.135708010739205"
"DDX56","0.131508405502864"
"DDX58","0.134758819231239"
"DDX59","0.135730857616093"
"DDX6","0.135812544991334"
"DDX60","0.132578181774166"
"DDX60L","0.134149880504999"
"DEAF1","0.13770876959047"
"DEAR","0.136525310830419"
"DEC1","0.137491982850404"
"DECR1","0.138085368079778"
"DECR2","0.129776185257108"
"DEDD","0.134758819231239"
"DEDD2","0.133251234293407"
"DEF6","0.136525310830419"
"DEF8","0.134149880504999"
"DEFA3","0.137679469082695"
"DEFA4","0.129459818170504"
"DEFA5","0.137942110356282"
"DEFA6","0.134758819231239"
"DEFB1","0.137876239896354"
"DEFB108B","0.134758819231239"
"DEFB118","0.137024707141755"
"DEFB119","0.133251234293407"
"DEFB124","0.135781040229876"
"DEFB126","0.135276706246939"
"DEFB127","0.137679469082695"
"DEFB131","0.134758819231239"
"DEFB132","0.131123418138261"
"DEFB133","0.136525310830419"
"DEFB134","0.134758819231239"
"DEFB135","0.131466438271134"
"DEFB136","0.13614282180977"
"DEFB4A","0.132600444972995"
"DEFB4B","0.13770876959047"
"DEGS1","0.129459818170504"
"DEGS2","0.131466438271134"
"DEK","0.135276706246939"
"DENND1A","0.135346600570144"
"DENND1B","0.135812544991334"
"DENND1C","0.13614282180977"
"DENND2A","0.137024707141755"
"DENND2C","0.132220267991173"
"DENND2D","0.137491982850404"
"DENND3","0.134758819231239"
"DENND4A","0.131466438271134"
"DENND4B","0.13779325977655"
"DENND4C","0.136000767771761"
"DENND5A","0.136000767771761"
"DENND5B","0.133251234293407"
"DENND5B-AS1","0.132578181774166"
"DENND6A","0.135276706246939"
"DENND6A-AS1","0.13779325977655"
"DENND6B","0.137414517087769"
"DENR","0.133251234293407"
"DEPDC1","0.132578181774166"
"DEPDC1-AS1","0.137024707141755"
"DEPDC1B","0.13139965418576"
"DEPDC4","0.132220267991173"
"DEPDC5","0.131527881952566"
"DEPDC7","0.137024707141755"
"DEPTOR","0.132578181774166"
"DERA","0.136503824009716"
"DERL1","0.137024707141755"
"DERL2","0.131466438271134"
"DERL3","0.137491982850404"
"DES","0.132600444972995"
"DESI1","0.135916263983289"
"DESI2","0.135960283290172"
"DET1","0.137113091345909"
"DEXI","0.130085682609426"
"DFFA","0.136517042178914"
"DFFB","0.135276706246939"
"DFNA5","0.134149880504999"
"DFNB31","0.132600444972995"
"DFNB59","0.137108036607138"
"DGAT1","0.132600444972995"
"DGAT2","0.137960135396061"
"DGAT2L6","0.132578181774166"
"DGCR14","0.135623212186325"
"DGCR2","0.137101744878533"
"DGCR5","0.132220267991173"
"DGCR6","0.134758819231239"
"DGCR6L","0.131413191207699"
"DGCR8","0.136000767771761"
"DGCR9","0.137133058346578"
"DGKA","0.134149880504999"
"DGKB","0.135791906238912"
"DGKD","0.13587917951455"
"DGKE","0.134818518576526"
"DGKG","0.136834988560775"
"DGKH","0.135363459503053"
"DGKI","0.134896183794403"
"DGKK","0.133306975790306"
"DGKQ","0.132578181774166"
"DGKZ","0.134758819231239"
"DGUOK","0.133306975790306"
"DGUOK-AS1","0.132771914998241"
"DHCR24","0.135677177729499"
"DHCR7","0.138011761075096"
"DHDDS","0.132220267991173"
"DHDH","0.135276706246939"
"DHFR","0.131998887075822"
"DHFRL1","0.13535137862456"
"DHH","0.135812544991334"
"DHODH","0.137098005772321"
"DHPS","0.136858782460136"
"DHRS1","0.134666759403625"
"DHRS11","0.135917138922629"
"DHRS12","0.134396787483067"
"DHRS13","0.135812544991334"
"DHRS2","0.131466438271134"
"DHRS3","0.13399010740661"
"DHRS4","0.136000767771761"
"DHRS4-AS1","0.136000767771761"
"DHRS4L2","0.135224212815542"
"DHRS7","0.134149880504999"
"DHRS7B","0.139269882526388"
"DHRS7C","0.135680618305158"
"DHRS9","0.134149880504999"
"DHRSX","0.135812544991334"
"DHTKD1","0.132578181774166"
"DHX15","0.136525310830419"
"DHX16","0.136140305027428"
"DHX29","0.137482658085097"
"DHX30","0.13614282180977"
"DHX32","0.135708010739205"
"DHX33","0.136879629154797"
"DHX34","0.135669166831502"
"DHX35","0.131527881952566"
"DHX36","0.132220267991173"
"DHX37","0.135609458686626"
"DHX38","0.135372383877445"
"DHX40","0.134758819231239"
"DHX57","0.135231270084879"
"DHX58","0.137889353018001"
"DHX8","0.134396787483067"
"DHX9","0.133872244424409"
"DIABLO","0.136834988560775"
"DIAPH1","0.136834988560775"
"DIAPH2","0.134758819231239"
"DIAPH2-AS1","0.135276706246939"
"DIAPH3","0.13506463558873"
"DICER1","0.136530931369869"
"DICER1-AS1","0.137887281358399"
"DIDO1","0.136520157688819"
"DIEXF","0.136525310830419"
"DIMT1","0.136525310830419"
"DIO1","0.135413908120319"
"DIO2","0.135908790604723"
"DIO2-AS1","0.133306975790306"
"DIO3","0.134896183794403"
"DIO3OS","0.137658041236395"
"DIP2A","0.132771914998241"
"DIP2B","0.132523801569378"
"DIP2C","0.137410365251064"
"DIRAS1","0.133306975790306"
"DIRAS2","0.135620324695662"
"DIRAS3","0.135925124283826"
"DIRC1","0.135812544991334"
"DIRC2","0.132771914998241"
"DIRC3","0.135221097305638"
"DIRC3-AS1","0.137410365251064"
"DIS3","0.135812544991334"
"DIS3L","0.135372383877445"
"DIS3L2","0.135658994052261"
"DISC1","0.136000767771761"
"DISP1","0.134854659551529"
"DISP2","0.135276706246939"
"DIXDC1","0.136169319604057"
"DKC1","0.135391438038494"
"DKFZP434A062","0.134896183794403"
"DKFZP434I0714","0.13560240141729"
"DKFZP434K028","0.136686634469173"
"DKFZP434L187","0.130887119060204"
"DKFZp779M0652","0.134355328726494"
"DKK1","0.134666759403625"
"DKK2","0.131981651347849"
"DKK3","0.139276985636768"
"DKK4","0.132220267991173"
"DKKL1","0.135680032840538"
"DLAT","0.132771914998241"
"DLC1","0.135481826241405"
"DLD","0.136000767771761"
"DLEC1","0.138018178503903"
"DLEU1","0.135935061724358"
"DLEU1-AS1","0.135374202310521"
"DLEU2","0.13738561663906"
"DLEU7","0.135482662481923"
"DLEU7-AS1","0.136520157688819"
"DLG1","0.134666759403625"
"DLG1-AS1","0.133306975790306"
"DLG2","0.136483852073846"
"DLG3","0.134758819231239"
"DLG3-AS1","0.137788553852812"
"DLG4","0.137024707141755"
"DLG5","0.135413908120319"
"DLGAP1","0.136483852073846"
"DLGAP1-AS1","0.131341224836654"
"DLGAP1-AS2","0.137410365251064"
"DLGAP1-AS3","0.137410365251064"
"DLGAP1-AS4","0.136000767771761"
"DLGAP1-AS5","0.137410365251064"
"DLGAP2","0.138706101253164"
"DLGAP2-AS1","0.137024707141755"
"DLGAP3","0.135812544991334"
"DLGAP4","0.136784819692863"
"DLGAP4-AS1","0.131527881952566"
"DLGAP5","0.135812544991334"
"DLK1","0.132523801569378"
"DLK2","0.12971481742295"
"DLL1","0.134149880504999"
"DLL3","0.136834988560775"
"DLL4","0.138987305807488"
"DLST","0.137024707141755"
"DLX1","0.138085368079778"
"DLX2","0.137923422333401"
"DLX2-AS1","0.136935725209478"
"DLX3","0.137024707141755"
"DLX4","0.135529517889043"
"DLX5","0.136483852073846"
"DLX6","0.134758819231239"
"DLX6-AS1","0.13786677074068"
"DMAP1","0.137658041236395"
"DMBT1","0.132600444972995"
"DMBX1","0.137510559995733"
"DMC1","0.13730473396656"
"DMD","0.135812544991334"
"DMGDH","0.137410365251064"
"DMKN","0.138706310124341"
"DMP1","0.137429399299794"
"DMPK","0.136831978054916"
"DMRT1","0.136899318717376"
"DMRT2","0.136899318717376"
"DMRT3","0.137960135396061"
"DMRTA1","0.13928152363051"
"DMRTA2","0.137336034644413"
"DMRTC1","0.136000767771761"
"DMRTC2","0.133306975790306"
"DMTF1","0.136819076650338"
"DMTN","0.138145099230706"
"DMWD","0.135935061724358"
"DMXL1","0.139960958390734"
"DMXL2","0.131466438271134"
"DNA2","0.137024707141755"
"DNAAF1","0.135989014018555"
"DNAAF2","0.135276706246939"
"DNAAF3","0.137410365251064"
"DNAAF5","0.137410365251064"
"DNAH1","0.136000767771761"
"DNAH10","0.137960135396061"
"DNAH10OS","0.136899318717376"
"DNAH11","0.132578181774166"
"DNAH12","0.132523801569378"
"DNAH14","0.131466438271134"
"DNAH17","0.136831978054916"
"DNAH2","0.135276706246939"
"DNAH3","0.135812544991334"
"DNAH5","0.136000767771761"
"DNAH6","0.137960135396061"
"DNAH7","0.136911339884182"
"DNAH8","0.130761310937499"
"DNAH9","0.136188373765107"
"DNAI1","0.135276706246939"
"DNAI2","0.135812544991334"
"DNAJA1","0.134758819231239"
"DNAJA2","0.135691391986207"
"DNAJA3","0.136483852073846"
"DNAJA4","0.13786677074068"
"DNAJB1","0.136185137436172"
"DNAJB11","0.13751139623625"
"DNAJB12","0.132578181774166"
"DNAJB13","0.131123418138261"
"DNAJB14","0.136483852073846"
"DNAJB2","0.137788553852812"
"DNAJB4","0.137542431467671"
"DNAJB5","0.137542431467671"
"DNAJB5-AS1","0.137788553852812"
"DNAJB6","0.135812544991334"
"DNAJB7","0.137944496659389"
"DNAJB8","0.136831978054916"
"DNAJB8-AS1","0.136483852073846"
"DNAJB9","0.137024707141755"
"DNAJC1","0.134758819231239"
"DNAJC10","0.137410365251064"
"DNAJC11","0.137542431467671"
"DNAJC12","0.138339367194283"
"DNAJC13","0.135276706246939"
"DNAJC14","0.136000767771761"
"DNAJC15","0.138763730341334"
"DNAJC16","0.136483852073846"
"DNAJC17","0.134149880504999"
"DNAJC18","0.138339367194283"
"DNAJC19","0.136000767771761"
"DNAJC2","0.139365965134064"
"DNAJC21","0.134295224385228"
"DNAJC22","0.136898399787407"
"DNAJC24","0.136483852073846"
"DNAJC25","0.135831612048709"
"DNAJC25-GNG10","0.137960135396061"
"DNAJC27","0.137322712305294"
"DNAJC27-AS1","0.137658041236395"
"DNAJC28","0.136899318717376"
"DNAJC3","0.136000767771761"
"DNAJC3-AS1","0.134896183794403"
"DNAJC30","0.136899318717376"
"DNAJC4","0.13751139623625"
"DNAJC5","0.135791906238912"
"DNAJC5B","0.137658041236395"
"DNAJC5G","0.136000767771761"
"DNAJC6","0.136899767498536"
"DNAJC7","0.137024707141755"
"DNAJC8","0.135276706246939"
"DNAJC9","0.13680139893919"
"DNAJC9-AS1","0.139296536892262"
"DNAL1","0.136879629154797"
"DNAL4","0.136483852073846"
"DNALI1","0.138165380927637"
"DNASE1","0.136000767771761"
"DNASE1L1","0.137024707141755"
"DNASE1L2","0.136834988560775"
"DNASE1L3","0.135774228527763"
"DNASE2","0.135935061724358"
"DNASE2B","0.138697240952627"
"DND1","0.136831978054916"
"DNER","0.135601602712693"
"DNHD1","0.135612338857822"
"DNLZ","0.134856477984605"
"DNM1","0.132767669463691"
"DNM1L","0.135612338857822"
"DNM1P35","0.132523801569378"
"DNM2","0.136000767771761"
"DNM3","0.136899318717376"
"DNM3OS","0.136538080967191"
"DNMBP","0.136899318717376"
"DNMBP-AS1","0.135812544991334"
"DNMT1","0.13815222562908"
"DNMT3A","0.13748027259511"
"DNMT3B","0.135391438038494"
"DNMT3L","0.139170340855633"
"DNPEP","0.135221097305638"
"DNPH1","0.131341224836654"
"DNTT","0.136831978054916"
"DNTTIP1","0.137788553852812"
"DNTTIP2","0.136163988439811"
"DOC2A","0.135912214552493"
"DOC2B","0.134531108692471"
"DOCK1","0.137890983809002"
"DOCK10","0.138686065123458"
"DOCK11","0.13592536985105"
"DOCK2","0.13801872167508"
"DOCK3","0.132127161384327"
"DOCK4","0.137335918081052"
"DOCK4-AS1","0.137658041236395"
"DOCK5","0.135812544991334"
"DOCK6","0.137788553852812"
"DOCK7","0.13928152363051"
"DOCK8","0.137890983809002"
"DOCK9","0.135784756641589"
"DOCK9-AS2","0.136483852073846"
"DOHH","0.136918489481505"
"DOK1","0.136483852073846"
"DOK2","0.139156038894456"
"DOK3","0.137580540623081"
"DOK4","0.135935897964876"
"DOK5","0.136899318717376"
"DOK6","0.138164336655816"
"DOK7","0.135602646984514"
"DOLK","0.136899318717376"
"DOLPP1","0.138181240205709"
"DONSON","0.136483852073846"
"DOPEY1","0.137011695371404"
"DOPEY2","0.136831978054916"
"DOT1L","0.136780803411875"
"DPAGT1","0.137323807054316"
"DPCD","0.135276706246939"
"DPCR1","0.134531108692471"
"DPEP1","0.138256075590136"
"DPEP2","0.136899318717376"
"DPEP3","0.134819139660793"
"DPF1","0.137413760563122"
"DPF2","0.137905786412342"
"DPF3","0.137024707141755"
"DPH1","0.137542431467671"
"DPH2","0.137542431467671"
"DPH3","0.136899318717376"
"DPH5","0.137542431467671"
"DPH6","0.136483852073846"
"DPH6-AS1","0.138339367194283"
"DPH7","0.136813532481732"
"DPM1","0.134330841793662"
"DPM2","0.129820318831304"
"DPM3","0.134819139660793"
"DPP10","0.137788553852812"
"DPP10-AS1","0.135812544991334"
"DPP3","0.132767669463691"
"DPP4","0.132767669463691"
"DPP6","0.135276706246939"
"DPP7","0.136879629154797"
"DPP8","0.135812544991334"
"DPP9","0.136368582621109"
"DPP9-AS1","0.135812544991334"
"DPPA2","0.135754224234236"
"DPPA3","0.137257817756545"
"DPPA4","0.13387521454612"
"DPPA5","0.135236591925309"
"DPRX","0.136899318717376"
"DPT","0.134330841793662"
"DPY19L1","0.133306975790306"
"DPY19L2","0.136507247957486"
"DPY19L3","0.136153460325985"
"DPY19L4","0.137542431467671"
"DPY30","0.13611171609808"
"DPYD","0.134757235653332"
"DPYD-AS1","0.136880216243042"
"DPYD-AS2","0.135774917161226"
"DPYS","0.135812544991334"
"DPYSL2","0.135818943433748"
"DPYSL3","0.134731089560227"
"DPYSL4","0.135610157035406"
"DPYSL5","0.12971481742295"
"DQX1","0.131466438271134"
"DR1","0.133309282195386"
"DRAIC","0.134855127643591"
"DRAM1","0.135372851969507"
"DRAM2","0.132578181774166"
"DRAP1","0.137751943269952"
"DRAXIN","0.137542431467671"
"DRC1","0.136368582621109"
"DRC3","0.135600870341527"
"DRC7","0.134899153916114"
"DRD1","0.134433010744912"
"DRD2","0.135515958172351"
"DRD3","0.137542431467671"
"DRD4","0.136831978054916"
"DRD5","0.136598043406425"
"DRG1","0.135743616483373"
"DRG2","0.135374202310521"
"DRGX","0.136884232524029"
"DRICH1","0.137944496659389"
"DROSHA","0.133773255742444"
"DRP2","0.136000767771761"
"DSC1","0.133306975790306"
"DSC2","0.135276706246939"
"DSC3","0.137410365251064"
"DSCAM","0.133773255742444"
"DSCAM-AS1","0.136598043406425"
"DSCAML1","0.137024707141755"
"DSCAS","0.132767669463691"
"DSCC1","0.132409092967693"
"DSCR3","0.135578169944197"
"DSCR4","0.133306975790306"
"DSCR8","0.133613482644055"
"DSCR9","0.136598043406425"
"DSE","0.133773255742444"
"DSEL","0.135812544991334"
"DSG1","0.134645028358299"
"DSG1-AS1","0.133773255742444"
"DSG2","0.130813674264316"
"DSG2-AS1","0.129820318831304"
"DSG3","0.138637757426187"
"DSG4","0.132452960273952"
"DSN1","0.134424270080669"
"DSP","0.134819139660793"
"DSPP","0.136152417497666"
"DST","0.134433010744912"
"DSTN","0.135766099841984"
"DSTYK","0.133306975790306"
"DTD1","0.135240785752901"
"DTD2","0.132452960273952"
"DTHD1","0.136831978054916"
"DTL","0.129776185257108"
"DTNA","0.132578181774166"
"DTNB","0.131341224836654"
"DTNBP1","0.132525988223486"
"DTWD1","0.13526828218702"
"DTWD2","0.137658041236395"
"DTX1","0.134819139660793"
"DTX2","0.136538080967191"
"DTX3","0.13526828218702"
"DTX3L","0.137410365251064"
"DTX4","0.136598043406425"
"DTYMK","0.136899318717376"
"DUBR","0.135515958172351"
"DUOX1","0.129820318831304"
"DUOX2","0.13526828218702"
"DUOXA1","0.137353289723007"
"DUOXA2","0.136831978054916"
"DUPD1","0.136831978054916"
"DUS1L","0.133306975790306"
"DUS2","0.135818943433748"
"DUS3L","0.136831978054916"
"DUS4L","0.135985723493707"
"DUSP1","0.137542431467671"
"DUSP10","0.136598043406425"
"DUSP11","0.135766099841984"
"DUSP12","0.136000767771761"
"DUSP13","0.132554568009024"
"DUSP14","0.132127161384327"
"DUSP15","0.136899318717376"
"DUSP16","0.137024707141755"
"DUSP18","0.135374202310521"
"DUSP19","0.13526828218702"
"DUSP2","0.137539810192711"
"DUSP21","0.132409092967693"
"DUSP22","0.137788553852812"
"DUSP23","0.138165380927637"
"DUSP26","0.136532536798585"
"DUSP27","0.132578181774166"
"DUSP28","0.132525988223486"
"DUSP3","0.137380786157126"
"DUSP4","0.139172412515235"
"DUSP5","0.139356860964497"
"DUSP6","0.137580540623081"
"DUSP7","0.136000767771761"
"DUSP8","0.132525988223486"
"DUSP9","0.138339367194283"
"DUT","0.136598043406425"
"DUX4","0.135812544991334"
"DUXA","0.131598317304686"
"DVL1","0.136361019537788"
"DVL2","0.136361019537788"
"DVL3","0.132578181774166"
"DXO","0.135682274673598"
"DYDC1","0.134819139660793"
"DYDC2","0.135276706246939"
"DYM","0.135276706246939"
"DYNAP","0.136598043406425"
"DYNC1H1","0.137024707141755"
"DYNC1I1","0.136361019537788"
"DYNC1I2","0.135276706246939"
"DYNC1LI1","0.132452960273952"
"DYNC1LI2","0.136532536798585"
"DYNC2H1","0.137944496659389"
"DYNC2LI1","0.136598043406425"
"DYNLL1","0.136917139140491"
"DYNLL2","0.136301241958649"
"DYNLRB1","0.132409092967693"
"DYNLRB2","0.136361019537788"
"DYNLT1","0.136598043406425"
"DYNLT3","0.136598043406425"
"DYRK1A","0.136627830307523"
"DYRK1B","0.137658041236395"
"DYRK2","0.137655659286108"
"DYRK3","0.136917139140491"
"DYRK4","0.132452960273952"
"DYSF","0.137542431467671"
"DYTN","0.136918489481505"
"DYX1C1","0.136900811770357"
"DZANK1","0.136627830307523"
"DZIP1","0.132767669463691"
"DZIP1L","0.132767669463691"
"DZIP3","0.137944496659389"
"E2F1","0.132578181774166"
"E2F2","0.136361019537788"
"E2F3","0.137658041236395"
"E2F4","0.132767669463691"
"E2F5","0.13954579338847"
"E2F6","0.1365807568987"
"E2F7","0.136598043406425"
"E2F8","0.135812544991334"
"E4F1","0.136519360427724"
"EAF1","0.136627830307523"
"EAF1-AS1","0.137024707141755"
"EAF2","0.134819139660793"
"EAPP","0.136899318717376"
"EARS2","0.133613482644055"
"EBAG9","0.137127305140128"
"EBF1","0.132578181774166"
"EBF2","0.135812544991334"
"EBF3","0.135276706246939"
"EBF4","0.138043223441012"
"EBI3","0.136899318717376"
"EBLN2","0.137788553852812"
"EBLN3","0.136000767771761"
"EBNA1BP2","0.133613482644055"
"EBP","0.137539810192711"
"EBPL","0.134433010744912"
"ECD","0.136361019537788"
"ECE1","0.136361019537788"
"ECE2","0.137410365251064"
"ECEL1","0.137410365251064"
"ECH1","0.133613482644055"
"ECHDC1","0.137944496659389"
"ECHDC2","0.136361019537788"
"ECHDC3","0.137024707141755"
"ECHS1","0.137024707141755"
"ECI1","0.137542431467671"
"ECI2","0.136538080967191"
"ECM1","0.136789164268082"
"ECM2","0.132452960273952"
"ECSCR","0.132578181774166"
"ECSIT","0.137127305140128"
"ECT2","0.137788553852812"
"ECT2L","0.137944496659389"
"EDA","0.136763018174977"
"EDA2R","0.136000767771761"
"EDAR","0.135944176117465"
"EDARADD","0.137542431467671"
"EDC3","0.137542431467671"
"EDC4","0.136564571573663"
"EDDM3A","0.13816360428465"
"EDDM3B","0.137658041236395"
"EDEM1","0.134433010744912"
"EDEM2","0.137024707141755"
"EDEM3","0.138706310124341"
"EDF1","0.138339367194283"
"EDIL3","0.137403710324425"
"EDN1","0.134840377897035"
"EDN2","0.137658041236395"
"EDN3","0.136899318717376"
"EDNRA","0.133613482644055"
"EDNRB","0.137542431467671"
"EDNRB-AS1","0.13616978769612"
"EDRF1","0.136899318717376"
"EDRF1-AS1","0.135276706246939"
"EEA1","0.1368876564718"
"EED","0.137024707141755"
"EEF1A1","0.139165734701191"
"EEF1A2","0.135276706246939"
"EEF1B2","0.139170027025249"
"EEF1D","0.137420240162829"
"EEF1E1","0.138987305807488"
"EEF1E1-BLOC1S5","0.136899318717376"
"EEF1G","0.137658041236395"
"EEF2","0.134840377897035"
"EEF2K","0.137751943269952"
"EEF2KMT","0.136564571573663"
"EEFSEC","0.137658041236395"
"EEPD1","0.138861461049523"
"EFCAB1","0.137808631098016"
"EFCAB10","0.137658041236395"
"EFCAB11","0.137024707141755"
"EFCAB12","0.137410365251064"
"EFCAB13","0.136886332088885"
"EFCAB14","0.132578181774166"
"EFCAB14-AS1","0.137658041236395"
"EFCAB2","0.131466438271134"
"EFCAB3","0.136627830307523"
"EFCAB5","0.135812544991334"
"EFCAB6","0.134840377897035"
"EFCAB6-AS1","0.138161015370782"
"EFCAB7","0.137655659286108"
"EFCAB8","0.137948657728664"
"EFCAB9","0.137538993246839"
"EFCC1","0.136536730626177"
"EFEMP1","0.137423093701181"
"EFEMP2","0.136831978054916"
"EFHB","0.136850018335524"
"EFHC1","0.136361019537788"
"EFHC2","0.135985723493707"
"EFHD1","0.137944496659389"
"EFHD2","0.137104354132914"
"EFNA1","0.136564571573663"
"EFNA2","0.137788553852812"
"EFNA3","0.137024707141755"
"EFNA4","0.138111276719348"
"EFNA5","0.136912945312899"
"EFNB1","0.138140377004565"
"EFNB2","0.137024707141755"
"EFNB3","0.135770723333634"
"EFR3A","0.136627830307523"
"EFR3B","0.138649060415347"
"EFS","0.137623647469283"
"EFTUD1","0.134433010744912"
"EFTUD2","0.137024707141755"
"EGF","0.138669372518956"
"EGFL6","0.137658041236395"
"EGFL7","0.136000767771761"
"EGFL8","0.137658041236395"
"EGFLAM","0.137257817756545"
"EGFLAM-AS1","0.136831978054916"
"EGFLAM-AS4","0.136831978054916"
"EGFR","0.13686018599578"
"EGFR-AS1","0.134840377897035"
"EGLN1","0.135985723493707"
"EGLN2","0.137423093701181"
"EGLN3","0.136899318717376"
"EGLN3-AS1","0.137788553852812"
"EGOT","0.136805694106485"
"EGR1","0.137403710324425"
"EGR2","0.137104354132914"
"EGR3","0.138111276719348"
"EGR4","0.136917139140491"
"EHBP1","0.137557914205833"
"EHBP1L1","0.136831978054916"
"EHD1","0.136831978054916"
"EHD2","0.135276706246939"
"EHD3","0.134433010744912"
"EHD4","0.136361019537788"
"EHD4-AS1","0.137658677349041"
"EHF","0.137658041236395"
"EHHADH","0.137024707141755"
"EHMT1","0.136899318717376"
"EHMT2","0.137403710324425"
"EHMT2-AS1","0.135802413595345"
"EI24","0.136831978054916"
"EID1","0.136899035127369"
"EID2","0.137944496659389"
"EID2B","0.139028415152929"
"EID3","0.136850018335524"
"EIF1","0.136000767771761"
"EIF1AD","0.136899318717376"
"EIF1AX","0.135276706246939"
"EIF1AY","0.135943047562199"
"EIF1B","0.136564571573663"
"EIF2A","0.137257817756545"
"EIF2AK1","0.136564227060296"
"EIF2AK2","0.136648626178991"
"EIF2AK3","0.137542431467671"
"EIF2AK4","0.137658041236395"
"EIF2B1","0.137257817756545"
"EIF2B2","0.139276985636768"
"EIF2B3","0.138297622966377"
"EIF2B4","0.138339367194283"
"EIF2B5","0.137691973039468"
"EIF2B5-AS1","0.138339367194283"
"EIF2D","0.136763018174977"
"EIF2S1","0.139716186645467"
"EIF2S2","0.135532488010754"
"EIF2S3","0.135812544991334"
"EIF2S3L","0.134840377897035"
"EIF3A","0.136627830307523"
"EIF3B","0.13766447660535"
"EIF3C","0.138111276719348"
"EIF3CL","0.134840377897035"
"EIF3D","0.139295804521095"
"EIF3E","0.13686018599578"
"EIF3F","0.137024707141755"
"EIF3G","0.139418999625106"
"EIF3H","0.137788553852812"
"EIF3I","0.136908321821249"
"EIF3J","0.138111276719348"
"EIF3J-AS1","0.137104354132914"
"EIF3K","0.137944496659389"
"EIF3L","0.135774917161226"
"EIF3M","0.137104354132914"
"EIF4A1","0.137557914205833"
"EIF4A2","0.138774179404632"
"EIF4A3","0.13616978769612"
"EIF4B","0.13674429763551"
"EIF4E","0.137658041236395"
"EIF4E1B","0.138111276719348"
"EIF4E2","0.13643551095267"
"EIF4E3","0.136588272536334"
"EIF4EBP1","0.136908321821249"
"EIF4EBP2","0.136564571573663"
"EIF4EBP3","0.137944496659389"
"EIF4ENIF1","0.136361019537788"
"EIF4G1","0.137423093701181"
"EIF4G2","0.136361019537788"
"EIF4G3","0.139015057292203"
"EIF4H","0.136361019537788"
"EIF5","0.13616978769612"
"EIF5A","0.137104354132914"
"EIF5A2","0.136854641827174"
"EIF5AL1","0.137542431467671"
"EIF5B","0.137358843691853"
"EIF6","0.138111276719348"
"ELAC1","0.136899768942038"
"ELAC2","0.135985723493707"
"ELANE","0.137023703639802"
"ELAVL1","0.136479537225192"
"ELAVL2","0.137423093701181"
"ELAVL3","0.136854641827174"
"ELAVL4","0.136853036398457"
"ELDR","0.137960962485477"
"ELF1","0.136627830307523"
"ELF2","0.13674429763551"
"ELF3","0.137423093701181"
"ELF4","0.135276706246939"
"ELF5","0.135932879901943"
"ELFN1","0.137646372592228"
"ELFN1-AS1","0.136171138037134"
"ELFN2","0.137023703639802"
"ELK1","0.136831978054916"
"ELK3","0.137339604823241"
"ELK4","0.135944176117465"
"ELL","0.136429711696361"
"ELL2","0.137788553852812"
"ELL3","0.132779473606309"
"ELMO1","0.132407990296284"
"ELMO1-AS1","0.137023703639802"
"ELMO2","0.137658041236395"
"ELMO3","0.136361019537788"
"ELMOD1","0.138669137132726"
"ELMOD2","0.138605090450833"
"ELMOD3","0.137658041236395"
"ELMSAN1","0.137660282777758"
"ELN","0.135375975932786"
"ELOF1","0.136911339884182"
"ELOVL1","0.137658041236395"
"ELOVL2","0.136840496255415"
"ELOVL3","0.137944496659389"
"ELOVL4","0.134682587470709"
"ELOVL5","0.137023703639802"
"ELOVL6","0.139415453886129"
"ELOVL7","0.138605090450833"
"ELP2","0.132779473606309"
"ELP3","0.137658041236395"
"ELP4","0.138111276719348"
"ELP5","0.136831978054916"
"ELP6","0.136604599906468"
"ELSPBP1","0.138859684406536"
"EMB","0.137553720378241"
"EMC1","0.136483852073846"
"EMC10","0.137658041236395"
"EMC2","0.133613482644055"
"EMC3","0.13766447660535"
"EMC4","0.135276706246939"
"EMC6","0.136917139140491"
"EMC7","0.131466438271134"
"EMC8","0.137423093701181"
"EMC9","0.137023703639802"
"EMCN","0.138059550811147"
"EMD","0.137788553852812"
"EME1","0.139375071001825"
"EME2","0.135276706246939"
"EMG1","0.137788553852812"
"EMID1","0.136755868577654"
"EMILIN1","0.135620324695662"
"EMILIN2","0.136000767771761"
"EMILIN3","0.138605090450833"
"EML1","0.138931247332126"
"EML2","0.138059550811147"
"EML3","0.137542431467671"
"EML4","0.138053751554838"
"EML5","0.139028415152929"
"EML6","0.137423093701181"
"EMP1","0.136789164268082"
"EMP2","0.13930180532744"
"EMP3","0.139028415152929"
"EMSY","0.137104354132914"
"EMX1","0.136564571573663"
"EMX2","0.138111276719348"
"EMX2OS","0.138931247332126"
"EN1","0.13816032220361"
"EN2","0.139276985636768"
"ENAH","0.137658041236395"
"ENAM","0.137944496659389"
"ENC1","0.137370414633998"
"ENDOD1","0.137423093701181"
"ENDOG","0.138165380927637"
"ENDOU","0.138687476532077"
"ENDOV","0.138856402325495"
"ENG","0.138111276719348"
"ENGASE","0.138628711585823"
"ENHO","0.138931247332126"
"ENKD1","0.137658041236395"
"ENKUR","0.13737756423132"
"ENO1","0.139001851516446"
"ENO1-AS1","0.139305091214975"
"ENO2","0.137552114949524"
"ENO3","0.13588952799632"
"ENO4","0.137994258175904"
"ENOPH1","0.139296538335764"
"ENOSF1","0.137788553852812"
"ENOX1","0.136564571573663"
"ENOX1-AS1","0.140857056030241"
"ENOX1-AS2","0.138774179404632"
"ENOX2","0.13954579338847"
"ENPEP","0.13930180532744"
"ENPP1","0.138043223441012"
"ENPP2","0.137957944422544"
"ENPP3","0.138931247332126"
"ENPP4","0.139360635311198"
"ENPP5","0.139572263949087"
"ENPP6","0.138774179404632"
"ENPP7","0.139015057292203"
"ENSA","0.137658041236395"
"ENTHD1","0.139234446356817"
"ENTHD2","0.139823030328788"
"ENTPD1","0.138931247332126"
"ENTPD1-AS1","0.137559264546847"
"ENTPD2","0.138339367194283"
"ENTPD3","0.141196401590043"
"ENTPD3-AS1","0.134819139660793"
"ENTPD4","0.138605090450833"
"ENTPD5","0.138774179404632"
"ENTPD6","0.139349206621896"
"ENTPD7","0.139353607652571"
"ENTPD8","0.137549096886591"
"ENY2","0.139353607652571"
"EOGT","0.137643090511188"
"EOMES","0.13686018599578"
"EP300","0.138897507440957"
"EP300-AS1","0.138069729343106"
"EP400","0.13954579338847"
"EP400NL","0.137370414633998"
"EPAS1","0.137957944422544"
"EPB41","0.136757474006371"
"EPB41L1","0.136361019537788"
"EPB41L2","0.138605090450833"
"EPB41L3","0.13694463557461"
"EPB41L4A","0.137788553852812"
"EPB41L4A-AS1","0.137423093701181"
"EPB41L4A-AS2","0.137960962485477"
"EPB41L4B","0.135944176117465"
"EPB41L5","0.137423093701181"
"EPB42","0.135276706246939"
"EPC1","0.136429711696361"
"EPC2","0.137423093701181"
"EPCAM","0.136170282685228"
"EPDR1","0.137540544007379"
"EPG5","0.137346731221615"
"EPGN","0.137658041236395"
"EPHA1","0.138666090437916"
"EPHA1-AS1","0.137660282777758"
"EPHA10","0.135254009192126"
"EPHA2","0.137104354132914"
"EPHA3","0.13686018599578"
"EPHA4","0.134663748897766"
"EPHA5","0.136361019537788"
"EPHA5-AS1","0.137937279073094"
"EPHA6","0.13593945645298"
"EPHA7","0.139188610523346"
"EPHA8","0.137646372592228"
"EPHB1","0.136763018174977"
"EPHB2","0.136160970376878"
"EPHB3","0.135818943433748"
"EPHB4","0.139279179753535"
"EPHB6","0.137413760563122"
"EPHX1","0.136854641827174"
"EPHX2","0.136000767771761"
"EPHX3","0.139284425865526"
"EPHX4","0.136564571573663"
"EPM2A","0.138648523588038"
"EPM2AIP1","0.136426693633428"
"EPN1","0.13762552366131"
"EPN2","0.13496227106887"
"EPN2-AS1","0.136627830307523"
"EPN3","0.136898799741139"
"EPO","0.136167546927915"
"EPOR","0.137647106406896"
"EPPIN","0.136429711696361"
"EPPIN-WFDC6","0.135969193655303"
"EPPK1","0.135753531067064"
"EPRS","0.137413760563122"
"EPS15","0.138021760091758"
"EPS15L1","0.138022627913698"
"EPS8","0.137358109877185"
"EPS8L1","0.136831978054916"
"EPS8L2","0.136743328434611"
"EPS8L3","0.136361019537788"
"EPSTI1","0.136171138037134"
"EPT1","0.138648523588038"
"EPX","0.13548895672734"
"EPYC","0.132623120797201"
"EQTN","0.138025938279534"
"ERAL1","0.136627830307523"
"ERAP1","0.135932879901943"
"ERAP2","0.136598043406425"
"ERAS","0.137104354132914"
"ERBB2","0.134564967783133"
"ERBB2IP","0.13656767700902"
"ERBB3","0.135616733586443"
"ERBB4","0.136153460325985"
"ERC1","0.134840377897035"
"ERC2","0.13588952799632"
"ERCC1","0.135775412150334"
"ERCC2","0.136355692785308"
"ERCC3","0.136361019537788"
"ERCC4","0.136436861293684"
"ERCC5","0.137023703639802"
"ERCC6","0.135675952610572"
"ERCC6-PGBD3","0.13588952799632"
"ERCC6L","0.135772676393021"
"ERCC6L2","0.136151448296768"
"ERCC8","0.135367052713199"
"EREG","0.136598043406425"
"ERF","0.137626685885961"
"ERG","0.139710588659481"
"ERGIC1","0.136840731641644"
"ERGIC2","0.136732185165272"
"ERGIC3","0.138648523588038"
"ERH","0.134564967783133"
"ERI1","0.136463007386789"
"ERI2","0.136600406078876"
"ERI3","0.137423093701181"
"ERICD","0.134930580807159"
"ERICH1","0.13496227106887"
"ERICH1-AS1","0.135249320375426"
"ERICH2","0.135927646279062"
"ERICH3","0.135616733586443"
"ERICH3-AS1","0.135373455387786"
"ERICH4","0.136361019537788"
"ERICH5","0.135646470788767"
"ERICH6","0.134271295808355"
"ERICH6-AS1","0.134439018348022"
"ERICH6B","0.13588952799632"
"ERLEC1","0.136152417497666"
"ERLIN1","0.136732185165272"
"ERLIN2","0.134682587470709"
"ERMAP","0.13588952799632"
"ERMARD","0.134881620575757"
"ERMN","0.135532488010754"
"ERMP1","0.135775520579505"
"ERN1","0.137542431467671"
"ERN2","0.135356524599373"
"ERO1A","0.134456010041155"
"ERO1B","0.136586495893347"
"ERP27","0.13588952799632"
"ERP29","0.137423093701181"
"ERP44","0.139284425865526"
"ERRFI1","0.135276706246939"
"ERV3-1","0.138339367194283"
"ERVFRD-1","0.137944496659389"
"ERVH-1","0.135627489341689"
"ERVH48-1","0.135283386804793"
"ERVK-28","0.137367396571064"
"ERVK3-1","0.1368876564718"
"ERVMER34-1","0.135637925579633"
"ERVMER61-1","0.136648626178991"
"ERVV-1","0.13588952799632"
"ERVV-2","0.136125802700009"
"ERVW-1","0.135262029190059"
"ESAM","0.136564571573663"
"ESCO1","0.135381366956548"
"ESCO2","0.136987127607051"
"ESD","0.137658041236395"
"ESF1","0.136840731641644"
"ESM1","0.13588952799632"
"ESPL1","0.137017028688253"
"ESPN","0.134682587470709"
"ESPNL","0.139568085761312"
"ESR1","0.136361019537788"
"ESR2","0.137536528111671"
"ESRP1","0.135812544991334"
"ESRP2","0.135637925579633"
"ESRRA","0.13588952799632"
"ESRRB","0.137542431467671"
"ESRRG","0.138141874507816"
"ESX1","0.136097094211257"
"ESYT1","0.136586495893347"
"ESYT2","0.136429711696361"
"ESYT3","0.135254117621297"
"ETAA1","0.135364034650266"
"ETF1","0.136831978054916"
"ETFA","0.139157426650494"
"ETFB","0.136770182821004"
"ETFDH","0.136854641827174"
"ETHE1","0.135532488010754"
"ETNK1","0.1369749011696"
"ETNK2","0.137384166138839"
"ETNPPL","0.135627489341689"
"ETS1","0.136841465456313"
"ETS2","0.136911339884182"
"ETV1","0.13691774255877"
"ETV2","0.136831978054916"
"ETV3","0.136213813968642"
"ETV3L","0.135518334340007"
"ETV4","0.136167546927915"
"ETV5","0.136586260507117"
"ETV6","0.13529754047554"
"ETV7","0.137542431467671"
"EVA1A","0.137104354132914"
"EVA1B","0.136199660297895"
"EVA1C","0.137257817756545"
"EVC","0.137023703639802"
"EVC2","0.137913195981537"
"EVI2A","0.136465383554445"
"EVI2B","0.136752850514721"
"EVI5","0.137423093701181"
"EVI5L","0.13656680918708"
"EVL","0.134862639128679"
"EVPL","0.136971590803764"
"EVPLL","0.137384166138839"
"EVX1","0.136000767771761"
"EWSAT1","0.139153906300554"
"EWSR1","0.135133353913198"
"EXD1","0.135518334340007"
"EXD2","0.136755868577654"
"EXD3","0.136163988439811"
"EXO1","0.136444025939711"
"EXO5","0.13588952799632"
"EXOC1","0.138139516382527"
"EXOC2","0.135359192453428"
"EXOC3","0.135367052713199"
"EXOC3-AS1","0.137619599573166"
"EXOC3L1","0.134192043457903"
"EXOC3L2","0.137346731221615"
"EXOC3L4","0.135402724571283"
"EXOC4","0.135262029190059"
"EXOC5","0.136627830307523"
"EXOC6","0.137627553707901"
"EXOC6B","0.135783432148267"
"EXOC7","0.136588272536334"
"EXOC8","0.139153400953303"
"EXOG","0.135619577772927"
"EXOSC1","0.136605203324747"
"EXOSC10","0.137788553852812"
"EXOSC2","0.136000767771761"
"EXOSC3","0.137540544007379"
"EXOSC4","0.137023703639802"
"EXOSC5","0.135775520579505"
"EXOSC6","0.137643090511188"
"EXOSC7","0.137553720378241"
"EXOSC8","0.137023703639802"
"EXOSC9","0.137960962485477"
"EXPH5","0.137788553852812"
"EXT1","0.140090109402152"
"EXT2","0.135359192453428"
"EXTL1","0.137363317207921"
"EXTL2","0.13588952799632"
"EXTL3","0.136418140754216"
"EXTL3-AS1","0.135359192453428"
"EYA1","0.136564571573663"
"EYA2","0.141309160014941"
"EYA3","0.135402724571283"
"EYA4","0.137696255402487"
"EYS","0.139372747781436"
"EZH1","0.135832500027992"
"EZH2","0.136627830307523"
"EZR","0.137658041236395"
"EZR-AS1","0.135938012055355"
"F10","0.137384166138839"
"F10-AS1","0.13740287357024"
"F11","0.136168257071407"
"F11-AS1","0.136755868577654"
"F11R","0.137104354132914"
"F12","0.139423408020863"
"F13A1","0.134682587470709"
"F13B","0.136000767771761"
"F2","0.136900811770357"
"F2R","0.133101715668159"
"F2RL1","0.136854641827174"
"F2RL2","0.139804887638405"
"F2RL3","0.136856594886561"
"F3","0.136627830307523"
"F5","0.137023703639802"
"F7","0.135662107772466"
"F8","0.136627830307523"
"F8A1","0.136853036398457"
"F8A2","0.137423093701181"
"F8A3","0.137788553852812"
"FA2H","0.136745340463828"
"FAAH","0.136808005328824"
"FAAH2","0.13470553197457"
"FAAP100","0.136564571573663"
"FAAP20","0.138139011035276"
"FAAP24","0.137023703639802"
"FABP1","0.136564571573663"
"FABP12","0.137655659286108"
"FABP2","0.13672805530235"
"FABP3","0.136595782587227"
"FABP4","0.135367052713199"
"FABP5","0.135614780527056"
"FABP6","0.135648846956424"
"FABP7","0.137385942781826"
"FABP9","0.136914898372286"
"FADD","0.134907409014148"
"FADS1","0.136000767771761"
"FADS2","0.135610157035406"
"FADS3","0.138143036732467"
"FADS6","0.137423093701181"
"FAF1","0.136570987374855"
"FAF2","0.136743563820841"
"FAH","0.134599078537271"
"FAHD1","0.136627830307523"
"FAHD2A","0.135943887573513"
"FAHD2B","0.135531595156049"
"FAIM","0.135627489341689"
"FAIM2","0.136853036398457"
"FALEC","0.135359192453428"
"FAM101A","0.135758589791091"
"FAM101B","0.136831978054916"
"FAM102A","0.133039749507206"
"FAM102B","0.137423093701181"
"FAM103A1","0.133773233370666"
"FAM104A","0.136414124858508"
"FAM104B","0.134682587470709"
"FAM105A","0.136627830307523"
"FAM106A","0.135359192453428"
"FAM107A","0.137630864073737"
"FAM107B","0.13659880065016"
"FAM109A","0.135415985387325"
"FAM109B","0.135601604156195"
"FAM110A","0.136000767771761"
"FAM110B","0.137380884057799"
"FAM110C","0.135133353913198"
"FAM110D","0.137393452832719"
"FAM111A","0.135637925579633"
"FAM111B","0.135951272871397"
"FAM114A1","0.136426693633428"
"FAM114A2","0.134271295808355"
"FAM117A","0.135291348187243"
"FAM117B","0.137950434371651"
"FAM118A","0.135426136842017"
"FAM118B","0.134478750733146"
"FAM120A","0.13548426791064"
"FAM120AOS","0.134955274558537"
"FAM120B","0.135405927494312"
"FAM120C","0.135757546962772"
"FAM122A","0.13547964441899"
"FAM122B","0.136883526608878"
"FAM122C","0.134708736051613"
"FAM124A","0.136588272536334"
"FAM124B","0.136492442201867"
"FAM126A","0.13548426791064"
"FAM126B","0.136971590803764"
"FAM127A","0.138648523588038"
"FAM127B","0.135486220970027"
"FAM127C","0.134977908052568"
"FAM129A","0.135531595156049"
"FAM129B","0.135359192453428"
"FAM129C","0.135637925579633"
"FAM131A","0.136603787183592"
"FAM131B","0.135508961662018"
"FAM131C","0.137002714444904"
"FAM132A","0.136495184130006"
"FAM132B","0.13588952799632"
"FAM133A","0.139418514501732"
"FAM133B","0.139418514501732"
"FAM134A","0.136831978054916"
"FAM134B","0.13616665164269"
"FAM134C","0.135426136842017"
"FAM135A","0.136891911179571"
"FAM135B","0.137396470895652"
"FAM136A","0.137423093701181"
"FAM138B","0.136842508284632"
"FAM138C","0.136192950822784"
"FAM138E","0.134682587470709"
"FAM13A","0.136361019537788"
"FAM13A-AS1","0.137023703639802"
"FAM13B","0.136637675431273"
"FAM13C","0.137023703639802"
"FAM149A","0.135405927494312"
"FAM149B1","0.136613114893509"
"FAM150A","0.134887199666443"
"FAM150B","0.136859439073045"
"FAM151A","0.13588952799632"
"FAM151B","0.13621878839386"
"FAM153A","0.135828202033735"
"FAM153B","0.136627830307523"
"FAM153C","0.136831978054916"
"FAM155A","0.129776185257108"
"FAM155B","0.13761497177469"
"FAM156A","0.136163633579757"
"FAM156B","0.137542431467671"
"FAM157B","0.135947446061617"
"FAM157C","0.13761497177469"
"FAM159A","0.136853036398457"
"FAM159B","0.137944496659389"
"FAM160A1","0.135564000706365"
"FAM160A2","0.136575834623119"
"FAM160B1","0.136603787183592"
"FAM160B2","0.135415985387325"
"FAM161A","0.135359192453428"
"FAM161B","0.136492442201867"
"FAM162A","0.136492442201867"
"FAM162B","0.136170210130794"
"FAM163A","0.136831978054916"
"FAM163B","0.133172413338848"
"FAM166A","0.137542431467671"
"FAM166B","0.13588952799632"
"FAM167A","0.135419189464368"
"FAM167B","0.134840377897035"
"FAM168A","0.137086452264894"
"FAM168B","0.134682587470709"
"FAM169A","0.134271295808355"
"FAM170A","0.136361019537788"
"FAM170B","0.137423093701181"
"FAM170B-AS1","0.134907409014148"
"FAM171A1","0.13588952799632"
"FAM171A2","0.137423093701181"
"FAM171B","0.135262029190059"
"FAM172A","0.137260034343016"
"FAM173A","0.135665311849509"
"FAM173B","0.137023703639802"
"FAM174A","0.136627830307523"
"FAM174B","0.13278707701285"
"FAM175A","0.136170210130794"
"FAM175B","0.136978009144445"
"FAM177A1","0.136570315350829"
"FAM177B","0.136911339884182"
"FAM178B","0.135381366956548"
"FAM179A","0.139412130526749"
"FAM179B","0.136495184130006"
"FAM180A","0.13635795472675"
"FAM180B","0.137492471808648"
"FAM181A","0.140841430706365"
"FAM181A-AS1","0.1359502902481"
"FAM181B","0.137023703639802"
"FAM182B","0.136828331097998"
"FAM183A","0.137104354132914"
"FAM183CP","0.136743328434611"
"FAM184A","0.137423093701181"
"FAM184B","0.135637925579633"
"FAM185A","0.137419875941014"
"FAM186A","0.134618342939307"
"FAM186B","0.136987127607051"
"FAM187B","0.136225735771508"
"FAM188A","0.139359230435974"
"FAM188B","0.139351944273353"
"FAM189A1","0.136361019537788"
"FAM189A2","0.136602359138264"
"FAM189B","0.136627830307523"
"FAM192A","0.136899768942038"
"FAM193A","0.136892653725729"
"FAM193B","0.136896212213833"
"FAM195A","0.136762271252242"
"FAM195B","0.135405927494312"
"FAM196A","0.137423093701181"
"FAM196B","0.134682587470709"
"FAM198A","0.136899768942038"
"FAM198B","0.135274014126804"
"FAM199X","0.136431317125078"
"FAM19A1","0.136492442201867"
"FAM19A2","0.137023703639802"
"FAM19A3","0.135770723333634"
"FAM19A4","0.136853036398457"
"FAM19A5","0.136757474006371"
"FAM200A","0.137151775822223"
"FAM200B","0.136361019537788"
"FAM201A","0.136912945312899"
"FAM204A","0.136170210130794"
"FAM205A","0.135637925579633"
"FAM205C","0.135619577772927"
"FAM206A","0.136613114893509"
"FAM207A","0.135491729771388"
"FAM208A","0.135564000706365"
"FAM208B","0.136433270184465"
"FAM209A","0.139158294472434"
"FAM209B","0.135928639377366"
"FAM20A","0.136999696381971"
"FAM20B","0.13588952799632"
"FAM20C","0.137626685885961"
"FAM210A","0.136752850514721"
"FAM210B","0.136971590803764"
"FAM212A","0.136627830307523"
"FAM212B","0.136605203324747"
"FAM212B-AS1","0.136429711696361"
"FAM213A","0.135943887573513"
"FAM213B","0.136418140754216"
"FAM214A","0.13588952799632"
"FAM214B","0.134887199666443"
"FAM215A","0.136361019537788"
"FAM215B","0.137104354132914"
"FAM216A","0.135807992686031"
"FAM216B","0.134618342939307"
"FAM217B","0.134454020725175"
"FAM218A","0.137539810192711"
"FAM219A","0.135087836516503"
"FAM219B","0.136820820777328"
"FAM21A","0.136000767771761"
"FAM21C","0.135491729771388"
"FAM220A","0.138615665582491"
"FAM221A","0.136456010876456"
"FAM221B","0.136757474006371"
"FAM222A","0.13761497177469"
"FAM222A-AS1","0.136444025939711"
"FAM222B","0.139575127222326"
"FAM223A","0.136992186331078"
"FAM223B","0.136000767771761"
"FAM224A","0.135557053328717"
"FAM224B","0.137151775822223"
"FAM225A","0.136361019537788"
"FAM225B","0.136963476635352"
"FAM227A","0.137013911957875"
"FAM227B","0.137410365251064"
"FAM228A","0.137104354132914"
"FAM228B","0.134981112129612"
"FAM229A","0.135821254656087"
"FAM229B","0.136000767771761"
"FAM230A","0.137539810192711"
"FAM231D","0.139383935736433"
"FAM234A","0.13437362807077"
"FAM234B","0.13761497177469"
"FAM24A","0.13621878839386"
"FAM24B","0.136570315350829"
"FAM25A","0.137104354132914"
"FAM25G","0.137006272933008"
"FAM26D","0.136853036398457"
"FAM26E","0.135637925579633"
"FAM26F","0.137415977149594"
"FAM27C","0.137542431467671"
"FAM32A","0.135637925579633"
"FAM35A","0.135639474278434"
"FAM3A","0.134271295808355"
"FAM3B","0.13621878839386"
"FAM3C","0.137944496659389"
"FAM3D","0.137423093701181"
"FAM3D-AS1","0.138774179404632"
"FAM41C","0.136468586477475"
"FAM43A","0.136794743358768"
"FAM43B","0.135807992686031"
"FAM45A","0.135087836516503"
"FAM46A","0.136879335578552"
"FAM46B","0.137415977149594"
"FAM46C","0.139719966103253"
"FAM46D","0.13767299159239"
"FAM47A","0.140861149620184"
"FAM47C","0.136444025939711"
"FAM47E","0.137540544007379"
"FAM47E-STBD1","0.136856594886561"
"FAM49A","0.13621878839386"
"FAM49B","0.137104354132914"
"FAM50A","0.137410365251064"
"FAM50B","0.137104354132914"
"FAM53A","0.136225735771508"
"FAM53B","0.139919274188017"
"FAM53B-AS1","0.13761497177469"
"FAM53C","0.135996024324682"
"FAM57A","0.137542431467671"
"FAM57B","0.137542431467671"
"FAM58A","0.137788553852812"
"FAM60A","0.136925654127532"
"FAM63A","0.137680295332019"
"FAM63B","0.137104354132914"
"FAM64A","0.13761497177469"
"FAM65A","0.139186400050641"
"FAM65B","0.137542431467671"
"FAM65C","0.136820820777328"
"FAM66A","0.134682587470709"
"FAM66B","0.138605090450833"
"FAM66C","0.138077718951743"
"FAM66D","0.135672259227158"
"FAM66E","0.136225735771508"
"FAM69A","0.13680480125178"
"FAM69B","0.137788553852812"
"FAM69C","0.137590989730638"
"FAM71A","0.136011710178497"
"FAM71B","0.135672259227158"
"FAM71C","0.138633555772618"
"FAM71D","0.137964520973581"
"FAM71E1","0.136570315350829"
"FAM71E2","0.138119266327985"
"FAM71F1","0.137104354132914"
"FAM71F2","0.137360767346344"
"FAM72A","0.13761497177469"
"FAM72B","0.13567436095159"
"FAM72C","0.137788553852812"
"FAM72D","0.137422770075747"
"FAM73A","0.136901969072583"
"FAM73B","0.137104354132914"
"FAM74A1","0.13680480125178"
"FAM74A6","0.137655659286108"
"FAM76A","0.138342030397162"
"FAM76B","0.135665311849509"
"FAM78A","0.134977908052568"
"FAM78B","0.138342030397162"
"FAM81A","0.13621878839386"
"FAM81B","0.135821254656087"
"FAM83A","0.141415934115019"
"FAM83A-AS1","0.137104354132914"
"FAM83B","0.135821254656087"
"FAM83C","0.137104354132914"
"FAM83C-AS1","0.13567436095159"
"FAM83D","0.137023703639802"
"FAM83E","0.137410365251064"
"FAM83F","0.137944496659389"
"FAM83G","0.136985136754043"
"FAM83H","0.138486878575316"
"FAM83H-AS1","0.136993067157251"
"FAM84A","0.137549199441947"
"FAM84B","0.138499895643134"
"FAM85B","0.136625099830254"
"FAM86B1","0.138119266327985"
"FAM86B2","0.139741008197078"
"FAM86C1","0.137048592797965"
"FAM87A","0.136325814064193"
"FAM87B","0.13588952799632"
"FAM89A","0.137788553852812"
"FAM89B","0.139422810517547"
"FAM8A1","0.142112244628666"
"FAM90A1","0.136570315350829"
"FAM90A26","0.137104354132914"
"FAM91A1","0.137400029383756"
"FAM92A1","0.136856594886561"
"FAM92B","0.137680295332019"
"FAM95B1","0.136647733324286"
"FAM95C","0.137003822912496"
"FAM96A","0.140850587809231"
"FAM96B","0.137788553852812"
"FAM98A","0.139421918626033"
"FAM98B","0.137410365251064"
"FAM98C","0.136820820777328"
"FAM99A","0.13761497177469"
"FAM9A","0.135828202033735"
"FAM9B","0.138629842769124"
"FAM9C","0.136168257071407"
"FAN1","0.137949391543332"
"FANCA","0.135928639377366"
"FANCB","0.136011710178497"
"FANCC","0.137948422342434"
"FANCD2","0.13925408877673"
"FANCD2OS","0.13636043249497"
"FANCE","0.135488525694344"
"FANCF","0.135961424326089"
"FANCG","0.137549096886591"
"FANCI","0.137023703639802"
"FANCL","0.136974380998797"
"FANCM","0.139587772467579"
"FANK1","0.135828202033735"
"FAP","0.137013911957875"
"FAR1","0.136986490606214"
"FAR2","0.137398076324369"
"FARP1","0.136605203324747"
"FARP1-AS1","0.13646173550625"
"FARP2","0.136759427065758"
"FARS2","0.135818050579043"
"FARSA","0.137680295332019"
"FARSA-AS1","0.135652049879453"
"FARSB","0.137552114949524"
"FAS","0.135996024324682"
"FASLG","0.13674429763551"
"FASN","0.136363636572013"
"FASTK","0.137542431467671"
"FASTKD1","0.136757474006371"
"FASTKD2","0.137384899953508"
"FASTKD3","0.142499278851552"
"FASTKD5","0.135453907263568"
"FAT1","0.135652049879453"
"FAT2","0.136637675431273"
"FAT3","0.137023703639802"
"FAT4","0.134887199666443"
"FATE1","0.137539810192711"
"FAU","0.136752850514721"
"FAXC","0.135426136842017"
"FAXDC2","0.137539810192711"
"FBF1","0.13630848175791"
"FBL","0.136953491508876"
"FBLIM1","0.137680295332019"
"FBLL1","0.136587229708015"
"FBLN1","0.137104354132914"
"FBLN2","0.137384899953508"
"FBLN5","0.135772676393021"
"FBLN7","0.139419019848984"
"FBN1","0.134421235776452"
"FBN2","0.137385942781826"
"FBN3","0.136180965886039"
"FBP1","0.141300493252776"
"FBP2","0.139412130526749"
"FBRS","0.136299195064031"
"FBRSL1","0.135616733586443"
"FBXL12","0.135766099841984"
"FBXL13","0.135616733586443"
"FBXL14","0.136762271252242"
"FBXL15","0.135498677149036"
"FBXL16","0.135980561687096"
"FBXL17","0.136299928878699"
"FBXL18","0.135519230820897"
"FBXL19","0.134704526151674"
"FBXL19-AS1","0.135543791358661"
"FBXL2","0.13762266018877"
"FBXL20","0.136796777653396"
"FBXL22","0.13561317509834"
"FBXL3","0.138596147390177"
"FBXL4","0.1359502902481"
"FBXL5","0.137023703639802"
"FBXL6","0.14115836864682"
"FBXL7","0.13659880065016"
"FBXL8","0.136156123528864"
"FBXO10","0.137360767346344"
"FBXO11","0.136455158955213"
"FBXO15","0.137626685885961"
"FBXO16","0.136820820777328"
"FBXO17","0.135932316631368"
"FBXO18","0.134237777534485"
"FBXO2","0.135516282680547"
"FBXO21","0.135356524599373"
"FBXO22","0.136820423362487"
"FBXO24","0.135903945625988"
"FBXO25","0.13630848175791"
"FBXO27","0.135553849251673"
"FBXO28","0.139909189665778"
"FBXO3","0.135770723333634"
"FBXO3-AS1","0.138077718951743"
"FBXO30","0.13594086951058"
"FBXO31","0.13588952799632"
"FBXO32","0.135662107772466"
"FBXO33","0.136586260507117"
"FBXO34","0.137542431467671"
"FBXO36","0.137948422342434"
"FBXO38","0.136458177018146"
"FBXO39","0.139809266302796"
"FBXO4","0.137104354132914"
"FBXO40","0.135405927494312"
"FBXO41","0.136841465456313"
"FBXO42","0.13646173550625"
"FBXO43","0.135516282680547"
"FBXO44","0.136170210130794"
"FBXO45","0.136492442201867"
"FBXO46","0.136458177018146"
"FBXO47","0.136573710935003"
"FBXO48","0.139914011364477"
"FBXO5","0.137539574806481"
"FBXO6","0.140842200147676"
"FBXO7","0.137023703639802"
"FBXO8","0.136575834623119"
"FBXO9","0.136993067157251"
"FBXW10","0.136770182821004"
"FBXW11","0.139910688005098"
"FBXW12","0.139766893382572"
"FBXW2","0.137542431467671"
"FBXW4","0.136991114097863"
"FBXW5","0.139266393533543"
"FBXW7","0.137658677349041"
"FBXW8","0.136484476198241"
"FBXW9","0.136854641827174"
"FCAMR","0.13927279620813"
"FCAR","0.137023703639802"
"FCER1A","0.136181328340724"
"FCER1G","0.137542431467671"
"FCER2","0.135639474278434"
"FCF1","0.135665311849509"
"FCGBP","0.13659880065016"
"FCGR1A","0.137949391543332"
"FCGR1B","0.141626284259661"
"FCGR2A","0.13925408877673"
"FCGR2B","0.136757474006371"
"FCGR3A","0.139916097439991"
"FCGR3B","0.139568085761312"
"FCGRT","0.137647106406896"
"FCHO1","0.136484476198241"
"FCHO2","0.137944496659389"
"FCHSD1","0.138931247332126"
"FCHSD2","0.137665080023629"
"FCMR","0.136570315350829"
"FCN1","0.13761497177469"
"FCN2","0.136011710178497"
"FCN3","0.137003822912496"
"FCRL1","0.139940548997309"
"FCRL2","0.136650937401329"
"FCRL3","0.139806367525746"
"FCRL4","0.139589549110566"
"FCRL5","0.141414454227678"
"FCRL6","0.136304184359216"
"FCRLA","0.136185420319223"
"FCRLB","0.134271295808355"
"FDCSP","0.137398076324369"
"FDFT1","0.137626685885961"
"FDPS","0.136755868577654"
"FDX1","0.13740287357024"
"FDX1L","0.139734689720071"
"FDXACB1","0.135665311849509"
"FDXR","0.138646773557538"
"FECH","0.139805862178495"
"FEM1A","0.137411765884806"
"FEM1B","0.1392538533905"
"FEM1C","0.13578844542312"
"FEN1","0.141003244082664"
"FENDRR","0.13991733238725"
"FER","0.13567436095159"
"FER1L5","0.136417345056463"
"FER1L6","0.137680295332019"
"FER1L6-AS2","0.139916097439991"
"FERMT1","0.138646773557538"
"FERMT2","0.136299133180945"
"FERMT3","0.137788553852812"
"FES","0.137680295332019"
"FETUB","0.13740287357024"
"FEV","0.136903664594513"
"FEZ1","0.13588952799632"
"FEZ2","0.135994515769569"
"FEZF1","0.135996024324682"
"FEZF1-AS1","0.137960962485477"
"FEZF2","0.136912120527276"
"FFAR1","0.136989508669147"
"FFAR2","0.139255865419717"
"FFAR3","0.136505262591045"
"FFAR4","0.137542431467671"
"FGA","0.139587537081349"
"FGB","0.139421918626033"
"FGD1","0.13629092238916"
"FGD2","0.136894574191386"
"FGD3","0.137400029383756"
"FGD4","0.137542431467671"
"FGD5","0.137788553852812"
"FGD5-AS1","0.138499895643134"
"FGD6","0.137553720378241"
"FGF1","0.13761497177469"
"FGF10","0.13761497177469"
"FGF10-AS1","0.13588952799632"
"FGF11","0.137948422342434"
"FGF12","0.13945151359907"
"FGF12-AS2","0.137944496659389"
"FGF12-AS3","0.137680295332019"
"FGF13","0.138427426362518"
"FGF13-AS1","0.137566429192874"
"FGF14","0.137960962485477"
"FGF14-AS2","0.139696516858967"
"FGF16","0.137040136865202"
"FGF17","0.136879335578552"
"FGF18","0.135660260671239"
"FGF19","0.138637352820017"
"FGF2","0.136802954150553"
"FGF20","0.137999837266591"
"FGF21","0.139830308396621"
"FGF22","0.137542431467671"
"FGF23","0.140364272777665"
"FGF3","0.137542431467671"
"FGF5","0.14204576417042"
"FGF7","0.138119266327985"
"FGF8","0.136782167757749"
"FGF9","0.137552114949524"
"FGFBP1","0.137788553852812"
"FGFBP2","0.141629910416475"
"FGFBP3","0.137944496659389"
"FGFR1","0.138633555772618"
"FGFR1OP","0.138119266327985"
"FGFR1OP2","0.137553720378241"
"FGFR2","0.137680295332019"
"FGFR3","0.139421918626033"
"FGFR4","0.137423093701181"
"FGFRL1","0.137658677349041"
"FGG","0.139458090150107"
"FGGY","0.138633555772618"
"FGL1","0.139603635712496"
"FGL2","0.138774179404632"
"FGR","0.138931247332126"
"FH","0.137590989730638"
"FHAD1","0.137566429192874"
"FHDC1","0.137788553852812"
"FHIT","0.138774179404632"
"FHL1","0.13761497177469"
"FHL2","0.140354750697555"
"FHL3","0.138427426362518"
"FHL5","0.138119266327985"
"FHOD1","0.139950071077419"
"FHOD3","0.141637570698264"
"FIBCD1","0.137407299673194"
"FIBIN","0.141165730786441"
"FIBP","0.139727493703996"
"FICD","0.137104354132914"
"FIG4","0.137023703639802"
"FIGF","0.137578414129619"
"FIGLA","0.137423093701181"
"FIGN","0.136600406078876"
"FIGNL1","0.138774179404632"
"FILIP1","0.139956647628456"
"FILIP1L","0.141327030885608"
"FIP1L1","0.138774179404632"
"FIRRE","0.137599200522423"
"FIS1","0.137987261665572"
"FITM1","0.139942561026526"
"FITM2","0.139940784383539"
"FIZ1","0.13588952799632"
"FJX1","0.134664447514068"
"FKBP10","0.137960962485477"
"FKBP11","0.13697242793941"
"FKBP14","0.137423093701181"
"FKBP15","0.13562870368741"
"FKBP1A","0.134271295808355"
"FKBP1B","0.136517261146964"
"FKBP1C","0.135952968393327"
"FKBP2","0.136759427065758"
"FKBP3","0.137599200522423"
"FKBP4","0.136814952706472"
"FKBP5","0.135498677149036"
"FKBP6","0.138646773557538"
"FKBP7","0.136299133180945"
"FKBP8","0.135555544773603"
"FKBP9","0.137398076324369"
"FKBPL","0.13740287357024"
"FKRP","0.136469005795688"
"FKTN","0.134887199666443"
"FLAD1","0.135980561687096"
"FLCN","0.137964520973581"
"FLG","0.134944503967512"
"FLG-AS1","0.135299851697879"
"FLG2","0.136002971702331"
"FLI1","0.141858334682681"
"FLII","0.136605203324747"
"FLJ12825","0.135672259227158"
"FLJ13224","0.136492442201867"
"FLJ16779","0.136510313769316"
"FLJ20021","0.135299851697879"
"FLJ21408","0.137669506126582"
"FLJ22447","0.135299851697879"
"FLJ22763","0.136492442201867"
"FLJ26245","0.137662235837145"
"FLJ27354","0.136596540997041"
"FLJ31104","0.135990973146412"
"FLJ31356","0.137960962485477"
"FLJ33360","0.136002971702331"
"FLJ35934","0.136755868577654"
"FLJ36000","0.136602359138264"
"FLJ37035","0.137948422342434"
"FLJ37453","0.134967850159556"
"FLJ37505","0.136974380998797"
"FLJ40288","0.137023703639802"
"FLJ41941","0.136484476198241"
"FLJ42969","0.135516282680547"
"FLJ43879","0.13740287357024"
"FLJ45079","0.138632384233433"
"FLJ46066","0.136820820777328"
"FLNA","0.136974380998797"
"FLNB","0.13588952799632"
"FLNB-AS1","0.134704526151674"
"FLNC","0.1373773974809"
"FLOT1","0.137558517624112"
"FLOT2","0.137384899953508"
"FLRT1","0.135543791358661"
"FLRT2","0.137542431467671"
"FLRT3","0.137435345676766"
"FLT1","0.137435345676766"
"FLT3","0.136709781638878"
"FLT3LG","0.137658677349041"
"FLT4","0.134454020725175"
"FLVCR1","0.136766697355196"
"FLVCR1-AS1","0.136302675804102"
"FLVCR2","0.137104354132914"
"FLYWCH1","0.136796777653396"
"FLYWCH2","0.136782167757749"
"FMN1","0.136510313769316"
"FMN2","0.137962567914194"
"FMNL1","0.137104354132914"
"FMNL2","0.136011710178497"
"FMNL3","0.136302675804102"
"FMO1","0.136762271252242"
"FMO2","0.135557053328717"
"FMO3","0.137423093701181"
"FMO4","0.13588952799632"
"FMO5","0.136820820777328"
"FMOD","0.135299851697879"
"FMR1","0.136492442201867"
"FMR1NB","0.137086452264894"
"FN1","0.137658677349041"
"FN3K","0.134976060951341"
"FN3KRP","0.139597817571273"
"FNBP1","0.137656417695922"
"FNBP1L","0.137928349449507"
"FNBP4","0.137660282777758"
"FNDC1","0.139718689281486"
"FNDC3A","0.135516282680547"
"FNDC3B","0.136361019537788"
"FNDC4","0.137081507407188"
"FNDC5","0.136473705607217"
"FNDC7","0.136820820777328"
"FNDC8","0.13629092238916"
"FNDC9","0.136570315350829"
"FNIP1","0.134664447514068"
"FNIP2","0.136570315350829"
"FNTA","0.13588952799632"
"FNTB","0.13761497177469"
"FO538757.2","0.135087836516503"
"FO538757.3","0.135980561687096"
"FOCAD","0.137398354604896"
"FOCAD-AS1","0.138931247332126"
"FOLH1","0.137788553852812"
"FOLR1","0.134618342939307"
"FOLR2","0.137086452264894"
"FOLR3","0.132452592716816"
"FOPNL","0.136354284176233"
"FOS","0.135414138286098"
"FOSB","0.136570315350829"
"FOSL1","0.136737657275555"
"FOSL2","0.136722128686485"
"FOXA1","0.137549855296406"
"FOXA2","0.134697779054737"
"FOXA3","0.137390367955379"
"FOXB1","0.137151775822223"
"FOXB2","0.136278346788141"
"FOXC1","0.137104354132914"
"FOXC2","0.134697779054737"
"FOXC2-AS1","0.138633555772618"
"FOXCUT","0.135490221216274"
"FOXD1","0.136492442201867"
"FOXD2","0.137023703639802"
"FOXD2-AS1","0.136570315350829"
"FOXD3","0.135543791358661"
"FOXD3-AS1","0.135426136842017"
"FOXD4","0.136492442201867"
"FOXD4L1","0.137553720378241"
"FOXD4L3","0.134271295808355"
"FOXD4L4","0.137423093701181"
"FOXD4L5","0.136354284176233"
"FOXD4L6","0.13588952799632"
"FOXE1","0.137680295332019"
"FOXE3","0.135419189464368"
"FOXF1","0.13498805950726"
"FOXF2","0.136820820777328"
"FOXG1","0.136354284176233"
"FOXG1-AS1","0.137049950423359"
"FOXH1","0.134271295808355"
"FOXI1","0.136728531361073"
"FOXI2","0.136732957464027"
"FOXI3","0.135087836516503"
"FOXJ1","0.134156041631576"
"FOXJ2","0.134664447514068"
"FOXJ3","0.137552114949524"
"FOXK1","0.135405927494312"
"FOXK2","0.135087836516503"
"FOXL1","0.136719869033366"
"FOXL2","0.134697779054737"
"FOXL2NB","0.136292301267532"
"FOXM1","0.13567436095159"
"FOXN1","0.134597489069236"
"FOXN2","0.13629092238916"
"FOXN3","0.140331534087496"
"FOXN3-AS1","0.135359192453428"
"FOXN3-AS2","0.13629092238916"
"FOXN4","0.135286589727823"
"FOXO1","0.135980561687096"
"FOXO3","0.134597489069236"
"FOXO4","0.137390367955379"
"FOXO6","0.134156041631576"
"FOXP1","0.134156041631576"
"FOXP1-AS1","0.139691167582858"
"FOXP2","0.134664447514068"
"FOXP3","0.138628066126137"
"FOXP4","0.134987763170752"
"FOXP4-AS1","0.137656417695922"
"FOXQ1","0.137555673437628"
"FOXR1","0.135359192453428"
"FOXR2","0.136492442201867"
"FOXRED1","0.135373455387786"
"FOXRED2","0.134656270800398"
"FOXS1","0.13588186829696"
"FP325317.1","0.13625560609615"
"FP325331.1","0.135531215757642"
"FPGS","0.136492442201867"
"FPGT","0.137151775822223"
"FPGT-TNNI3K","0.135299851697879"
"FPR1","0.134156041631576"
"FPR2","0.13931133098579"
"FPR3","0.134697779054737"
"FRA10AC1","0.136302675804102"
"FRAS1","0.135087836516503"
"FRAT1","0.13258998043688"
"FRAT2","0.135243149549886"
"FREM1","0.136249787954927"
"FREM2","0.134597489069236"
"FREM2-AS1","0.137680295332019"
"FREM3","0.135877442194006"
"FRG1","0.13508178986429"
"FRG2B","0.134697578774026"
"FRG2C","0.136267576197116"
"FRGCA","0.137949992931248"
"FRK","0.135980561687096"
"FRMD1","0.137061888990153"
"FRMD3","0.13423104217293"
"FRMD4A","0.135417680909255"
"FRMD4B","0.135871039519418"
"FRMD5","0.13258998043688"
"FRMD6","0.135963922692071"
"FRMD6-AS1","0.136354284176233"
"FRMD6-AS2","0.134597489069236"
"FRMD7","0.13649705179926"
"FRMD8","0.136492442201867"
"FRMPD1","0.136492442201867"
"FRMPD2","0.137555673437628"
"FRMPD3","0.137976491074547"
"FRMPD4","0.137680295332019"
"FRRS1","0.137680295332019"
"FRRS1L","0.137952828689159"
"FRS2","0.136354284176233"
"FRS3","0.136709023908074"
"FRY","0.137013911957875"
"FRY-AS1","0.136570315350829"
"FRYL","0.137398354604896"
"FRZB","0.137061888990153"
"FSBP","0.13991733238725"
"FSCB","0.137952828689159"
"FSCN1","0.135491729771388"
"FSCN2","0.137542431467671"
"FSCN3","0.137061888990153"
"FSD1","0.137061888990153"
"FSD1L","0.135498677149036"
"FSD2","0.135590141468386"
"FSHR","0.1354684985693"
"FSIP1","0.135417680909255"
"FSIP2","0.13588952799632"
"FSIP2-AS1","0.137680295332019"
"FST","0.13764315687828"
"FSTL1","0.137680295332019"
"FSTL3","0.135564000706365"
"FSTL4","0.137061888990153"
"FSTL5","0.13567436095159"
"FTCD","0.13588952799632"
"FTCD-AS1","0.136471462657433"
"FTCDNL1","0.134673535650094"
"FTH1","0.135478467801332"
"FTHL17","0.136508805214202"
"FTL","0.136719869033366"
"FTMT","0.137960962485477"
"FTO","0.137928971022397"
"FTSJ1","0.136254609427401"
"FTSJ2","0.135298343142765"
"FTSJ3","0.13567436095159"
"FTX","0.135306799075527"
"FUBP1","0.137629233717927"
"FUBP3","0.137049950423359"
"FUCA1","0.136698253317049"
"FUCA2","0.134618342939307"
"FUK","0.137009697291807"
"FUNDC1","0.134696070218912"
"FUNDC2","0.137061888990153"
"FUOM","0.137668602261883"
"FURIN","0.137964520973581"
"FUS","0.132657735159441"
"FUT1","0.13703216218117"
"FUT10","0.135426136842017"
"FUT11","0.135531215757642"
"FUT2","0.136343039537434"
"FUT3","0.134682587470709"
"FUT4","0.137668602261883"
"FUT5","0.135465892200313"
"FUT6","0.13278707701285"
"FUT7","0.137952828689159"
"FUT8","0.13468431680397"
"FUT8-AS1","0.134697779054737"
"FUT9","0.135491729771388"
"FUZ","0.139917071980081"
"FXN","0.134219797534132"
"FXR1","0.13974027438241"
"FXR2","0.134697779054737"
"FXYD1","0.13545042179776"
"FXYD2","0.135263243535779"
"FXYD3","0.134343362627489"
"FXYD4","0.135145841441795"
"FXYD5","0.134448276948009"
"FXYD6","0.136471462657433"
"FXYD6-FXYD2","0.13646173550625"
"FXYD7","0.135897338699513"
"FYB","0.137534225530373"
"FYCO1","0.134364834787649"
"FYN","0.135922355216529"
"FYTTD1","0.135491729771388"
"FZD1","0.136471462657433"
"FZD10","0.136469005795688"
"FZD2","0.135393351893293"
"FZD3","0.136997121690788"
"FZD4","0.135511319252135"
"FZD5","0.136304184359216"
"FZD6","0.137022959261863"
"FZD7","0.139299760043645"
"FZD8","0.139829574581953"
"FZD9","0.13767203940771"
"FZR1","0.135405927494312"
"G0S2","0.13649705179926"
"G2E3","0.136970822510693"
"G3BP1","0.135373455387786"
"G3BP2","0.13588186829696"
"G6PC","0.13493359580858"
"G6PC2","0.136041795841034"
"G6PC3","0.134348220654131"
"G6PD","0.138622481463798"
"GAA","0.135253737766793"
"GAB1","0.134697779054737"
"GAB2","0.134442022169256"
"GAB3","0.134378279860357"
"GABARAP","0.134445564792413"
"GABARAPL1","0.137366363141816"
"GABARAPL2","0.136250272200284"
"GABBR1","0.136440287598995"
"GABBR2","0.136246272104415"
"GABPA","0.133805807683893"
"GABPB1","0.135249320375426"
"GABPB1-AS1","0.134343362627489"
"GABPB2","0.136241078053817"
"GABRA1","0.13423104217293"
"GABRA2","0.13156485177774"
"GABRA3","0.137385814461853"
"GABRA4","0.134178489560503"
"GABRA5","0.135860069965189"
"GABRA6","0.133319418994923"
"GABRB1","0.134346712099017"
"GABRB2","0.137366363141816"
"GABRB3","0.134161885279331"
"GABRD","0.133704835701728"
"GABRE","0.137667633060985"
"GABRG1","0.134937138431736"
"GABRG2","0.133684180314744"
"GABRG3","0.134939979059505"
"GABRP","0.136716353182854"
"GABRQ","0.136796777653396"
"GABRR1","0.139560999448517"
"GABRR2","0.134651844697444"
"GABRR3","0.135874870236713"
"GACAT2","0.135443423737512"
"GACAT3","0.133343748010884"
"GAD1","0.135492376434504"
"GAD2","0.137949992931248"
"GADD45A","0.136965047007062"
"GADD45B","0.137520123486444"
"GADD45G","0.135417680909255"
"GADD45GIP1","0.132583616713227"
"GADL1","0.133172413338848"
"GAGE10","0.134364834787649"
"GAGE12E","0.135241939443078"
"GAGE12H","0.134327892224936"
"GAGE12J","0.136713994890167"
"GAGE13","0.138603379182589"
"GAGE2A","0.13970678285471"
"GAK","0.134624289107274"
"GAL","0.134156041631576"
"GAL3ST1","0.137385814461853"
"GAL3ST2","0.133977065599195"
"GAL3ST3","0.134396542025074"
"GAL3ST4","0.135274014126804"
"GALC","0.134652483579315"
"GALE","0.139909189665778"
"GALK1","0.134319953655744"
"GALK2","0.13432810518556"
"GALM","0.134218288979018"
"GALNS","0.134322383083056"
"GALNT1","0.133799113213226"
"GALNT10","0.13278707701285"
"GALNT11","0.136711159132256"
"GALNT12","0.136713994890167"
"GALNT13","0.136938209474723"
"GALNT14","0.134346712099017"
"GALNT15","0.134314920663179"
"GALNT16","0.133101715668159"
"GALNT18","0.13695851775388"
"GALNT2","0.134156041631576"
"GALNT3","0.13980322885582"
"GALNT4","0.136343039537434"
"GALNT5","0.136458177018146"
"GALNT6","0.135382581302269"
"GALNT7","0.134664447514068"
"GALNT8","0.134339614414556"
"GALNT9","0.137668602261883"
"GALNTL5","0.13508178986429"
"GALNTL6","0.135441198448935"
"GALP","0.13567436095159"
"GALR1","0.134664447514068"
"GALR2","0.134890340952975"
"GALR3","0.136995021997448"
"GALT","0.134696070218912"
"GAMT","0.134307125641127"
"GAN","0.136452401514515"
"GANAB","0.138628066126137"
"GANC","0.134660970611926"
"GAP43","0.134671972833954"
"GAPDH","0.136236872103688"
"GAPDHS","0.134697578774026"
"GAPLINC","0.136450043221829"
"GAPT","0.134937138431736"
"GAPVD1","0.13862234774668"
"GAR1","0.137390220808578"
"GAREM1","0.135850907528552"
"GAREM2","0.136965047007062"
"GARNL3","0.133805807683893"
"GARS","0.135419189464368"
"GART","0.13489355179214"
"GAS1","0.135443423737512"
"GAS1RR","0.137674397700397"
"GAS2","0.134219797534132"
"GAS2L1","0.134660970611926"
"GAS2L2","0.134925385016794"
"GAS2L3","0.13646200773544"
"GAS5-AS1","0.134692527595755"
"GAS6","0.133704835701728"
"GAS6-AS1","0.134357300315924"
"GAS6-AS2","0.132999170024917"
"GAS7","0.134237736643598"
"GAS8","0.136820820777328"
"GAS8-AS1","0.134937138431736"
"GAST","0.135882982212278"
"GATA1","0.135414138286098"
"GATA2","0.136970822510693"
"GATA2-AS1","0.134664447514068"
"GATA3","0.134696070218912"
"GATA3-AS1","0.139174060551029"
"GATA4","0.13974027438241"
"GATA5","0.134355938228508"
"GATA6","0.133557813418955"
"GATA6-AS1","0.138760202752594"
"GATAD1","0.139920476104382"
"GATAD2A","0.137425656425438"
"GATAD2B","0.134453767818194"
"GATB","0.13489355179214"
"GATC","0.136729170242944"
"GATM","0.136488693988934"
"GATM-AS1","0.134656483761021"
"GATS","0.135455121609288"
"GATSL2","0.135814520027638"
"GATSL3","0.134453767818194"
"GBA","0.136343039537434"
"GBA2","0.135895557813297"
"GBAS","0.134433811377471"
"GBE1","0.132583616713227"
"GBF1","0.13646200773544"
"GBGT1","0.134597489069236"
"GBP1","0.135298343142765"
"GBP2","0.134228877195924"
"GBP3","0.134664447514068"
"GBP4","0.136258866404587"
"GBP5","0.132452592716816"
"GBP6","0.134453767818194"
"GBP7","0.135251545664003"
"GBX1","0.135903768605083"
"GBX2","0.134355938228508"
"GC","0.13673317042465"
"GCA","0.1354684985693"
"GCAT","0.134618342939307"
"GCC1","0.135814520027638"
"GCC2","0.135087836516503"
"GCC2-AS1","0.13567436095159"
"GCDH","0.135087836516503"
"GCFC2","0.134352190015576"
"GCG","0.136977864067152"
"GCGR","0.136570315350829"
"GCH1","0.134652483579315"
"GCHFR","0.134618342939307"
"GCK","0.13646200773544"
"GCKR","0.136492442201867"
"GCLC","0.134697779054737"
"GCLM","0.134597489069236"
"GCM1","0.136343039537434"
"GCM2","0.135263243535779"
"GCN1","0.136471462657433"
"GCNT1","0.134660273680038"
"GCNT2","0.13646200773544"
"GCNT3","0.135985488821794"
"GCNT4","0.136722128686485"
"GCNT7","0.134618342939307"
"GCOM1","0.134156041631576"
"GCSAM","0.135087836516503"
"GCSAML","0.134664447514068"
"GCSAML-AS1","0.134364834787649"
"GCSH","0.135904309400416"
"GDA","0.134364834787649"
"GDAP1","0.134636927487994"
"GDAP1L1","0.13537578989062"
"GDAP2","0.134703975626458"
"GDE1","0.133732761363238"
"GDF10","0.136725018894834"
"GDF11","0.136492442201867"
"GDF15","0.134156041631576"
"GDF3","0.136471462657433"
"GDF5","0.135294800519608"
"GDF5OS","0.136343039537434"
"GDF6","0.134597489069236"
"GDF7","0.137086452264894"
"GDF9","0.136903014830541"
"GDI1","0.133704835701728"
"GDI2","0.138013054167953"
"GDNF","0.136761003467599"
"GDNF-AS1","0.137423093701181"
"GDPD1","0.136492442201867"
"GDPD2","0.13450558510899"
"GDPD3","0.134697779054737"
"GDPD4","0.135985488821794"
"GDPD5","0.136761003467599"
"GDPGP1","0.134697779054737"
"GEM","0.135456969311998"
"GEMIN2","0.136492442201867"
"GEMIN4","0.134343169475861"
"GEMIN5","0.135904309400416"
"GEMIN6","0.137061888990153"
"GEMIN7","0.135441198448935"
"GEMIN8","0.137036027263006"
"GEN1","0.136310581211648"
"GET4","0.136471462657433"
"GFAP","0.134664447514068"
"GFER","0.13674842786658"
"GFI1","0.1354684985693"
"GFI1B","0.136471462657433"
"GFM1","0.13567436095159"
"GFM2","0.135308931359671"
"GFOD1","0.135087836516503"
"GFOD1-AS1","0.134156041631576"
"GFOD2","0.1354684985693"
"GFPT1","0.1354684985693"
"GFPT2","0.135904309400416"
"GFRA1","0.134697779054737"
"GFRA2","0.1354684985693"
"GFRA3","0.136570315350829"
"GFRA4","0.137457731109164"
"GFRAL","0.134597489069236"
"GFY","0.137060721014383"
"GGA1","0.132657735159441"
"GGA2","0.138633555772618"
"GGA3","0.13773870680763"
"GGACT","0.136570315350829"
"GGCT","0.137061888990153"
"GGCX","0.136910344190403"
"GGH","0.136492442201867"
"GGN","0.13761497177469"
"GGNBP2","0.135985488821794"
"GGPS1","0.135904309400416"
"GGT1","0.136492442201867"
"GGT2","0.137470306710183"
"GGT5","0.137021450706749"
"GGT6","0.1354684985693"
"GGT7","0.135904309400416"
"GGTLC1","0.136570315350829"
"GGTLC2","0.136473705607217"
"GGTLC3","0.136796777653396"
"GH1","0.135985488821794"
"GH2","0.139146201265165"
"GHDC","0.135087836516503"
"GHET1","0.135985488821794"
"GHITM","0.137631459006504"
"GHR","0.137060721014383"
"GHRH","0.138821800502879"
"GHRHR","0.134364834787649"
"GHRL","0.136570315350829"
"GHRLOS","0.13761497177469"
"GHSR","0.136471462657433"
"GID4","0.136516710621748"
"GID8","0.136570315350829"
"GIF","0.1354684985693"
"GIGYF1","0.137478517501969"
"GIGYF2","0.135985488821794"
"GIMAP1","0.137653927469305"
"GIMAP2","0.137061888990153"
"GIMAP4","0.134597489069236"
"GIMAP5","0.135985488821794"
"GIMAP6","0.13567436095159"
"GIMAP7","0.137061888990153"
"GIMAP8","0.135306248550311"
"GIN1","0.131344342357814"
"GINM1","0.136310581211648"
"GINS1","0.136820820777328"
"GINS2","0.13450558510899"
"GINS3","0.137423093701181"
"GINS4","0.135087836516503"
"GIP","0.136737657275555"
"GIPC1","0.134597489069236"
"GIPC2","0.137542431467671"
"GIPC3","0.13567436095159"
"GIPR","0.136343039537434"
"GIT1","0.136492442201867"
"GIT2","0.135087836516503"
"GJA1","0.138043663134616"
"GJA3","0.134697779054737"
"GJA4","0.134706658435818"
"GJA5","0.13761497177469"
"GJA8","0.137672029914196"
"GJA9","0.137542431467671"
"GJB1","0.134597489069236"
"GJB2","0.134597489069236"
"GJB3","0.137423093701181"
"GJB4","0.137029356114295"
"GJB5","0.136471462657433"
"GJB6","0.138858103482451"
"GJB7","0.138545638238035"
"GJC1","0.136471462657433"
"GJC2","0.136962358432032"
"GJC3","0.138897507440957"
"GJD2","0.1354684985693"
"GJD3","0.13549812662382"
"GJD4","0.138022490477402"
"GK","0.135985488821794"
"GK-AS1","0.134597489069236"
"GK5","0.134697779054737"
"GKAP1","0.138427426362518"
"GKN1","0.13761497177469"
"GKN2","0.138427426362518"
"GLA","0.132443847707772"
"GLB1","0.136492442201867"
"GLB1L","0.136343039537434"
"GLB1L2","0.138037747919331"
"GLB1L3","0.13761497177469"
"GLCCI1","0.13761497177469"
"GLCE","0.137460457005876"
"GLDC","0.137061888990153"
"GLDN","0.136772756882541"
"GLE1","0.137542431467671"
"GLG1","0.1354684985693"
"GLI1","0.135908018799483"
"GLI2","0.136428793087165"
"GLI3","0.135908018799483"
"GLI4","0.137795830990517"
"GLIDR","0.136471462657433"
"GLIPR1","0.136471462657433"
"GLIPR1L1","0.136337024265396"
"GLIPR1L2","0.135087836516503"
"GLIPR2","0.136343039537434"
"GLIS1","0.138018490295696"
"GLIS2","0.134597489069236"
"GLIS2-AS1","0.133748540825725"
"GLIS3","0.137542431467671"
"GLIS3-AS1","0.13450558510899"
"GLMN","0.134156041631576"
"GLMP","0.13761497177469"
"GLO1","0.135908018799483"
"GLOD4","0.13567436095159"
"GLOD5","0.137037690051386"
"GLP1R","0.134697779054737"
"GLP2R","0.135908018799483"
"GLRA1","0.136471462657433"
"GLRA2","0.137423093701181"
"GLRA3","0.138474797306592"
"GLRB","0.136570315350829"
"GLRX","0.137061888990153"
"GLRX2","0.137423093701181"
"GLRX3","0.135087836516503"
"GLRX5","0.137423093701181"
"GLS","0.13572603678182"
"GLS2","0.139435882750028"
"GLT1D1","0.136343039537434"
"GLT8D1","0.136570315350829"
"GLT8D2","0.137061888990153"
"GLTP","0.134156041631576"
"GLTPD2","0.137542431467671"
"GLTSCR1","0.136471462657433"
"GLTSCR1-AS1","0.138307415738365"
"GLTSCR1L","0.1354684985693"
"GLTSCR2","0.138633555772618"
"GLTSCR2-AS1","0.138633555772618"
"GLUD1","0.136471462657433"
"GLUD2","0.13567436095159"
"GLUL","0.137542431467671"
"GLYAT","0.134618342939307"
"GLYATL1","0.139290088903375"
"GLYATL1P3","0.138032061786656"
"GLYATL2","0.138633555772618"
"GLYATL3","0.138043663134616"
"GLYCTK","0.138897507440957"
"GLYR1","0.137542431467671"
"GM140","0.137706472384123"
"GM2A","0.135985488821794"
"GMCL1","0.13450558510899"
"GMDS","0.13761497177469"
"GMDS-AS1","0.134697779054737"
"GMEB1","0.136471462657433"
"GMEB2","0.139813795552185"
"GMFB","0.138043663134616"
"GMFG","0.134664447514068"
"GMIP","0.134697779054737"
"GML","0.138507427612862"
"GMNC","0.137061888990153"
"GMNN","0.138032061786656"
"GMPPA","0.138897507440957"
"GMPPB","0.133609668550938"
"GMPR","0.136492442201867"
"GMPR2","0.134664447514068"
"GMPS","0.1398555519585"
"GNA11","0.13567436095159"
"GNA12","0.135087836516503"
"GNA13","0.13567436095159"
"GNA14","0.138897507440957"
"GNA14-AS1","0.136570315350829"
"GNA15","0.137440427761621"
"GNAI1","0.132657735159441"
"GNAI2","0.136337024265396"
"GNAI3","0.136820820777328"
"GNAL","0.139209800588761"
"GNAO1","0.137440427761621"
"GNAQ","0.133324184097823"
"GNAS","0.134597489069236"
"GNAS-AS1","0.13567436095159"
"GNAT1","0.136820820777328"
"GNAT2","0.137507190048494"
"GNAT3","0.135087836516503"
"GNAZ","0.133609668550938"
"GNB1","0.135908018799483"
"GNB1L","0.13572603678182"
"GNB2","0.138633555772618"
"GNB2L1","0.136471462657433"
"GNB3","0.133829133935431"
"GNB4","0.13572603678182"
"GNB5","0.136343039537434"
"GNE","0.134697779054737"
"GNG10","0.137536327904706"
"GNG11","0.137672029914196"
"GNG12","0.133172413338848"
"GNG12-AS1","0.139146201265165"
"GNG13","0.13567436095159"
"GNG2","0.136343039537434"
"GNG3","0.135087836516503"
"GNG4","0.134697779054737"
"GNG5","0.138633555772618"
"GNG7","0.1354684985693"
"GNG8","0.136570315350829"
"GNGT1","0.138427426362518"
"GNGT2","0.136471462657433"
"GNL1","0.1354684985693"
"GNL2","0.134697779054737"
"GNL3","0.134364834787649"
"GNL3L","0.1354684985693"
"GNLY","0.133829133935431"
"GNMT","0.136471462657433"
"GNPAT","0.137642083555839"
"GNPDA1","0.136343039537434"
"GNPDA2","0.133172413338848"
"GNPNAT1","0.137672029914196"
"GNPTAB","0.136471462657433"
"GNPTG","0.135908018799483"
"GNRH1","0.136492442201867"
"GNRH2","0.136471462657433"
"GNS","0.134697779054737"
"GOLGA1","0.136820820777328"
"GOLGA2","0.136471462657433"
"GOLGA3","0.134697779054737"
"GOLGA4","0.135985488821794"
"GOLGA5","0.13572603678182"
"GOLGA6A","0.131344342357814"
"GOLGA6B","0.13572603678182"
"GOLGA6D","0.136343039537434"
"GOLGA6L1","0.135908018799483"
"GOLGA6L10","0.133609668550938"
"GOLGA6L2","0.135985488821794"
"GOLGA6L22","0.135087836516503"
"GOLGA6L4","0.134597489069236"
"GOLGA6L6","0.135908018799483"
"GOLGA6L9","0.134364834787649"
"GOLGA7","0.136343039537434"
"GOLGA7B","0.135087836516503"
"GOLGA8A","0.136492442201867"
"GOLGA8B","0.134618342939307"
"GOLGA8G","0.137061888990153"
"GOLGA8H","0.133609668550938"
"GOLGA8K","0.136313264021008"
"GOLGA8M","0.137507190048494"
"GOLGA8N","0.135087836516503"
"GOLGA8O","0.137321720408518"
"GOLGA8Q","0.134618342939307"
"GOLGA8R","0.134364834787649"
"GOLGA8S","0.136570315350829"
"GOLGB1","0.136820820777328"
"GOLIM4","0.134697779054737"
"GOLM1","0.132452592716816"
"GOLPH3","0.137507190048494"
"GOLPH3L","0.136564571573663"
"GOLT1A","0.135908018799483"
"GOLT1B","0.134697779054737"
"GON4L","0.13567436095159"
"GOPC","0.136820820777328"
"GORAB","0.135087836516503"
"GORASP1","0.137507190048494"
"GORASP2","0.134618342939307"
"GOSR1","0.134156041631576"
"GOSR2","0.13450558510899"
"GOT1","0.138049168440382"
"GOT1L1","0.13567436095159"
"GOT2","0.131344342357814"
"GP1BA","0.132452592716816"
"GP2","0.133829133935431"
"GP5","0.136343039537434"
"GP6","0.135908018799483"
"GP9","0.134597489069236"
"GPA33","0.138427426362518"
"GPAA1","0.135985488821794"
"GPALPP1","0.137507190048494"
"GPAM","0.136956614654865"
"GPANK1","0.133609668550938"
"GPAT2","0.139641241825159"
"GPAT3","0.138633555772618"
"GPAT4","0.136986401555964"
"GPATCH1","0.13450558510899"
"GPATCH11","0.136986401555964"
"GPATCH2","0.1354684985693"
"GPATCH2L","0.134364834787649"
"GPATCH3","0.1354684985693"
"GPATCH4","0.135908018799483"
"GPATCH8","0.138043663134616"
"GPBAR1","0.133172413338848"
"GPBP1","0.134697779054737"
"GPBP1L1","0.137688545831493"
"GPC1","0.135908018799483"
"GPC2","0.135087836516503"
"GPC3","0.134697779054737"
"GPC4","0.1354684985693"
"GPC5","0.134364834787649"
"GPC5-AS1","0.134664447514068"
"GPC6","0.13450558510899"
"GPCPD1","0.1354684985693"
"GPD1","0.13572603678182"
"GPD1L","0.137700147179454"
"GPD2","0.13572603678182"
"GPER1","0.139409747881571"
"GPHA2","0.134618342939307"
"GPHN","0.134664447514068"
"GPI","0.136343039537434"
"GPIHBP1","0.136570315350829"
"GPKOW","0.1354684985693"
"GPLD1","0.132999170024917"
"GPM6A","0.138049168440382"
"GPM6B","0.134664447514068"
"GPN1","0.135908018799483"
"GPN2","0.134697779054737"
"GPN3","0.13567436095159"
"GPNMB","0.13567436095159"
"GPR1","0.13876156939358"
"GPR107","0.134597489069236"
"GPR108","0.13450558510899"
"GPR12","0.13450558510899"
"GPR132","0.137507190048494"
"GPR135","0.135087836516503"
"GPR137","0.138427426362518"
"GPR137B","0.139146201265165"
"GPR137C","0.134156041631576"
"GPR141","0.136570315350829"
"GPR142","0.136570315350829"
"GPR143","0.136570315350829"
"GPR146","0.137672029914196"
"GPR149","0.134364834787649"
"GPR15","0.137672029914196"
"GPR150","0.134618342939307"
"GPR152","0.134364834787649"
"GPR153","0.133324184097823"
"GPR155","0.136343039537434"
"GPR156","0.135985488821794"
"GPR157","0.132443847707772"
"GPR158","0.1354684985693"
"GPR158-AS1","0.135985488821794"
"GPR160","0.13567436095159"
"GPR161","0.134156041631576"
"GPR162","0.13450558510899"
"GPR17","0.134597489069236"
"GPR171","0.136488693988934"
"GPR173","0.133829133935431"
"GPR174","0.135985488821794"
"GPR176","0.136570315350829"
"GPR179","0.136492442201867"
"GPR18","0.137672029914196"
"GPR180","0.132999170024917"
"GPR182","0.13155810615178"
"GPR183","0.134156041631576"
"GPR19","0.131200693031303"
"GPR20","0.138897507440957"
"GPR21","0.137507190048494"
"GPR22","0.132999170024917"
"GPR25","0.134597489069236"
"GPR26","0.13450558510899"
"GPR27","0.137507190048494"
"GPR3","0.13450558510899"
"GPR31","0.135087836516503"
"GPR34","0.134697779054737"
"GPR35","0.133324184097823"
"GPR37","0.13572603678182"
"GPR37L1","0.137700147179454"
"GPR39","0.13450558510899"
"GPR4","0.136492442201867"
"GPR42","0.132657735159441"
"GPR50","0.134195315198301"
"GPR50-AS1","0.134618342939307"
"GPR52","0.132999170024917"
"GPR55","0.134364834787649"
"GPR6","0.134618342939307"
"GPR61","0.133829133935431"
"GPR62","0.136986401555964"
"GPR63","0.134364834787649"
"GPR65","0.132999170024917"
"GPR68","0.133829133935431"
"GPR75","0.136343039537434"
"GPR78","0.138897507440957"
"GPR82","0.130343878809151"
"GPR83","0.134618342939307"
"GPR84","0.136343039537434"
"GPR85","0.137507190048494"
"GPR87","0.136986401555964"
"GPR88","0.13450558510899"
"GPR89A","0.134664447514068"
"GPR89B","0.140528745511569"
"GPRASP1","0.136962358432032"
"GPRASP2","0.131344342357814"
"GPRC5A","0.138427426362518"
"GPRC5B","0.137780552595172"
"GPRC5C","0.134664447514068"
"GPRC5D","0.137672029914196"
"GPRC6A","0.135985488821794"
"GPRIN1","0.131200693031303"
"GPRIN2","0.128192692190252"
"GPRIN3","0.136570315350829"
"GPS1","0.135908018799483"
"GPS2","0.1354684985693"
"GPSM1","0.133172413338848"
"GPSM2","0.134156041631576"
"GPSM3","0.136343039537434"
"GPT","0.137780552595172"
"GPT2","0.13450558510899"
"GPX1","0.134156041631576"
"GPX2","0.134597489069236"
"GPX3","0.133609668550938"
"GPX4","0.140760436183082"
"GPX5","0.134697779054737"
"GPX6","0.134664447514068"
"GPX7","0.136492442201867"
"GPX8","0.136343039537434"
"GRAMD1A","0.135904309400416"
"GRAMD1B","0.137672029914196"
"GRAMD1C","0.136570315350829"
"GRAMD2","0.135985488821794"
"GRAMD3","0.135087836516503"
"GRAMD4","0.134618342939307"
"GRAP","0.134597489069236"
"GRAP2","0.13572603678182"
"GRAPL","0.136492442201867"
"GRASP","0.137672029914196"
"GRB10","0.135908018799483"
"GRB14","0.135087836516503"
"GRB2","0.134156041631576"
"GRB7","0.134664447514068"
"GREB1","0.137672029914196"
"GREB1L","0.139290088903375"
"GREM1","0.136471462657433"
"GREM2","0.13567436095159"
"GRHL1","0.134364834787649"
"GRHL2","0.134697779054737"
"GRHL3","0.1354684985693"
"GRHPR","0.139435882750028"
"GRIA1","0.133829133935431"
"GRIA2","0.138899590119201"
"GRIA3","0.133609668550938"
"GRIA4","0.135908018799483"
"GRID1","0.137780552595172"
"GRID2","0.133829133935431"
"GRID2IP","0.136471462657433"
"GRIK1","0.135985488821794"
"GRIK1-AS1","0.13572603678182"
"GRIK2","0.139672831878064"
"GRIK3","0.135087836516503"
"GRIK4","0.136962358432032"
"GRIK5","0.136570315350829"
"GRIN1","0.138427426362518"
"GRIN2A","0.135087836516503"
"GRIN2B","0.136343039537434"
"GRIN2C","0.1354684985693"
"GRIN2D","0.13466391769139"
"GRIN3A","0.137700147179454"
"GRIN3B","0.138899590119201"
"GRINA","0.136492442201867"
"GRIP1","0.136986401555964"
"GRIP2","0.13567436095159"
"GRIPAP1","0.136343039537434"
"GRK1","0.134597489069236"
"GRK4","0.136343039537434"
"GRK5","0.138427426362518"
"GRK6","0.139435882750028"
"GRK7","0.136492442201867"
"GRM1","0.136471462657433"
"GRM2","0.137780552595172"
"GRM3","0.137672029914196"
"GRM4","0.136962358432032"
"GRM5","0.135904309400416"
"GRM5-AS1","0.136343039537434"
"GRM6","0.138899590119201"
"GRM7","0.137507190048494"
"GRM7-AS1","0.136488693988934"
"GRM7-AS3","0.138427426362518"
"GRM8","0.133037476286041"
"GRN","0.137507190048494"
"GRP","0.136343039537434"
"GRPEL1","0.137780552595172"
"GRPEL2","0.133829133935431"
"GRPEL2-AS1","0.136488693988934"
"GRPR","0.137780552595172"
"GRSF1","0.137780552595172"
"GRTP1","0.137780552595172"
"GRTP1-AS1","0.13466391769139"
"GRWD1","0.132657735159441"
"GRXCR1","0.137780552595172"
"GS1-114I9.1","0.136570315350829"
"GS1-114I9.3","0.135985488821794"
"GS1-120K12.4","0.137700147179454"
"GS1-124K5.11","0.137700147179454"
"GS1-124K5.3","0.137688545831493"
"GS1-124K5.4","0.136986401555964"
"GS1-166A23.1","0.135985488821794"
"GS1-166A23.2","0.132780257349355"
"GS1-174L6.4","0.13572603678182"
"GS1-204I12.4","0.1354684985693"
"GS1-24F4.2","0.135904309400416"
"GS1-256O22.5","0.137780552595172"
"GS1-259H13.13","0.13572603678182"
"GS1-259H13.2","0.13466391769139"
"GS1-279B7.1","0.138633555772618"
"GS1-279B7.2","0.136488693988934"
"GS1-293C5.1","0.139146201265165"
"GS1-304P7.3","0.133324184097823"
"GS1-393G12.13","0.136962358432032"
"GS1-393G12.14","0.136986401555964"
"GS1-39E22.2","0.139146201265165"
"GS1-519E5.1","0.135087836516503"
"GS1-57L11.1","0.138427426362518"
"GS1-590J6.3","0.139803007043682"
"GS1-594A7.3","0.138633555772618"
"GS1-600G8.5","0.138899590119201"
"GS1-72M22.1","0.138679207765856"
"GSAP","0.13572603678182"
"GSC","0.139803007043682"
"GSDMA","0.139290088903375"
"GSDMB","0.13450558510899"
"GSDMC","0.137507190048494"
"GSDMD","0.138074135143699"
"GSE1","0.135985488821794"
"GSG1","0.139290088903375"
"GSG1L","0.137507190048494"
"GSG2","0.138633555772618"
"GSK3A","0.135685489148792"
"GSK3B","0.138872832024462"
"GSKIP","0.136570315350829"
"GSN","0.13567436095159"
"GSN-AS1","0.1354684985693"
"GSPT1","0.137780552595172"
"GSPT2","0.138074135143699"
"GSR","0.142063949813028"
"GSS","0.138679207765856"
"GSTA1","0.137700147179454"
"GSTA2","0.136343039537434"
"GSTA3","0.138337887747448"
"GSTA4","0.139209800588761"
"GSTA5","0.139146201265165"
"GSTCD","0.138679207765856"
"GSTK1","0.135087836516503"
"GSTM1","0.13450558510899"
"GSTM2","0.134697779054737"
"GSTM3","0.138427426362518"
"GSTM4","0.137700147179454"
"GSTM5","0.138679207765856"
"GSTO1","0.138899590119201"
"GSTO2","0.137700147179454"
"GSTP1","0.137780552595172"
"GSTT2B","0.137780552595172"
"GSTZ1","0.135908018799483"
"GSX1","0.13450558510899"
"GSX2","0.134597489069236"
"GTDC1","0.136343039537434"
"GTF2A1","0.13450558510899"
"GTF2A1L","0.133037476286041"
"GTF2A2","0.134393195315795"
"GTF2B","0.137780552595172"
"GTF2E1","0.135985488821794"
"GTF2E2","0.137672029914196"
"GTF2F1","0.1354684985693"
"GTF2F2","0.139146201265165"
"GTF2H1","0.137700147179454"
"GTF2H2","0.134393195315795"
"GTF2H2C","0.136343039537434"
"GTF2H3","0.136570315350829"
"GTF2H4","0.138679207765856"
"GTF2H5","0.135087836516503"
"GTF2I","0.138633555772618"
"GTF2IRD1","0.139146201265165"
"GTF2IRD2","0.13567436095159"
"GTF2IRD2B","0.13466391769139"
"GTF3A","0.137507190048494"
"GTF3C1","0.132780257349355"
"GTF3C2","0.134109750873314"
"GTF3C2-AS1","0.135908018799483"
"GTF3C3","0.138899590119201"
"GTF3C4","0.135908018799483"
"GTF3C5","0.136343039537434"
"GTF3C6","0.129921090284458"
"GTPBP1","0.13572603678182"
"GTPBP10","0.134334662195306"
"GTPBP2","0.133324184097823"
"GTPBP3","0.136570315350829"
"GTPBP4","0.138899590119201"
"GTPBP6","0.13572603678182"
"GTPBP8","0.136986401555964"
"GTSCR1","0.1354684985693"
"GTSE1","0.134597489069236"
"GTSE1-AS1","0.138633555772618"
"GTSF1","0.137672029914196"
"GTSF1L","0.136488693988934"
"GUCA1A","0.136962358432032"
"GUCA1B","0.132780257349355"
"GUCA1C","0.1354684985693"
"GUCA2A","0.138679207765856"
"GUCA2B","0.139290088903375"
"GUCD1","0.136962358432032"
"GUCY1A2","0.137780552595172"
"GUCY1A3","0.13572603678182"
"GUCY1B3","0.136488693988934"
"GUCY2C","0.139209800588761"
"GUCY2D","0.142063949813028"
"GUCY2F","0.139146201265165"
"GUF1","0.138633555772618"
"GUK1","0.136488693988934"
"GULP1","0.13567436095159"
"GUSB","0.138679207765856"
"GVQW1","0.136962358432032"
"GVQW2","0.13567436095159"
"GXYLT1","0.140176477807098"
"GXYLT2","0.137672029914196"
"GYG1","0.136962358432032"
"GYG2","0.135985488821794"
"GYG2-AS1","0.134597489069236"
"GYLTL1B","0.135908018799483"
"GYPA","0.138059632656228"
"GYPB","0.1354684985693"
"GYPC","0.137507190048494"
"GYPE","0.137780552595172"
"GYS1","0.135904309400416"
"GYS2","0.137507190048494"
"GZF1","0.139209800588761"
"GZMA","0.138074135143699"
"GZMB","0.137507190048494"
"GZMH","0.135985488821794"
"GZMK","0.138679207765856"
"GZMM","0.135908018799483"
"H1F0","0.136488693988934"
"H1FNT","0.137507190048494"
"H1FOO","0.136343039537434"
"H1FX","0.134109750873314"
"H1FX-AS1","0.135985488821794"
"H2AFB1","0.135904309400416"
"H2AFB3","0.137129165415532"
"H2AFJ","0.134597489069236"
"H2AFV","0.139435882750028"
"H2AFX","0.139435882750028"
"H2AFY","0.13572603678182"
"H2AFY2","0.13450558510899"
"H2AFZ","0.135908018799483"
"H2BFM","0.13466391769139"
"H2BFS","0.141978528523072"
"H2BFWT","0.140635720794435"
"H3F3A","0.13466391769139"
"H3F3B","0.138679207765856"
"H3F3C","0.136343039537434"
"H6PD","0.135908018799483"
"HAAO","0.13450558510899"
"HABP2","0.136488693988934"
"HABP4","0.13572603678182"
"HACD1","0.135908018799483"
"HACD2","0.137507190048494"
"HACD3","0.13567436095159"
"HACD4","0.1354684985693"
"HACE1","0.136343039537434"
"HACL1","0.13567436095159"
"HADH","0.139435882750028"
"HADHA","0.138074135143699"
"HADHB","0.13572603678182"
"HAGH","0.141287401012763"
"HAGHL","0.137700147179454"
"HAGLR","0.13466391769139"
"HAGLROS","0.135985488821794"
"HAL","0.139290088903375"
"HAMP","0.135138605430827"
"HAND1","0.136343039537434"
"HAND2","0.137507190048494"
"HAND2-AS1","0.135138605430827"
"HAO1","0.13466391769139"
"HAO2","0.134597489069236"
"HAP1","0.138600193158588"
"HAPLN1","0.133609668550938"
"HAPLN2","0.13466391769139"
"HAPLN3","0.134850085797709"
"HAPLN4","0.134334662195306"
"HAR1A","0.135985488821794"
"HAR1B","0.134597489069236"
"HARBI1","0.133609668550938"
"HARS","0.13567436095159"
"HARS2","0.135904309400416"
"HAS1","0.135863761767387"
"HAS2","0.13567436095159"
"HAS2-AS1","0.134364834787649"
"HAS3","0.137700147179454"
"HAT1","0.132275453581884"
"HAUS1","0.134850085797709"
"HAUS2","0.138661838859781"
"HAUS3","0.135138605430827"
"HAUS4","0.13466391769139"
"HAUS5","0.138989497019583"
"HAUS6","0.136343039537434"
"HAUS7","0.135985488821794"
"HAUS8","0.135138605430827"
"HAVCR1","0.133609668550938"
"HAVCR2","0.135985488821794"
"HAX1","0.135138605430827"
"HBA1","0.135985488821794"
"HBA2","0.138661838859781"
"HBB","0.13450558510899"
"HBD","0.134597489069236"
"HBE1","0.135908018799483"
"HBEGF","0.133037476286041"
"HBG1","0.134174962617668"
"HBG2","0.134174962617668"
"HBM","0.1354684985693"
"HBP1","0.136343039537434"
"HBQ1","0.136488693988934"
"HBS1L","0.133037476286041"
"HBZ","0.130343878809151"
"HCAR1","0.136488693988934"
"HCAR2","0.1354684985693"
"HCAR3","0.137672029914196"
"HCCAT5","0.137780552595172"
"HCCS","0.137780552595172"
"HCFC1","0.133172413338848"
"HCFC1-AS1","0.133037476286041"
"HCFC1R1","0.137780552595172"
"HCFC2","0.137780552595172"
"HCG11","0.133609668550938"
"HCG14","0.135908018799483"
"HCG15","0.133609668550938"
"HCG16","0.135138605430827"
"HCG17","0.134393195315795"
"HCG18","0.131722810228484"
"HCG20","0.137780552595172"
"HCG2040054","0.133324184097823"
"HCG21","0.136343039537434"
"HCG22","0.135908018799483"
"HCG23","0.13572603678182"
"HCG24","0.13572603678182"
"HCG25","0.13572603678182"
"HCG27","0.133037476286041"
"HCG9","0.13508178986429"
"HCK","0.138074135143699"
"HCLS1","0.133037476286041"
"HCN1","0.135138605430827"
"HCN2","0.134597489069236"
"HCN3","0.134850085797709"
"HCN4","0.137672029914196"
"HCP5B","0.13567436095159"
"HCRT","0.134334662195306"
"HCRTR1","0.136343039537434"
"HCRTR2","0.133172413338848"
"HCST","0.135138605430827"
"HDAC1","0.135138605430827"
"HDAC10","0.137780552595172"
"HDAC11","0.134334662195306"
"HDAC11-AS1","0.137672029914196"
"HDAC2","0.136488693988934"
"HDAC3","0.133037476286041"
"HDAC4","0.134393195315795"
"HDAC5","0.136343039537434"
"HDAC6","0.133609668550938"
"HDAC7","0.137352465897494"
"HDAC8","0.138074135143699"
"HDAC9","0.138427426362518"
"HDC","0.134597489069236"
"HDDC2","0.140176477807098"
"HDDC3","0.133885896893706"
"HDGF","0.13466391769139"
"HDGFL1","0.135908018799483"
"HDHD2","0.133885896893706"
"HDHD3","0.1354684985693"
"HDLBP","0.137700147179454"
"HDX","0.13450558510899"
"HEATR1","0.137780552595172"
"HEATR3","0.132275453581884"
"HEATR4","0.138427426362518"
"HEATR5A","0.13567436095159"
"HEATR5B","0.134393195315795"
"HEATR6","0.138074135143699"
"HEATR9","0.134598523752487"
"HEBP1","0.136371515507733"
"HEBP2","0.137352465897494"
"HECA","0.133324184097823"
"HECTD1","0.13454279991288"
"HECTD2","0.136343039537434"
"HECTD3","0.135908018799483"
"HECTD4","0.134598523752487"
"HECW1","0.13572603678182"
"HECW2","0.137688545831493"
"HEG1","0.13466391769139"
"HELB","0.138427426362518"
"HELLS","0.134334662195306"
"HELQ","0.134393195315795"
"HELT","0.136343039537434"
"HELZ","0.133885896893706"
"HELZ2","0.1354684985693"
"HEMGN","0.138074135143699"
"HEMK1","0.134598523752487"
"HENMT1","0.13567436095159"
"HEPACAM","0.135908018799483"
"HEPACAM2","0.13572603678182"
"HEPH","0.1354684985693"
"HEPHL1","0.133885896893706"
"HEPN1","0.134495527578209"
"HERC1","0.135908018799483"
"HERC2","0.13454279991288"
"HERC3","0.130387723767187"
"HERC4","0.134393195315795"
"HERC5","0.138059147201659"
"HERC6","0.134334662195306"
"HERPUD1","0.137780552595172"
"HERPUD2","0.136091657338075"
"HES1","0.13466391769139"
"HES2","0.135908018799483"
"HES4","0.134598523752487"
"HES5","0.13450558510899"
"HES6","0.137780552595172"
"HES7","0.133885896893706"
"HESX1","0.135985488821794"
"HEXA","0.136343039537434"
"HEXA-AS1","0.131508658980463"
"HEXB","0.138158677778089"
"HEXDC","0.135985488821794"
"HEXIM1","0.13572603678182"
"HEXIM2","0.13567436095159"
"HEY1","0.137700147179454"
"HEY2","0.138427426362518"
"HEYL","0.13466391769139"
"HFE","0.135908018799483"
"HFE2","0.138600193158588"
"HFM1","0.135904309400416"
"HGD","0.140176477807098"
"HGF","0.138668086894513"
"HGFAC","0.140176477807098"
"HGH1","0.138668086894513"
"HGS","0.135908018799483"
"HGSNAT","0.138059147201659"
"HHAT","0.139209800588761"
"HHATL","0.138600193158588"
"HHATL-AS1","0.137352465897494"
"HHEX","0.13572603678182"
"HHIP","0.137775047289406"
"HHIP-AS1","0.137352465897494"
"HHIPL1","0.134598523752487"
"HHIPL2","0.137352465897494"
"HHLA1","0.13454279991288"
"HHLA2","0.135985488821794"
"HHLA3","0.139290088903375"
"HIBADH","0.139209800588761"
"HIBCH","0.13466391769139"
"HIC1","0.13466391769139"
"HIC2","0.139073434706798"
"HID1","0.137780552595172"
"HID1-AS1","0.138059147201659"
"HIF1A","0.136247917607547"
"HIF1A-AS1","0.137672029914196"
"HIF1A-AS2","0.137352465897494"
"HIF1AN","0.136337024265396"
"HIF3A","0.134850085797709"
"HIGD1A","0.137352465897494"
"HIGD1B","0.135685489148792"
"HIGD1C","0.135138605430827"
"HIGD2A","0.13454279991288"
"HIGD2B","0.137342973907394"
"HILPDA","0.13466391769139"
"HINFP","0.136488693988934"
"HINT1","0.139073434706798"
"HINT2","0.134850085797709"
"HINT3","0.133172413338848"
"HIP1","0.136488693988934"
"HIP1R","0.138158677778089"
"HIPK1","0.137688545831493"
"HIPK1-AS1","0.137352465897494"
"HIPK2","0.1354684985693"
"HIPK3","0.139737319443025"
"HIPK4","0.134334662195306"
"HIRA","0.135985488821794"
"HIRIP3","0.138059147201659"
"HIST1H1A","0.139737319443025"
"HIST1H1B","0.136488693988934"
"HIST1H1C","0.138600193158588"
"HIST1H1D","0.140518395824958"
"HIST1H1E","0.13466391769139"
"HIST1H1T","0.139435882750028"
"HIST1H2AA","0.138158677778089"
"HIST1H2AB","0.135138605430827"
"HIST1H2AC","0.138074135143699"
"HIST1H2AD","0.13450558510899"
"HIST1H2AE","0.1354684985693"
"HIST1H2AG","0.141287401012763"
"HIST1H2AH","0.13466391769139"
"HIST1H2AI","0.134393195315795"
"HIST1H2AJ","0.137352465897494"
"HIST1H2AK","0.135685489148792"
"HIST1H2AL","0.137672029914196"
"HIST1H2AM","0.137688545831493"
"HIST1H2BA","0.1354684985693"
"HIST1H2BB","0.13450558510899"
"HIST1H2BC","0.137688545831493"
"HIST1H2BD","0.134393195315795"
"HIST1H2BE","0.134393195315795"
"HIST1H2BF","0.137672029914196"
"HIST1H2BG","0.138600193158588"
"HIST1H2BH","0.139435882750028"
"HIST1H2BI","0.135138605430827"
"HIST1H2BJ","0.134334662195306"
"HIST1H2BK","0.138059147201659"
"HIST1H2BL","0.137780552595172"
"HIST1H2BM","0.140760436183082"
"HIST1H2BN","0.138600193158588"
"HIST1H2BO","0.134850085797709"
"HIST1H3A","0.140646463510462"
"HIST1H3B","0.136488693988934"
"HIST1H3C","0.135908018799483"
"HIST1H3E","0.133609668550938"
"HIST1H3F","0.135138605430827"
"HIST1H3G","0.135908018799483"
"HIST1H3H","0.133172413338848"
"HIST1H3I","0.135685489148792"
"HIST1H3J","0.139073434706798"
"HIST1H4A","0.138427426362518"
"HIST1H4B","0.136488693988934"
"HIST1H4C","0.135138605430827"
"HIST1H4D","0.132780257349355"
"HIST1H4E","0.136343039537434"
"HIST1H4F","0.133885896893706"
"HIST1H4H","0.1354684985693"
"HIST1H4I","0.139209800588761"
"HIST1H4J","0.139737319443025"
"HIST1H4L","0.135908018799483"
"HIST2H2AA3","0.134393195315795"
"HIST2H2AA4","0.13450558510899"
"HIST2H2AB","0.139209800588761"
"HIST2H2AC","0.138059147201659"
"HIST2H2BE","0.138600193158588"
"HIST2H2BF","0.13450558510899"
"HIST2H3A","0.141689501343444"
"HIST2H3D","0.138059147201659"
"HIST2H3PS2","0.13454279991288"
"HIST2H4A","0.137352465897494"
"HIST2H4B","0.138427426362518"
"HIST3H2A","0.139073434706798"
"HIST3H2BB","0.134850085797709"
"HIST4H4","0.135138605430827"
"HIVEP1","0.135685489148792"
"HIVEP2","0.137700147179454"
"HIVEP3","0.134598523752487"
"HJURP","0.138639803807351"
"HK1","0.138600193158588"
"HK2","0.137780552595172"
"HK3","0.138158677778089"
"HKDC1","0.139290088903375"
"HKR1","0.137672029914196"
"HLA-A","0.141928802655922"
"HLA-B","0.136343039537434"
"HLA-C","0.138600193158588"
"HLA-DMA","0.13466391769139"
"HLA-DMB","0.138059147201659"
"HLA-DOA","0.133303528710839"
"HLA-DOB","0.138600193158588"
"HLA-DPA1","0.13454279991288"
"HLA-DPB1","0.137352465897494"
"HLA-DQA1","0.13466391769139"
"HLA-DQA2","0.13454279991288"
"HLA-DQB1","0.134334662195306"
"HLA-DQB1-AS1","0.140635720794435"
"HLA-DQB2","0.137688545831493"
"HLA-DRA","0.137672029914196"
"HLA-DRB1","0.131200693031303"
"HLA-DRB5","0.135138605430827"
"HLA-E","0.1354684985693"
"HLA-F","0.138059147201659"
"HLA-G","0.138427426362518"
"HLCS","0.135985488821794"
"HLF","0.142063949813028"
"HLTF","0.136343039537434"
"HLX","0.134597489069236"
"HLX-AS1","0.137688545831493"
"HM13","0.137780552595172"
"HM13-AS1","0.136343039537434"
"HMBOX1","0.136488693988934"
"HMBS","0.139290088903375"
"HMCES","0.139290088903375"
"HMCN1","0.139435882750028"
"HMCN2","0.136343039537434"
"HMG20A","0.140635720794435"
"HMG20B","0.135685489148792"
"HMGA1","0.131360167470688"
"HMGA1P4","0.1354684985693"
"HMGA2","0.135138605430827"
"HMGB1","0.138422430381838"
"HMGB2","0.137352465897494"
"HMGB3","0.134174962617668"
"HMGB4","0.139435882750028"
"HMGCL","0.135985488821794"
"HMGCLL1","0.138059147201659"
"HMGCR","0.137352465897494"
"HMGCS1","0.137672029914196"
"HMGCS2","0.137688545831493"
"HMGN1","0.137352465897494"
"HMGN2","0.137688545831493"
"HMGN3","0.135908018799483"
"HMGN3-AS1","0.13466391769139"
"HMGN4","0.135908018799483"
"HMGN5","0.135985488821794"
"HMGXB3","0.135685489148792"
"HMGXB4","0.138427426362518"
"HMHA1","0.139290088903375"
"HMHB1","0.1354684985693"
"HMMR","0.134174962617668"
"HMOX1","0.138427426362518"
"HMOX2","0.140176477807098"
"HMP19","0.136343039537434"
"HMSD","0.139737319443025"
"HMX1","0.137700147179454"
"HMX2","0.139073434706798"
"HMX3","0.141287401012763"
"HN1","0.134467167050064"
"HN1L","0.138074135143699"
"HNCAT21","0.138427426362518"
"HNF1A","0.136488693988934"
"HNF1B","0.137780552595172"
"HNF4A","0.132275453581884"
"HNF4A-AS1","0.138158677778089"
"HNF4G","0.137672029914196"
"HNMT","0.138668086894513"
"HNRNPA0","0.140760436183082"
"HNRNPA1","0.137780552595172"
"HNRNPA1L2","0.139737319443025"
"HNRNPA2B1","0.133885896893706"
"HNRNPA3","0.135685489148792"
"HNRNPAB","0.134850085797709"
"HNRNPC","0.13454279991288"
"HNRNPCL1","0.138074135143699"
"HNRNPCL2","0.134467167050064"
"HNRNPCL3","0.135985488821794"
"HNRNPCL4","0.137352465897494"
"HNRNPD","0.134850085797709"
"HNRNPDL","0.139209800588761"
"HNRNPF","0.135138605430827"
"HNRNPH1","0.134334662195306"
"HNRNPH2","0.138600193158588"
"HNRNPH3","0.140635720794435"
"HNRNPK","0.140176477807098"
"HNRNPL","0.139209800588761"
"HNRNPLL","0.136343039537434"
"HNRNPM","0.136343039537434"
"HNRNPR","0.143038365519149"
"HNRNPU","0.137780552595172"
"HNRNPU-AS1","0.141928802655922"
"HNRNPUL1","0.137700147179454"
"HNRNPUL2","0.135138605430827"
"HNRNPUL2-BSCL2","0.141287401012763"
"HOGA1","0.133885896893706"
"HOMER1","0.139435882750028"
"HOMER2","0.141689501343444"
"HOMER3","0.139209800588761"
"HOMEZ","0.144631119380634"
"HOOK1","0.135985488821794"
"HOOK2","0.138427426362518"
"HOOK3","0.138074135143699"
"HOPX","0.137780552595172"
"HORMAD1","0.140760436183082"
"HORMAD2","0.138668086894513"
"HORMAD2-AS1","0.13466391769139"
"HOTAIR","0.135908018799483"
"HOTAIRM1","0.142829918459772"
"HOTTIP","0.139209800588761"
"HOXA-AS2","0.135908018799483"
"HOXA-AS3","0.138427426362518"
"HOXA1","0.138427426362518"
"HOXA10","0.139073434706798"
"HOXA10-AS","0.138158677778089"
"HOXA11","0.138668086894513"
"HOXA11-AS","0.138600193158588"
"HOXA13","0.139290088903375"
"HOXA2","0.138059147201659"
"HOXA3","0.139073434706798"
"HOXA4","0.137780552595172"
"HOXA5","0.1354684985693"
"HOXA6","0.1354684985693"
"HOXA7","0.139435882750028"
"HOXA9","0.138600193158588"
"HOXB-AS1","0.142829918459772"
"HOXB-AS2","0.139435882750028"
"HOXB-AS3","0.135908018799483"
"HOXB-AS4","0.139421277489184"
"HOXB1","0.135908018799483"
"HOXB13","0.13466391769139"
"HOXB2","0.140760436183082"
"HOXB3","0.142829918459772"
"HOXB4","0.137352465897494"
"HOXB5","0.135985488821794"
"HOXB6","0.138668086894513"
"HOXB7","0.139079085834528"
"HOXB8","0.138668086894513"
"HOXB9","0.139737319443025"
"HOXC-AS1","0.137780552595172"
"HOXC10","0.136343039537434"
"HOXC11","0.140176477807098"
"HOXC12","0.140635720794435"
"HOXC13","0.142550757303756"
"HOXC13-AS","0.134850085797709"
"HOXC4","0.138600193158588"
"HOXC5","0.139246273120844"
"HOXC6","0.139246273120844"
"HOXC8","0.135685489148792"
"HOXC9","0.137700147179454"
"HOXD-AS2","0.135908018799483"
"HOXD1","0.142829918459772"
"HOXD10","0.137672029914196"
"HOXD11","0.134598523752487"
"HOXD13","0.138074135143699"
"HOXD3","0.138059147201659"
"HOXD4","0.139079085834528"
"HOXD8","0.135985488821794"
"HOXD9","0.137352465897494"
"HP","0.136488693988934"
"HP09025","0.138158677778089"
"HP1BP3","0.137780552595172"
"HPCA","0.140760436183082"
"HPCAL1","0.138600193158588"
"HPCAL4","0.136343039537434"
"HPD","0.13539126388044"
"HPDL","0.136343039537434"
"HPGD","0.138600193158588"
"HPGDS","0.134495527578209"
"HPN","0.140635720794435"
"HPN-AS1","0.133609668550938"
"HPR","0.13454279991288"
"HPRT1","0.134174962617668"
"HPS1","0.140176477807098"
"HPS3","0.137672029914196"
"HPS4","0.137342973907394"
"HPS5","0.137672029914196"
"HPS6","0.137352465897494"
"HPSE","0.137352465897494"
"HPSE2","0.139435882750028"
"HPX","0.134850085797709"
"HR","0.137688545831493"
"HRAS","0.137789087498411"
"HRASLS","0.139435882750028"
"HRASLS2","0.137700147179454"
"HRASLS5","0.139301618510988"
"HRAT17","0.137731257194938"
"HRAT92","0.137789087498411"
"HRC","0.139301618510988"
"HRCT1","0.13466391769139"
"HRG","0.137731257194938"
"HRH1","0.139301618510988"
"HRH2","0.135908018799483"
"HRH3","0.137700147179454"
"HRH4","0.141928802655922"
"HRK","0.139246273120844"
"HRNR","0.140635720794435"
"HRSP12","0.141928802655922"
"HS1BP3","0.133037476286041"
"HS2ST1","0.138059147201659"
"HS3ST1","0.135685489148792"
"HS3ST2","0.141928802655922"
"HS3ST3A1","0.138427426362518"
"HS3ST3B1","0.136488693988934"
"HS3ST4","0.137352465897494"
"HS3ST5","0.138512275624005"
"HS3ST6","0.137700147179454"
"HS6ST1","0.138668086894513"
"HS6ST2","0.137352465897494"
"HS6ST3","0.137731257194938"
"HSBP1","0.137789087498411"
"HSBP1L1","0.138158677778089"
"HSCB","0.135908018799483"
"HSD11B1","0.144631119380634"
"HSD11B1L","0.139737319443025"
"HSD11B2","0.145224230037669"
"HSD17B1","0.141928802655922"
"HSD17B10","0.142293340843813"
"HSD17B11","0.136488693988934"
"HSD17B12","0.134850085797709"
"HSD17B13","0.139435882750028"
"HSD17B14","0.139065882284941"
"HSD17B2","0.136488693988934"
"HSD17B3","0.139301618510988"
"HSD17B4","0.139435882750028"
"HSD17B6","0.135334448313903"
"HSD17B7","0.142584536682662"
"HSD17B8","0.139301618510988"
"HSD3B1","0.139246273120844"
"HSD3B2","0.139079085834528"
"HSD3B7","0.139435882750028"
"HSDL1","0.137731257194938"
"HSDL2","0.138422430381838"
"HSF1","0.139737319443025"
"HSF2","0.140176477807098"
"HSF2BP","0.144277745914566"
"HSF4","0.138668086894513"
"HSF5","0.139737319443025"
"HSFX1","0.141689501343444"
"HSFY2","0.141689501343444"
"HSH2D","0.140635720794435"
"HSP90AA1","0.138059147201659"
"HSP90AB1","0.139435882750028"
"HSP90B1","0.139737319443025"
"HSPA12A","0.138337887747448"
"HSPA12B","0.139737319443025"
"HSPA13","0.139952342986651"
"HSPA14","0.140219091169759"
"HSPA1A","0.137731257194938"
"HSPA1B","0.138422430381838"
"HSPA1L","0.142063949813028"
"HSPA2","0.138600193158588"
"HSPA4","0.136488693988934"
"HSPA4L","0.142063949813028"
"HSPA5","0.138600193158588"
"HSPA6","0.143316865324352"
"HSPA8","0.140219091169759"
"HSPA9","0.137789087498411"
"HSPB1","0.136488693988934"
"HSPB11","0.142166712256718"
"HSPB2","0.133230557818985"
"HSPB2-C11orf52","0.139952342986651"
"HSPB3","0.138600193158588"
"HSPB6","0.139737319443025"
"HSPB7","0.141928802655922"
"HSPB8","0.136488693988934"
"HSPB9","0.141689501343444"
"HSPBAP1","0.138668086894513"
"HSPBP1","0.139301618510988"
"HSPD1","0.140116484499511"
"HSPE1","0.135908018799483"
"HSPE1-MOB4","0.14363709223437"
"HSPG2","0.139737319443025"
"HSPH1","0.141928802655922"
"HTATIP2","0.140219091169759"
"HTATSF1","0.135908018799483"
"HTN1","0.13539126388044"
"HTR1B","0.138600193158588"
"HTR1D","0.138668086894513"
"HTR1E","0.141689501343444"
"HTR1F","0.138668086894513"
"HTR2A","0.139301618510988"
"HTR2A-AS1","0.138507279643325"
"HTR2B","0.139246273120844"
"HTR2C","0.141412461346995"
"HTR3A","0.135685489148792"
"HTR3B","0.141928802655922"
"HTR3C","0.138059147201659"
"HTR3D","0.140219091169759"
"HTR3E","0.141689501343444"
"HTR3E-AS1","0.139301618510988"
"HTR4","0.139435882750028"
"HTR5A","0.139952342986651"
"HTR6","0.13466391769139"
"HTR7","0.139079085834528"
"HTRA1","0.139435882750028"
"HTRA2","0.142293340843813"
"HTRA3","0.145766727700114"
"HTRA4","0.139301618510988"
"HTT","0.142166712256718"
"HTT-AS","0.139737319443025"
"HULC","0.138252140971431"
"HUNK","0.139301618510988"
"HUNK-AS1","0.143038365519149"
"HUS1","0.141928802655922"
"HUS1B","0.138600193158588"
"HUWE1","0.141689501343444"
"HVCN1","0.139952342986651"
"HYAL1","0.142166712256718"
"HYAL2","0.139301618510988"
"HYAL3","0.138462301801385"
"HYAL4","0.143038365519149"
"HYDIN","0.135985488821794"
"HYI","0.139737319443025"
"HYI-AS1","0.141689501343444"
"HYKK","0.139301618510988"
"HYLS1","0.138600193158588"
"HYOU1","0.143316865324352"
"HYPK","0.139737319443025"
"HYPM","0.139301618510988"
"IAH1","0.139290088903375"
"IAPP","0.138458580760299"
"IARS","0.139136008050169"
"IARS2","0.139952342986651"
"IBA57","0.140760436183082"
"IBA57-AS1","0.14113919809112"
"IBSP","0.137700147179454"
"IBTK","0.139301618510988"
"ICA1","0.137789087498411"
"ICA1L","0.139952342986651"
"ICAM1","0.138600193158588"
"ICAM2","0.14363709223437"
"ICAM3","0.138252140971431"
"ICAM4","0.139301618510988"
"ICAM5","0.139246273120844"
"ICE1","0.139952342986651"
"ICE2","0.141928802655922"
"ICK","0.143038365519149"
"ICMT","0.13539126388044"
"ICOS","0.137731257194938"
"ICOSLG","0.142166712256718"
"ICT1","0.139136008050169"
"ID1","0.139435882750028"
"ID2","0.142293340843813"
"ID2-AS1","0.142584536682662"
"ID3","0.142063949813028"
"ID4","0.139301618510988"
"IDE","0.138543430021786"
"IDH1","0.142322320138363"
"IDH1-AS1","0.140635720794435"
"IDH2","0.137775047289406"
"IDH3A","0.139246273120844"
"IDH3B","0.138668086894513"
"IDH3G","0.137377777951276"
"IDI1","0.140760436183082"
"IDI2","0.136343039537434"
"IDI2-AS1","0.134850085797709"
"IDNK","0.139737319443025"
"IDO1","0.142829918459772"
"IDO2","0.137394293868574"
"IDS","0.139737319443025"
"IDUA","0.138600193158588"
"IER2","0.137700147179454"
"IER3","0.141928802655922"
"IER3IP1","0.140760436183082"
"IER5","0.141412461346995"
"IER5L","0.14113919809112"
"IFFO1","0.139435882750028"
"IFFO2","0.13539126388044"
"IFI16","0.142584536682662"
"IFI27","0.142829918459772"
"IFI27L1","0.141928802655922"
"IFI27L2","0.141689501343444"
"IFI30","0.140760436183082"
"IFI35","0.139737319443025"
"IFI44","0.138252140971431"
"IFI44L","0.141689501343444"
"IFI6","0.142063949813028"
"IFIH1","0.139435882750028"
"IFIT1","0.139952342986651"
"IFIT1B","0.139737319443025"
"IFIT2","0.137700147179454"
"IFIT3","0.140635720794435"
"IFIT5","0.134022385103834"
"IFITM1","0.142322320138363"
"IFITM10","0.142063949813028"
"IFITM2","0.141928802655922"
"IFITM3","0.138458580760299"
"IFITM5","0.139737319443025"
"IFNA1","0.142322320138363"
"IFNA5","0.143480883495038"
"IFNA6","0.140219091169759"
"IFNAR1","0.139246273120844"
"IFNAR2","0.139136008050169"
"IFNB1","0.139435882750028"
"IFNE","0.140635720794435"
"IFNG","0.143480883495038"
"IFNG-AS1","0.142584536682662"
"IFNGR1","0.138059147201659"
"IFNGR2","0.140635720794435"
"IFNK","0.142063949813028"
"IFNL1","0.140635720794435"
"IFNL2","0.137700147179454"
"IFNL3","0.138458580760299"
"IFNLR1","0.139435882750028"
"IFNW1","0.141928802655922"
"IFRD1","0.135985488821794"
"IFRD2","0.138600193158588"
"IFT122","0.140760436183082"
"IFT140","0.139435882750028"
"IFT172","0.137789087498411"
"IFT20","0.144444750842014"
"IFT22","0.139435882750028"
"IFT27","0.140760436183082"
"IFT43","0.140635720794435"
"IFT46","0.140219091169759"
"IFT52","0.142584536682662"
"IFT57","0.140219091169759"
"IFT74","0.137394293868574"
"IFT74-AS1","0.142278940590744"
"IFT80","0.142278940590744"
"IFT81","0.141689501343444"
"IFT88","0.141689501343444"
"IGBP1","0.145766727700114"
"IGBP1-AS1","0.135908018799483"
"IGBP1-AS2","0.138600193158588"
"IGDCC3","0.138458580760299"
"IGDCC4","0.140760436183082"
"IGF1","0.137377777951276"
"IGF1R","0.134645687972604"
"IGF2","0.14113919809112"
"IGF2-AS","0.13539126388044"
"IGF2BP1","0.138600193158588"
"IGF2BP2","0.139737319443025"
"IGF2BP2-AS1","0.139301618510988"
"IGF2BP3","0.14113919809112"
"IGF2R","0.140635720794435"
"IGFALS","0.142322320138363"
"IGFBP1","0.142166712256718"
"IGFBP2","0.141412461346995"
"IGFBP3","0.140760436183082"
"IGFBP4","0.144849393042692"
"IGFBP5","0.142322320138363"
"IGFBP6","0.138852057091023"
"IGFBP7","0.139136008050169"
"IGFBP7-AS1","0.139435882750028"
"IGFBPL1","0.142166712256718"
"IGFL1","0.144444750842014"
"IGFL2","0.136419700474226"
"IGFL3","0.141412461346995"
"IGFL4","0.142166712256718"
"IGFLR1","0.139435882750028"
"IGFN1","0.140219091169759"
"IGHA1","0.137377777951276"
"IGHA2","0.141689501343444"
"IGHD","0.140635720794435"
"IGHE","0.141689501343444"
"IGHEP1","0.138458580760299"
"IGHEP2","0.139945175426297"
"IGHG1","0.142278940590744"
"IGHG2","0.137700147179454"
"IGHG3","0.141412461346995"
"IGHG4","0.141689501343444"
"IGHGP","0.142584536682662"
"IGHM","0.138668086894513"
"IGHMBP2","0.138583040670548"
"IGHV1-12","0.140760436183082"
"IGHV1-14","0.142322320138363"
"IGHV1-17","0.138252140971431"
"IGHV1-18","0.139435882750028"
"IGHV1-2","0.141287401012763"
"IGHV1-24","0.139435882750028"
"IGHV1-3","0.139992567162527"
"IGHV1-45","0.139435882750028"
"IGHV1-46","0.139737319443025"
"IGHV1-58","0.144444750842014"
"IGHV1-67","0.142584536682662"
"IGHV1-69","0.139992567162527"
"IGHV1-69-2","0.140635720794435"
"IGHV1OR15-2","0.139737319443025"
"IGHV1OR15-6","0.135731970038889"
"IGHV1OR15-9","0.138119367905545"
"IGHV1OR16-1","0.138119367905545"
"IGHV1OR16-3","0.140219091169759"
"IGHV1OR21-1","0.142584536682662"
"IGHV2-26","0.144849393042692"
"IGHV2-5","0.139435882750028"
"IGHV2-70","0.138838853541436"
"IGHV2OR16-5","0.139945175426297"
"IGHV3-11","0.144392681262237"
"IGHV3-13","0.141928802655922"
"IGHV3-15","0.141689501343444"
"IGHV3-16","0.141928802655922"
"IGHV3-20","0.14366657071893"
"IGHV3-21","0.142584536682662"
"IGHV3-22","0.143480883495038"
"IGHV3-23","0.139435882750028"
"IGHV3-29","0.142278940590744"
"IGHV3-30","0.137394293868574"
"IGHV3-33","0.141689501343444"
"IGHV3-35","0.139737319443025"
"IGHV3-36","0.136419700474226"
"IGHV3-37","0.138600193158588"
"IGHV3-38","0.137986181410145"
"IGHV3-41","0.141640100369563"
"IGHV3-43","0.139301618510988"
"IGHV3-48","0.14113919809112"
"IGHV3-49","0.139945175426297"
"IGHV3-52","0.142829918459772"
"IGHV3-53","0.140635720794435"
"IGHV3-60","0.142278940590744"
"IGHV3-62","0.14113919809112"
"IGHV3-64","0.140219091169759"
"IGHV3-66","0.139435882750028"
"IGHV3-7","0.140646463510462"
"IGHV3-71","0.139136008050169"
"IGHV3-72","0.139246273120844"
"IGHV3-73","0.139435882750028"
"IGHV3-74","0.139435882750028"
"IGHV3OR15-7","0.138852057091023"
"IGHV3OR16-13","0.141379255575843"
"IGHV3OR16-15","0.142166712256718"
"IGHV3OR16-9","0.139945175426297"
"IGHV4-28","0.137725751889172"
"IGHV4-31","0.140760436183082"
"IGHV4-34","0.139136008050169"
"IGHV4-39","0.141689501343444"
"IGHV4-4","0.142584536682662"
"IGHV4-55","0.141412461346995"
"IGHV4-59","0.136215471632171"
"IGHV4-61","0.137731257194938"
"IGHV4OR15-8","0.142829918459772"
"IGHV5-51","0.140635720794435"
"IGHV5-78","0.139945175426297"
"IGHV6-1","0.141689501343444"
"IGHV7-27","0.137789087498411"
"IGHV7-81","0.138852057091023"
"IGHVII-44-2","0.141450793730492"
"IGIP","0.140760436183082"
"IGKC","0.138119367905545"
"IGKV1-12","0.139992567162527"
"IGKV1-13","0.137731257194938"
"IGKV1-16","0.138119367905545"
"IGKV1-17","0.139136008050169"
"IGKV1-27","0.141689501343444"
"IGKV1-33","0.141689501343444"
"IGKV1-35","0.139952342986651"
"IGKV1-37","0.141450793730492"
"IGKV1-39","0.142278940590744"
"IGKV1-5","0.140760436183082"
"IGKV1-6","0.134022385103834"
"IGKV1-8","0.139435882750028"
"IGKV1-9","0.139435882750028"
"IGKV1D-12","0.140635720794435"
"IGKV1D-13","0.139301618510988"
"IGKV1D-16","0.139301618510988"
"IGKV1D-17","0.142278940590744"
"IGKV1D-27","0.139737319443025"
"IGKV1D-33","0.138252140971431"
"IGKV1D-37","0.140635720794435"
"IGKV1D-39","0.138543430021786"
"IGKV1D-43","0.139246273120844"
"IGKV1D-8","0.140635720794435"
"IGKV1OR-2","0.139992567162527"
"IGKV1OR-3","0.139737319443025"
"IGKV1OR1-1","0.141379255575843"
"IGKV1OR2-108","0.138119367905545"
"IGKV1OR22-5","0.139945175426297"
"IGKV2-10","0.142166712256718"
"IGKV2-18","0.138668086894513"
"IGKV2-19","0.14113919809112"
"IGKV2-24","0.141379255575843"
"IGKV2-26","0.138543430021786"
"IGKV2-28","0.139435882750028"
"IGKV2-29","0.137986181410145"
"IGKV2-30","0.141689501343444"
"IGKV2D-24","0.140760436183082"
"IGKV2D-26","0.139301618510988"
"IGKV2D-28","0.143038365519149"
"IGKV2D-29","0.139301618510988"
"IGKV2D-30","0.136215471632171"
"IGKV2OR2-2","0.141928802655922"
"IGKV2OR22-3","0.139136008050169"
"IGKV3-11","0.136419700474226"
"IGKV3-15","0.139246273120844"
"IGKV3-20","0.142322320138363"
"IGKV3-7","0.137986181410145"
"IGKV3D-11","0.143316865324352"
"IGKV3D-15","0.139136008050169"
"IGKV3D-20","0.138543430021786"
"IGKV4-1","0.138543430021786"
"IGKV5-2","0.139945175426297"
"IGKV6-21","0.139992567162527"
"IGKV6D-21","0.141450793730492"
"IGKV6D-41","0.137789087498411"
"IGKV7-3","0.139992567162527"
"IGLC2","0.135908760085483"
"IGLC3","0.137789087498411"
"IGLC4","0.138252140971431"
"IGLC5","0.140760436183082"
"IGLC6","0.140760436183082"
"IGLC7","0.14113919809112"
"IGLCOR22-2","0.140219091169759"
"IGLJ2","0.140219091169759"
"IGLJ3","0.138252140971431"
"IGLL1","0.14026144096278"
"IGLL5","0.140760436183082"
"IGLON5","0.142063949813028"
"IGLV1-36","0.14113919809112"
"IGLV1-40","0.142278940590744"
"IGLV1-41","0.134498631627961"
"IGLV1-44","0.143038365519149"
"IGLV1-47","0.138119367905545"
"IGLV1-50","0.137986181410145"
"IGLV1-51","0.137377777951276"
"IGLV10-54","0.141379255575843"
"IGLV11-55","0.137731257194938"
"IGLV2-11","0.137986181410145"
"IGLV2-14","0.140635720794435"
"IGLV2-18","0.139301618510988"
"IGLV2-23","0.139737319443025"
"IGLV2-34","0.141450793730492"
"IGLV2-5","0.139435882750028"
"IGLV2-8","0.137986181410145"
"IGLV3-1","0.141689501343444"
"IGLV3-10","0.138543430021786"
"IGLV3-12","0.134645687972604"
"IGLV3-16","0.141379255575843"
"IGLV3-19","0.138668086894513"
"IGLV3-21","0.138852057091023"
"IGLV3-24","0.139992567162527"
"IGLV3-25","0.138119367905545"
"IGLV3-27","0.142278940590744"
"IGLV3-31","0.142278940590744"
"IGLV3-6","0.139079085834528"
"IGLV3-9","0.140219091169759"
"IGLV4-3","0.139301618510988"
"IGLV4-60","0.136215471632171"
"IGLV4-69","0.139992567162527"
"IGLV5-37","0.138668086894513"
"IGLV5-45","0.140219091169759"
"IGLV5-48","0.139737319443025"
"IGLV5-52","0.140760436183082"
"IGLV6-57","0.137377777951276"
"IGLV7-43","0.138852057091023"
"IGLV7-46","0.137700147179454"
"IGLV8-61","0.142829918459772"
"IGLV9-49","0.14113919809112"
"IGLVI-70","0.140219091169759"
"IGLVIVOR22-1","0.14113919809112"
"IGSF1","0.134470271099816"
"IGSF10","0.138543430021786"
"IGSF11","0.139136008050169"
"IGSF21","0.138852057091023"
"IGSF22","0.138252140971431"
"IGSF23","0.141928802655922"
"IGSF3","0.139435882750028"
"IGSF5","0.138852057091023"
"IGSF6","0.138119367905545"
"IGSF8","0.139737319443025"
"IGSF9","0.139945175426297"
"IGSF9B","0.137700147179454"
"IHH","0.140760436183082"
"IK","0.138668086894513"
"IKBIP","0.141379255575843"
"IKBKAP","0.139136008050169"
"IKBKB","0.139246273120844"
"IKBKE","0.140760436183082"
"IKBKG","0.140760436183082"
"IKZF1","0.133885896893706"
"IKZF2","0.140219091169759"
"IKZF3","0.140635720794435"
"IKZF4","0.14113919809112"
"IKZF5","0.138119367905545"
"IL10","0.138252140971431"
"IL10RA","0.138668086894513"
"IL10RB","0.142584536682662"
"IL10RB-AS1","0.139945175426297"
"IL11","0.142166712256718"
"IL11RA","0.139136008050169"
"IL12A","0.139435882750028"
"IL12A-AS1","0.140635720794435"
"IL12B","0.139945175426297"
"IL12RB1","0.139945175426297"
"IL12RB2","0.137337260406868"
"IL13","0.139945175426297"
"IL13RA1","0.139992567162527"
"IL13RA2","0.142278940590744"
"IL15","0.14113919809112"
"IL15RA","0.139435882750028"
"IL16","0.136215471632171"
"IL17A","0.139992567162527"
"IL17B","0.133658513623616"
"IL17C","0.139136008050169"
"IL17D","0.138252140971431"
"IL17F","0.140635720794435"
"IL17RA","0.141379255575843"
"IL17RB","0.140760436183082"
"IL17RC","0.136419700474226"
"IL17RD","0.141450793730492"
"IL17RE","0.139170596873008"
"IL17REL","0.137377777951276"
"IL18","0.14167843275306"
"IL18BP","0.138119367905545"
"IL18R1","0.137769558821862"
"IL18RAP","0.136215471632171"
"IL19","0.141450793730492"
"IL1A","0.138852057091023"
"IL1B","0.137700147179454"
"IL1F10","0.139737319443025"
"IL1R1","0.142166712256718"
"IL1R2","0.137789087498411"
"IL1RAP","0.14113919809112"
"IL1RAPL1","0.139992567162527"
"IL1RAPL2","0.137394293868574"
"IL1RL1","0.137731257194938"
"IL1RL2","0.139246273120844"
"IL1RN","0.138119367905545"
"IL2","0.141689501343444"
"IL20","0.138543430021786"
"IL20RA","0.141379255575843"
"IL20RB","0.140219091169759"
"IL20RB-AS1","0.139737319443025"
"IL21","0.139945175426297"
"IL21-AS1","0.133885896893706"
"IL21R","0.139246273120844"
"IL21R-AS1","0.140219091169759"
"IL22","0.138252140971431"
"IL22RA1","0.134647051643942"
"IL22RA2","0.137986181410145"
"IL23A","0.138668086894513"
"IL23R","0.139992567162527"
"IL24","0.138252140971431"
"IL25","0.141447988095708"
"IL26","0.138252140971431"
"IL27","0.140635720794435"
"IL27RA","0.137780552595172"
"IL2RA","0.140219091169759"
"IL2RB","0.139435882750028"
"IL2RG","0.14113919809112"
"IL3","0.137789087498411"
"IL31","0.138543430021786"
"IL31RA","0.133885896893706"
"IL32","0.138252140971431"
"IL33","0.139945175426297"
"IL34","0.138668086894513"
"IL36B","0.140760436183082"
"IL36G","0.134334662195306"
"IL36RN","0.139945175426297"
"IL37","0.138838853541436"
"IL3RA","0.139246273120844"
"IL4","0.140707657698296"
"IL4I1","0.137986181410145"
"IL4R","0.136419700474226"
"IL5","0.139952342986651"
"IL5RA","0.139945175426297"
"IL6","0.139136008050169"
"IL6R","0.136419700474226"
"IL6ST","0.138852057091023"
"IL7","0.139945175426297"
"IL7R","0.138543430021786"
"IL9R","0.138119367905545"
"ILDR1","0.138668086894513"
"ILDR2","0.134498631627961"
"ILF2","0.136419700474226"
"ILF3","0.137377777951276"
"ILF3-AS1","0.137700147179454"
"ILK","0.140707657698296"
"ILKAP","0.141689501343444"
"ILVBL","0.142063949813028"
"IMMP1L","0.135908760085483"
"IMMP2L","0.138668086894513"
"IMMT","0.138668086894513"
"IMP3","0.135524034976727"
"IMP4","0.138543430021786"
"IMPA1","0.137789087498411"
"IMPA2","0.138543430021786"
"IMPACT","0.134547925610143"
"IMPAD1","0.137731257194938"
"IMPDH1","0.134850085797709"
"IMPDH2","0.139136008050169"
"IMPG1","0.14113919809112"
"IMPG2","0.139737319443025"
"INA","0.141460927109281"
"INADL","0.137700147179454"
"INAFM1","0.138852057091023"
"INAFM2","0.134198721439593"
"INCA1","0.136419700474226"
"INCENP","0.138119367905545"
"INE2","0.135908760085483"
"INF2","0.14113919809112"
"ING1","0.137377777951276"
"ING2","0.139301618510988"
"ING3","0.139992567162527"
"ING4","0.134198721439593"
"ING5","0.139435882750028"
"INHA","0.137986181410145"
"INHBA","0.14113919809112"
"INHBA-AS1","0.139136008050169"
"INHBB","0.139246273120844"
"INHBC","0.137789087498411"
"INHBE","0.139246273120844"
"INIP","0.135908760085483"
"INMT","0.134498631627961"
"INMT-FAM188B","0.136215471632171"
"INO80","0.138668086894513"
"INO80B","0.139246273120844"
"INO80B-WBP1","0.139246273120844"
"INO80C","0.138252140971431"
"INO80D","0.140250516454044"
"INO80E","0.137731257194938"
"INPP1","0.140707657698296"
"INPP4A","0.136215471632171"
"INPP4B","0.137731257194938"
"INPP5A","0.139246273120844"
"INPP5B","0.137789087498411"
"INPP5D","0.139435882750028"
"INPP5E","0.138252140971431"
"INPP5F","0.139737319443025"
"INPP5J","0.138543430021786"
"INPP5K","0.139136008050169"
"INPPL1","0.14113919809112"
"INS-IGF2","0.138668086894513"
"INSC","0.136419700474226"
"INSIG1","0.141447988095708"
"INSIG2","0.138119367905545"
"INSL3","0.140509613488157"
"INSL4","0.139945175426297"
"INSL5","0.138852057091023"
"INSL6","0.140219091169759"
"INSM1","0.141379255575843"
"INSM2","0.139435882750028"
"INSR","0.137789087498411"
"INSRR","0.137789087498411"
"INTS1","0.14113919809112"
"INTS10","0.140760436183082"
"INTS12","0.139945175426297"
"INTS2","0.141447988095708"
"INTS3","0.137731257194938"
"INTS4","0.141689501343444"
"INTS5","0.142166712256718"
"INTS6","0.141688566131849"
"INTS6-AS1","0.143038365519149"
"INTS7","0.139435882750028"
"INTS8","0.14113919809112"
"INTS9","0.139164589801032"
"INTU","0.137731257194938"
"INVS","0.142063949813028"
"IP6K1","0.138668086894513"
"IP6K2","0.142166712256718"
"IP6K3","0.139136008050169"
"IPCEF1","0.141689501343444"
"IPMK","0.137789087498411"
"IPO11","0.135524034976727"
"IPO13","0.140219091169759"
"IPO4","0.138852057091023"
"IPO5","0.139301618510988"
"IPO7","0.139136008050169"
"IPO8","0.140707657698296"
"IPO9","0.14113919809112"
"IPO9-AS1","0.134198721439593"
"IPP","0.139945175426297"
"IPPK","0.137377777951276"
"IQCA1","0.137780552595172"
"IQCA1-AS1","0.139136008050169"
"IQCA1L","0.139992567162527"
"IQCB1","0.140707657698296"
"IQCC","0.139301618510988"
"IQCD","0.141928802655922"
"IQCE","0.140707657698296"
"IQCF1","0.139992567162527"
"IQCF3","0.139737319443025"
"IQCF5","0.139737319443025"
"IQCG","0.141447988095708"
"IQCH","0.139435882750028"
"IQCH-AS1","0.141460927109281"
"IQCJ","0.141928802655922"
"IQCJ-SCHIP1","0.140760436183082"
"IQCJ-SCHIP1-AS1","0.139435882750028"
"IQCK","0.141379255575843"
"IQGAP1","0.139301618510988"
"IQGAP2","0.139301618510988"
"IQGAP3","0.139992567162527"
"IQSEC1","0.139992567162527"
"IQSEC2","0.142166712256718"
"IQSEC3","0.141689501343444"
"IQUB","0.139246273120844"
"IRAK1","0.137986181410145"
"IRAK1BP1","0.139301618510988"
"IRAK2","0.139992567162527"
"IRAK3","0.137789087498411"
"IRAK4","0.141379255575843"
"IREB2","0.141379255575843"
"IRF1","0.139945175426297"
"IRF2","0.138852057091023"
"IRF2BP1","0.140219091169759"
"IRF2BP2","0.139301618510988"
"IRF2BPL","0.140707657698296"
"IRF3","0.141928802655922"
"IRF4","0.140219091169759"
"IRF5","0.139301618510988"
"IRF6","0.141379255575843"
"IRF7","0.136215471632171"
"IRF8","0.141379255575843"
"IRF9","0.141928802655922"
"IRG1","0.139945175426297"
"IRGC","0.140760436183082"
"IRGM","0.140707657698296"
"IRGQ","0.141928802655922"
"IRS1","0.140219091169759"
"IRS2","0.139737319443025"
"IRS4","0.139737319443025"
"IRX1","0.141447988095708"
"IRX2","0.139945175426297"
"IRX3","0.141928802655922"
"IRX4","0.139435882750028"
"IRX5","0.142810104787078"
"IRX6","0.142278940590744"
"ISCA1","0.140219091169759"
"ISCA2","0.138668086894513"
"ISCU","0.139246273120844"
"ISG15","0.136419700474226"
"ISG20","0.141689501343444"
"ISG20L2","0.142278940590744"
"ISL1","0.139992567162527"
"ISL2","0.141447988095708"
"ISLR","0.137731257194938"
"ISLR2","0.139737319443025"
"ISM1","0.139945175426297"
"ISM1-AS1","0.139737319443025"
"ISM2","0.141379255575843"
"ISOC1","0.142322320138363"
"ISOC2","0.141447988095708"
"ISPD","0.138668086894513"
"ISPD-AS1","0.139945175426297"
"IST1","0.141447988095708"
"ISX","0.138252140971431"
"ISY1","0.141689501343444"
"ISYNA1","0.140707657698296"
"ITCH","0.142063949813028"
"ITCH-AS1","0.14113919809112"
"ITFG1","0.139170596873008"
"ITFG1-AS1","0.139170596873008"
"ITFG2","0.142322320138363"
"ITGA1","0.142322320138363"
"ITGA10","0.138668086894513"
"ITGA11","0.142821590239638"
"ITGA2","0.141689501343444"
"ITGA2B","0.139301618510988"
"ITGA3","0.14113919809112"
"ITGA4","0.139170596873008"
"ITGA5","0.145854963796677"
"ITGA6","0.141379255575843"
"ITGA7","0.143534319111474"
"ITGA8","0.142063949813028"
"ITGA9","0.142166712256718"
"ITGAD","0.143504537231315"
"ITGAE","0.138252140971431"
"ITGAL","0.140219091169759"
"ITGAM","0.139992567162527"
"ITGAV","0.142744112973124"
"ITGAX","0.139945175426297"
"ITGB1","0.141081987998652"
"ITGB1BP1","0.139992567162527"
"ITGB1BP2","0.139170596873008"
"ITGB2","0.140707657698296"
"ITGB2-AS1","0.142293340843813"
"ITGB3","0.138852057091023"
"ITGB3BP","0.140219091169759"
"ITGB4","0.142278940590744"
"ITGB5","0.142063949813028"
"ITGB5-AS1","0.141689501343444"
"ITGB6","0.140509613488157"
"ITGB7","0.144849393042692"
"ITGB8","0.141379255575843"
"ITGBL1","0.141245188394529"
"ITIH1","0.143504537231315"
"ITIH2","0.143484489284896"
"ITIH3","0.139435882750028"
"ITIH4","0.141460927109281"
"ITIH4-AS1","0.141245188394529"
"ITIH5","0.138668086894513"
"ITIH6","0.141928802655922"
"ITK","0.139737319443025"
"ITLN1","0.139170596873008"
"ITLN2","0.139301618510988"
"ITM2A","0.141447988095708"
"ITM2B","0.141447988095708"
"ITM2C","0.140760436183082"
"ITPA","0.142744112973124"
"ITPK1","0.139170596873008"
"ITPK1-AS1","0.140219091169759"
"ITPKA","0.141245188394529"
"ITPKB","0.138119367905545"
"ITPKB-AS1","0.140760436183082"
"ITPKC","0.141460927109281"
"ITPR1","0.139992567162527"
"ITPR1-AS1","0.143070159618132"
"ITPR2","0.145664730727025"
"ITPR3","0.139992567162527"
"ITPRIP","0.141689501343444"
"ITPRIPL1","0.140707657698296"
"ITPRIPL2","0.143674556429555"
"ITSN1","0.142278940590744"
"ITSN2","0.141379255575843"
"IVD","0.141447988095708"
"IVL","0.139301618510988"
"IVNS1ABP","0.141460927109281"
"IWS1","0.143504537231315"
"IYD","0.142166712256718"
"IZUMO1","0.140760436183082"
"IZUMO2","0.141928802655922"
"IZUMO4","0.141245188394529"
"JADE1","0.142322320138363"
"JADE2","0.139945175426297"
"JADE3","0.141379255575843"
"JADRR","0.140434901881341"
"JAG1","0.139435882750028"
"JAG2","0.141245188394529"
"JAGN1","0.142744112973124"
"JAK1","0.141928802655922"
"JAK2","0.141081987998652"
"JAK3","0.139170596873008"
"JAKMIP1","0.143380105428478"
"JAKMIP2","0.140219091169759"
"JAKMIP2-AS1","0.142278940590744"
"JAKMIP3","0.141245188394529"
"JAM2","0.143038365519149"
"JAM3","0.138252140971431"
"JAML","0.143484489284896"
"JARID2","0.140707657698296"
"JARID2-AS1","0.141081987998652"
"JAZF1","0.141460927109281"
"JAZF1-AS1","0.139945175426297"
"JCHAIN","0.139945175426297"
"JDP2","0.141447988095708"
"JHDM1D-AS1","0.141081987998652"
"JKAMP","0.139301618510988"
"JMJD1C","0.140354731176564"
"JMJD1C-AS1","0.141081987998652"
"JMJD4","0.141379255575843"
"JMJD6","0.140707657698296"
"JMJD7","0.143504537231315"
"JMJD7-PLA2G4B","0.143674556429555"
"JMJD8","0.139992567162527"
"JMY","0.142253650140367"
"JOSD1","0.139857991970653"
"JOSD2","0.143484489284896"
"JPH1","0.141689501343444"
"JPH2","0.143674556429555"
"JPH3","0.142253650140367"
"JPH4","0.140760436183082"
"JPX","0.142744112973124"
"JRK","0.141460927109281"
"JRKL","0.139301618510988"
"JSRP1","0.139435882750028"
"JTB","0.135908760085483"
"JUN","0.141689501343444"
"JUNB","0.140760436183082"
"JUND","0.142322320138363"
"JUP","0.139992567162527"
"KAAG1","0.143484489284896"
"KALRN","0.140219091169759"
"KANK1","0.141081987998652"
"KANK2","0.142063949813028"
"KANK3","0.141928802655922"
"KANK4","0.139301618510988"
"KANSL1","0.144977819614602"
"KANSL1-AS1","0.141081987998652"
"KANSL1L","0.139301618510988"
"KANSL2","0.141081987998652"
"KANSL3","0.143504537231315"
"KANTR","0.141081987998652"
"KARS","0.143038365519149"
"KAT2A","0.140760436183082"
"KAT2B","0.142253650140367"
"KAT5","0.141460927109281"
"KAT6A","0.137986181410145"
"KAT6B","0.142063949813028"
"KAT7","0.140707657698296"
"KAT8","0.141245188394529"
"KATNA1","0.141928802655922"
"KATNAL1","0.140509613488157"
"KATNAL2","0.141245188394529"
"KATNB1","0.141081987998652"
"KATNBL1","0.143534319111474"
"KAZALD1","0.141460927109281"
"KAZN","0.138252140971431"
"KB-1000E4.2","0.142253650140367"
"KB-1043D8.6","0.139857991970653"
"KB-1043D8.8","0.141689501343444"
"KB-1107E3.1","0.141245188394529"
"KB-1125A3.11","0.140219091169759"
"KB-1125A3.12","0.139857991970653"
"KB-1183D5.13","0.141379255575843"
"KB-1184D12.1","0.141689501343444"
"KB-1205A7.2","0.140760436183082"
"KB-1208A12.3","0.142063949813028"
"KB-1254G8.1","0.138852057091023"
"KB-1410C5.2","0.140509613488157"
"KB-1410C5.3","0.141379255575843"
"KB-1410C5.5","0.141245188394529"
"KB-1440D3.14","0.141460927109281"
"KB-1448A5.1","0.140707657698296"
"KB-1458E12.1","0.143504537231315"
"KB-1460A1.1","0.139435882750028"
"KB-1460A1.3","0.137789087498411"
"KB-1460A1.5","0.141245188394529"
"KB-1466C5.1","0.141245188394529"
"KB-1471A8.1","0.137986181410145"
"KB-1507C5.3","0.140509613488157"
"KB-1507C5.4","0.142744112973124"
"KB-1517D11.4","0.137700147179454"
"KB-1562D12.1","0.143038365519149"
"KB-1568E2.1","0.143380105428478"
"KB-1592A4.15","0.144937610767364"
"KB-1608C10.2","0.141245188394529"
"KB-1615E4.2","0.141379255575843"
"KB-1615E4.3","0.140509613488157"
"KB-1639H6.2","0.138119367905545"
"KB-1732A1.1","0.138119367905545"
"KB-173C10.1","0.139857991970653"
"KB-173C10.2","0.141081987998652"
"KB-1836B5.4","0.139992567162527"
"KB-1930G5.3","0.137700147179454"
"KB-1930G5.4","0.143534319111474"
"KB-1958F4.2","0.143484489284896"
"KB-1980E6.3","0.141460927109281"
"KB-1991G8.1","0.142744112973124"
"KB-208E9.1","0.144937610767364"
"KB-226F1.2","0.141245188394529"
"KB-431C1.5","0.142322320138363"
"KB-51A8.1","0.139435882750028"
"KB-68A7.1","0.139301618510988"
"KB-68A7.2","0.140509613488157"
"KB-7G2.9","0.143484489284896"
"KBTBD11","0.143484489284896"
"KBTBD11-OT1","0.142744112973124"
"KBTBD12","0.141928802655922"
"KBTBD2","0.141928802655922"
"KBTBD3","0.141081987998652"
"KBTBD4","0.139435882750028"
"KBTBD6","0.139992567162527"
"KBTBD7","0.142253650140367"
"KBTBD8","0.143501963529747"
"KC6","0.141379255575843"
"KCCAT211","0.139435882750028"
"KCMF1","0.138668086894513"
"KCNA1","0.143380105428478"
"KCNA2","0.143038365519149"
"KCNA3","0.144937610767364"
"KCNA4","0.141081987998652"
"KCNA5","0.141689501343444"
"KCNA7","0.141360185545021"
"KCNAB1","0.141379255575843"
"KCNAB1-AS1","0.143504537231315"
"KCNAB1-AS2","0.140731083479117"
"KCNAB2","0.143504537231315"
"KCNAB3","0.139170596873008"
"KCNB1","0.142744112973124"
"KCNB2","0.143484489284896"
"KCNC1","0.143038365519149"
"KCNC2","0.141928802655922"
"KCNC3","0.142063949813028"
"KCNC4","0.141379255575843"
"KCNC4-AS1","0.138852057091023"
"KCND1","0.144444750842014"
"KCND2","0.139857991970653"
"KCND3","0.141447988095708"
"KCNE1","0.141379255575843"
"KCNE1B","0.140731083479117"
"KCNE2","0.142063949813028"
"KCNE3","0.145664730727025"
"KCNE4","0.144937610767364"
"KCNE5","0.141081987998652"
"KCNF1","0.143484489284896"
"KCNG1","0.141688566131849"
"KCNG2","0.140651827734481"
"KCNG3","0.140760436183082"
"KCNG4","0.140731083479117"
"KCNH1","0.141447988095708"
"KCNH2","0.142063949813028"
"KCNH3","0.142322320138363"
"KCNH4","0.139301618510988"
"KCNH5","0.140731083479117"
"KCNH6","0.142253650140367"
"KCNH7","0.141245188394529"
"KCNH8","0.141379255575843"
"KCNIP1","0.141688566131849"
"KCNIP2","0.141688566131849"
"KCNIP2-AS1","0.138852057091023"
"KCNIP3","0.142063949813028"
"KCNIP4","0.140509613488157"
"KCNIP4-IT1","0.140651827734481"
"KCNJ1","0.140760436183082"
"KCNJ10","0.139857991970653"
"KCNJ11","0.141928802655922"
"KCNJ12","0.139301618510988"
"KCNJ13","0.141245188394529"
"KCNJ14","0.139992567162527"
"KCNJ15","0.141928802655922"
"KCNJ16","0.134446249190944"
"KCNJ18","0.139857991970653"
"KCNJ2","0.139857991970653"
"KCNJ2-AS1","0.140651827734481"
"KCNJ3","0.139435882750028"
"KCNJ4","0.139992567162527"
"KCNJ5","0.140509613488157"
"KCNJ6","0.139170596873008"
"KCNJ8","0.137789087498411"
"KCNJ9","0.141081987998652"
"KCNK1","0.141447988095708"
"KCNK10","0.141081987998652"
"KCNK12","0.141379255575843"
"KCNK13","0.143380105428478"
"KCNK15","0.140219091169759"
"KCNK15-AS1","0.141081987998652"
"KCNK16","0.144937610767364"
"KCNK17","0.137678055931977"
"KCNK2","0.139170596873008"
"KCNK3","0.141928802655922"
"KCNK4","0.138668086894513"
"KCNK5","0.142063949813028"
"KCNK6","0.141447988095708"
"KCNK7","0.139435882750028"
"KCNK9","0.141379255575843"
"KCNMA1","0.140651827734481"
"KCNMA1-AS1","0.142253650140367"
"KCNMA1-AS3","0.138543430021786"
"KCNMB1","0.141379255575843"
"KCNMB2","0.135731970038889"
"KCNMB2-AS1","0.139301618510988"
"KCNMB3","0.144444750842014"
"KCNMB4","0.142744112973124"
"KCNN1","0.138668086894513"
"KCNN2","0.138668086894513"
"KCNN3","0.138543430021786"
"KCNN4","0.139865159531007"
"KCNQ1","0.137789087498411"
"KCNQ1-AS1","0.141447988095708"
"KCNQ1DN","0.140760436183082"
"KCNQ1OT1","0.143504537231315"
"KCNQ2","0.139857991970653"
"KCNQ3","0.138543430021786"
"KCNQ4","0.139301618510988"
"KCNQ5","0.140760436183082"
"KCNQ5-AS1","0.141379255575843"
"KCNRG","0.140219091169759"
"KCNS1","0.143038365519149"
"KCNS2","0.141245188394529"
"KCNS3","0.143484489284896"
"KCNT1","0.139435882750028"
"KCNT2","0.142744112973124"
"KCNU1","0.141379255575843"
"KCNV1","0.143504537231315"
"KCNV2","0.140760436183082"
"KCP","0.140651827734481"
"KCTD1","0.142063949813028"
"KCTD10","0.142253650140367"
"KCTD11","0.139435882750028"
"KCTD12","0.140651827734481"
"KCTD13","0.140760436183082"
"KCTD14","0.140651827734481"
"KCTD15","0.141245188394529"
"KCTD16","0.141688566131849"
"KCTD17","0.141928802655922"
"KCTD18","0.142063949813028"
"KCTD19","0.137731257194938"
"KCTD2","0.141379255575843"
"KCTD20","0.143380105428478"
"KCTD21","0.141379255575843"
"KCTD21-AS1","0.140651827734481"
"KCTD3","0.141688566131849"
"KCTD4","0.140651827734481"
"KCTD5","0.137986181410145"
"KCTD6","0.138543430021786"
"KCTD7","0.138252140971431"
"KCTD8","0.145060308048672"
"KCTD9","0.142063949813028"
"KDELC1","0.139992567162527"
"KDELC2","0.143380105428478"
"KDELR1","0.141688566131849"
"KDELR2","0.141447988095708"
"KDELR3","0.141081987998652"
"KDF1","0.144977819614602"
"KDM1A","0.138852057091023"
"KDM1B","0.139435882750028"
"KDM2A","0.142744112973124"
"KDM2B","0.141688566131849"
"KDM3A","0.140651827734481"
"KDM3B","0.140741826195144"
"KDM4A","0.142322320138363"
"KDM4A-AS1","0.139435882750028"
"KDM4B","0.141928802655922"
"KDM4C","0.139857991970653"
"KDM4D","0.14486440076377"
"KDM5A","0.143504537231315"
"KDM5B","0.142063949813028"
"KDM5C","0.143484489284896"
"KDM5D","0.144400666972862"
"KDM6A","0.142253650140367"
"KDM6B","0.144977819614602"
"KDM7A","0.140741826195144"
"KDM8","0.141379255575843"
"KDR","0.141928802655922"
"KDSR","0.142063949813028"
"KEAP1","0.139435882750028"
"KEL","0.139865159531007"
"KERA","0.142322320138363"
"KHDC1","0.143674556429555"
"KHDC1L","0.139435882750028"
"KHDC3L","0.141081987998652"
"KHDRBS1","0.139435882750028"
"KHDRBS2","0.145441020435614"
"KHDRBS3","0.139435882750028"
"KHK","0.141447988095708"
"KHNYN","0.142744112973124"
"KHSRP","0.140651827734481"
"KIAA0040","0.142322320138363"
"KIAA0087","0.142063949813028"
"KIAA0100","0.141688566131849"
"KIAA0101","0.143674556429555"
"KIAA0125","0.142322320138363"
"KIAA0141","0.139170596873008"
"KIAA0196","0.140166881847273"
"KIAA0196-AS1","0.14473181085302"
"KIAA0226L","0.141379255575843"
"KIAA0232","0.140434901881341"
"KIAA0319","0.141928802655922"
"KIAA0319L","0.141447988095708"
"KIAA0355","0.139857991970653"
"KIAA0368","0.141447988095708"
"KIAA0391","0.141928802655922"
"KIAA0408","0.141928802655922"
"KIAA0430","0.141081987998652"
"KIAA0513","0.142063949813028"
"KIAA0556","0.143484489284896"
"KIAA0586","0.141245188394529"
"KIAA0753","0.139857991970653"
"KIAA0825","0.143484489284896"
"KIAA0895","0.142322320138363"
"KIAA0895L","0.140651827734481"
"KIAA0907","0.140651827734481"
"KIAA0922","0.141379255575843"
"KIAA0930","0.140741826195144"
"KIAA1024","0.142063949813028"
"KIAA1024L","0.142253650140367"
"KIAA1033","0.145854963796677"
"KIAA1107","0.141447988095708"
"KIAA1109","0.143328353774292"
"KIAA1143","0.143328353774292"
"KIAA1147","0.143534319111474"
"KIAA1161","0.141081987998652"
"KIAA1191","0.143328353774292"
"KIAA1210","0.143484489284896"
"KIAA1211","0.142063949813028"
"KIAA1211L","0.139301618510988"
"KIAA1217","0.143484489284896"
"KIAA1257","0.142744112973124"
"KIAA1324","0.142063949813028"
"KIAA1324L","0.141379255575843"
"KIAA1328","0.139992567162527"
"KIAA1429","0.139301618510988"
"KIAA1456","0.141447988095708"
"KIAA1462","0.142744112973124"
"KIAA1468","0.141245188394529"
"KIAA1522","0.139435882750028"
"KIAA1524","0.143674556429555"
"KIAA1549","0.140741826195144"
"KIAA1549L","0.142322320138363"
"KIAA1551","0.141688566131849"
"KIAA1586","0.140741826195144"
"KIAA1614","0.139992567162527"
"KIAA1614-AS1","0.140434901881341"
"KIAA1644","0.140741826195144"
"KIAA1671","0.139857991970653"
"KIAA1683","0.139857991970653"
"KIAA1715","0.141447988095708"
"KIAA1755","0.141447988095708"
"KIAA1841","0.141447988095708"
"KIAA1919","0.142063949813028"
"KIAA1958","0.139992567162527"
"KIAA2012","0.141447988095708"
"KIAA2013","0.137789087498411"
"KIAA2022","0.140718400414323"
"KIAA2026","0.143674556429555"
"KIDINS220","0.142253650140367"
"KIF11","0.137694571849274"
"KIF12","0.140741826195144"
"KIF13A","0.141688566131849"
"KIF13B","0.143534319111474"
"KIF14","0.143534319111474"
"KIF15","0.141851987770138"
"KIF16B","0.143504537231315"
"KIF17","0.139170596873008"
"KIF18A","0.139992567162527"
"KIF18B","0.14482138049181"
"KIF19","0.14486440076377"
"KIF1A","0.141851987770138"
"KIF1B","0.140741826195144"
"KIF1BP","0.141447988095708"
"KIF1C","0.140651827734481"
"KIF20A","0.142253650140367"
"KIF20B","0.137731257194938"
"KIF21A","0.142322320138363"
"KIF21B","0.142322320138363"
"KIF22","0.141245188394529"
"KIF23","0.141851987770138"
"KIF24","0.139301618510988"
"KIF25","0.144937610767364"
"KIF25-AS1","0.141447988095708"
"KIF26A","0.138119367905545"
"KIF26B","0.145664730727025"
"KIF27","0.139421277489184"
"KIF2A","0.143534319111474"
"KIF2C","0.143674556429555"
"KIF3A","0.142253650140367"
"KIF3B","0.143484489284896"
"KIF3C","0.139857991970653"
"KIF4A","0.141447988095708"
"KIF4B","0.141447988095708"
"KIF5A","0.142322320138363"
"KIF5B","0.139857991970653"
"KIF5C","0.144950401620152"
"KIF6","0.143299330064855"
"KIF7","0.141245188394529"
"KIF9","0.141245188394529"
"KIF9-AS1","0.14473181085302"
"KIFAP3","0.141081987998652"
"KIFC1","0.135990576975832"
"KIFC2","0.141447988095708"
"KIFC3","0.142744112973124"
"KIN","0.141447988095708"
"KIR2DL1","0.142322320138363"
"KIR2DL3","0.14473181085302"
"KIR2DL4","0.142253650140367"
"KIR3DL1","0.142744112973124"
"KIR3DL2","0.14473181085302"
"KIR3DL3","0.14486440076377"
"KIR3DX1","0.14486440076377"
"KIRREL","0.142744112973124"
"KIRREL2","0.142063949813028"
"KIRREL3","0.141851987770138"
"KIRREL3-AS3","0.144978303683268"
"KISS1","0.141245188394529"
"KISS1R","0.14486440076377"
"KIT","0.143674556429555"
"KITLG","0.139170596873008"
"KIZ","0.142063949813028"
"KIZ-AS1","0.142253650140367"
"KL","0.141447988095708"
"KLB","0.143674556429555"
"KLC1","0.144978303683268"
"KLC2","0.140741826195144"
"KLC3","0.139992567162527"
"KLC4","0.143328353774292"
"KLF1","0.143484489284896"
"KLF10","0.141851987770138"
"KLF11","0.141447988095708"
"KLF12","0.143674556429555"
"KLF13","0.141447988095708"
"KLF14","0.141245188394529"
"KLF15","0.141946039823103"
"KLF16","0.142744112973124"
"KLF17","0.143501963529747"
"KLF2","0.141360185545021"
"KLF3","0.143534319111474"
"KLF4","0.143484489284896"
"KLF5","0.141851987770138"
"KLF6","0.143674556429555"
"KLF7","0.142744112973124"
"KLF8","0.141409655712211"
"KLF9","0.14486440076377"
"KLHDC1","0.143504537231315"
"KLHDC10","0.141245188394529"
"KLHDC2","0.140434901881341"
"KLHDC3","0.141379255575843"
"KLHDC4","0.143674556429555"
"KLHDC7A","0.143328353774292"
"KLHDC7B","0.14486440076377"
"KLHDC8A","0.146465113020666"
"KLHDC8B","0.144444750842014"
"KLHDC9","0.141081987998652"
"KLHL1","0.141379255575843"
"KLHL10","0.142253650140367"
"KLHL11","0.143328353774292"
"KLHL12","0.144978303683268"
"KLHL13","0.140651827734481"
"KLHL14","0.145441020435614"
"KLHL15","0.145958053896638"
"KLHL17","0.143328353774292"
"KLHL18","0.143328353774292"
"KLHL2","0.14486440076377"
"KLHL20","0.143504537231315"
"KLHL21","0.14558271350011"
"KLHL22","0.144978303683268"
"KLHL23","0.144950401620152"
"KLHL24","0.143328353774292"
"KLHL25","0.139992567162527"
"KLHL26","0.145441020435614"
"KLHL28","0.145854963796677"
"KLHL29","0.144950401620152"
"KLHL3","0.144978303683268"
"KLHL30","0.140741826195144"
"KLHL31","0.14473181085302"
"KLHL32","0.143328353774292"
"KLHL33","0.143484489284896"
"KLHL34","0.143484489284896"
"KLHL35","0.144950401620152"
"KLHL36","0.145553883710701"
"KLHL38","0.141851987770138"
"KLHL4","0.141447988095708"
"KLHL40","0.143504537231315"
"KLHL41","0.143534319111474"
"KLHL42","0.144444750842014"
"KLHL5","0.142744112973124"
"KLHL6","0.142253650140367"
"KLHL6-AS1","0.143504537231315"
"KLHL7","0.14486440076377"
"KLHL7-AS1","0.141447988095708"
"KLHL8","0.144950401620152"
"KLHL9","0.144444750842014"
"KLK1","0.143534319111474"
"KLK10","0.143504537231315"
"KLK11","0.142744112973124"
"KLK12","0.141081987998652"
"KLK13","0.145958053896638"
"KLK14","0.144950401620152"
"KLK15","0.143484489284896"
"KLK2","0.14486440076377"
"KLK3","0.144978303683268"
"KLK4","0.144444750842014"
"KLK5","0.140651827734481"
"KLK6","0.141081987998652"
"KLK7","0.141851987770138"
"KLK8","0.14486440076377"
"KLKB1","0.142063949813028"
"KLLN","0.143534319111474"
"KLRB1","0.144978303683268"
"KLRC1","0.146316595206443"
"KLRC2","0.142253650140367"
"KLRC3","0.144978303683268"
"KLRC4","0.141379255575843"
"KLRC4-KLRK1","0.143504537231315"
"KLRD1","0.142253650140367"
"KLRF1","0.14473181085302"
"KLRF2","0.142744112973124"
"KLRG1","0.145234813843741"
"KLRG2","0.141851987770138"
"KLRK1","0.145854963796677"
"KMO","0.144470741126978"
"KMT2A","0.139170596873008"
"KMT2B","0.14558271350011"
"KMT2C","0.142253650140367"
"KMT2D","0.14486440076377"
"KMT2E","0.143674556429555"
"KMT2E-AS1","0.143328353774292"
"KMT5A","0.145541463617152"
"KMT5B","0.142744112973124"
"KMT5C","0.142063949813028"
"KNCN","0.140651827734481"
"KNDC1","0.144978303683268"
"KNG1","0.141379255575843"
"KNOP1","0.142744112973124"
"KNSTRN","0.141081987998652"
"KNTC1","0.143328353774292"
"KPNA1","0.139810667944098"
"KPNA2","0.144950401620152"
"KPNA3","0.142744112973124"
"KPNA4","0.139170596873008"
"KPNA5","0.142063949813028"
"KPNA6","0.145664730727025"
"KPNA7","0.144444750842014"
"KPNB1","0.142322320138363"
"KPTN","0.140651827734481"
"KRAS","0.142063949813028"
"KRBA1","0.14486440076377"
"KRBA2","0.144978303683268"
"KRBOX1","0.14473181085302"
"KRBOX1-AS1","0.140434901881341"
"KRBOX4","0.143484489284896"
"KRCC1","0.144444750842014"
"KREMEN1","0.143328353774292"
"KREMEN2","0.144937610767364"
"KRI1","0.143534319111474"
"KRIT1","0.144950401620152"
"KRR1","0.141081987998652"
"KRT1","0.140741826195144"
"KRT10","0.142744112973124"
"KRT12","0.14486440076377"
"KRT13","0.142303286559647"
"KRT14","0.14486440076377"
"KRT15","0.14486440076377"
"KRT16","0.146541559484584"
"KRT17","0.141851987770138"
"KRT18","0.140741826195144"
"KRT19","0.145441020435614"
"KRT2","0.14473181085302"
"KRT20","0.141245188394529"
"KRT222","0.14486440076377"
"KRT23","0.142063949813028"
"KRT24","0.142303286559647"
"KRT25","0.139992567162527"
"KRT26","0.14486440076377"
"KRT27","0.145259102188382"
"KRT28","0.141851987770138"
"KRT3","0.143674556429555"
"KRT31","0.141851987770138"
"KRT32","0.145664730727025"
"KRT33B","0.141851987770138"
"KRT34","0.142063949813028"
"KRT35","0.143504537231315"
"KRT36","0.143504537231315"
"KRT37","0.141447988095708"
"KRT39","0.145664730727025"
"KRT4","0.145259102188382"
"KRT40","0.142063949813028"
"KRT5","0.143504537231315"
"KRT6A","0.144585400970031"
"KRT6B","0.143484489284896"
"KRT6C","0.143674556429555"
"KRT7","0.142744112973124"
"KRT71","0.142303286559647"
"KRT72","0.146541559484584"
"KRT73","0.138704418781881"
"KRT73-AS1","0.143484489284896"
"KRT74","0.142322320138363"
"KRT75","0.143674556429555"
"KRT76","0.144005521193046"
"KRT77","0.141447988095708"
"KRT78","0.142239750163426"
"KRT79","0.142322320138363"
"KRT8","0.143534319111474"
"KRT80","0.140651827734481"
"KRT81","0.144939062973362"
"KRT82","0.14558271350011"
"KRT83","0.143674556429555"
"KRT85","0.143504537231315"
"KRT86","0.143484489284896"
"KRT9","0.146316595206443"
"KRTAP1-1","0.143534319111474"
"KRTAP1-3","0.142744112973124"
"KRTAP1-5","0.145259102188382"
"KRTAP10-2","0.14486440076377"
"KRTAP10-3","0.143504537231315"
"KRTAP10-9","0.143328353774292"
"KRTAP11-1","0.143484489284896"
"KRTAP12-2","0.141245188394529"
"KRTAP12-3","0.143628556265004"
"KRTAP12-4","0.144978303683268"
"KRTAP13-1","0.144005521193046"
"KRTAP13-2","0.143504537231315"
"KRTAP13-4","0.142239750163426"
"KRTAP16-1","0.141081987998652"
"KRTAP17-1","0.142744112973124"
"KRTAP19-1","0.144937610767364"
"KRTAP19-3","0.139992567162527"
"KRTAP19-4","0.143534319111474"
"KRTAP19-5","0.143534319111474"
"KRTAP2-2","0.143534319111474"
"KRTAP2-3","0.144585400970031"
"KRTAP2-4","0.146541559484584"
"KRTAP21-1","0.143504537231315"
"KRTAP3-1","0.142268050393436"
"KRTAP3-2","0.144950401620152"
"KRTAP3-3","0.143328353774292"
"KRTAP4-1","0.146922867510722"
"KRTAP4-11","0.143328353774292"
"KRTAP4-12","0.143504537231315"
"KRTAP4-3","0.143328353774292"
"KRTAP4-4","0.143534319111474"
"KRTAP4-5","0.144937610767364"
"KRTAP4-6","0.144585400970031"
"KRTAP4-7","0.14486440076377"
"KRTAP4-8","0.143484489284896"
"KRTAP4-9","0.146465113020666"
"KRTAP5-10","0.142303286559647"
"KRTAP5-11","0.142744112973124"
"KRTAP5-2","0.143660745970646"
"KRTAP5-4","0.143328353774292"
"KRTAP5-7","0.144005521193046"
"KRTAP5-8","0.145854963796677"
"KRTAP5-9","0.144950401620152"
"KRTAP5-AS1","0.146541559484584"
"KRTAP6-1","0.142322320138363"
"KRTAP7-1","0.14558271350011"
"KRTAP9-3","0.141801215359365"
"KRTCAP2","0.144978303683268"
"KRTCAP3","0.142239750163426"
"KRTDAP","0.142322320138363"
"KSR1","0.143674556429555"
"KSR2","0.144937610767364"
"KTI12","0.145234813843741"
"KTN1","0.144978303683268"
"KTN1-AS1","0.145958053896638"
"KXD1","0.145060308048672"
"KY","0.146316595206443"
"KYNU","0.140741826195144"
"L1CAM","0.142303286559647"
"L1TD1","0.142322320138363"
"L29074.3","0.142744112973124"
"L2HGDH","0.143484489284896"
"L34079.3","0.144978303683268"
"L34079.4","0.142239750163426"
"L3HYPDH","0.14558271350011"
"L3MBTL1","0.146465113020666"
"L3MBTL2","0.145958053896638"
"L3MBTL3","0.144937610767364"
"L3MBTL4","0.145060308048672"
"L3MBTL4-AS1","0.144950401620152"
"LA16c-306A4.1","0.142239750163426"
"LA16c-306E5.2","0.142317686812716"
"LA16c-312E8.2","0.14486440076377"
"LA16c-313D11.9","0.142239750163426"
"LA16c-316G12.2","0.14558271350011"
"LA16c-321D4.2","0.143374078183534"
"LA16c-325D7.1","0.143534319111474"
"LA16c-325D7.2","0.14489841670414"
"LA16c-329F2.1","0.142047025676104"
"LA16c-349E10.1","0.144950401620152"
"LA16c-352F7.1","0.146316595206443"
"LA16c-358B7.3","0.143484489284896"
"LA16c-358B7.4","0.144978303683268"
"LA16c-359F1.1","0.144978303683268"
"LA16c-360A4.1","0.142744112973124"
"LA16c-360H6.3","0.143504537231315"
"LA16c-361A3.3","0.146316595206443"
"LA16c-366D1.3","0.143504537231315"
"LA16c-380H5.3","0.141081987998652"
"LA16c-380H5.5","0.144950401620152"
"LA16c-380H5.6","0.143422246637338"
"LA16c-385E7.1","0.142303286559647"
"LA16c-390E6.4","0.142303286559647"
"LA16c-390E6.5","0.143674556429555"
"LA16c-390H2.4","0.145259102188382"
"LA16c-395F10.1","0.143674556429555"
"LA16c-395F10.2","0.145631249666512"
"LA16c-431H6.6","0.143422246637338"
"LA16c-444G7.1","0.143674556429555"
"LA16c-444G7.2","0.142239750163426"
"LA16c-60D12.1","0.144005521193046"
"LA16c-60D12.2","0.143484489284896"
"LA16c-OS12.2","0.142047025676104"
"LACC1","0.145060308048672"
"LACE1","0.14486440076377"
"LACRT","0.145958053896638"
"LACTB","0.141245188394529"
"LACTB2","0.142239750163426"
"LACTB2-AS1","0.143504537231315"
"LAD1","0.146922867510722"
"LAG3","0.142322320138363"
"LAGE3","0.14316478914573"
"LAIR1","0.144950401620152"
"LAIR2","0.14558271350011"
"LALBA","0.142303286559647"
"LAMA1","0.145259102188382"
"LAMA2","0.14366657071893"
"LAMA3","0.142239750163426"
"LAMA4","0.143422246637338"
"LAMA5","0.143484489284896"
"LAMA5-AS1","0.143534319111474"
"LAMB1","0.143328353774292"
"LAMB2","0.144937610767364"
"LAMB3","0.144937610767364"
"LAMB4","0.141059797105371"
"LAMC1","0.14316478914573"
"LAMC2","0.142303286559647"
"LAMC3","0.144937610767364"
"LAMP1","0.146316595206443"
"LAMP2","0.146465113020666"
"LAMP3","0.146465113020666"
"LAMP5","0.145664730727025"
"LAMP5-AS1","0.144937610767364"
"LAMTOR1","0.143422246637338"
"LAMTOR2","0.144585400970031"
"LAMTOR3","0.145060308048672"
"LAMTOR4","0.142744112973124"
"LAMTOR5","0.142322320138363"
"LANCL1","0.144937610767364"
"LANCL1-AS1","0.143534319111474"
"LANCL2","0.141379255575843"
"LANCL3","0.143674556429555"
"LAP3","0.14316478914573"
"LAPTM4A","0.145441020435614"
"LAPTM4B","0.14486440076377"
"LAPTM5","0.143534319111474"
"LARGE","0.144585400970031"
"LARP1","0.144937610767364"
"LARP1B","0.145441020435614"
"LARP4","0.145664730727025"
"LARP4B","0.142744112973124"
"LARP6","0.144489774005251"
"LARP7","0.144489774005251"
"LARS","0.144585400970031"
"LARS2","0.145051168717189"
"LARS2-AS1","0.144950401620152"
"LAS1L","0.141447988095708"
"LASP1","0.13885976653695"
"LAT","0.145060308048672"
"LAT2","0.145958053896638"
"LATS1","0.143484489284896"
"LATS2","0.144977819614602"
"LATS2-AS1","0.139992567162527"
"LAX1","0.143422246637338"
"LAYN","0.142322320138363"
"LBH","0.145259102188382"
"LBHD1","0.143534319111474"
"LBP","0.144978303683268"
"LBR","0.14486440076377"
"LBX1","0.142303286559647"
"LBX2","0.144950401620152"
"LBX2-AS1","0.14316478914573"
"LCA5","0.145441020435614"
"LCA5L","0.145060308048672"
"LCAT","0.143674556429555"
"LCE1A","0.143674556429555"
"LCE1B","0.141379255575843"
"LCE1C","0.143534319111474"
"LCE1D","0.143504537231315"
"LCE1E","0.144005521193046"
"LCE3A","0.143534319111474"
"LCE3D","0.143484489284896"
"LCE5A","0.14316478914573"
"LCK","0.144950401620152"
"LCLAT1","0.144005521193046"
"LCMT1","0.14486440076377"
"LCMT1-AS1","0.145060308048672"
"LCMT1-AS2","0.143674556429555"
"LCMT2","0.14486440076377"
"LCN1","0.143674556429555"
"LCN10","0.14486440076377"
"LCN12","0.144977819614602"
"LCN15","0.142744112973124"
"LCN2","0.145259102188382"
"LCN6","0.144005521193046"
"LCN8","0.145060308048672"
"LCNL1","0.142195934933942"
"LCOR","0.144585400970031"
"LCORL","0.145664730727025"
"LCP1","0.145664730727025"
"LCP2","0.144005521193046"
"LCT","0.14558271350011"
"LCTL","0.146465113020666"
"LDAH","0.146316595206443"
"LDB1","0.143674556429555"
"LDB2","0.14316478914573"
"LDB3","0.143504537231315"
"LDHA","0.145060308048672"
"LDHAL6A","0.142744112973124"
"LDHAL6B","0.144937610767364"
"LDHB","0.144585400970031"
"LDHC","0.14486440076377"
"LDHD","0.142317686812716"
"LDLR","0.144005521193046"
"LDLRAD1","0.147102865876636"
"LDLRAD2","0.141409655712211"
"LDLRAD3","0.145441020435614"
"LDLRAD4","0.145958053896638"
"LDLRAD4-AS1","0.148199639379656"
"LDLRAP1","0.146541559484584"
"LDOC1","0.143484489284896"
"LDOC1L","0.14558271350011"
"LEAP2","0.14558271350011"
"LECT1","0.141059797105371"
"LECT2","0.145958053896638"
"LEF1","0.145259102188382"
"LEFTY1","0.147484054005063"
"LEFTY2","0.145259102188382"
"LEKR1","0.146465113020666"
"LELP1","0.145259102188382"
"LEMD1","0.144937610767364"
"LEMD1-AS1","0.145060308048672"
"LEMD2","0.145441020435614"
"LEMD3","0.145441020435614"
"LENEP","0.145664730727025"
"LENG1","0.143504537231315"
"LENG8","0.144937610767364"
"LENG8-AS1","0.14486440076377"
"LENG9","0.14486440076377"
"LEO1","0.143422246637338"
"LEP","0.142322320138363"
"LEPR","0.145259102188382"
"LEPROT","0.142224235163953"
"LEPROTL1","0.145259102188382"
"LETM1","0.143504537231315"
"LETM2","0.145854963796677"
"LETMD1","0.145854963796677"
"LEUTX","0.14558271350011"
"LEXM","0.144585400970031"
"LFNG","0.141801215359365"
"LGALS1","0.143484489284896"
"LGALS12","0.146541559484584"
"LGALS13","0.139505767398472"
"LGALS14","0.144937610767364"
"LGALS16","0.141245188394529"
"LGALS2","0.144978303683268"
"LGALS3","0.146541559484584"
"LGALS3BP","0.143900615577753"
"LGALS4","0.144978303683268"
"LGALS7","0.144937610767364"
"LGALS7B","0.138691215232293"
"LGALS8","0.145259102188382"
"LGALS8-AS1","0.145259102188382"
"LGALS9","0.144950401620152"
"LGALS9B","0.141245188394529"
"LGALS9C","0.144489774005251"
"LGALSL","0.144937610767364"
"LGI1","0.14486440076377"
"LGI2","0.143534319111474"
"LGI3","0.144950401620152"
"LGI4","0.14486440076377"
"LGMN","0.143674556429555"
"LGR4","0.145060308048672"
"LGR5","0.14316478914573"
"LGR6","0.144950401620152"
"LGSN","0.14558271350011"
"LHB","0.146922867510722"
"LHCGR","0.142322320138363"
"LHFP","0.146922867510722"
"LHFPL1","0.147484054005063"
"LHFPL2","0.146465113020666"
"LHFPL3","0.146301571211736"
"LHFPL4","0.147484054005063"
"LHFPL5","0.148199639379656"
"LHPP","0.14558271350011"
"LHX1","0.143504537231315"
"LHX2","0.143534319111474"
"LHX3","0.148607832927052"
"LHX4","0.147345893656106"
"LHX5","0.147102865876636"
"LHX5-AS1","0.141447988095708"
"LHX6","0.143422246637338"
"LHX8","0.144978303683268"
"LHX9","0.145664730727025"
"LIAS","0.147345893656106"
"LIF","0.142209834910884"
"LIFR","0.143422246637338"
"LIFR-AS1","0.14316478914573"
"LIG1","0.143534319111474"
"LIG3","0.144978303683268"
"LIG4","0.143504537231315"
"LILRA1","0.147484054005063"
"LILRA2","0.143534319111474"
"LILRA4","0.14489841670414"
"LILRA5","0.146465113020666"
"LILRA6","0.147102865876636"
"LILRB1","0.14316478914573"
"LILRB2","0.145483295018795"
"LILRB3","0.144950401620152"
"LILRB4","0.14558271350011"
"LILRB5","0.14558271350011"
"LIM2","0.148199639379656"
"LIMA1","0.14558271350011"
"LIMCH1","0.14558271350011"
"LIMD1","0.145382851837257"
"LIMD1-AS1","0.14486440076377"
"LIMD2","0.144585400970031"
"LIME1","0.148199639379656"
"LIMK1","0.144950401620152"
"LIMK2","0.141904611558736"
"LIMS1","0.142759940959594"
"LIMS1-AS1","0.145382851837257"
"LIMS2","0.144978303683268"
"LIMS3","0.146465113020666"
"LIMS3L","0.146465113020666"
"LIN28A","0.139866706374312"
"LIN28B","0.146465113020666"
"LIN37","0.147102865876636"
"LIN52","0.146465113020666"
"LIN54","0.142369804097772"
"LIN7A","0.141904611558736"
"LIN7B","0.149831500027776"
"LIN7C","0.145060308048672"
"LIN9","0.146922867510722"
"LINC-PINT","0.147648331670967"
"LINC-ROR","0.145664730727025"
"LINC00028","0.14489841670414"
"LINC00032","0.14316478914573"
"LINC00052","0.146982997547525"
"LINC00083","0.145664730727025"
"LINC00092","0.143484489284896"
"LINC00094","0.150635289232995"
"LINC00102","0.145382851837257"
"LINC00106","0.144978303683268"
"LINC00111","0.14558271350011"
"LINC00113","0.145060308048672"
"LINC00114","0.146301571211736"
"LINC00115","0.145060308048672"
"LINC00116","0.144585400970031"
"LINC00152","0.146301571211736"
"LINC00158","0.141379255575843"
"LINC00159","0.142322320138363"
"LINC00160","0.143504537231315"
"LINC00161","0.14316478914573"
"LINC00162","0.147345893656106"
"LINC00163","0.142322320138363"
"LINC00165","0.14316478914573"
"LINC00167","0.145664730727025"
"LINC00174","0.14558271350011"
"LINC00176","0.14316478914573"
"LINC00184","0.146541559484584"
"LINC00200","0.143534319111474"
"LINC00202-1","0.143961437323894"
"LINC00202-2","0.145382851837257"
"LINC00205","0.144950401620152"
"LINC00208","0.14486440076377"
"LINC00211","0.144978303683268"
"LINC00216","0.142195934933942"
"LINC00221","0.146465113020666"
"LINC00222","0.145060308048672"
"LINC00226","0.143504537231315"
"LINC00235","0.143961437323894"
"LINC00237","0.147648331670967"
"LINC00239","0.146465113020666"
"LINC00240","0.142374604182128"
"LINC00242","0.143961437323894"
"LINC00243","0.145664730727025"
"LINC00251","0.14558271350011"
"LINC00261","0.145631249666512"
"LINC00264","0.147484054005063"
"LINC00265","0.145382851837257"
"LINC00266-1","0.14316478914573"
"LINC00266-4P","0.145664730727025"
"LINC00269","0.142744112973124"
"LINC00271","0.146541559484584"
"LINC00276","0.147345893656106"
"LINC00278","0.145664730727025"
"LINC00282","0.143534319111474"
"LINC00284","0.14558271350011"
"LINC00294","0.143534319111474"
"LINC00297","0.142374604182128"
"LINC00298","0.143961437323894"
"LINC00299","0.142322320138363"
"LINC00301","0.14316478914573"
"LINC00302","0.140651827734481"
"LINC00303","0.145060308048672"
"LINC00304","0.143504537231315"
"LINC00305","0.144950401620152"
"LINC00307","0.143961437323894"
"LINC00308","0.145664730727025"
"LINC00309","0.141768310072611"
"LINC00310","0.144950401620152"
"LINC00311","0.14558271350011"
"LINC00313","0.140651827734481"
"LINC00314","0.144937610767364"
"LINC00315","0.145382851837257"
"LINC00316","0.142195934933942"
"LINC00319","0.143534319111474"
"LINC00320","0.143422246637338"
"LINC00322","0.150118078830423"
"LINC00323","0.142374604182128"
"LINC00324","0.144775455710625"
"LINC00326","0.143961437323894"
"LINC00327","0.144937610767364"
"LINC00330","0.143484489284896"
"LINC00332","0.150635289232995"
"LINC00333","0.146541559484584"
"LINC00334","0.148434186533751"
"LINC00336","0.141059797105371"
"LINC00337","0.143961437323894"
"LINC00339","0.143328353774292"
"LINC00342","0.144937610767364"
"LINC00345","0.144775455710625"
"LINC00346","0.143534319111474"
"LINC00347","0.144978303683268"
"LINC00348","0.147484054005063"
"LINC00349","0.144775455710625"
"LINC00351","0.142759940959594"
"LINC00352","0.145382851837257"
"LINC00354","0.144873946475946"
"LINC00355","0.144873946475946"
"LINC00359","0.143504537231315"
"LINC00364","0.146541559484584"
"LINC00365","0.145060308048672"
"LINC00371","0.14635516108173"
"LINC00374","0.142195934933942"
"LINC00375","0.146073751522497"
"LINC00377","0.14635516108173"
"LINC00379","0.143534319111474"
"LINC00381","0.143961437323894"
"LINC00383","0.144950401620152"
"LINC00384","0.143484489284896"
"LINC00385","0.143504537231315"
"LINC00387","0.143504537231315"
"LINC00390","0.142759940959594"
"LINC00392","0.14558271350011"
"LINC00393","0.141245188394529"
"LINC00396","0.144775455710625"
"LINC00398","0.144585400970031"
"LINC00399","0.145664730727025"
"LINC00400","0.142303286559647"
"LINC00402","0.14316478914573"
"LINC00403","0.143504537231315"
"LINC00407","0.143504537231315"
"LINC00410","0.143504537231315"
"LINC00412","0.145060308048672"
"LINC00421","0.144775455710625"
"LINC00423","0.144978303683268"
"LINC00426","0.142759940959594"
"LINC00427","0.143534319111474"
"LINC00431","0.145060308048672"
"LINC00434","0.142322320138363"
"LINC00437","0.141379255575843"
"LINC00440","0.143534319111474"
"LINC00441","0.142322320138363"
"LINC00443","0.144775455710625"
"LINC00444","0.145382851837257"
"LINC00445","0.143534319111474"
"LINC00448","0.144873946475946"
"LINC00449","0.140434901881341"
"LINC00452","0.141904611558736"
"LINC00457","0.144873946475946"
"LINC00458","0.139866706374312"
"LINC00460","0.145060308048672"
"LINC00461","0.142263956989467"
"LINC00462","0.146389173124253"
"LINC00463","0.142374604182128"
"LINC00467","0.144585400970031"
"LINC00469","0.142303286559647"
"LINC00470","0.145060308048672"
"LINC00471","0.143504537231315"
"LINC00472","0.147484054005063"
"LINC00473","0.139866706374312"
"LINC00475","0.142374604182128"
"LINC00477","0.147345893656106"
"LINC00479","0.144937610767364"
"LINC00482","0.145664730727025"
"LINC00484","0.144775455710625"
"LINC00485","0.145664730727025"
"LINC00486","0.144978303683268"
"LINC00487","0.143961437323894"
"LINC00488","0.142322320138363"
"LINC00491","0.145382851837257"
"LINC00492","0.143422246637338"
"LINC00493","0.141926700311613"
"LINC00494","0.142759940959594"
"LINC00500","0.143484489284896"
"LINC00501","0.141904611558736"
"LINC00504","0.145664730727025"
"LINC00506","0.141926700311613"
"LINC00507","0.139992567162527"
"LINC00511","0.14316478914573"
"LINC00517","0.144585400970031"
"LINC00518","0.143422246637338"
"LINC00519","0.143422246637338"
"LINC00520","0.144978303683268"
"LINC00521","0.143422246637338"
"LINC00523","0.141768310072611"
"LINC00524","0.14558271350011"
"LINC00525","0.142374604182128"
"LINC00526","0.142303286559647"
"LINC00528","0.144978303683268"
"LINC00533","0.141245188394529"
"LINC00534","0.143484489284896"
"LINC00535","0.141904611558736"
"LINC00536","0.145664730727025"
"LINC00538","0.143041619548732"
"LINC00539","0.141379255575843"
"LINC00540","0.142374604182128"
"LINC00543","0.142303286559647"
"LINC00544","0.144585400970031"
"LINC00545","0.142303286559647"
"LINC00547","0.142303286559647"
"LINC00548","0.142263956989467"
"LINC00550","0.14212335292888"
"LINC00551","0.142303286559647"
"LINC00554","0.141926700311613"
"LINC00556","0.139978916635694"
"LINC00560","0.143534319111474"
"LINC00562","0.144978303683268"
"LINC00563","0.141447988095708"
"LINC00564","0.14212335292888"
"LINC00565","0.142263956989467"
"LINC00566","0.139978916635694"
"LINC00567","0.143205184177294"
"LINC00570","0.141768310072611"
"LINC00571","0.144950401620152"
"LINC00572","0.144585400970031"
"LINC00574","0.137969749610067"
"LINC00575","0.139978916635694"
"LINC00577","0.14212335292888"
"LINC00578","0.145854963796677"
"LINC00581","0.141768310072611"
"LINC00582","0.141447988095708"
"LINC00589","0.14212335292888"
"LINC00592","0.141926700311613"
"LINC00593","0.144939062973362"
"LINC00596","0.144937610767364"
"LINC00598","0.143422246637338"
"LINC00599","0.143041619548732"
"LINC00601","0.144873946475946"
"LINC00602","0.143534319111474"
"LINC00603","0.141447988095708"
"LINC00604","0.139866706374312"
"LINC00605","0.141059797105371"
"LINC00606","0.14547517855621"
"LINC00607","0.142374604182128"
"LINC00608","0.144873946475946"
"LINC00609","0.140434901881341"
"LINC00615","0.14212335292888"
"LINC00616","0.14547517855621"
"LINC00618","0.143041619548732"
"LINC00619","0.142374604182128"
"LINC00620","0.14212335292888"
"LINC00621","0.143041619548732"
"LINC00623","0.144873946475946"
"LINC00624","0.141768310072611"
"LINC00626","0.143504537231315"
"LINC00628","0.141768310072611"
"LINC00629","0.141904611558736"
"LINC00630","0.14212335292888"
"LINC00632","0.142303286559647"
"LINC00633","0.142303286559647"
"LINC00635","0.144585400970031"
"LINC00636","0.142374604182128"
"LINC00637","0.142322320138363"
"LINC00638","0.143534319111474"
"LINC00639","0.144950401620152"
"LINC00640","0.141768310072611"
"LINC00642","0.142263956989467"
"LINC00643","0.139866706374312"
"LINC00645","0.142263956989467"
"LINC00648","0.141245188394529"
"LINC00649","0.139572990717366"
"LINC00652","0.141447988095708"
"LINC00654","0.142263956989467"
"LINC00656","0.143041619548732"
"LINC00657","0.14547517855621"
"LINC00658","0.142322320138363"
"LINC00659","0.144585400970031"
"LINC00662","0.143422246637338"
"LINC00664","0.144775455710625"
"LINC00665","0.141379255575843"
"LINC00667","0.141447988095708"
"LINC00668","0.14212335292888"
"LINC00670","0.142374604182128"
"LINC00671","0.141904611558736"
"LINC00672","0.14547517855621"
"LINC00675","0.141904611558736"
"LINC00677","0.143041619548732"
"LINC00678","0.141379255575843"
"LINC00680","0.144937610767364"
"LINC00681","0.139455852306288"
"LINC00682","0.141768310072611"
"LINC00683","0.143961437323894"
"LINC00684","0.140651827734481"
"LINC00685","0.141926700311613"
"LINC00686","0.144585400970031"
"LINC00687","0.144873946475946"
"LINC00690","0.142374604182128"
"LINC00691","0.142374604182128"
"LINC00693","0.14547517855621"
"LINC00694","0.144775455710625"
"LINC00698","0.143041619548732"
"LINC00702","0.141768310072611"
"LINC00703","0.143484489284896"
"LINC00704","0.143534319111474"
"LINC00705","0.142263956989467"
"LINC00706","0.14212335292888"
"LINC00707","0.14558271350011"
"LINC00836","0.142263956989467"
"LINC00838","0.143504537231315"
"LINC00839","0.140432512694556"
"LINC00840","0.142374604182128"
"LINC00841","0.143484489284896"
"LINC00843","0.145664730727025"
"LINC00844","0.139572990717366"
"LINC00845","0.143947626864985"
"LINC00847","0.141904611558736"
"LINC00850","0.141059797105371"
"LINC00852","0.139866706374312"
"LINC00853","0.142303286559647"
"LINC00856","0.139992567162527"
"LINC00857","0.143504537231315"
"LINC00858","0.142303286559647"
"LINC00861","0.141768310072611"
"LINC00862","0.142263956989467"
"LINC00863","0.142303286559647"
"LINC00864","0.144978303683268"
"LINC00865","0.144775455710625"
"LINC00866","0.141768310072611"
"LINC00867","0.14212335292888"
"LINC00868","0.141926700311613"
"LINC00869","0.141379255575843"
"LINC00870","0.144585400970031"
"LINC00871","0.145664730727025"
"LINC00877","0.144907962416316"
"LINC00880","0.141447988095708"
"LINC00881","0.139572990717366"
"LINC00882","0.142263956989467"
"LINC00884","0.142263956989467"
"LINC00885","0.141926700311613"
"LINC00886","0.142303286559647"
"LINC00887","0.139455852306288"
"LINC00890","0.141245188394529"
"LINC00891","0.144950401620152"
"LINC00893","0.14212335292888"
"LINC00894","0.141926700311613"
"LINC00895","0.141379255575843"
"LINC00896","0.139866706374312"
"LINC00898","0.144585400970031"
"LINC00900","0.14212335292888"
"LINC00901","0.143961437323894"
"LINC00906","0.144775455710625"
"LINC00907","0.143484489284896"
"LINC00908","0.140434901881341"
"LINC00909","0.142374604182128"
"LINC00910","0.141059797105371"
"LINC00911","0.14212335292888"
"LINC00917","0.145361576550171"
"LINC00919","0.144978303683268"
"LINC00920","0.141904611558736"
"LINC00921","0.139205662731227"
"LINC00922","0.142322320138363"
"LINC00923","0.143504537231315"
"LINC00924","0.141926700311613"
"LINC00926","0.143422246637338"
"LINC00927","0.139978916635694"
"LINC00929","0.141904611558736"
"LINC00930","0.143422246637338"
"LINC00934","0.139978916635694"
"LINC00935","0.141059797105371"
"LINC00936","0.143422246637338"
"LINC00937","0.140434901881341"
"LINC00939","0.142322320138363"
"LINC00940","0.141904611558736"
"LINC00941","0.144907962416316"
"LINC00942","0.138618077792499"
"LINC00943","0.142374604182128"
"LINC00944","0.143504537231315"
"LINC00950","0.140434901881341"
"LINC00951","0.141379255575843"
"LINC00954","0.141926700311613"
"LINC00957","0.141379255575843"
"LINC00958","0.142263956989467"
"LINC00959","0.144775455710625"
"LINC00960","0.141245188394529"
"LINC00961","0.141447988095708"
"LINC00964","0.142322320138363"
"LINC00967","0.139978916635694"
"LINC00968","0.139866706374312"
"LINC00969","0.141245188394529"
"LINC00970","0.143422246637338"
"LINC00971","0.141904611558736"
"LINC00972","0.143534319111474"
"LINC00973","0.141059797105371"
"LINC00976","0.141379255575843"
"LINC00977","0.145060308048672"
"LINC00982","0.142263956989467"
"LINC00987","0.14212335292888"
"LINC00989","0.141245188394529"
"LINC00992","0.142263956989467"
"LINC00993","0.141379255575843"
"LINC00994","0.143484489284896"
"LINC00996","0.139866706374312"
"LINC00997","0.143534319111474"
"LINC00998","0.137969749610067"
"LINC01001","0.144835735530404"
"LINC01003","0.143504537231315"
"LINC01004","0.139992567162527"
"LINC01005","0.141379255575843"
"LINC01006","0.141379255575843"
"LINC01007","0.145060308048672"
"LINC01010","0.141379255575843"
"LINC01011","0.142313875853309"
"LINC01012","0.140929113652627"
"LINC01013","0.141144417151146"
"LINC01016","0.142324305461035"
"LINC01017","0.141926700311613"
"LINC01018","0.140651827734481"
"LINC01019","0.14558271350011"
"LINC01021","0.143422246637338"
"LINC01022","0.143484489284896"
"LINC01023","0.141926700311613"
"LINC01024","0.14212335292888"
"LINC01028","0.141447988095708"
"LINC01030","0.142324305461035"
"LINC01031","0.139992567162527"
"LINC01032","0.141447988095708"
"LINC01033","0.142324305461035"
"LINC01034","0.141904611558736"
"LINC01036","0.143961437323894"
"LINC01037","0.141926700311613"
"LINC01046","0.141904611558736"
"LINC01047","0.143422246637338"
"LINC01048","0.140651827734481"
"LINC01050","0.141379255575843"
"LINC01054","0.143484489284896"
"LINC01055","0.142263956989467"
"LINC01058","0.141379255575843"
"LINC01060","0.141768310072611"
"LINC01063","0.141926700311613"
"LINC01067","0.142324305461035"
"LINC01068","0.141379255575843"
"LINC01070","0.141904611558736"
"LINC01072","0.142324305461035"
"LINC01076","0.141447988095708"
"LINC01077","0.141144417151146"
"LINC01080","0.142313875853309"
"LINC01082","0.144775455710625"
"LINC01085","0.143205184177294"
"LINC01087","0.141447988095708"
"LINC01088","0.140434901881341"
"LINC01089","0.141144417151146"
"LINC01090","0.141245188394529"
"LINC01091","0.142263956989467"
"LINC01093","0.141447988095708"
"LINC01094","0.141904611558736"
"LINC01095","0.141904611558736"
"LINC01096","0.139992567162527"
"LINC01097","0.144907962416316"
"LINC01098","0.146389173124253"
"LINC01099","0.143484489284896"
"LINC01100","0.142374604182128"
"LINC01102","0.143534319111474"
"LINC01104","0.141144417151146"
"LINC01106","0.143484489284896"
"LINC01107","0.137969749610067"
"LINC01108","0.143484489284896"
"LINC01109","0.139992567162527"
"LINC01111","0.139866706374312"
"LINC01114","0.144907962416316"
"LINC01115","0.145361576550171"
"LINC01116","0.142303286559647"
"LINC01117","0.142119646154227"
"LINC01118","0.139992567162527"
"LINC01119","0.137969749610067"
"LINC01120","0.143534319111474"
"LINC01122","0.141926700311613"
"LINC01123","0.141447988095708"
"LINC01124","0.141379255575843"
"LINC01125","0.138618077792499"
"LINC01126","0.143504537231315"
"LINC01127","0.143504537231315"
"LINC01132","0.141904611558736"
"LINC01133","0.14212335292888"
"LINC01134","0.141926700311613"
"LINC01135","0.141447988095708"
"LINC01136","0.14212335292888"
"LINC01137","0.143504537231315"
"LINC01138","0.141245188394529"
"LINC01139","0.141904611558736"
"LINC01140","0.141059797105371"
"LINC01142","0.144775455710625"
"LINC01143","0.139992567162527"
"LINC01144","0.141447988095708"
"LINC01146","0.139866706374312"
"LINC01149","0.142374604182128"
"LINC01150","0.141904611558736"
"LINC01151","0.14212335292888"
"LINC01152","0.141144417151146"
"LINC01153","0.141926700311613"
"LINC01154","0.141904611558736"
"LINC01160","0.14212335292888"
"LINC01162","0.144978303683268"
"LINC01163","0.143484489284896"
"LINC01165","0.140929113652627"
"LINC01166","0.140434901881341"
"LINC01167","0.141926700311613"
"LINC01168","0.138618077792499"
"LINC01169","0.141245188394529"
"LINC01170","0.143041619548732"
"LINC01176","0.141245188394529"
"LINC01179","0.144907962416316"
"LINC01180","0.139014176881319"
"LINC01181","0.142303286559647"
"LINC01182","0.143484489284896"
"LINC01183","0.143484489284896"
"LINC01184","0.143025791562262"
"LINC01185","0.141768310072611"
"LINC01186","0.139572990717366"
"LINC01187","0.141245188394529"
"LINC01191","0.137320534416328"
"LINC01194","0.141144417151146"
"LINC01197","0.141409655712211"
"LINC01198","0.141379255575843"
"LINC01202","0.142313875853309"
"LINC01203","0.142303286559647"
"LINC01204","0.140434901881341"
"LINC01205","0.141144417151146"
"LINC01206","0.142263956989467"
"LINC01207","0.141245188394529"
"LINC01208","0.141447988095708"
"LINC01209","0.141447988095708"
"LINC01212","0.140434901881341"
"LINC01213","0.143484489284896"
"LINC01214","0.143041619548732"
"LINC01215","0.14212335292888"
"LINC01219","0.14212335292888"
"LINC01220","0.141768310072611"
"LINC01221","0.140434901881341"
"LINC01222","0.141768310072611"
"LINC01224","0.139992567162527"
"LINC01226","0.140929113652627"
"LINC01227","0.140651827734481"
"LINC01228","0.141768310072611"
"LINC01229","0.142374604182128"
"LINC01230","0.141904611558736"
"LINC01233","0.141926700311613"
"LINC01234","0.139571783924416"
"LINC01235","0.139978916635694"
"LINC01239","0.139978916635694"
"LINC01241","0.141201627243614"
"LINC01242","0.141926700311613"
"LINC01243","0.14212335292888"
"LINC01247","0.142371789420444"
"LINC01248","0.141245188394529"
"LINC01249","0.141379255575843"
"LINC01250","0.143041619548732"
"LINC01251","0.143484489284896"
"LINC01252","0.141144417151146"
"LINC01254","0.139992567162527"
"LINC01257","0.141926700311613"
"LINC01258","0.142371789420444"
"LINC01259","0.139571783924416"
"LINC01260","0.142263956989467"
"LINC01262","0.141245188394529"
"LINC01264","0.141768310072611"
"LINC01265","0.139403712309058"
"LINC01266","0.144978303683268"
"LINC01267","0.141768310072611"
"LINC01268","0.14212335292888"
"LINC01269","0.141447988095708"
"LINC01270","0.13885976653695"
"LINC01271","0.139403712309058"
"LINC01272","0.140434901881341"
"LINC01273","0.140929113652627"
"LINC01276","0.142309242527662"
"LINC01277","0.143683835754984"
"LINC01280","0.139014176881319"
"LINC01281","0.142371789420444"
"LINC01282","0.14212335292888"
"LINC01284","0.143504537231315"
"LINC01285","0.142263956989467"
"LINC01287","0.142371789420444"
"LINC01289","0.141904611558736"
"LINC01290","0.141904611558736"
"LINC01291","0.143504537231315"
"LINC01293","0.141245188394529"
"LINC01297","0.139866706374312"
"LINC01297.1","0.139525489211083"
"LINC01299","0.141926700311613"
"LINC01300","0.139992567162527"
"LINC01301","0.143504537231315"
"LINC01304","0.139525489211083"
"LINC01305","0.140929113652627"
"LINC01307","0.141447988095708"
"LINC01309","0.143683835754984"
"LINC01310","0.140929113652627"
"LINC01311","0.142303286559647"
"LINC01312","0.142303286559647"
"LINC01314","0.141853808999499"
"LINC01315","0.142263956989467"
"LINC01317","0.14212335292888"
"LINC01318","0.139978916635694"
"LINC01320","0.139571783924416"
"LINC01322","0.143062726622809"
"LINC01324","0.139525489211083"
"LINC01326","0.140432512694556"
"LINC01330","0.143484489284896"
"LINC01331","0.14212335292888"
"LINC01332","0.142313875853309"
"LINC01336","0.142371789420444"
"LINC01337","0.144950401620152"
"LINC01338","0.143298431831008"
"LINC01340","0.141926700311613"
"LINC01342","0.143504537231315"
"LINC01344","0.141360185545021"
"LINC01347","0.142313875853309"
"LINC01348","0.143534319111474"
"LINC01349","0.141144417151146"
"LINC01350","0.141768310072611"
"LINC01351","0.139866706374312"
"LINC01352","0.139572990717366"
"LINC01353","0.146389173124253"
"LINC01354","0.141904611558736"
"LINC01355","0.142313875853309"
"LINC01356","0.142303286559647"
"LINC01358","0.141904611558736"
"LINC01360","0.144978303683268"
"LINC01361","0.141926700311613"
"LINC01362","0.141360185545021"
"LINC01363","0.141360185545021"
"LINC01364","0.142263956989467"
"LINC01366","0.141768310072611"
"LINC01372","0.142277856966408"
"LINC01374","0.141926700311613"
"LINC01376","0.141144417151146"
"LINC01378","0.141059797105371"
"LINC01381","0.142365170772125"
"LINC01385","0.142303286559647"
"LINC01388","0.143484489284896"
"LINC01389","0.142313875853309"
"LINC01391","0.140651827734481"
"LINC01392","0.142263956989467"
"LINC01393","0.142263956989467"
"LINC01394","0.144585400970031"
"LINC01395","0.141360185545021"
"LINC01396","0.140929113652627"
"LINC01397","0.141926700311613"
"LINC01399","0.138618077792499"
"LINC01400","0.140651827734481"
"LINC01402","0.141360185545021"
"LINC01405","0.139571783924416"
"LINC01410","0.142309242527662"
"LINC01411","0.139014176881319"
"LINC01412","0.141144417151146"
"LINC01413","0.142371789420444"
"LINC01415","0.139572990717366"
"LINC01416","0.141926700311613"
"LINC01419","0.143298431831008"
"LINC01420","0.141447988095708"
"LINC01422","0.139978916635694"
"LINC01423","0.142303286559647"
"LINC01424","0.140432512694556"
"LINC01425","0.139866706374312"
"LINC01426","0.14212335292888"
"LINC01427","0.141768310072611"
"LINC01429","0.138263545393437"
"LINC01431","0.137640436244867"
"LINC01433","0.141904611558736"
"LINC01435","0.141087610233295"
"LINC01436","0.143041619548732"
"LINC01438","0.138618077792499"
"LINC01441","0.139978916635694"
"LINC01443","0.141144417151146"
"LINC01444","0.144008614301522"
"LINC01445","0.139572990717366"
"LINC01446","0.139866706374312"
"LINC01447","0.140651827734481"
"LINC01448","0.141144417151146"
"LINC01449","0.141926700311613"
"LINC01451","0.142313875853309"
"LINC01455","0.141144417151146"
"LINC01456","0.142263956989467"
"LINC01460","0.142263956989467"
"LINC01465","0.138263545393437"
"LINC01467","0.141926700311613"
"LINC01468","0.140651827734481"
"LINC01470","0.141926700311613"
"LINC01471","0.138618077792499"
"LINC01473","0.143484489284896"
"LINC01474","0.14212335292888"
"LINC01475","0.141926700311613"
"LINC01476","0.141447988095708"
"LINC01477","0.141360185545021"
"LINC01478","0.142263956989467"
"LINC01479","0.14352849436319"
"LINC01480","0.142371789420444"
"LINC01481","0.141164983516934"
"LINC01482","0.141164983516934"
"LINC01483","0.140929113652627"
"LINC01484","0.141904611558736"
"LINC01485","0.141926700311613"
"LINC01487","0.136094664084645"
"LINC01489","0.141904611558736"
"LINC01490","0.140651827734481"
"LINC01492","0.143298431831008"
"LINC01496","0.141447988095708"
"LINC01497","0.142309242527662"
"LINC01498","0.141075432795766"
"LINC01500","0.140929113652627"
"LINC01501","0.142309242527662"
"LINC01502","0.142371789420444"
"LINC01503","0.142263956989467"
"LINC01504","0.142869372867283"
"LINC01505","0.140432512694556"
"LINC01506","0.141904611558736"
"LINC01507","0.142309242527662"
"LINC01508","0.142263956989467"
"LINC01509","0.141360185545021"
"LINC01510","0.140432512694556"
"LINC01511","0.143298431831008"
"LINC01513","0.140432512694556"
"LINC01514","0.143504537231315"
"LINC01515","0.142263956989467"
"LINC01516","0.14212335292888"
"LINC01518","0.142371789420444"
"LINC01519","0.143534319111474"
"LINC01521","0.141904611558736"
"LINC01523","0.143504537231315"
"LINC01524","0.139572990717366"
"LINC01525","0.14212335292888"
"LINC01526","0.13804292515276"
"LINC01527","0.142263956989467"
"LINC01529","0.141768310072611"
"LINC01531","0.141164983516934"
"LINC01532","0.139319433681126"
"LINC01534","0.144008614301522"
"LINC01535","0.14212335292888"
"LINC01537","0.140432512694556"
"LINC01539","0.144950401620152"
"LINC01541","0.143484489284896"
"LINC01543","0.143435496578082"
"LINC01545","0.141768310072611"
"LINC01546","0.141768310072611"
"LINC01547","0.141075432795766"
"LINC01548","0.143201266448293"
"LINC01549","0.138964964111604"
"LINC01550","0.14489841670414"
"LINC01551","0.141926700311613"
"LINC01552","0.143201266448293"
"LINC01553","0.147109325195432"
"LINC01554","0.138964964111604"
"LINC01555","0.140929113652627"
"LINC01556","0.144677302323805"
"LINC01558","0.139978916635694"
"LINC01559","0.144950401620152"
"LINC01560","0.141360185545021"
"LINC01561","0.143201266448293"
"LINC01562","0.139403712309058"
"LINC01563","0.141447988095708"
"LINC01564","0.142283812934423"
"LINC01565","0.141904611558736"
"LINC01567","0.143484489284896"
"LINC01569","0.141447988095708"
"LINC01571","0.141904611558736"
"LINC01572","0.142869372867283"
"LINC01574","0.141164983516934"
"LINC01579","0.141904611558736"
"LINC01580","0.142309242527662"
"LINC01583","0.139866706374312"
"LINC01586","0.140929113652627"
"LINC01588","0.139866706374312"
"LINC01589","0.138618077792499"
"LINC01591","0.144677302323805"
"LINC01592","0.141926700311613"
"LINC01594","0.141075432795766"
"LINC01596","0.140651827734481"
"LINC01597","0.144376852219148"
"LINC01598","0.139571783924416"
"LINC01600","0.138618077792499"
"LINC01602","0.143484489284896"
"LINC01603","0.144907962416316"
"LINC01605","0.143484489284896"
"LINC01606","0.141390585681388"
"LINC01607","0.143201266448293"
"LINC01608","0.144775455710625"
"LINC01609","0.142371789420444"
"LINC01611","0.139016230525693"
"LINC01612","0.141904611558736"
"LINC01614","0.138260068432167"
"LINC01615","0.139016230525693"
"LINC01616","0.140651827734481"
"LINC01618","0.140929113652627"
"LINC01620","0.139715886363009"
"LINC01621","0.137320534416328"
"LINC01623","0.139572990717366"
"LINC01624","0.14212335292888"
"LINC01625","0.143041619548732"
"LINC01626","0.143683835754984"
"LINC01627","0.141768310072611"
"LINC01629","0.139571783924416"
"LINCMD1","0.141926700311613"
"LINCR-0001","0.143041619548732"
"LINGO1","0.143435496578082"
"LINGO1-AS1","0.141926700311613"
"LINGO2","0.14212335292888"
"LINGO3","0.139572990717366"
"LINGO4","0.141926700311613"
"LINS1","0.139572990717366"
"LIPA","0.146042227598678"
"LIPC","0.144284318362845"
"LIPE","0.135106672408031"
"LIPE-AS1","0.143484489284896"
"LIPF","0.138260068432167"
"LIPG","0.141360185545021"
"LIPH","0.141926700311613"
"LIPI","0.141360185545021"
"LIPJ","0.143298431831008"
"LIPK","0.142263956989467"
"LIPM","0.14212335292888"
"LIPN","0.139572990717366"
"LIPT1","0.143435496578082"
"LIPT2","0.141447988095708"
"LITAF","0.143435496578082"
"LIX1","0.142263956989467"
"LIX1L","0.142263956989467"
"LKAAEAR1","0.140651827734481"
"LL09NC01-139C3.1","0.142263956989467"
"LL09NC01-251B2.3","0.14212335292888"
"LL09NC01-254D11.1","0.142263956989467"
"LL0XNC01-116E7.2","0.141360185545021"
"LL0XNC01-16G2.1","0.142263956989467"
"LL0XNC01-237H1.2","0.140426029728078"
"LL0XNC01-250H12.3","0.139215082198171"
"LL0XNC01-7P3.1","0.140426029728078"
"LL21NC02-1C16.2","0.141164983516934"
"LL21NC02-21A1.1","0.140426029728078"
"LL22NC01-81G9.3","0.141768310072611"
"LL22NC03-102D1.18","0.141447988095708"
"LL22NC03-104C7.1","0.142371789420444"
"LL22NC03-121E8.3","0.142263956989467"
"LL22NC03-27C5.1","0.141904611558736"
"LL22NC03-2H8.4","0.14212335292888"
"LL22NC03-2H8.5","0.137939703187072"
"LL22NC03-32F9.1","0.139016230525693"
"LL22NC03-63E9.3","0.142263956989467"
"LL22NC03-75H12.2","0.142371789420444"
"LL22NC03-86G7.1","0.141926700311613"
"LL22NC03-N95F10.1","0.140651827734481"
"LLGL1","0.141075432795766"
"LLGL2","0.141768310072611"
"LLNLF-187D8.1","0.143201266448293"
"LLNLR-245B6.1","0.142263956989467"
"LLNLR-246C6.1","0.141904611558736"
"LLNLR-249E10.1","0.140929113652627"
"LLNLR-268E12.1","0.141926700311613"
"LLNLR-284B4.1","0.140426029728078"
"LLNLR-284B4.2","0.136089885839379"
"LLNLR-304G9.1","0.138260068432167"
"LLNLR-307A6.1","0.141360185545021"
"LLPH","0.139866706374312"
"LLPH-AS1","0.141768310072611"
"LLfos-48D6.2","0.141360185545021"
"LMAN1","0.143683835754984"
"LMAN1L","0.140929113652627"
"LMAN2","0.141904611558736"
"LMAN2L","0.14212335292888"
"LMBR1","0.143484489284896"
"LMBR1L","0.139866706374312"
"LMBRD1","0.140929113652627"
"LMBRD2","0.141904611558736"
"LMCD1","0.140651827734481"
"LMCD1-AS1","0.140929113652627"
"LMF1","0.141768310072611"
"LMF1-AS1","0.140651827734481"
"LMF2","0.144775455710625"
"LMLN","0.139866706374312"
"LMLN-AS1","0.143435496578082"
"LMNA","0.140651827734481"
"LMNB1","0.141164983516934"
"LMNB2","0.143961437323894"
"LMNTD1","0.144677302323805"
"LMNTD2","0.141904611558736"
"LMO1","0.142309242527662"
"LMO2","0.14212335292888"
"LMO3","0.14212335292888"
"LMO4","0.139458992128603"
"LMO7","0.14352849436319"
"LMO7-AS1","0.143484489284896"
"LMO7DN","0.143683835754984"
"LMOD1","0.142309242527662"
"LMOD2","0.141926700311613"
"LMOD3","0.143484489284896"
"LMTK2","0.142263956989467"
"LMTK3","0.138618077792499"
"LMX1A","0.142869372867283"
"LMX1B","0.140651827734481"
"LNP1","0.142869372867283"
"LNPEP","0.139572990717366"
"LNX1","0.143041619548732"
"LNX1-AS1","0.142263956989467"
"LNX2","0.141768310072611"
"LOH12CR2","0.139215082198171"
"LONP1","0.143683835754984"
"LONP2","0.139458992128603"
"LONRF1","0.141390585681388"
"LONRF2","0.141926700311613"
"LONRF3","0.141768310072611"
"LOR","0.141768310072611"
"LOX","0.141926700311613"
"LOXHD1","0.141075432795766"
"LOXL1","0.14352849436319"
"LOXL1-AS1","0.143241016270525"
"LOXL2","0.140929113652627"
"LOXL3","0.142371789420444"
"LOXL4","0.141904611558736"
"LPA","0.140426029728078"
"LPAR1","0.145361576550171"
"LPAR2","0.141904611558736"
"LPAR3","0.14212335292888"
"LPAR4","0.142309242527662"
"LPAR5","0.143484489284896"
"LPAR6","0.144008614301522"
"LPCAT1","0.143435496578082"
"LPCAT2","0.14212335292888"
"LPCAT3","0.141926700311613"
"LPCAT4","0.141926700311613"
"LPGAT1","0.14212335292888"
"LPIN1","0.140651827734481"
"LPIN2","0.142263956989467"
"LPIN3","0.141926700311613"
"LPL","0.141926700311613"
"LPO","0.140651827734481"
"LPP","0.143201266448293"
"LPP-AS1","0.142869372867283"
"LPP-AS2","0.14212335292888"
"LPXN","0.144376852219148"
"LRAT","0.143298431831008"
"LRBA","0.142371789420444"
"LRCH1","0.144677302323805"
"LRCH2","0.14212335292888"
"LRCH3","0.143435496578082"
"LRCH4","0.142869372867283"
"LRCOL1","0.144677302323805"
"LRFN1","0.143670025296076"
"LRFN2","0.136094664084645"
"LRFN3","0.142309242527662"
"LRFN4","0.144235583198909"
"LRFN5","0.139525489211083"
"LRG1","0.144677302323805"
"LRGUK","0.145361576550171"
"LRIF1","0.142869372867283"
"LRIG1","0.142309242527662"
"LRIG2","0.143435496578082"
"LRIG3","0.140929113652627"
"LRIT3","0.141390585681388"
"LRMP","0.141904611558736"
"LRP1","0.142309242527662"
"LRP1-AS","0.141768310072611"
"LRP10","0.145361576550171"
"LRP11","0.142869372867283"
"LRP12","0.142869372867283"
"LRP1B","0.14212335292888"
"LRP2","0.144376852219148"
"LRP2BP","0.145060308048672"
"LRP3","0.141904611558736"
"LRP4","0.142263956989467"
"LRP4-AS1","0.142263956989467"
"LRP5","0.139866706374312"
"LRP5L","0.141164983516934"
"LRP6","0.141768310072611"
"LRP8","0.144677302323805"
"LRPAP1","0.142309242527662"
"LRPPRC","0.142263956989467"
"LRR1","0.14558271350011"
"LRRC1","0.141768310072611"
"LRRC10","0.141390585681388"
"LRRC10B","0.141768310072611"
"LRRC14","0.143201266448293"
"LRRC14B","0.142119646154227"
"LRRC15","0.145060308048672"
"LRRC16A","0.141164983516934"
"LRRC16B","0.142869372867283"
"LRRC17","0.142371789420444"
"LRRC18","0.142371789420444"
"LRRC19","0.141768310072611"
"LRRC2","0.143201266448293"
"LRRC2-AS1","0.143484489284896"
"LRRC20","0.140426029728078"
"LRRC23","0.141926700311613"
"LRRC24","0.141390585681388"
"LRRC25","0.141801215359365"
"LRRC26","0.141390585681388"
"LRRC27","0.143298431831008"
"LRRC28","0.141075432795766"
"LRRC29","0.142869372867283"
"LRRC3","0.141075432795766"
"LRRC3-AS1","0.141926700311613"
"LRRC31","0.141075432795766"
"LRRC32","0.142869372867283"
"LRRC34","0.140651827734481"
"LRRC36","0.142263956989467"
"LRRC37A","0.143670025296076"
"LRRC37A2","0.143670025296076"
"LRRC37A3","0.143435496578082"
"LRRC37B","0.140472233640037"
"LRRC38","0.139016230525693"
"LRRC39","0.143484489284896"
"LRRC3B","0.142309242527662"
"LRRC4","0.140929113652627"
"LRRC40","0.139458992128603"
"LRRC41","0.145060308048672"
"LRRC42","0.139525489211083"
"LRRC43","0.141926700311613"
"LRRC45","0.144677302323805"
"LRRC46","0.142371789420444"
"LRRC47","0.137939703187072"
"LRRC49","0.143670025296076"
"LRRC4B","0.144907962416316"
"LRRC4C","0.142371789420444"
"LRRC52","0.141926700311613"
"LRRC53","0.143484489284896"
"LRRC55","0.142371789420444"
"LRRC56","0.140651827734481"
"LRRC57","0.139866706374312"
"LRRC58","0.141904611558736"
"LRRC59","0.141926700311613"
"LRRC6","0.142263956989467"
"LRRC61","0.140929113652627"
"LRRC63","0.143201266448293"
"LRRC66","0.141164983516934"
"LRRC69","0.140651827734481"
"LRRC7","0.140098079472134"
"LRRC70","0.141164983516934"
"LRRC71","0.138865927470072"
"LRRC72","0.142869372867283"
"LRRC73","0.141904611558736"
"LRRC74A","0.141390585681388"
"LRRC74B","0.141075432795766"
"LRRC75A","0.141164983516934"
"LRRC75B","0.144907962416316"
"LRRC8A","0.142263956989467"
"LRRC8B","0.143670025296076"
"LRRC8C","0.141390585681388"
"LRRC8D","0.142309242527662"
"LRRC8E","0.139572990717366"
"LRRC9","0.141926700311613"
"LRRCC1","0.144376852219148"
"LRRD1","0.138865927470072"
"LRRFIP1","0.140098079472134"
"LRRFIP2","0.143298431831008"
"LRRIQ1","0.141164983516934"
"LRRIQ3","0.143484489284896"
"LRRIQ4","0.143484489284896"
"LRRK1","0.140472233640037"
"LRRK2","0.143670025296076"
"LRRN1","0.144376852219148"
"LRRN2","0.141768310072611"
"LRRN3","0.142309242527662"
"LRRN4","0.143298431831008"
"LRRN4CL","0.143298431831008"
"LRRTM1","0.141164983516934"
"LRRTM2","0.141904611558736"
"LRRTM3","0.143484489284896"
"LRRTM4","0.144677302323805"
"LRSAM1","0.141390585681388"
"LRTM1","0.143201266448293"
"LRTM2","0.141390585681388"
"LRTOMT","0.143484489284896"
"LRWD1","0.141075432795766"
"LSAMP","0.142263956989467"
"LSAMP-AS1","0.141390585681388"
"LSG1","0.138260068432167"
"LSINCT5","0.140472233640037"
"LSM1","0.142263956989467"
"LSM10","0.142309242527662"
"LSM11","0.14212335292888"
"LSM12","0.134779807186654"
"LSM14A","0.139215082198171"
"LSM14B","0.141164983516934"
"LSM2","0.144775455710625"
"LSM3","0.144677302323805"
"LSM4","0.139016230525693"
"LSM5","0.141164983516934"
"LSM6","0.142869372867283"
"LSM7","0.141700774279502"
"LSM8","0.142371789420444"
"LSMEM1","0.136094664084645"
"LSMEM2","0.144008614301522"
"LSP1","0.145751631198776"
"LSR","0.139016230525693"
"LSS","0.14212335292888"
"LST1","0.138618077792499"
"LTA","0.139866706374312"
"LTA4H","0.142869372867283"
"LTB","0.144950401620152"
"LTB4R","0.145060308048672"
"LTB4R2","0.139458992128603"
"LTBP1","0.140929113652627"
"LTBP2","0.143201266448293"
"LTBP3","0.140098079472134"
"LTBP4","0.139572990717366"
"LTBR","0.139458992128603"
"LTC4S","0.144700114061875"
"LTF","0.140324064007687"
"LTK","0.141926700311613"
"LTN1","0.143435496578082"
"LTV1","0.141904611558736"
"LUADT1","0.142119646154227"
"LUC7L","0.137269690729718"
"LUC7L2","0.140098079472134"
"LUC7L3","0.144537188787132"
"LUCAT1","0.139458992128603"
"LUM","0.142309242527662"
"LURAP1","0.143298431831008"
"LURAP1L","0.143298431831008"
"LURAP1L-AS1","0.143201266448293"
"LUZP1","0.136061686854577"
"LUZP2","0.141164983516934"
"LUZP4","0.143484489284896"
"LVCAT1","0.146389173124253"
"LVRN","0.142263956989467"
"LXN","0.142309242527662"
"LY6D","0.143298431831008"
"LY6E","0.142371789420444"
"LY6G5B","0.141700774279502"
"LY6G5C","0.141904611558736"
"LY6G6C","0.144537188787132"
"LY6G6D","0.14212335292888"
"LY6G6E","0.141075432795766"
"LY6G6F","0.142869372867283"
"LY6H","0.141700774279502"
"LY6K","0.143435496578082"
"LY75","0.144537188787132"
"LY75-CD302","0.140929113652627"
"LY86","0.144376852219148"
"LY86-AS1","0.14212335292888"
"LY9","0.143435496578082"
"LY96","0.139866706374312"
"LYAR","0.144775455710625"
"LYG1","0.14212335292888"
"LYG2","0.144700114061875"
"LYL1","0.143484489284896"
"LYN","0.145597875424816"
"LYNX1","0.146042227598678"
"LYPD1","0.144376852219148"
"LYPD2","0.144700114061875"
"LYPD3","0.144376852219148"
"LYPD4","0.144376852219148"
"LYPD5","0.144537188787132"
"LYPD6","0.149131588102046"
"LYPD6B","0.142869372867283"
"LYPD8","0.149614067478698"
"LYPLA1","0.141904611558736"
"LYPLA2","0.143298431831008"
"LYPLAL1","0.143435496578082"
"LYPLAL1-AS1","0.142263956989467"
"LYRM1","0.144950401620152"
"LYRM2","0.144376852219148"
"LYRM4","0.142869372867283"
"LYRM5","0.141926700311613"
"LYRM7","0.144950401620152"
"LYRM9","0.143435496578082"
"LYSMD1","0.142263956989467"
"LYSMD2","0.141075432795766"
"LYSMD3","0.141164983516934"
"LYSMD4","0.144376852219148"
"LYST","0.141700774279502"
"LYVE1","0.141075432795766"
"LYZ","0.143670025296076"
"LYZL1","0.145597875424816"
"LYZL2","0.141700774279502"
"LYZL4","0.143201266448293"
"LYZL6","0.144376852219148"
"LZIC","0.143670025296076"
"LZTFL1","0.142309242527662"
"LZTR1","0.144638007689202"
"LZTS1","0.145051168717189"
"LZTS1-AS1","0.140602437857031"
"LZTS2","0.140098079472134"
"M1AP","0.144950401620152"
"M6PR","0.142263956989467"
"MAATS1","0.141700774279502"
"MAB21L1","0.144008614301522"
"MAB21L2","0.144775455710625"
"MAB21L3","0.141164983516934"
"MACC1","0.144775455710625"
"MACC1-AS1","0.141075432795766"
"MACF1","0.143298431831008"
"MACROD1","0.142263956989467"
"MACROD2","0.146389173124253"
"MACROD2-AS1","0.144382790911818"
"MAD1L1","0.142283812934423"
"MAD2L1","0.143435496578082"
"MAD2L1BP","0.140929113652627"
"MAD2L2","0.142309242527662"
"MADCAM1","0.143435496578082"
"MADD","0.144907962416316"
"MAEA","0.139016230525693"
"MAEL","0.140602437857031"
"MAF","0.144726116449875"
"MAF1","0.143201266448293"
"MAFA","0.144726116449875"
"MAFA-AS1","0.144537188787132"
"MAFB","0.140929113652627"
"MAFF","0.143484489284896"
"MAFG","0.144382790911818"
"MAFG-AS1","0.143201266448293"
"MAFK","0.141926700311613"
"MAFTRR","0.144382790911818"
"MAG","0.142371789420444"
"MAGEA1","0.144376852219148"
"MAGEA10","0.144638007689202"
"MAGEA11","0.143435496578082"
"MAGEA12","0.143484489284896"
"MAGEA2","0.143484489284896"
"MAGEA2B","0.14212335292888"
"MAGEA3","0.145051168717189"
"MAGEA4","0.144638007689202"
"MAGEA6","0.145597875424816"
"MAGEA8","0.143484489284896"
"MAGEA8-AS1","0.143201266448293"
"MAGEA9","0.146920542428306"
"MAGEA9B","0.141926700311613"
"MAGEB1","0.141904611558736"
"MAGEB10","0.140929113652627"
"MAGEB16","0.141700774279502"
"MAGEB2","0.144726116449875"
"MAGEB4","0.139572990717366"
"MAGEB5","0.144382790911818"
"MAGEB6","0.144775455710625"
"MAGEC1","0.145751631198776"
"MAGEC2","0.142869372867283"
"MAGED1","0.142263956989467"
"MAGED2","0.144118964235835"
"MAGED4","0.142869372867283"
"MAGED4B","0.139525489211083"
"MAGEE1","0.143667451594508"
"MAGEE2","0.141164983516934"
"MAGEF1","0.144537188787132"
"MAGEH1","0.14212335292888"
"MAGEL2","0.139866706374312"
"MAGI1","0.142869372867283"
"MAGI1-AS1","0.141904611558736"
"MAGI2","0.143435496578082"
"MAGI3","0.143201266448293"
"MAGIX","0.141904611558736"
"MAGOH","0.143241016270525"
"MAGOHB","0.140929113652627"
"MAGT1","0.143201266448293"
"MAK","0.144382790911818"
"MAK16","0.143241016270525"
"MAL","0.142263956989467"
"MAL2","0.143201266448293"
"MALAT1","0.143435496578082"
"MALL","0.143484489284896"
"MALRD1","0.14212335292888"
"MALSU1","0.144382790911818"
"MALT1","0.142263956989467"
"MAMDC2","0.144376852219148"
"MAMDC2-AS1","0.144726116449875"
"MAMDC4","0.141904611558736"
"MAML1","0.140929113652627"
"MAML2","0.144726116449875"
"MAML3","0.142309242527662"
"MAMLD1","0.141164983516934"
"MAMSTR","0.144537188787132"
"MAN1A1","0.141700774279502"
"MAN1A2","0.143484489284896"
"MAN1B1","0.141904611558736"
"MAN1B1-AS1","0.142371789420444"
"MAN1C1","0.139890517161454"
"MAN2A1","0.144382790911818"
"MAN2A2","0.143484489284896"
"MAN2B1","0.143041619548732"
"MAN2B2","0.142869372867283"
"MAN2C1","0.141075432795766"
"MANBA","0.14212335292888"
"MANBAL","0.141075432795766"
"MANEA","0.141926700311613"
"MANEA-AS1","0.139525489211083"
"MANEAL","0.141904611558736"
"MANF","0.143298431831008"
"MANSC1","0.139572990717366"
"MANSC4","0.142309242527662"
"MAOA","0.140929113652627"
"MAOB","0.139016230525693"
"MAP10","0.141926700311613"
"MAP1A","0.141700774279502"
"MAP1B","0.141700774279502"
"MAP1LC3A","0.140602437857031"
"MAP1LC3B","0.143201266448293"
"MAP1LC3B2","0.142371789420444"
"MAP1LC3C","0.143298431831008"
"MAP1S","0.14212335292888"
"MAP2","0.139572990717366"
"MAP2K1","0.143201266448293"
"MAP2K2","0.14212335292888"
"MAP2K3","0.140098079472134"
"MAP2K4","0.138618077792499"
"MAP2K5","0.141926700311613"
"MAP2K6","0.140324064007687"
"MAP2K7","0.140602437857031"
"MAP3K1","0.139458992128603"
"MAP3K10","0.138904591113192"
"MAP3K11","0.141677779494375"
"MAP3K12","0.140929113652627"
"MAP3K13","0.142371789420444"
"MAP3K14","0.140602437857031"
"MAP3K14-AS1","0.143435496578082"
"MAP3K15","0.140098079472134"
"MAP3K19","0.140324064007687"
"MAP3K2","0.140602437857031"
"MAP3K3","0.140929113652627"
"MAP3K4","0.140098079472134"
"MAP3K5","0.141904611558736"
"MAP3K6","0.141926700311613"
"MAP3K7","0.140098079472134"
"MAP3K7CL","0.140324064007687"
"MAP3K8","0.141904611558736"
"MAP3K9","0.141926700311613"
"MAP4","0.138828119157168"
"MAP4K1","0.138828119157168"
"MAP4K2","0.140929113652627"
"MAP4K3","0.139525489211083"
"MAP4K4","0.143102842513967"
"MAP4K5","0.142869372867283"
"MAP6","0.136094664084645"
"MAP6D1","0.139571783924416"
"MAP7","0.139215082198171"
"MAP7D1","0.140098079472134"
"MAP7D2","0.140929113652627"
"MAP7D3","0.139458992128603"
"MAP9","0.141677779494375"
"MAPK1","0.139016230525693"
"MAPK10","0.139571783924416"
"MAPK11","0.14212335292888"
"MAPK12","0.141677779494375"
"MAPK13","0.138828119157168"
"MAPK14","0.13739759600471"
"MAPK15","0.140929113652627"
"MAPK1IP1L","0.142263956989467"
"MAPK3","0.139016230525693"
"MAPK4","0.141075432795766"
"MAPK6","0.144382790911818"
"MAPK7","0.135783421403739"
"MAPK8","0.139016230525693"
"MAPK8IP1","0.139571783924416"
"MAPK8IP2","0.142309242527662"
"MAPK8IP3","0.140602437857031"
"MAPK9","0.138828119157168"
"MAPKAP1","0.138127788172396"
"MAPKAPK2","0.141677779494375"
"MAPKAPK3","0.141075432795766"
"MAPKAPK5","0.138904591113192"
"MAPKAPK5-AS1","0.138904591113192"
"MAPKBP1","0.140098079472134"
"MAPRE1","0.139866706374312"
"MAPRE2","0.136478488919536"
"MAPRE3","0.140098079472134"
"MAPT","0.138260068432167"
"MAPT-AS1","0.140324064007687"
"MARC1","0.141926700311613"
"MARC2","0.132048168697145"
"MARCH1","0.143201266448293"
"MARCH10","0.141926700311613"
"MARCH11","0.142263956989467"
"MARCH2","0.139016230525693"
"MARCH3","0.142371789420444"
"MARCH4","0.138515467331292"
"MARCH5","0.143626179992398"
"MARCH6","0.139866706374312"
"MARCH7","0.140098079472134"
"MARCH8","0.144537188787132"
"MARCH9","0.143298431831008"
"MARCKS","0.14212335292888"
"MARCKSL1","0.140602437857031"
"MARCO","0.141677779494375"
"MARK1","0.140602437857031"
"MARK2","0.141677779494375"
"MARK3","0.138828119157168"
"MARK4","0.141904611558736"
"MARS","0.141075432795766"
"MARS2","0.139525489211083"
"MARVELD1","0.140602437857031"
"MARVELD2","0.141904611558736"
"MARVELD3","0.140324064007687"
"MAS1","0.140602437857031"
"MAS1L","0.139572990717366"
"MASP1","0.141677779494375"
"MASP2","0.135581421363931"
"MAST1","0.140929113652627"
"MAST2","0.138828119157168"
"MAST3","0.14238051002773"
"MAST4","0.138260068432167"
"MAST4-AS1","0.138828119157168"
"MASTL","0.137939703187072"
"MAT1A","0.14212335292888"
"MAT2A","0.135581421363931"
"MAT2B","0.138904591113192"
"MATK","0.142263956989467"
"MATN1","0.139458992128603"
"MATN1-AS1","0.140929113652627"
"MATN2","0.142309242527662"
"MATN3","0.141904611558736"
"MATN4","0.13597118392369"
"MATR3","0.144899868910138"
"MAU2","0.138260068432167"
"MAVS","0.14238051002773"
"MAX","0.141677779494375"
"MAZ","0.13739759600471"
"MB","0.141677779494375"
"MB21D1","0.13739759600471"
"MB21D2","0.139525489211083"
"MBD1","0.139003627754724"
"MBD2","0.142263956989467"
"MBD3","0.138618077792499"
"MBD3L1","0.135155656690408"
"MBD3L2","0.138828119157168"
"MBD3L5","0.140602437857031"
"MBD4","0.13739759600471"
"MBD5","0.140929113652627"
"MBD6","0.139525489211083"
"MBIP","0.138828119157168"
"MBL2","0.139215082198171"
"MBLAC1","0.140324064007687"
"MBLAC2","0.14212335292888"
"MBNL1","0.142309242527662"
"MBNL1-AS1","0.136089885839379"
"MBNL2","0.14238051002773"
"MBNL3","0.14212335292888"
"MBOAT1","0.140929113652627"
"MBOAT2","0.141075432795766"
"MBOAT4","0.141075432795766"
"MBOAT7","0.143081369370964"
"MBP","0.14212335292888"
"MBTD1","0.139215082198171"
"MBTPS1","0.141677779494375"
"MBTPS2","0.14212335292888"
"MC1R","0.141075432795766"
"MC2R","0.137675969250345"
"MC3R","0.140324064007687"
"MC4R","0.141926700311613"
"MCAM","0.141926700311613"
"MCAT","0.140098079472134"
"MCC","0.141926700311613"
"MCCC1","0.138828119157168"
"MCCC1-AS1","0.142263956989467"
"MCCC2","0.140098079472134"
"MCCD1","0.142283812934423"
"MCEE","0.144026430379532"
"MCEMP1","0.136061686854577"
"MCF2","0.139215082198171"
"MCF2L","0.143298431831008"
"MCF2L-AS1","0.137675969250345"
"MCF2L2","0.138828119157168"
"MCFD2","0.13607573414128"
"MCHR1","0.141320114744419"
"MCHR2","0.142342022997838"
"MCIDAS","0.139525489211083"
"MCL1","0.144726116449875"
"MCM10","0.142342022997838"
"MCM2","0.142309242527662"
"MCM3","0.143201266448293"
"MCM3AP","0.139572990717366"
"MCM3AP-AS1","0.143626179992398"
"MCM4","0.141926700311613"
"MCM5","0.139571783924416"
"MCM6","0.138260068432167"
"MCM7","0.141320114744419"
"MCM8","0.144008614301522"
"MCM9","0.134504740876842"
"MCMBP","0.141904611558736"
"MCMDC2","0.139016230525693"
"MCOLN1","0.138618077792499"
"MCOLN2","0.141926700311613"
"MCOLN3","0.140098079472134"
"MCPH1","0.140324064007687"
"MCPH1-AS1","0.144008614301522"
"MCRS1","0.139016230525693"
"MCTP1","0.140005318110189"
"MCTP2","0.138828119157168"
"MCTS1","0.140324064007687"
"MCU","0.139866706374312"
"MCUR1","0.140324064007687"
"MDC1","0.141320114744419"
"MDC1-AS1","0.135106672408031"
"MDFI","0.142309242527662"
"MDFIC","0.138260068432167"
"MDGA1","0.142263956989467"
"MDGA2","0.139572990717366"
"MDH1","0.139458992128603"
"MDH1B","0.138618077792499"
"MDH2","0.141752484688663"
"MDK","0.138618077792499"
"MDM1","0.138618077792499"
"MDM2","0.140324064007687"
"MDM4","0.141785389975417"
"MDN1","0.140856297994356"
"MDP1","0.139525489211083"
"MDS2","0.141075432795766"
"ME1","0.14212335292888"
"ME2","0.137675969250345"
"ME3","0.140098079472134"
"MEA1","0.139866706374312"
"MEAF6","0.141904611558736"
"MECOM","0.141752484688663"
"MECP2","0.139571783924416"
"MECR","0.139572990717366"
"MED1","0.142263956989467"
"MED10","0.138904591113192"
"MED11","0.141320114744419"
"MED12","0.13607573414128"
"MED12L","0.14212335292888"
"MED13","0.142263956989467"
"MED13L","0.141904611558736"
"MED14","0.139525489211083"
"MED14OS","0.141075432795766"
"MED15","0.142342022997838"
"MED16","0.138260068432167"
"MED17","0.142309242527662"
"MED18","0.14212335292888"
"MED19","0.141320114744419"
"MED20","0.139215082198171"
"MED21","0.141752484688663"
"MED22","0.14238051002773"
"MED23","0.139866706374312"
"MED24","0.140277860095728"
"MED25","0.138904591113192"
"MED26","0.138904591113192"
"MED27","0.136061686854577"
"MED28","0.141752484688663"
"MED29","0.141320114744419"
"MED30","0.138904591113192"
"MED31","0.141904611558736"
"MED4","0.141752484688663"
"MED4-AS1","0.138904591113192"
"MED6","0.139488060059118"
"MED7","0.141320114744419"
"MED8","0.140324064007687"
"MED9","0.139866706374312"
"MEDAG","0.141752484688663"
"MEF2A","0.144118964235835"
"MEF2B","0.139525489211083"
"MEF2C","0.139866706374312"
"MEF2C-AS1","0.140324064007687"
"MEF2D","0.139484439680267"
"MEFV","0.139866706374312"
"MEG3","0.139866706374312"
"MEG8","0.136061686854577"
"MEG9","0.138618077792499"
"MEGF10","0.139866706374312"
"MEGF11","0.142342022997838"
"MEGF6","0.137675969250345"
"MEGF8","0.141320114744419"
"MEGF9","0.141752484688663"
"MEI1","0.138260068432167"
"MEI4","0.139346704672708"
"MEIG1","0.136089087787847"
"MEIKIN","0.136478488919536"
"MEIOB","0.14212335292888"
"MEIOC","0.135783421403739"
"MEIS1","0.136089087787847"
"MEIS1-AS2","0.138618077792499"
"MEIS1-AS3","0.141752484688663"
"MEIS2","0.138828119157168"
"MEIS3","0.139346704672708"
"MELK","0.139346704672708"
"MEMO1","0.139572990717366"
"MEN1","0.139182069984327"
"MEOX1","0.141752484688663"
"MEOX2","0.140324064007687"
"MEOX2-AS1","0.138260068432167"
"MEP1A","0.145193742691328"
"MEP1B","0.141904611558736"
"MEPCE","0.141075432795766"
"MEPE","0.143041619548732"
"MERTK","0.141752484688663"
"MESDC1","0.139866706374312"
"MESDC2","0.138618077792499"
"MESP1","0.140098079472134"
"MESP2","0.139866706374312"
"MEST","0.139866706374312"
"MESTIT1","0.141075432795766"
"MET","0.136478488919536"
"METAP1","0.139866706374312"
"METAP1D","0.139525489211083"
"METAP2","0.139571783924416"
"METRN","0.139346704672708"
"METRNL","0.141904611558736"
"METTL1","0.139458992128603"
"METTL10","0.139484439680267"
"METTL11B","0.139866706374312"
"METTL12","0.140856297994356"
"METTL13","0.140324064007687"
"METTL14","0.139534354772451"
"METTL15","0.135106672408031"
"METTL16","0.139215082198171"
"METTL17","0.138828119157168"
"METTL18","0.14238051002773"
"METTL20","0.139346704672708"
"METTL21A","0.139346704672708"
"METTL21B","0.139016230525693"
"METTL21C","0.135038294318353"
"METTL22","0.140856297994356"
"METTL23","0.139525489211083"
"METTL24","0.141926700311613"
"METTL25","0.139346704672708"
"METTL2A","0.135106672408031"
"METTL2B","0.142342022997838"
"METTL3","0.141752484688663"
"METTL4","0.139016230525693"
"METTL5","0.140324064007687"
"METTL6","0.136478488919536"
"METTL7A","0.135038294318353"
"METTL7B","0.141904611558736"
"METTL8","0.138260068432167"
"METTL9","0.136061686854577"
"MEX3A","0.136089087787847"
"MEX3B","0.138260068432167"
"MEX3C","0.1349670753021"
"MEX3D","0.139016230525693"
"MFAP1","0.136478488919536"
"MFAP2","0.137675969250345"
"MFAP3","0.13469285732373"
"MFAP3L","0.138260068432167"
"MFAP4","0.141075432795766"
"MFAP5","0.140856297994356"
"MFF","0.135581421363931"
"MFGE8","0.139016230525693"
"MFHAS1","0.140098079472134"
"MFI2","0.141904611558736"
"MFI2-AS1","0.139525489211083"
"MFN1","0.139484439680267"
"MFN2","0.134823357963399"
"MFNG","0.141320114744419"
"MFSD1","0.135783421403739"
"MFSD10","0.136089087787847"
"MFSD11","0.139525489211083"
"MFSD12","0.134988024755688"
"MFSD13A","0.135106672408031"
"MFSD14A","0.135783421403739"
"MFSD14B","0.138260068432167"
"MFSD14C","0.136094664084645"
"MFSD2A","0.139572990717366"
"MFSD2B","0.136478488919536"
"MFSD3","0.131916477187593"
"MFSD4","0.139484439680267"
"MFSD5","0.135155656690408"
"MFSD6","0.139484439680267"
"MFSD6L","0.136478488919536"
"MFSD7","0.135106672408031"
"MFSD8","0.135783421403739"
"MFSD9","0.141752484688663"
"MGA","0.136061686854577"
"MGAM","0.140098079472134"
"MGAM2","0.140856297994356"
"MGARP","0.139215082198171"
"MGAT1","0.140098079472134"
"MGAT2","0.140856297994356"
"MGAT3","0.135155656690408"
"MGAT3-AS1","0.134823357963399"
"MGAT4A","0.144008614301522"
"MGAT4B","0.136089087787847"
"MGAT4C","0.13469285732373"
"MGAT4D","0.138618077792499"
"MGAT5","0.135783421403739"
"MGAT5B","0.142263956989467"
"MGC15885","0.136094664084645"
"MGC16275","0.140856297994356"
"MGC32805","0.138828119157168"
"MGC39584","0.140856297994356"
"MGC45922","0.138618077792499"
"MGEA5","0.138260068432167"
"MGLL","0.135581421363931"
"MGME1","0.136478488919536"
"MGMT","0.139016230525693"
"MGP","0.135783421403739"
"MGRN1","0.136089087787847"
"MGST1","0.135038294318353"
"MGST2","0.141075432795766"
"MGST3","0.139525489211083"
"MIA","0.135038294318353"
"MIA-RAB4B","0.138618077792499"
"MIA2","0.139484439680267"
"MIA3","0.141320114744419"
"MIAT","0.141752484688663"
"MIATNB","0.135038294318353"
"MIB1","0.139215082198171"
"MIB2","0.138618077792499"
"MICA","0.141752484688663"
"MICAL1","0.139484439680267"
"MICAL2","0.139215082198171"
"MICAL3","0.135038294318353"
"MICALCL","0.139866706374312"
"MICALL1","0.138618077792499"
"MICALL2","0.135581421363931"
"MICB","0.137675969250345"
"MICU1","0.139866706374312"
"MICU2","0.136094664084645"
"MICU3","0.138618077792499"
"MID1","0.138904591113192"
"MID1IP1","0.136094664084645"
"MID1IP1-AS1","0.139016230525693"
"MID2","0.136478488919536"
"MIDN","0.139484439680267"
"MIEF1","0.138904591113192"
"MIEF2","0.140856297994356"
"MIEN1","0.13597118392369"
"MIER1","0.138618077792499"
"MIER2","0.13685469482492"
"MIER3","0.137675969250345"
"MIF","0.136478488919536"
"MIF-AS1","0.139215082198171"
"MIF4GD","0.136478488919536"
"MIIP","0.138618077792499"
"MILR1","0.139484439680267"
"MIMT1","0.140856297994356"
"MINA","0.138904591113192"
"MINCR","0.141075432795766"
"MINK1","0.139484439680267"
"MINOS1","0.141964282045527"
"MINPP1","0.13597118392369"
"MIOS","0.138828119157168"
"MIOX","0.138909866103604"
"MIP","0.136089087787847"
"MIPEP","0.135136527808579"
"MIPOL1","0.139866706374312"
"MIR1-1HG","0.139525489211083"
"MIR100HG","0.139484439680267"
"MIR133A1HG","0.138618077792499"
"MIR137HG","0.139525489211083"
"MIR1539","0.138909866103604"
"MIR155HG","0.139866706374312"
"MIR181A1HG","0.13608941481759"
"MIR181A2HG","0.138260068432167"
"MIR193BHG","0.139484439680267"
"MIR194-2HG","0.136478488919536"
"MIR202HG","0.135783421403739"
"MIR2052HG","0.141075432795766"
"MIR210HG","0.139571783924416"
"MIR2117HG","0.136094664084645"
"MIR217HG","0.136478488919536"
"MIR219A2","0.137936484808097"
"MIR222HG","0.139866706374312"
"MIR22HG","0.137936484808097"
"MIR3142HG","0.138843944128405"
"MIR3179-1","0.135581421363931"
"MIR3179-3","0.139572990717366"
"MIR3180-1","0.136061686854577"
"MIR3180-4","0.138828119157168"
"MIR325HG","0.138882607771525"
"MIR34AHG","0.139346704672708"
"MIR3663HG","0.138909866103604"
"MIR3681HG","0.13469285732373"
"MIR3945HG","0.136478488919536"
"MIR3976HG","0.140324064007687"
"MIR4290HG","0.135581421363931"
"MIR4300HG","0.136094664084645"
"MIR4307HG","0.13597118392369"
"MIR4432HG","0.132314775180399"
"MIR4435-2HG","0.135783421403739"
"MIR4458HG","0.13469285732373"
"MIR4500HG","0.136094664084645"
"MIR497HG","0.138618077792499"
"MIR503HG","0.139215082198171"
"MIR548XHG","0.138260068432167"
"MIR5689HG","0.139571783924416"
"MIR646HG","0.13597118392369"
"MIR7-3HG","0.131483213508885"
"MIR7515HG","0.135581421363931"
"MIR762HG","0.135038294318353"
"MIR9-3HG","0.136061686854577"
"MIR99AHG","0.132314775180399"
"MIRLET7BHG","0.137936484808097"
"MIRLET7DHG","0.131765902519187"
"MIS12","0.137936484808097"
"MIS18A","0.138618077792499"
"MIS18A-AS1","0.133504538310032"
"MIS18BP1","0.134041037825706"
"MISP","0.133504538310032"
"MITD1","0.136094664084645"
"MITF","0.136094664084645"
"MIXL1","0.13597118392369"
"MKI67","0.138882607771525"
"MKKS","0.133504538310032"
"MKL1","0.131938003907117"
"MKL2","0.140098079472134"
"MKLN1","0.137387940867785"
"MKNK1","0.138260068432167"
"MKNK1-AS1","0.137936484808097"
"MKNK2","0.136061686854577"
"MKRN1","0.137936484808097"
"MKRN2","0.138909866103604"
"MKRN2OS","0.135581421363931"
"MKRN3","0.135783421403739"
"MKRN3-AS1","0.131483213508885"
"MKS1","0.130893725922054"
"MKX","0.133983001486612"
"MKX-AS1","0.134283390052166"
"MLANA","0.138618077792499"
"MLC1","0.134504740876842"
"MLEC","0.133504538310032"
"MLF1","0.134915189611805"
"MLF2","0.136061686854577"
"MLH1","0.135038294318353"
"MLH3","0.135136527808579"
"MLIP","0.135038294318353"
"MLIP-AS1","0.138618077792499"
"MLK7-AS1","0.133983001486612"
"MLKL","0.135136527808579"
"MLLT1","0.13608941481759"
"MLLT10","0.134504740876842"
"MLLT11","0.136061686854577"
"MLLT3","0.136089087787847"
"MLLT4","0.134823357963399"
"MLLT4-AS1","0.139016230525693"
"MLLT6","0.131938003907117"
"MLNR","0.139525489211083"
"MLPH","0.135038294318353"
"MLST8","0.134915189611805"
"MLX","0.13597118392369"
"MLXIP","0.135783421403739"
"MLXIPL","0.134823357963399"
"MLYCD","0.136061686854577"
"MMAA","0.135136527808579"
"MMAB","0.135581421363931"
"MMACHC","0.136478488919536"
"MMADHC","0.133983001486612"
"MMD","0.13597118392369"
"MMD2","0.13597118392369"
"MME","0.136061686854577"
"MME-AS1","0.135783421403739"
"MMEL1","0.137387940867785"
"MMGT1","0.135581421363931"
"MMP1","0.136478488919536"
"MMP10","0.134823357963399"
"MMP11","0.13597118392369"
"MMP12","0.135038294318353"
"MMP13","0.136478488919536"
"MMP14","0.13469285732373"
"MMP15","0.137387940867785"
"MMP16","0.134915189611805"
"MMP17","0.138909866103604"
"MMP19","0.135783421403739"
"MMP2","0.135581421363931"
"MMP20","0.135783421403739"
"MMP21","0.139484439680267"
"MMP23B","0.135038294318353"
"MMP24","0.138909866103604"
"MMP24-AS1","0.135038294318353"
"MMP25","0.135136527808579"
"MMP25-AS1","0.138260068432167"
"MMP27","0.133983001486612"
"MMP28","0.131765902519187"
"MMP3","0.131483213508885"
"MMP7","0.136061686854577"
"MMP8","0.135783421403739"
"MMP9","0.135783421403739"
"MMRN1","0.138882607771525"
"MMRN2","0.134041037825706"
"MMS19","0.137936484808097"
"MMS22L","0.134504740876842"
"MN1","0.138260068432167"
"MNAT1","0.134283390052166"
"MND1","0.134283390052166"
"MNDA","0.13469285732373"
"MNS1","0.136089087787847"
"MNT","0.136089087787847"
"MNX1","0.134504740876842"
"MNX1-AS1","0.133983001486612"
"MNX1-AS2","0.131765902519187"
"MOAP1","0.136089087787847"
"MOB1A","0.136061686854577"
"MOB1B","0.134988024755688"
"MOB2","0.135136527808579"
"MOB3A","0.134915189611805"
"MOB3B","0.135038294318353"
"MOB3C","0.135783421403739"
"MOB4","0.134823357963399"
"MOBP","0.134504740876842"
"MOCOS","0.131938003907117"
"MOCS1","0.134283390052166"
"MOCS2","0.131938003907117"
"MOCS3","0.135581421363931"
"MOG","0.134504740876842"
"MOGAT1","0.137936484808097"
"MOGAT2","0.137936484808097"
"MOGAT3","0.135136527808579"
"MOGS","0.131483213508885"
"MOK","0.134915189611805"
"MON1A","0.135783421403739"
"MON1B","0.134988024755688"
"MON2","0.135000049634666"
"MORC1","0.13411716918164"
"MORC2","0.131664053558918"
"MORC2-AS1","0.136061686854577"
"MORC3","0.13597118392369"
"MORC4","0.132314775180399"
"MORF4L1","0.138882607771525"
"MORF4L2","0.136478488919536"
"MORF4L2-AS1","0.137387940867785"
"MORN1","0.134504740876842"
"MORN2","0.131483213508885"
"MORN3","0.133983001486612"
"MORN4","0.134915189611805"
"MORN5","0.136478488919536"
"MOSPD1","0.134283390052166"
"MOSPD2","0.132314775180399"
"MOSPD3","0.136478488919536"
"MOV10","0.138734068721859"
"MOV10L1","0.136094664084645"
"MOXD1","0.136089087787847"
"MPC1","0.134823357963399"
"MPC2","0.139016230525693"
"MPDU1","0.139016230525693"
"MPDZ","0.13469285732373"
"MPEG1","0.131765902519187"
"MPG","0.135136527808579"
"MPHOSPH10","0.132314775180399"
"MPHOSPH6","0.136089087787847"
"MPHOSPH8","0.137387940867785"
"MPHOSPH9","0.135136527808579"
"MPI","0.132671589759705"
"MPL","0.134988024755688"
"MPLKIP","0.134283390052166"
"MPND","0.13469285732373"
"MPO","0.135136527808579"
"MPP1","0.135581421363931"
"MPP2","0.134823357963399"
"MPP3","0.13411716918164"
"MPP4","0.13469285732373"
"MPP5","0.134915189611805"
"MPP6","0.134283390052166"
"MPP7","0.139016230525693"
"MPPE1","0.13411716918164"
"MPPED1","0.132671589759705"
"MPPED2","0.139016230525693"
"MPRIP","0.135136527808579"
"MPRIP-AS1","0.134988024755688"
"MPST","0.133983001486612"
"MPV17","0.135783421403739"
"MPV17L","0.133983001486612"
"MPV17L2","0.134988024755688"
"MPZ","0.139571783924416"
"MPZL1","0.13597118392369"
"MPZL2","0.13411716918164"
"MPZL3","0.134504740876842"
"MR1","0.134988024755688"
"MRAP","0.138882607771525"
"MRAP2","0.136061686854577"
"MRAS","0.135136527808579"
"MRC1","0.135038294318353"
"MRC2","0.137757810277801"
"MRE11A","0.131483213508885"
"MREG","0.138882607771525"
"MRFAP1","0.134504740876842"
"MRFAP1L1","0.135038294318353"
"MRGBP","0.136061686854577"
"MRGPRE","0.133504538310032"
"MRGPRF","0.138734068721859"
"MRGPRF-AS1","0.134886206324164"
"MRGPRG-AS1","0.130893725922054"
"MRGPRX2","0.135783421403739"
"MRGPRX4","0.135136527808579"
"MRI1","0.13411716918164"
"MRLN","0.133983001486612"
"MRM1","0.132671589759705"
"MRO","0.132671589759705"
"MROH1","0.134504740876842"
"MROH2A","0.134283390052166"
"MROH2B","0.131721370761311"
"MROH6","0.13411716918164"
"MROH7","0.136089087787847"
"MROH7-TTC4","0.13469285732373"
"MROH8","0.132263776629133"
"MROH9","0.130683166031323"
"MRPL1","0.137936484808097"
"MRPL10","0.130811679951615"
"MRPL11","0.134988024755688"
"MRPL12","0.13469285732373"
"MRPL13","0.130893725922054"
"MRPL14","0.133504538310032"
"MRPL15","0.134988024755688"
"MRPL16","0.133983001486612"
"MRPL17","0.131938003907117"
"MRPL18","0.127886676505758"
"MRPL19","0.134283390052166"
"MRPL2","0.130893725922054"
"MRPL20","0.132671589759705"
"MRPL21","0.137936484808097"
"MRPL22","0.133983001486612"
"MRPL23","0.130651177503069"
"MRPL23-AS1","0.131277682254176"
"MRPL24","0.131483213508885"
"MRPL27","0.131721370761311"
"MRPL28","0.131483213508885"
"MRPL3","0.131721370761311"
"MRPL30","0.131721370761311"
"MRPL32","0.135038294318353"
"MRPL33","0.130811679951615"
"MRPL34","0.135136527808579"
"MRPL35","0.13469285732373"
"MRPL36","0.131525481164736"
"MRPL37","0.13411716918164"
"MRPL38","0.132314775180399"
"MRPL39","0.132314775180399"
"MRPL4","0.131938003907117"
"MRPL40","0.132314775180399"
"MRPL41","0.13411716918164"
"MRPL42","0.13411716918164"
"MRPL43","0.13411716918164"
"MRPL44","0.135644817112626"
"MRPL45","0.131684830919261"
"MRPL46","0.134283390052166"
"MRPL47","0.128579090895656"
"MRPL48","0.13411716918164"
"MRPL49","0.134504740876842"
"MRPL50","0.131938003907117"
"MRPL51","0.131938003907117"
"MRPL52","0.130683166031323"
"MRPL53","0.132671589759705"
"MRPL54","0.134283390052166"
"MRPL55","0.130683166031323"
"MRPL57","0.133983001486612"
"MRPL9","0.130811679951615"
"MRPS10","0.130683166031323"
"MRPS11","0.134504740876842"
"MRPS12","0.131684830919261"
"MRPS14","0.127886676505758"
"MRPS15","0.135581421363931"
"MRPS16","0.129339350633227"
"MRPS17","0.135136527808579"
"MRPS18A","0.130003429633319"
"MRPS18B","0.129339350633227"
"MRPS18C","0.130893725922054"
"MRPS2","0.131525481164736"
"MRPS21","0.132671589759705"
"MRPS22","0.128333105272031"
"MRPS23","0.128579090895656"
"MRPS24","0.130811679951615"
"MRPS25","0.135950052007458"
"MRPS26","0.131684830919261"
"MRPS27","0.131277682254176"
"MRPS28","0.13469285732373"
"MRPS30","0.133504538310032"
"MRPS31","0.133504538310032"
"MRPS33","0.130683166031323"
"MRPS34","0.129339350633227"
"MRPS35","0.131483213508885"
"MRPS36","0.13597118392369"
"MRPS5","0.131525481164736"
"MRPS6","0.130003429633319"
"MRPS7","0.130651177503069"
"MRPS9","0.131938003907117"
"MRRF","0.133983001486612"
"MRS2","0.131684830919261"
"MRTO4","0.130683166031323"
"MRVI1","0.128520600244636"
"MRVI1-AS1","0.135581421363931"
"MS4A1","0.130811679951615"
"MS4A10","0.131277682254176"
"MS4A12","0.133365993793379"
"MS4A13","0.134283390052166"
"MS4A14","0.13080880100196"
"MS4A15","0.131277682254176"
"MS4A18","0.134886206324164"
"MS4A2","0.131684830919261"
"MS4A3","0.134886206324164"
"MS4A4A","0.130577703208207"
"MS4A4E","0.133365993793379"
"MS4A5","0.132671589759705"
"MS4A6A","0.131684830919261"
"MS4A6E","0.13411716918164"
"MS4A7","0.134504740876842"
"MS4A8","0.131684830919261"
"MSANTD1","0.129339350633227"
"MSANTD2","0.131772828305968"
"MSANTD3","0.130893725922054"
"MSANTD4","0.131277682254176"
"MSC","0.131772828305968"
"MSC-AS1","0.130651177503069"
"MSH2","0.130003429633319"
"MSH3","0.133983001486612"
"MSH4","0.134504740876842"
"MSH5","0.128326552235949"
"MSH5-SAPCD1","0.134504740876842"
"MSH6","0.130003429633319"
"MSI1","0.130893725922054"
"MSI2","0.129578279508088"
"MSL1","0.130893725922054"
"MSL2","0.131684830919261"
"MSL3","0.131525481164736"
"MSLN","0.131772828305968"
"MSLNL","0.130811679951615"
"MSMB","0.132314775180399"
"MSMO1","0.131684830919261"
"MSMP","0.131483213508885"
"MSN","0.131684830919261"
"MSR1","0.133283252569389"
"MSRA","0.130577703208207"
"MSRB1","0.131772828305968"
"MSRB2","0.130893725922054"
"MSRB3","0.130683166031323"
"MSS51","0.130651177503069"
"MST1","0.134283390052166"
"MST1R","0.133283252569389"
"MSTN","0.133283252569389"
"MSTO1","0.129578279508088"
"MSX1","0.128957090813949"
"MSX2","0.130651177503069"
"MT-ATP6","0.128520600244636"
"MT-ATP8","0.129339350633227"
"MT-CO1","0.131525481164736"
"MT-CO2","0.135552340681919"
"MT-CO3","0.130651177503069"
"MT-CYB","0.13597118392369"
"MT-ND1","0.132314775180399"
"MT-ND2","0.130811679951615"
"MT-ND3","0.13080880100196"
"MT-ND4","0.130683166031323"
"MT-ND4L","0.134283390052166"
"MT-ND5","0.133283252569389"
"MT-ND6","0.135783421403739"
"MT1A","0.131772828305968"
"MT1B","0.131772828305968"
"MT1E","0.134886206324164"
"MT1F","0.131525481164736"
"MT1G","0.131684830919261"
"MT1H","0.134504740876842"
"MT1HL1","0.131772828305968"
"MT1M","0.131938003907117"
"MT1X","0.134504740876842"
"MT2A","0.135581421363931"
"MT3","0.132314775180399"
"MTA1","0.133283252569389"
"MTA2","0.131277682254176"
"MTA3","0.130811679951615"
"MTAP","0.133283252569389"
"MTBP","0.13411716918164"
"MTCH1","0.131277682254176"
"MTCH2","0.131483213508885"
"MTCL1","0.135811447716345"
"MTCP1","0.130811679951615"
"MTDH","0.130651177503069"
"MTERF1","0.131684830919261"
"MTERF2","0.130893725922054"
"MTERF3","0.13411716918164"
"MTERF4","0.128520600244636"
"MTF1","0.13370842591326"
"MTF2","0.131656101336244"
"MTFMT","0.131772828305968"
"MTFP1","0.130003429633319"
"MTFR1","0.13370842591326"
"MTFR1L","0.130893725922054"
"MTFR2","0.131726711936245"
"MTG1","0.130893725922054"
"MTG2","0.134988024755688"
"MTHFD1","0.132274848714494"
"MTHFD1L","0.130893725922054"
"MTHFD2","0.129578279508088"
"MTHFD2L","0.131772828305968"
"MTHFR","0.13411716918164"
"MTHFS","0.131772828305968"
"MTHFSD","0.133983001486612"
"MTIF2","0.131656101336244"
"MTIF3","0.130893725922054"
"MTL5","0.132410057265769"
"MTM1","0.133983001486612"
"MTMR1","0.134705491060044"
"MTMR10","0.133421797086043"
"MTMR11","0.134283390052166"
"MTMR12","0.131359691136722"
"MTMR14","0.130893725922054"
"MTMR2","0.131772828305968"
"MTMR3","0.131772828305968"
"MTMR4","0.131925823959767"
"MTMR6","0.13370842591326"
"MTMR7","0.133283252569389"
"MTMR8","0.134283390052166"
"MTMR9","0.131656101336244"
"MTNR1A","0.131525481164736"
"MTO1","0.132410057265769"
"MTOR","0.134988024755688"
"MTOR-AS1","0.130577703208207"
"MTPAP","0.132410057265769"
"MTPN","0.131656101336244"
"MTR","0.131938003907117"
"MTRF1","0.135038294318353"
"MTRF1L","0.135581421363931"
"MTRNR2L1","0.129339350633227"
"MTRNR2L10","0.131359691136722"
"MTRNR2L11","0.131925823959767"
"MTRNR2L12","0.13370842591326"
"MTRNR2L13","0.131772828305968"
"MTRNR2L3","0.131726711936245"
"MTRNR2L4","0.129578279508088"
"MTRNR2L6","0.131684830919261"
"MTRNR2L7","0.127303955130492"
"MTRNR2L8","0.130577703208207"
"MTRR","0.129847970396464"
"MTSS1","0.130811679951615"
"MTSS1L","0.131525481164736"
"MTTP","0.131359691136722"
"MTURN","0.132274848714494"
"MTUS1","0.135581421363931"
"MTUS2","0.131525481164736"
"MTUS2-AS1","0.131726711936245"
"MTUS2-AS2","0.130893725922054"
"MTX1","0.130683166031323"
"MTX2","0.130811679951615"
"MTX3","0.129847970396464"
"MUC1","0.130651177503069"
"MUC12","0.128326552235949"
"MUC13","0.132410057265769"
"MUC15","0.131656101336244"
"MUC16","0.132410057265769"
"MUC17","0.13411716918164"
"MUC20","0.13411716918164"
"MUC21","0.130577703208207"
"MUC22","0.130577703208207"
"MUC3A","0.131938003907117"
"MUC4","0.128355286988597"
"MUC5AC","0.130811679951615"
"MUC5B","0.133983001486612"
"MUC6","0.131726711936245"
"MUC7","0.131772828305968"
"MUCL1","0.131726711936245"
"MUL1","0.130893725922054"
"MUM1","0.130076286980246"
"MUM1L1","0.132533637685322"
"MURC","0.130811679951615"
"MUS81","0.130683166031323"
"MUSK","0.134705491060044"
"MUT","0.13370842591326"
"MUTYH","0.132274848714494"
"MVB12A","0.127291617242611"
"MVB12B","0.128957090813949"
"MVD","0.127886676505758"
"MVK","0.132410057265769"
"MVP","0.132533637685322"
"MX1","0.130811679951615"
"MX2","0.130651177503069"
"MXD1","0.131359691136722"
"MXD3","0.13080880100196"
"MXD4","0.131359691136722"
"MXI1","0.131726711936245"
"MXRA5","0.130457610759388"
"MXRA7","0.130851847598509"
"MXRA8","0.131938003907117"
"MYADM","0.131772828305968"
"MYADML2","0.131938003907117"
"MYB","0.130893725922054"
"MYB-AS1","0.131938003907117"
"MYBBP1A","0.128524714592097"
"MYBL1","0.131938003907117"
"MYBL2","0.131938003907117"
"MYBPC1","0.130457610759388"
"MYBPC2","0.128957090813949"
"MYBPC3","0.129339350633227"
"MYBPH","0.13411716918164"
"MYBPHL","0.130577703208207"
"MYC","0.130683166031323"
"MYCBP","0.131726711936245"
"MYCBP2","0.131726711936245"
"MYCBP2-AS1","0.13370842591326"
"MYCBPAP","0.131651124215688"
"MYCL","0.127886676505758"
"MYCN","0.128957090813949"
"MYCNOS","0.131359691136722"
"MYCNUT","0.131726711936245"
"MYCT1","0.131525481164736"
"MYD88","0.131525481164736"
"MYDGF","0.130457610759388"
"MYEF2","0.130076286980246"
"MYEOV","0.131772828305968"
"MYEOV2","0.131525481164736"
"MYF6","0.129847970396464"
"MYH1","0.130893725922054"
"MYH10","0.131726711936245"
"MYH11","0.130811679951615"
"MYH13","0.127457947696693"
"MYH14","0.130811679951615"
"MYH15","0.130539689222123"
"MYH2","0.130076286980246"
"MYH3","0.130811679951615"
"MYH4","0.130467868530366"
"MYH6","0.131359691136722"
"MYH7","0.133320009768584"
"MYH7B","0.132410057265769"
"MYH8","0.132410057265769"
"MYH9","0.132533637685322"
"MYHAS","0.131938003907117"
"MYL1","0.130683166031323"
"MYL10","0.133320009768584"
"MYL12A","0.130683166031323"
"MYL12B","0.129339350633227"
"MYL2","0.132533637685322"
"MYL3","0.128957090813949"
"MYL4","0.132274848714494"
"MYL5","0.130457610759388"
"MYL6","0.131359691136722"
"MYL6B","0.13152717447767"
"MYL7","0.131359691136722"
"MYL9","0.130893725922054"
"MYLIP","0.128355286988597"
"MYLK","0.131726711936245"
"MYLK-AS1","0.133418238650741"
"MYLK-AS2","0.128579090895656"
"MYLK2","0.129847970396464"
"MYLK3","0.131772828305968"
"MYLK4","0.130893725922054"
"MYLPF","0.132274848714494"
"MYNN","0.130683166031323"
"MYO10","0.128957090813949"
"MYO15A","0.130457610759388"
"MYO15B","0.130405791013769"
"MYO16","0.131938003907117"
"MYO16-AS1","0.131359691136722"
"MYO18A","0.13370842591326"
"MYO18B","0.131525481164736"
"MYO19","0.129578279508088"
"MYO1A","0.132274848714494"
"MYO1B","0.131772828305968"
"MYO1C","0.131525481164736"
"MYO1D","0.131726711936245"
"MYO1E","0.131726711936245"
"MYO1F","0.131772828305968"
"MYO1G","0.133398144623247"
"MYO1H","0.129578279508088"
"MYO3A","0.131359691136722"
"MYO3B","0.128518415899275"
"MYO5A","0.131359691136722"
"MYO5B","0.131656101336244"
"MYO5C","0.132274848714494"
"MYO6","0.128957090813949"
"MYO7A","0.127373709828884"
"MYO7B","0.130457610759388"
"MYO9A","0.131772828305968"
"MYO9B","0.131359691136722"
"MYOC","0.134421923968368"
"MYOCD","0.131938003907117"
"MYOD1","0.130893725922054"
"MYOF","0.131726711936245"
"MYOG","0.133983001486612"
"MYOM1","0.131726711936245"
"MYOM2","0.132274848714494"
"MYOM3","0.131525481164736"
"MYOT","0.131938003907117"
"MYOZ1","0.128518415899275"
"MYOZ2","0.134572500566276"
"MYOZ3","0.129339350633227"
"MYPN","0.130457610759388"
"MYPOP","0.130811679951615"
"MYRF","0.131525481164736"
"MYRFL","0.130577703208207"
"MYRIP","0.132410057265769"
"MYSM1","0.131359691136722"
"MYT1","0.127886676505758"
"MYT1L","0.125273621925333"
"MYZAP","0.134283390052166"
"MZB1","0.131772828305968"
"MZF1","0.131525481164736"
"MZF1-AS1","0.130577703208207"
"MZT1","0.130811679951615"
"MZT2A","0.130651177503069"
"MZT2B","0.133983001486612"
"N4BP1","0.13370842591326"
"N4BP2","0.131359691136722"
"N4BP2L1","0.130076286980246"
"N4BP2L2","0.134572500566276"
"N4BP3","0.130076286980246"
"N6AMT1","0.130683166031323"
"N6AMT2","0.130683166031323"
"NAA10","0.131656101336244"
"NAA11","0.131359691136722"
"NAA15","0.130893725922054"
"NAA16","0.131359691136722"
"NAA20","0.131359691136722"
"NAA25","0.130811679951615"
"NAA30","0.130893725922054"
"NAA35","0.130457610759388"
"NAA38","0.131938003907117"
"NAA40","0.133320009768584"
"NAA50","0.130683166031323"
"NAA60","0.127373709828884"
"NAAA","0.129578279508088"
"NAALAD2","0.131359691136722"
"NAALADL1","0.131726711936245"
"NAALADL2","0.129339350633227"
"NAALADL2-AS2","0.131525481164736"
"NAB1","0.130811679951615"
"NAB2","0.130577703208207"
"NABP1","0.130651177503069"
"NABP2","0.134283390052166"
"NACA","0.129578279508088"
"NACA2","0.130457610759388"
"NACAD","0.13411716918164"
"NACC1","0.130405791013769"
"NACC2","0.132533637685322"
"NADK","0.134283390052166"
"NADK2","0.127886676505758"
"NADK2-AS1","0.129847970396464"
"NADSYN1","0.128579090895656"
"NAE1","0.132410057265769"
"NAF1","0.130577703208207"
"NAGA","0.131359691136722"
"NAGK","0.131656101336244"
"NAGLU","0.130577703208207"
"NAGPA","0.130893725922054"
"NAGS","0.130457610759388"
"NAIF1","0.130811679951615"
"NAIP","0.131772828305968"
"NALCN","0.131938003907117"
"NALCN-AS1","0.129847970396464"
"NALT1","0.131772828305968"
"NAMA","0.129847970396464"
"NAMPT","0.132410057265769"
"NANOG","0.128957090813949"
"NANOGNB","0.128957090813949"
"NANOGP8","0.131938003907117"
"NANOS1","0.131938003907117"
"NANOS2","0.130893725922054"
"NANOS3","0.132533637685322"
"NANP","0.126471883026912"
"NANS","0.132410057265769"
"NAP1L1","0.130651177503069"
"NAP1L2","0.131359691136722"
"NAP1L3","0.128579090895656"
"NAP1L4","0.131726711936245"
"NAP1L5","0.128957090813949"
"NAP1L6","0.131656101336244"
"NAPA","0.130683166031323"
"NAPA-AS1","0.130811679951615"
"NAPB","0.132091774351882"
"NAPEPLD","0.130851847598509"
"NAPG","0.130811679951615"
"NAPRT","0.130577703208207"
"NAPSA","0.130457610759388"
"NARF","0.134572500566276"
"NARFL","0.130405791013769"
"NARS","0.131726711936245"
"NARS2","0.135136527808579"
"NASP","0.13411716918164"
"NAT1","0.129339350633227"
"NAT10","0.128518415899275"
"NAT14","0.131656101336244"
"NAT16","0.131938003907117"
"NAT2","0.127457947696693"
"NAT6","0.131772828305968"
"NAT8","0.129847970396464"
"NAT8L","0.131525481164736"
"NAT9","0.131938003907117"
"NATD1","0.129578279508088"
"NAV1","0.133552703753037"
"NAV2","0.131772828305968"
"NAV2-AS1","0.131525481164736"
"NAV2-AS2","0.134886206324164"
"NAV2-AS3","0.133552703753037"
"NAV2-AS4","0.128326552235949"
"NAV3","0.130683166031323"
"NBAS","0.131359691136722"
"NBAT1","0.130003429633319"
"NBEA","0.130405791013769"
"NBEAL1","0.130457610759388"
"NBEAL2","0.133983001486612"
"NBL1","0.130893725922054"
"NBN","0.131525481164736"
"NBPF1","0.128957090813949"
"NBPF10","0.131938003907117"
"NBPF11","0.129847970396464"
"NBPF12","0.131359691136722"
"NBPF14","0.126236225421973"
"NBPF15","0.131938003907117"
"NBPF19","0.12820068958746"
"NBPF20","0.132533637685322"
"NBPF26","0.129847970396464"
"NBPF3","0.130893725922054"
"NBPF9","0.134283390052166"
"NBR1","0.127457947696693"
"NCALD","0.13370842591326"
"NCAM1","0.131772828305968"
"NCAM2","0.127134626165391"
"NCAN","0.131726711936245"
"NCAPD2","0.130811679951615"
"NCAPD3","0.135136527808579"
"NCAPG","0.131359691136722"
"NCAPG2","0.130537923568235"
"NCAPH","0.130647758246076"
"NCAPH2","0.132410057265769"
"NCBP1","0.127886676505758"
"NCBP2","0.133983001486612"
"NCBP2-AS1","0.131359691136722"
"NCBP2-AS2","0.131525481164736"
"NCBP2L","0.127373709828884"
"NCBP3","0.131938003907117"
"NCCRP1","0.131656101336244"
"NCDN","0.130683166031323"
"NCEH1","0.133268476837875"
"NCF1","0.130457610759388"
"NCF2","0.134421923968368"
"NCF4","0.131726711936245"
"NCK1","0.129578279508088"
"NCK1-AS1","0.130811679951615"
"NCK2","0.128579090895656"
"NCKAP1","0.129578279508088"
"NCKAP1L","0.128326552235949"
"NCKAP5","0.129578279508088"
"NCKAP5L","0.132410057265769"
"NCKIPSD","0.129847970396464"
"NCL","0.130647758246076"
"NCLN","0.131656101336244"
"NCMAP","0.131525481164736"
"NCOA1","0.126236225421973"
"NCOA2","0.130076286980246"
"NCOA3","0.129578279508088"
"NCOA4","0.134886206324164"
"NCOA5","0.134421923968368"
"NCOA6","0.132410057265769"
"NCOA7","0.132533637685322"
"NCOA7-AS1","0.134283390052166"
"NCOR1","0.12582513347975"
"NCOR2","0.130647758246076"
"NCR1","0.128579090895656"
"NCR2","0.131938003907117"
"NCR3","0.131359691136722"
"NCR3LG1","0.128579090895656"
"NCRNA00250","0.132309106012328"
"NCS1","0.12949270717601"
"NCSTN","0.133552703753037"
"NDC1","0.127303955130492"
"NDC80","0.131772828305968"
"NDE1","0.128518415899275"
"NDEL1","0.130811679951615"
"NDFIP1","0.130811679951615"
"NDFIP2","0.132309106012328"
"NDN","0.130811679951615"
"NDNF","0.133552703753037"
"NDOR1","0.130893725922054"
"NDP","0.130683166031323"
"NDRG1","0.13370842591326"
"NDRG2","0.130683166031323"
"NDRG3","0.131726711936245"
"NDRG4","0.136599345558081"
"NDST1","0.129847970396464"
"NDST2","0.131525481164736"
"NDST3","0.130076286980246"
"NDST4","0.134945288592733"
"NDUFA1","0.132533637685322"
"NDUFA10","0.131938003907117"
"NDUFA11","0.131525481164736"
"NDUFA12","0.130683166031323"
"NDUFA13","0.129339350633227"
"NDUFA2","0.130811679951615"
"NDUFA3","0.129578279508088"
"NDUFA4","0.127457947696693"
"NDUFA4L2","0.131656101336244"
"NDUFA5","0.131938003907117"
"NDUFA6","0.131656101336244"
"NDUFA7","0.127373709828884"
"NDUFA8","0.133983001486612"
"NDUFA9","0.131656101336244"
"NDUFAB1","0.130656395095041"
"NDUFAF1","0.131938003907117"
"NDUFAF2","0.130647758246076"
"NDUFAF3","0.131673897290126"
"NDUFAF4","0.130893725922054"
"NDUFAF5","0.130647758246076"
"NDUFAF6","0.131772828305968"
"NDUFAF7","0.132533637685322"
"NDUFB1","0.131583846146937"
"NDUFB10","0.132309106012328"
"NDUFB11","0.131525481164736"
"NDUFB2","0.129847970396464"
"NDUFB2-AS1","0.134572500566276"
"NDUFB3","0.128326552235949"
"NDUFB4","0.132533637685322"
"NDUFB5","0.131673897290126"
"NDUFB6","0.132410057265769"
"NDUFB7","0.130647758246076"
"NDUFB8","0.13137462249839"
"NDUFB9","0.13370842591326"
"NDUFC1","0.131938003907117"
"NDUFC2","0.131359691136722"
"NDUFC2-KCTD14","0.132410057265769"
"NDUFS1","0.128579090895656"
"NDUFS2","0.132309106012328"
"NDUFS3","0.130405791013769"
"NDUFS4","0.132410057265769"
"NDUFS5","0.130479878327978"
"NDUFS6","0.132091774351882"
"NDUFS7","0.130076286980246"
"NDUFS8","0.130683166031323"
"NDUFV1","0.134945288592733"
"NDUFV2","0.130683166031323"
"NDUFV2-AS1","0.131938003907117"
"NDUFV3","0.131525481164736"
"NEAT1","0.132410057265769"
"NEB","0.131763251778295"
"NEBL","0.13411716918164"
"NEBL-AS1","0.131583846146937"
"NECAB1","0.130811679951615"
"NECAB2","0.130647758246076"
"NECAB3","0.13370842591326"
"NECAP1","0.131726711936245"
"NECAP2","0.130076286980246"
"NEDD1","0.127021887029327"
"NEDD4","0.131772828305968"
"NEDD4L","0.131583846146937"
"NEDD8","0.131938003907117"
"NEDD8-MDP1","0.132410057265769"
"NEDD9","0.128518415899275"
"NEFH","0.130647758246076"
"NEFL","0.130893725922054"
"NEFM","0.129339350633227"
"NEGR1","0.132410057265769"
"NEIL1","0.128957090813949"
"NEIL2","0.131673897290126"
"NEIL3","0.131583846146937"
"NEK1","0.132274848714494"
"NEK10","0.128326552235949"
"NEK11","0.130076286980246"
"NEK2","0.130647758246076"
"NEK3","0.128326552235949"
"NEK4","0.132410057265769"
"NEK5","0.131525481164736"
"NEK6","0.130076286980246"
"NEK7","0.134991074598135"
"NEK8","0.131583846146937"
"NEK9","0.132533637685322"
"NELFA","0.130893725922054"
"NELFB","0.132091774351882"
"NELFCD","0.131938003907117"
"NELFE","0.131359691136722"
"NELL1","0.134945288592733"
"NELL2","0.131673897290126"
"NEMF","0.131673897290126"
"NEMP1","0.130683166031323"
"NEMP2","0.131726711936245"
"NENF","0.130647758246076"
"NEO1","0.130893725922054"
"NES","0.129339350633227"
"NET1","0.133268476837875"
"NETO1","0.130683166031323"
"NETO2","0.12956095684393"
"NEU1","0.133983001486612"
"NEU2","0.134991074598135"
"NEU3","0.130647758246076"
"NEU4","0.130647758246076"
"NEURL1","0.132309106012328"
"NEURL1B","0.132410057265769"
"NEURL2","0.130548096214612"
"NEURL3","0.130811679951615"
"NEURL4","0.131772828305968"
"NEUROD1","0.127373709828884"
"NEUROD2","0.12849623418271"
"NEUROD4","0.133983001486612"
"NEUROG1","0.131772828305968"
"NEUROG2","0.130683166031323"
"NEUROG3","0.131772828305968"
"NEXN","0.130893725922054"
"NEXN-AS1","0.12820068958746"
"NF1","0.12949270717601"
"NF2","0.131726711936245"
"NFAM1","0.129847970396464"
"NFASC","0.131726711936245"
"NFAT5","0.129847970396464"
"NFATC1","0.131583846146937"
"NFATC2","0.131359691136722"
"NFATC2IP","0.130893725922054"
"NFATC3","0.133268476837875"
"NFATC4","0.131688056838718"
"NFE2","0.131772828305968"
"NFE2L1","0.128518415899275"
"NFE2L2","0.131726711936245"
"NFE2L3","0.130076286980246"
"NFE4","0.132309106012328"
"NFIA","0.133552703753037"
"NFIA-AS2","0.131726711936245"
"NFIB","0.130893725922054"
"NFIC","0.130399563091537"
"NFIL3","0.131938003907117"
"NFIX","0.131644120746594"
"NFKB1","0.131726711936245"
"NFKB2","0.130548096214612"
"NFKBIA","0.134572500566276"
"NFKBIB","0.131726711936245"
"NFKBID","0.131583846146937"
"NFKBIE","0.129847970396464"
"NFKBIL1","0.131644120746594"
"NFKBIZ","0.129847970396464"
"NFRKB","0.132309106012328"
"NFS1","0.131644120746594"
"NFU1","0.128957090813949"
"NFX1","0.130548096214612"
"NFXL1","0.12949270717601"
"NFYA","0.133268476837875"
"NFYB","0.131525481164736"
"NFYC","0.131938003907117"
"NFYC-AS1","0.133552703753037"
"NGB","0.131644120746594"
"NGDN","0.132091774351882"
"NGEF","0.131359691136722"
"NGF","0.131726711936245"
"NGFR","0.130811679951615"
"NGFRAP1","0.130811679951615"
"NGLY1","0.130647758246076"
"NGRN","0.131772828305968"
"NHEG1","0.130548096214612"
"NHEJ1","0.131938003907117"
"NHLH1","0.131525481164736"
"NHLH2","0.131359691136722"
"NHLRC1","0.130811679951615"
"NHLRC2","0.128326552235949"
"NHLRC3","0.130683166031323"
"NHLRC4","0.132091774351882"
"NHP2","0.13411716918164"
"NHS","0.131525481164736"
"NHS-AS1","0.127886676505758"
"NHSL1","0.131359691136722"
"NHSL2","0.131644120746594"
"NICN1","0.131644120746594"
"NID1","0.131644120746594"
"NID2","0.129847970396464"
"NIF3L1","0.130851847598509"
"NIFK","0.130647758246076"
"NIFK-AS1","0.131726711936245"
"NIM1K","0.13165070836697"
"NIN","0.129847970396464"
"NINJ1","0.130647758246076"
"NINJ2","0.131688056838718"
"NINL","0.132091774351882"
"NIP7","0.130893725922054"
"NIPA1","0.129847970396464"
"NIPA2","0.131359691136722"
"NIPAL1","0.135581421363931"
"NIPAL2","0.130399563091537"
"NIPAL3","0.131772828305968"
"NIPAL4","0.131688056838718"
"NIPBL","0.133268476837875"
"NIPSNAP1","0.130811679951615"
"NIPSNAP3A","0.128957090813949"
"NIPSNAP3B","0.130647758246076"
"NISCH","0.13411716918164"
"NIT1","0.128957090813949"
"NIT2","0.130683166031323"
"NKAIN1","0.132520328863354"
"NKAIN2","0.130811679951615"
"NKAIN3","0.131673897290126"
"NKAIN4","0.130893725922054"
"NKAP","0.131726711936245"
"NKAPL","0.131726711936245"
"NKD1","0.134283390052166"
"NKD2","0.131644120746594"
"NKG7","0.134421923968368"
"NKILA","0.132520328863354"
"NKIRAS1","0.129847970396464"
"NKIRAS2","0.133552703753037"
"NKPD1","0.131644120746594"
"NKRF","0.130647758246076"
"NKTR","0.133268476837875"
"NKX1-2","0.131644120746594"
"NKX2-1","0.12949270717601"
"NKX2-1-AS1","0.131772828305968"
"NKX2-2","0.133936819981061"
"NKX2-3","0.132520328863354"
"NKX2-4","0.131161858941994"
"NKX2-5","0.131583846146937"
"NKX2-8","0.132091774351882"
"NKX3-1","0.131726711936245"
"NKX3-2","0.127457947696693"
"NKX6-1","0.130893725922054"
"NKX6-2","0.13411716918164"
"NKX6-3","0.131938003907117"
"NLE1","0.130893725922054"
"NLGN1","0.132520328863354"
"NLGN2","0.13080880100196"
"NLGN3","0.131938003907117"
"NLGN4X","0.131583846146937"
"NLGN4Y","0.133936819981061"
"NLGN4Y-AS1","0.13080880100196"
"NLK","0.130076286980246"
"NLN","0.132520328863354"
"NLRC3","0.130893725922054"
"NLRC4","0.130647758246076"
"NLRC5","0.130893725922054"
"NLRP1","0.130399563091537"
"NLRP11","0.131161858941994"
"NLRP12","0.129847970396464"
"NLRP14","0.134283390052166"
"NLRP2","0.134855289283732"
"NLRP2P","0.13080880100196"
"NLRP3","0.130076286980246"
"NLRP4","0.131938003907117"
"NLRP5","0.130848968648854"
"NLRP6","0.134283390052166"
"NLRP7","0.132091774351882"
"NLRP8","0.131583846146937"
"NLRP9","0.13080880100196"
"NLRX1","0.132520328863354"
"NMB","0.129847970396464"
"NMBR","0.131161858941994"
"NMD3","0.133936819981061"
"NME1","0.136457234000281"
"NME1-NME2","0.133552703753037"
"NME2","0.131726711936245"
"NME3","0.131161858941994"
"NME4","0.132520328863354"
"NME5","0.130647758246076"
"NME6","0.128326552235949"
"NME7","0.134283390052166"
"NME8","0.131583846146937"
"NME9","0.131583846146937"
"NMI","0.131525481164736"
"NMNAT1","0.134855289283732"
"NMNAT2","0.132520328863354"
"NMNAT3","0.131772828305968"
"NMRAL1","0.131444605738158"
"NMRK1","0.131726711936245"
"NMRK2","0.135581421363931"
"NMS","0.131772828305968"
"NMT1","0.131444605738158"
"NMT2","0.132091774351882"
"NMU","0.132309106012328"
"NMUR1","0.132520328863354"
"NMUR2","0.13411716918164"
"NNAT","0.13411716918164"
"NNMT","0.131644120746594"
"NNT","0.13512553636439"
"NNT-AS1","0.131644120746594"
"NOA1","0.131726711936245"
"NOB1","0.127947358107773"
"NOC2L","0.130399563091537"
"NOC3L","0.131726711936245"
"NOC4L","0.130647758246076"
"NOCT","0.131525481164736"
"NOD1","0.131583846146937"
"NOD2","0.13080880100196"
"NODAL","0.131938003907117"
"NOG","0.131688056838718"
"NOL10","0.131644120746594"
"NOL11","0.131444605738158"
"NOL12","0.13411716918164"
"NOL3","0.131688056838718"
"NOL4","0.130548096214612"
"NOL4L","0.131444605738158"
"NOL6","0.130548096214612"
"NOL7","0.133268476837875"
"NOL8","0.131726711936245"
"NOL9","0.130647758246076"
"NOLC1","0.129967113651232"
"NOM1","0.131525481164736"
"NOMO1","0.135783421403739"
"NOMO2","0.133268476837875"
"NOMO3","0.131726711936245"
"NONO","0.136021891121169"
"NOP10","0.128579090895656"
"NOP14","0.127947358107773"
"NOP14-AS1","0.132091774351882"
"NOP16","0.133268476837875"
"NOP2","0.134945288592733"
"NOP56","0.133268476837875"
"NOP58","0.131688056838718"
"NOP9","0.131772828305968"
"NOS1","0.134572500566276"
"NOS1AP","0.131148469726363"
"NOS2","0.130076286980246"
"NOS3","0.131938003907117"
"NOSIP","0.131726711936245"
"NOSTRIN","0.134991074598135"
"NOTCH1","0.131644120746594"
"NOTCH2","0.131938003907117"
"NOTCH2NL","0.133936819981061"
"NOTCH3","0.132520328863354"
"NOTCH4","0.131688056838718"
"NOTO","0.12949270717601"
"NOTUM","0.131644120746594"
"NOV","0.131688056838718"
"NOVA1","0.133268476837875"
"NOVA1-AS1","0.134572500566276"
"NOVA2","0.134283390052166"
"NOX1","0.133919642337491"
"NOX3","0.131583846146937"
"NOX4","0.134421923968368"
"NOX5","0.131444605738158"
"NOXA1","0.131444605738158"
"NOXO1","0.130399563091537"
"NOXRED1","0.133552703753037"
"NPAP1","0.131925823959767"
"NPAS1","0.13766540285109"
"NPAS2","0.133936819981061"
"NPAS3","0.131938003907117"
"NPAS4","0.131583846146937"
"NPAT","0.134283390052166"
"NPB","0.131688056838718"
"NPBWR1","0.132091774351882"
"NPC1","0.13411716918164"
"NPC1L1","0.132309106012328"
"NPC2","0.130091715616193"
"NPDC1","0.134283390052166"
"NPEPL1","0.131938003907117"
"NPEPPS","0.132091774351882"
"NPFF","0.13443415863702"
"NPFFR1","0.134855289283732"
"NPFFR2","0.134988024755688"
"NPHP1","0.13443415863702"
"NPHP3","0.132091774351882"
"NPHP3-ACAD11","0.131772828305968"
"NPHP3-AS1","0.131103712453162"
"NPHP4","0.131525481164736"
"NPHS1","0.131644120746594"
"NPIPA1","0.131772828305968"
"NPIPA3","0.133936819981061"
"NPIPA5","0.132309106012328"
"NPIPA7","0.132520328863354"
"NPIPA8","0.134855289283732"
"NPIPB11","0.131938003907117"
"NPIPB15","0.132040775800616"
"NPIPB3","0.131525481164736"
"NPIPB4","0.131525481164736"
"NPIPB5","0.130399563091537"
"NPIPB6","0.131688056838718"
"NPIPB7","0.130548096214612"
"NPIPB8","0.134945288592733"
"NPIPB9","0.133268476837875"
"NPL","0.128899158715875"
"NPLOC4","0.134283390052166"
"NPM1","0.133268476837875"
"NPM2","0.133268476837875"
"NPM3","0.132091774351882"
"NPNT","0.128326552235949"
"NPPA","0.133936819981061"
"NPPA-AS1","0.132091774351882"
"NPPB","0.131726711936245"
"NPPC","0.12820068958746"
"NPR1","0.134283390052166"
"NPR2","0.132520328863354"
"NPR3","0.131583846146937"
"NPRL2","0.130647758246076"
"NPRL3","0.131583846146937"
"NPSR1","0.134945288592733"
"NPTN","0.131525481164736"
"NPTX1","0.134369052532844"
"NPTX2","0.130091715616193"
"NPTXR","0.134572500566276"
"NPW","0.13443415863702"
"NPY","0.134369052532844"
"NPY1R","0.13443415863702"
"NPY2R","0.132520328863354"
"NPY5R","0.131688056838718"
"NQO1","0.13443415863702"
"NQO2","0.133552703753037"
"NR0B1","0.131938003907117"
"NR0B2","0.131644120746594"
"NR1D1","0.131772828305968"
"NR1D2","0.13411716918164"
"NR1H2","0.134369052532844"
"NR1H3","0.13512553636439"
"NR1H4","0.13134630192109"
"NR1I2","0.131148469726363"
"NR1I3","0.131772828305968"
"NR2C1","0.133268476837875"
"NR2C2","0.12949270717601"
"NR2C2AP","0.130647758246076"
"NR2E1","0.133268476837875"
"NR2E3","0.131726711936245"
"NR2F1","0.137429739734274"
"NR2F1-AS1","0.132091774351882"
"NR2F2","0.133936819981061"
"NR2F2-AS1","0.131525481164736"
"NR2F6","0.131444605738158"
"NR3C1","0.13443415863702"
"NR3C2","0.13512553636439"
"NR4A1","0.134283390052166"
"NR4A2","0.131938003907117"
"NR4A3","0.131525481164736"
"NR5A1","0.133268476837875"
"NR5A2","0.134572500566276"
"NR6A1","0.13443415863702"
"NRAP","0.132309106012328"
"NRARP","0.138022968036277"
"NRAS","0.13766540285109"
"NRAV","0.136599345558081"
"NRBF2","0.133552703753037"
"NRBP1","0.133936819981061"
"NRBP2","0.134283390052166"
"NRCAM","0.131644120746594"
"NRDC","0.131938003907117"
"NRDE2","0.131444605738158"
"NREP","0.13411716918164"
"NRF1","0.131772828305968"
"NRG1","0.132091774351882"
"NRG2","0.131583846146937"
"NRG3","0.131938003907117"
"NRG4","0.130647758246076"
"NRGN","0.133936819981061"
"NRIP1","0.13411716918164"
"NRIP2","0.131444605738158"
"NRIP3","0.130647758246076"
"NRIR","0.134369052532844"
"NRK","0.132309106012328"
"NRL","0.134855289283732"
"NRM","0.131688056838718"
"NRN1","0.12949270717601"
"NRN1L","0.133552703753037"
"NRP1","0.129894256304305"
"NRP2","0.132040775800616"
"NRROS","0.131938003907117"
"NRSN1","0.129967113651232"
"NRSN2","0.131726711936245"
"NRSN2-AS1","0.131444605738158"
"NRTN","0.132520328863354"
"NRXN1","0.131444605738158"
"NRXN2","0.131726711936245"
"NRXN3","0.133268476837875"
"NSA2","0.131772828305968"
"NSD1","0.134572500566276"
"NSDHL","0.13411716918164"
"NSF","0.131525481164736"
"NSFL1C","0.131726711936245"
"NSG1","0.131772828305968"
"NSL1","0.131644120746594"
"NSMAF","0.137429739734274"
"NSMCE1","0.135581421363931"
"NSMCE2","0.132309106012328"
"NSMCE3","0.130548096214612"
"NSMCE4A","0.131938003907117"
"NSMF","0.13443415863702"
"NSRP1","0.131726711936245"
"NSUN2","0.131938003907117"
"NSUN3","0.131644120746594"
"NSUN4","0.130399563091537"
"NSUN5","0.132520328863354"
"NSUN6","0.131688056838718"
"NSUN7","0.131726711936245"
"NT5C","0.131688056838718"
"NT5C1A","0.131583846146937"
"NT5C1B","0.131726711936245"
"NT5C2","0.130399563091537"
"NT5C3A","0.131583846146937"
"NT5C3B","0.131525481164736"
"NT5DC1","0.131726711936245"
"NT5DC2","0.134572500566276"
"NT5DC3","0.132091774351882"
"NT5DC4","0.133268476837875"
"NT5E","0.130399563091537"
"NT5M","0.131772828305968"
"NTAN1","0.13411716918164"
"NTF3","0.129847970396464"
"NTF4","0.13080880100196"
"NTHL1","0.131525481164736"
"NTM","0.130399563091537"
"NTM-AS1","0.131644120746594"
"NTMT1","0.133552703753037"
"NTN1","0.130647758246076"
"NTN3","0.131583846146937"
"NTN4","0.131525481164736"
"NTN5","0.131938003907117"
"NTNG1","0.131726711936245"
"NTNG2","0.132091774351882"
"NTPCR","0.131688056838718"
"NTRK1","0.132520328863354"
"NTRK2","0.131525481164736"
"NTRK3","0.131103712453162"
"NTS","0.131583846146937"
"NTSR1","0.134369052532844"
"NTSR2","0.131525481164736"
"NUAK1","0.131525481164736"
"NUAK2","0.131938003907117"
"NUB1","0.131938003907117"
"NUBP1","0.132520328863354"
"NUBP2","0.130548096214612"
"NUBPL","0.130548096214612"
"NUCB1","0.131644120746594"
"NUCB1-AS1","0.131444605738158"
"NUCB2","0.132091774351882"
"NUCKS1","0.132091774351882"
"NUDC","0.130091715616193"
"NUDCD1","0.129847970396464"
"NUDCD2","0.136599345558081"
"NUDCD3","0.131525481164736"
"NUDT1","0.130647758246076"
"NUDT10","0.131103712453162"
"NUDT11","0.129847970396464"
"NUDT12","0.130399563091537"
"NUDT13","0.131103712453162"
"NUDT14","0.12820068958746"
"NUDT15","0.134572500566276"
"NUDT16","0.127593865332224"
"NUDT16L1","0.131772828305968"
"NUDT17","0.131726711936245"
"NUDT18","0.129847970396464"
"NUDT19","0.130399563091537"
"NUDT2","0.131938003907117"
"NUDT21","0.131583846146937"
"NUDT22","0.131688056838718"
"NUDT3","0.134945288592733"
"NUDT4","0.131644120746594"
"NUDT5","0.131726711936245"
"NUDT6","0.132091774351882"
"NUDT7","0.131644120746594"
"NUDT8","0.130647758246076"
"NUDT9","0.131444605738158"
"NUF2","0.128518415899275"
"NUFIP1","0.131938003907117"
"NUFIP2","0.130647758246076"
"NUGGC","0.130647758246076"
"NUMA1","0.129967113651232"
"NUMB","0.131525481164736"
"NUMBL","0.129967113651232"
"NUP107","0.131583846146937"
"NUP133","0.131644120746594"
"NUP153","0.12820068958746"
"NUP155","0.128326552235949"
"NUP160","0.129967113651232"
"NUP188","0.129847970396464"
"NUP205","0.131525481164736"
"NUP210","0.128955719364796"
"NUP210L","0.128326552235949"
"NUP214","0.127947358107773"
"NUP35","0.131644120746594"
"NUP37","0.131583846146937"
"NUP43","0.132520328863354"
"NUP50","0.131688056838718"
"NUP50-AS1","0.128326552235949"
"NUP54","0.131726711936245"
"NUP58","0.129847970396464"
"NUP62","0.13443415863702"
"NUP62CL","0.129967113651232"
"NUP85","0.129967113651232"
"NUP88","0.131772828305968"
"NUP93","0.12820068958746"
"NUP98","0.131578869026381"
"NUPL2","0.131726711936245"
"NUPR1","0.128899158715875"
"NUPR2","0.129847970396464"
"NUS1","0.128326552235949"
"NUSAP1","0.131103712453162"
"NUTF2","0.131772828305968"
"NUTM1","0.130091715616193"
"NUTM2A","0.128955719364796"
"NUTM2A-AS1","0.131726711936245"
"NUTM2B","0.130647758246076"
"NUTM2B-AS1","0.131525481164736"
"NUTM2D","0.131644120746594"
"NUTM2E","0.129847970396464"
"NUTM2F","0.130647758246076"
"NUTM2G","0.131583846146937"
"NVL","0.127947358107773"
"NWD1","0.131103712453162"
"NWD2","0.129967113651232"
"NXF1","0.127371745256047"
"NXF2B","0.129967113651232"
"NXF3","0.131644120746594"
"NXF5","0.127021887029327"
"NXN","0.131644120746594"
"NXNL1","0.131525481164736"
"NXNL2","0.131772828305968"
"NXPE1","0.130399563091537"
"NXPE2","0.132091774351882"
"NXPE3","0.12820068958746"
"NXPE4","0.130421219649716"
"NXPH1","0.131772828305968"
"NXPH2","0.131688056838718"
"NXPH3","0.130647758246076"
"NXPH4","0.133268476837875"
"NXT1","0.131103712453162"
"NXT2","0.131578869026381"
"NYAP1","0.131578869026381"
"NYAP2","0.127705845434345"
"NYNRIN","0.132520328863354"
"NYX","0.130399563091537"
"OAF","0.128203811881225"
"OARD1","0.132091774351882"
"OAS1","0.126355640633222"
"OAS2","0.130647758246076"
"OAS3","0.130647758246076"
"OASL","0.128899158715875"
"OAT","0.133552703753037"
"OAZ1","0.131644120746594"
"OAZ2","0.130363171981866"
"OAZ3","0.12652805356806"
"OBFC1","0.130647758246076"
"OBP2A","0.131578869026381"
"OBP2B","0.131772828305968"
"OBSCN","0.132309106012328"
"OBSL1","0.131688056838718"
"OC90","0.12949270717601"
"OCA2","0.132520328863354"
"OCEL1","0.128955719364796"
"OCIAD1","0.133936819981061"
"OCIAD1-AS1","0.132309106012328"
"OCIAD2","0.131103712453162"
"OCLM","0.131688056838718"
"OCLN","0.134369052532844"
"OCM","0.130363171981866"
"OCM2","0.131688056838718"
"OCRL","0.133936819981061"
"OCSTAMP","0.127371745256047"
"ODAM","0.127593865332224"
"ODC1","0.12949270717601"
"ODF1","0.127593865332224"
"ODF2","0.13443415863702"
"ODF2-AS1","0.127705845434345"
"ODF2L","0.134283390052166"
"ODF3","0.132091774351882"
"ODF3B","0.134855289283732"
"ODF3L1","0.131444605738158"
"ODF3L2","0.131772828305968"
"ODF4","0.131274773711608"
"OFCC1","0.124989026535773"
"OFD1","0.131726711936245"
"OGDH","0.130548096214612"
"OGDHL","0.127036485197474"
"OGFOD1","0.131688056838718"
"OGFOD2","0.128326552235949"
"OGFOD3","0.132309106012328"
"OGFR","0.125236993095038"
"OGFR-AS1","0.128326552235949"
"OGFRL1","0.128326552235949"
"OGFRP1","0.129847970396464"
"OGG1","0.133268476837875"
"OGN","0.13107694151688"
"OGT","0.127371745256047"
"OIP5","0.130363171981866"
"OIT3","0.131444605738158"
"OLA1","0.132091774351882"
"OLAH","0.127931982384269"
"OLFM1","0.12820068958746"
"OLFM2","0.131772828305968"
"OLFM3","0.130548096214612"
"OLFM4","0.13411716918164"
"OLFML1","0.130548096214612"
"OLFML2A","0.129847970396464"
"OLFML2B","0.130548096214612"
"OLFML3","0.133936819981061"
"OLIG1","0.130592336354508"
"OLIG2","0.127036485197474"
"OLIG3","0.127705845434345"
"OLMALINC","0.131772828305968"
"OLR1","0.131688056838718"
"OMA1","0.130592336354508"
"OMD","0.129847970396464"
"OMG","0.132040775800616"
"ONECUT1","0.131578869026381"
"ONECUT2","0.12652805356806"
"ONECUT3","0.131444605738158"
"OOEP","0.128955719364796"
"OPA1","0.130548096214612"
"OPA1-AS1","0.12949270717601"
"OPA3","0.130363171981866"
"OPALIN","0.131726711936245"
"OPCML","0.131578869026381"
"OPHN1","0.12820068958746"
"OPLAH","0.12820068958746"
"OPN1LW","0.132520328863354"
"OPN1MW","0.133936819981061"
"OPN1MW3","0.127593865332224"
"OPN1SW","0.12849623418271"
"OPN3","0.127947358107773"
"OPN4","0.131085238489306"
"OPN5","0.129967113651232"
"OPRD1","0.134864438811072"
"OPRK1","0.133552703753037"
"OPRL1","0.13411716918164"
"OPRM1","0.130548096214612"
"OPTC","0.126355640633222"
"OPTN","0.131444605738158"
"OR10AD1","0.13411716918164"
"OR10G2","0.131688056838718"
"OR10G3","0.133552703753037"
"OR10H1","0.133936819981061"
"OR10H2","0.128326552235949"
"OR10P1","0.133268476837875"
"OR10V1","0.131726711936245"
"OR11H1","0.133552703753037"
"OR13A1","0.12949270717601"
"OR13C5","0.128326552235949"
"OR13G1","0.131085238489306"
"OR14I1","0.132520328863354"
"OR1D5","0.132309106012328"
"OR1J1","0.130592336354508"
"OR1J4","0.132309106012328"
"OR1N2","0.130363171981866"
"OR1Q1","0.131578869026381"
"OR2A1-AS1","0.132520328863354"
"OR2A7","0.131688056838718"
"OR2AE1","0.132040775800616"
"OR2AK2","0.134991074598135"
"OR2AT4","0.131578869026381"
"OR2B11","0.129967113651232"
"OR2B6","0.134572500566276"
"OR2C1","0.129967113651232"
"OR2C3","0.129967113651232"
"OR2D3","0.134369052532844"
"OR2K2","0.125731146716315"
"OR2L13","0.133936819981061"
"OR2L2","0.13107694151688"
"OR2L8","0.131444605738158"
"OR2T10","0.127593865332224"
"OR2T8","0.129847970396464"
"OR2V1","0.133268476837875"
"OR2W3","0.131578869026381"
"OR3A3","0.130347743345919"
"OR4A47","0.131688056838718"
"OR4B1","0.128955719364796"
"OR4C6","0.13443415863702"
"OR4D10","0.130592336354508"
"OR4F21","0.134369052532844"
"OR4F3","0.131444605738158"
"OR4K17","0.131688056838718"
"OR4M1","0.132309106012328"
"OR4N2","0.13411716918164"
"OR51B2","0.131644120746594"
"OR51B4","0.131085238489306"
"OR51B5","0.131688056838718"
"OR51B6","0.132040775800616"
"OR51E1","0.127334165544026"
"OR51E2","0.132309106012328"
"OR51I1","0.132309106012328"
"OR52H1","0.131578869026381"
"OR52I1","0.133268476837875"
"OR52K1","0.129967113651232"
"OR52K2","0.130592336354508"
"OR52N2","0.133936819981061"
"OR52N4","0.132040775800616"
"OR52N5","0.131578869026381"
"OR56A3","0.132040775800616"
"OR56A5","0.132309106012328"
"OR56B1","0.131085238489306"
"OR5A1","0.13443415863702"
"OR5AN1","0.134283390052166"
"OR5AU1","0.131688056838718"
"OR5B12","0.134991074598135"
"OR5B21","0.131085238489306"
"OR5M11","0.131444605738158"
"OR5P2","0.134369052532844"
"OR5P3","0.131644120746594"
"OR6C70","0.131688056838718"
"OR6C76","0.136642045472963"
"OR6K2","0.127593865332224"
"OR6K3","0.131578869026381"
"OR7A5","0.132309106012328"
"OR7C1","0.129847970396464"
"OR7D2","0.133552703753037"
"OR7E24","0.134991074598135"
"OR8A1","0.134283390052166"
"OR8B12","0.131085238489306"
"OR8B3","0.131644120746594"
"OR8D2","0.131688056838718"
"OR8G1","0.133268476837875"
"OR8G5","0.131726711936245"
"OR8S1","0.131444605738158"
"OR9A2","0.132040775800616"
"OR9Q1","0.125163272739806"
"ORAI1","0.131578869026381"
"ORAI2","0.127947358107773"
"ORAI3","0.131578869026381"
"ORAOV1","0.135922668780383"
"ORC1","0.133268476837875"
"ORC2","0.13443415863702"
"ORC3","0.133936819981061"
"ORC4","0.132520328863354"
"ORC5","0.133552703753037"
"ORC6","0.130592336354508"
"ORM1","0.133936819981061"
"ORM2","0.129847970396464"
"ORMDL1","0.136290932574417"
"ORMDL2","0.129967113651232"
"ORMDL3","0.131644120746594"
"OS9","0.128326552235949"
"OSBP","0.129847970396464"
"OSBP2","0.131644120746594"
"OSBPL10","0.134369052532844"
"OSBPL10-AS1","0.131772828305968"
"OSBPL11","0.13443415863702"
"OSBPL1A","0.131772828305968"
"OSBPL2","0.130592336354508"
"OSBPL3","0.131644120746594"
"OSBPL5","0.134945288592733"
"OSBPL6","0.127593865332224"
"OSBPL7","0.129156046285587"
"OSBPL8","0.133268476837875"
"OSBPL9","0.134945288592733"
"OSCAR","0.127036485197474"
"OSCP1","0.133268476837875"
"OSER1","0.13411716918164"
"OSER1-AS1","0.131085238489306"
"OSGEP","0.134810532439734"
"OSGEPL1","0.130592336354508"
"OSGEPL1-AS1","0.133936819981061"
"OSGIN1","0.131726711936245"
"OSGIN2","0.134921220117394"
"OSM","0.129967113651232"
"OSMR","0.131644120746594"
"OSMR-AS1","0.131644120746594"
"OSR1","0.131726711936245"
"OSR2","0.131772828305968"
"OST4","0.134554876754435"
"OSTC","0.133994856320155"
"OSTF1","0.132520328863354"
"OSTM1","0.133919642337491"
"OSTM1-AS1","0.131772828305968"
"OSTN","0.130363171981866"
"OSTN-AS1","0.129578336365914"
"OTC","0.132309106012328"
"OTOA","0.133552703753037"
"OTOF","0.132309106012328"
"OTOG","0.133552703753037"
"OTOGL","0.131085238489306"
"OTOP2","0.130363171981866"
"OTOP3","0.133268476837875"
"OTOR","0.130363171981866"
"OTOS","0.132520328863354"
"OTP","0.127593865332224"
"OTUB1","0.133268476837875"
"OTUB2","0.132040775800616"
"OTUD1","0.132040775800616"
"OTUD3","0.133268476837875"
"OTUD4","0.130363171981866"
"OTUD5","0.134810532439734"
"OTUD6A","0.131644120746594"
"OTUD6B","0.133936819981061"
"OTUD6B-AS1","0.129967113651232"
"OTUD7A","0.129156046285587"
"OTUD7B","0.133936819981061"
"OTULIN","0.129156046285587"
"OTX1","0.131772828305968"
"OTX2","0.134369052532844"
"OTX2-AS1","0.133268476837875"
"OVAAL","0.12930923225489"
"OVCA2","0.130548096214612"
"OVCH1","0.130592336354508"
"OVCH1-AS1","0.134283390052166"
"OVCH2","0.129578336365914"
"OVGP1","0.135729746975417"
"OVOL1","0.133936819981061"
"OVOL1-AS1","0.133268476837875"
"OVOL2","0.127036485197474"
"OVOL3","0.134369052532844"
"OVOS2","0.131512924961471"
"OXA1L","0.129967113651232"
"OXCT1","0.132309106012328"
"OXCT2","0.131085238489306"
"OXER1","0.125163272739806"
"OXGR1","0.134991074598135"
"OXLD1","0.132520328863354"
"OXNAD1","0.134283390052166"
"OXR1","0.130592336354508"
"OXSM","0.127593865332224"
"OXSR1","0.131772828305968"
"OXT","0.127947358107773"
"OXTR","0.131772828305968"
"P2RX1","0.129967113651232"
"P2RX2","0.12652805356806"
"P2RX3","0.13411716918164"
"P2RX4","0.128326552235949"
"P2RX5","0.133919642337491"
"P2RX5-TAX1BP3","0.132520328863354"
"P2RX6","0.129847970396464"
"P2RX7","0.131512924961471"
"P2RY1","0.131085238489306"
"P2RY10","0.127705845434345"
"P2RY11","0.131512924961471"
"P2RY12","0.127334165544026"
"P2RY13","0.126688114930063"
"P2RY14","0.129847970396464"
"P2RY2","0.129967113651232"
"P2RY4","0.130548096214612"
"P2RY6","0.131772828305968"
"P2RY8","0.128326552235949"
"P3H1","0.130548096214612"
"P3H2","0.129156046285587"
"P3H2-AS1","0.129602645258156"
"P3H3","0.134369052532844"
"P3H4","0.132309106012328"
"P4HA1","0.131512924961471"
"P4HA2","0.131512924961471"
"P4HA2-AS1","0.130363171981866"
"P4HA3","0.134810532439734"
"P4HB","0.13411716918164"
"P4HTM","0.129156046285587"
"PA2G4","0.129133864569021"
"PAAF1","0.127334165544026"
"PABPC1","0.13411716918164"
"PABPC1L","0.129156046285587"
"PABPC1L2A","0.128256780161546"
"PABPC1L2B","0.129156046285587"
"PABPC3","0.129156046285587"
"PABPC4","0.132040775800616"
"PABPC4L","0.129156046285587"
"PABPC5","0.131688056838718"
"PABPC5-AS1","0.133552703753037"
"PABPN1","0.131688056838718"
"PABPN1L","0.131512924961471"
"PACERR","0.130363171981866"
"PACRG","0.131726711936245"
"PACRG-AS1","0.131644120746594"
"PACRG-AS3","0.129156046285587"
"PACRGL","0.131688056838718"
"PACS1","0.129967113651232"
"PACS2","0.131512924961471"
"PACSIN1","0.129602645258156"
"PACSIN2","0.130592336354508"
"PACSIN3","0.127947358107773"
"PADI1","0.12820068958746"
"PADI2","0.127705845434345"
"PADI3","0.134369052532844"
"PADI4","0.131772828305968"
"PADI6","0.129847970396464"
"PAEP","0.13443415863702"
"PAF1","0.127947358107773"
"PAFAH1B1","0.130592336354508"
"PAFAH1B2","0.131644120746594"
"PAFAH1B3","0.129967113651232"
"PAFAH2","0.132520328863354"
"PAG1","0.131644120746594"
"PAGE1","0.130363171981866"
"PAGE2","0.131688056838718"
"PAGE2B","0.133552703753037"
"PAGE3","0.128326552235949"
"PAGE4","0.130363171981866"
"PAGE5","0.129156046285587"
"PAGR1","0.126688114930063"
"PAH","0.129967113651232"
"PAICS","0.13443415863702"
"PAIP1","0.129602645258156"
"PAIP2","0.131688056838718"
"PAIP2B","0.130548096214612"
"PAK1","0.129156046285587"
"PAK1IP1","0.132040775800616"
"PAK2","0.129967113651232"
"PAK3","0.131772828305968"
"PAK4","0.131085238489306"
"PAK6","0.129498077073335"
"PAK7","0.130363171981866"
"PALB2","0.128256780161546"
"PALD1","0.129967113651232"
"PALLD","0.129847970396464"
"PALM","0.129498077073335"
"PALM2","0.126369917931932"
"PALM2-AKAP2","0.130592336354508"
"PALM3","0.131085238489306"
"PALMD","0.134945288592733"
"PAM","0.129967113651232"
"PAM16","0.129498077073335"
"PAMR1","0.132309106012328"
"PAN2","0.131688056838718"
"PAN3","0.130548096214612"
"PAN3-AS1","0.129498077073335"
"PANDAR","0.131085238489306"
"PANK1","0.131688056838718"
"PANK2","0.127036485197474"
"PANK3","0.134810532439734"
"PANK4","0.131644120746594"
"PANO1","0.13443415863702"
"PANX1","0.132040775800616"
"PANX2","0.130548096214612"
"PANX3","0.131763251778295"
"PAOX","0.130363171981866"
"PAPD4","0.130548096214612"
"PAPD5","0.131085238489306"
"PAPD7","0.131644120746594"
"PAPLN","0.131688056838718"
"PAPOLA","0.134572500566276"
"PAPOLB","0.132520328863354"
"PAPOLG","0.134283390052166"
"PAPPA","0.128191008813341"
"PAPPA-AS1","0.130363171981866"
"PAPPA-AS2","0.130548096214612"
"PAPPA2","0.134369052532844"
"PAPSS1","0.128256780161546"
"PAPSS2","0.130592336354508"
"PAQR3","0.134369052532844"
"PAQR4","0.129498077073335"
"PAQR5","0.131644120746594"
"PAQR6","0.134283390052166"
"PAQR7","0.129847970396464"
"PAQR8","0.130592336354508"
"PAQR9","0.132520328863354"
"PAQR9-AS1","0.134369052532844"
"PARD3","0.132309106012328"
"PARD3-AS1","0.134283390052166"
"PARD3B","0.131772828305968"
"PARD6A","0.132309106012328"
"PARD6B","0.132520328863354"
"PARD6G","0.131512924961471"
"PARD6G-AS1","0.131688056838718"
"PARG","0.129847970396464"
"PARK2","0.132520328863354"
"PARK7","0.131085238489306"
"PARL","0.133936819981061"
"PARM1","0.132520328863354"
"PARN","0.130363171981866"
"PARP1","0.129498077073335"
"PARP10","0.131644120746594"
"PARP11","0.129847970396464"
"PARP12","0.132520328863354"
"PARP14","0.130548096214612"
"PARP15","0.131726711936245"
"PARP16","0.127593865332224"
"PARP2","0.132520328863354"
"PARP3","0.130548096214612"
"PARP4","0.134945288592733"
"PARP6","0.128256780161546"
"PARP8","0.134283390052166"
"PARP9","0.130363171981866"
"PARPBP","0.131726711936245"
"PARS2","0.131351389907347"
"PART1","0.131688056838718"
"PARVA","0.131726711936245"
"PARVB","0.131772828305968"
"PARVG","0.129967113651232"
"PASD1","0.130548096214612"
"PASK","0.134810532439734"
"PATE1","0.129847970396464"
"PATE2","0.132520328863354"
"PATL1","0.131726711936245"
"PATL2","0.132040775800616"
"PATZ1","0.129156046285587"
"PAUPAR","0.134945288592733"
"PAWR","0.13249466803351"
"PAX1","0.129602645258156"
"PAX2","0.132520328863354"
"PAX3","0.127334165544026"
"PAX5","0.131726711936245"
"PAX6","0.130363171981866"
"PAX7","0.131512924961471"
"PAX8","0.130548096214612"
"PAX9","0.130363171981866"
"PAXBP1","0.126616443486124"
"PAXBP1-AS1","0.131772828305968"
"PAXIP1","0.129156046285587"
"PAXIP1-AS1","0.129967113651232"
"PAXIP1-AS2","0.131644120746594"
"PBDC1","0.130548096214612"
"PBK","0.13443415863702"
"PBLD","0.132520328863354"
"PBOV1","0.134770293067263"
"PBRM1","0.131085238489306"
"PBX1","0.131772828305968"
"PBX2","0.129498077073335"
"PBX3","0.128326552235949"
"PBX4","0.129967113651232"
"PBXIP1","0.131688056838718"
"PC","0.128177980921503"
"PCAT1","0.127334165544026"
"PCAT14","0.131085238489306"
"PCAT18","0.131512924961471"
"PCAT19","0.133552703753037"
"PCAT2","0.134369052532844"
"PCAT29","0.13411716918164"
"PCAT4","0.130592336354508"
"PCAT5","0.131512924961471"
"PCAT6","0.133268476837875"
"PCAT7","0.133552703753037"
"PCBD1","0.131726711936245"
"PCBD2","0.13443415863702"
"PCBP1","0.134945288592733"
"PCBP2","0.134264044605801"
"PCBP3","0.133987511956051"
"PCBP4","0.136521945589775"
"PCCA","0.133268476837875"
"PCCA-AS1","0.131772828305968"
"PCCB","0.131726711936245"
"PCDH1","0.131512924961471"
"PCDH10","0.133552703753037"
"PCDH11X","0.134921220117394"
"PCDH11Y","0.132309106012328"
"PCDH12","0.131688056838718"
"PCDH15","0.131726711936245"
"PCDH17","0.129498077073335"
"PCDH18","0.131688056838718"
"PCDH19","0.136575033994013"
"PCDH20","0.134572500566276"
"PCDH7","0.129498077073335"
"PCDH8","0.136521945589775"
"PCDH9","0.133268476837875"
"PCDH9-AS1","0.13443415863702"
"PCDH9-AS2","0.136290932574417"
"PCDHA1","0.133987511956051"
"PCDHA10","0.136634996836517"
"PCDHA11","0.134264044605801"
"PCDHA12","0.134945288592733"
"PCDHA13","0.133721957321576"
"PCDHA2","0.131644120746594"
"PCDHA3","0.133987511956051"
"PCDHA4","0.134945288592733"
"PCDHA5","0.138046932086219"
"PCDHA6","0.134810532439734"
"PCDHA7","0.134572500566276"
"PCDHA8","0.133987511956051"
"PCDHA9","0.133987511956051"
"PCDHAC1","0.134369052532844"
"PCDHAC2","0.133721957321576"
"PCDHB1","0.134572500566276"
"PCDHB10","0.132040775800616"
"PCDHB11","0.131085238489306"
"PCDHB12","0.131726711936245"
"PCDHB13","0.13443415863702"
"PCDHB14","0.134921220117394"
"PCDHB15","0.136290932574417"
"PCDHB16","0.13443415863702"
"PCDHB2","0.132309106012328"
"PCDHB3","0.133268476837875"
"PCDHB4","0.137429739734274"
"PCDHB5","0.136290932574417"
"PCDHB6","0.134264044605801"
"PCDHB7","0.13443415863702"
"PCDHB8","0.132028595853266"
"PCDHB9","0.132040775800616"
"PCDHGA1","0.131772828305968"
"PCDHGA10","0.134369052532844"
"PCDHGA11","0.133721957321576"
"PCDHGA12","0.134264044605801"
"PCDHGA2","0.136290932574417"
"PCDHGA3","0.133987511956051"
"PCDHGA4","0.136768903513567"
"PCDHGA5","0.133987511956051"
"PCDHGA6","0.133721957321576"
"PCDHGA7","0.136634996836517"
"PCDHGA8","0.133704779678006"
"PCDHGA9","0.136521945589775"
"PCDHGB1","0.137429739734274"
"PCDHGB2","0.136290932574417"
"PCDHGB3","0.13443415863702"
"PCDHGB4","0.131688056838718"
"PCDHGB5","0.132040775800616"
"PCDHGB6","0.133552703753037"
"PCDHGB7","0.131772828305968"
"PCDHGC3","0.133721957321576"
"PCDHGC4","0.132309106012328"
"PCDHGC5","0.131085238489306"
"PCED1A","0.13672961611272"
"PCED1B","0.134810532439734"
"PCF11","0.134810532439734"
"PCF11-AS1","0.131726711936245"
"PCGF1","0.134264044605801"
"PCGF2","0.132520328863354"
"PCGF3","0.136634996836517"
"PCGF5","0.131085238489306"
"PCGF6","0.134572500566276"
"PCID2","0.134369052532844"
"PCIF1","0.135729746975417"
"PCK1","0.132040775800616"
"PCK2","0.134810532439734"
"PCLO","0.136575033994013"
"PCM1","0.134810532439734"
"PCMT1","0.136290932574417"
"PCMTD1","0.138136307952417"
"PCMTD2","0.136768903513567"
"PCNA","0.135729746975417"
"PCNP","0.130548096214612"
"PCNT","0.132296558044132"
"PCNX","0.132296558044132"
"PCNXL2","0.137429739734274"
"PCNXL3","0.131512924961471"
"PCNXL4","0.133721957321576"
"PCOLCE","0.132040775800616"
"PCOLCE-AS1","0.134810532439734"
"PCOLCE2","0.134572500566276"
"PCP2","0.132296558044132"
"PCP4","0.134264044605801"
"PCP4L1","0.131726711936245"
"PCSK1","0.134945288592733"
"PCSK1N","0.134921220117394"
"PCSK2","0.137913554918594"
"PCSK4","0.134264044605801"
"PCSK5","0.134369052532844"
"PCSK6","0.137913554918594"
"PCSK6-AS1","0.133987511956051"
"PCSK7","0.131644120746594"
"PCSK9","0.137429739734274"
"PCTP","0.133721957321576"
"PCYOX1","0.131688056838718"
"PCYOX1L","0.13443415863702"
"PCYT1A","0.134300748611759"
"PCYT1B","0.134921220117394"
"PCYT2","0.135729746975417"
"PDAP1","0.13672961611272"
"PDC","0.133987511956051"
"PDCD1","0.133987511956051"
"PDCD10","0.129847970396464"
"PDCD11","0.133268476837875"
"PDCD1LG2","0.131512924961471"
"PDCD2","0.131772828305968"
"PDCD2L","0.131772828305968"
"PDCD4","0.136521945589775"
"PDCD4-AS1","0.133268476837875"
"PDCD5","0.132040775800616"
"PDCD6","0.134810532439734"
"PDCD6IP","0.130451237167413"
"PDCD7","0.131726711936245"
"PDCL","0.131688056838718"
"PDCL2","0.131726711936245"
"PDCL3","0.13443415863702"
"PDDC1","0.129847970396464"
"PDE10A","0.1323659481438"
"PDE11A","0.134300748611759"
"PDE12","0.132520328863354"
"PDE1A","0.130592336354508"
"PDE1B","0.132520328863354"
"PDE1C","0.133721957321576"
"PDE2A","0.134572500566276"
"PDE3A","0.136578525916837"
"PDE3B","0.130765805460082"
"PDE4A","0.134300748611759"
"PDE4B","0.134300748611759"
"PDE4C","0.130548096214612"
"PDE4D","0.135729746975417"
"PDE4DIP","0.132520328863354"
"PDE5A","0.133987511956051"
"PDE6A","0.131644120746594"
"PDE6B","0.134945288592733"
"PDE6C","0.1323659481438"
"PDE6D","0.13443415863702"
"PDE6G","0.130765805460082"
"PDE6H","0.132520328863354"
"PDE7A","0.132520328863354"
"PDE7B","0.132028595853266"
"PDE8A","0.131644120746594"
"PDE8B","0.136768903513567"
"PDE9A","0.127705845434345"
"PDF","0.134365274004898"
"PDGFA","0.133721957321576"
"PDGFB","0.132028595853266"
"PDGFC","0.131512924961471"
"PDGFD","0.13766540285109"
"PDGFRA","0.133987511956051"
"PDGFRB","0.130548096214612"
"PDGFRL","0.133552703753037"
"PDHA1","0.133987511956051"
"PDHA2","0.131644120746594"
"PDHB","0.131688056838718"
"PDHX","0.131512924961471"
"PDIA2","0.133721957321576"
"PDIA3","0.131688056838718"
"PDIA4","0.131140295867022"
"PDIA5","0.131140295867022"
"PDIA6","0.133419579300493"
"PDIK1L","0.136290932574417"
"PDILT","0.133142593231934"
"PDK1","0.131644120746594"
"PDK2","0.135713686746766"
"PDK3","0.133987511956051"
"PDK4","0.130592336354508"
"PDLIM1","0.134930369644734"
"PDLIM2","0.133987511956051"
"PDLIM3","0.131688056838718"
"PDLIM4","0.131512924961471"
"PDLIM5","0.134810532439734"
"PDLIM7","0.134921220117394"
"PDP1","0.1323659481438"
"PDP2","0.132520328863354"
"PDPK1","0.130765805460082"
"PDPN","0.132296558044132"
"PDPR","0.131688056838718"
"PDRG1","0.132520328863354"
"PDS5A","0.13443415863702"
"PDS5B","0.134810532439734"
"PDSS1","0.134810532439734"
"PDSS2","0.1323659481438"
"PDX1","0.134930369644734"
"PDX1-AS1","0.13672961611272"
"PDXDC1","0.136290932574417"
"PDXK","0.133704779678006"
"PDXP","0.131726711936245"
"PDYN","0.133704779678006"
"PDZD11","0.133023702272371"
"PDZD2","0.136635105592549"
"PDZD3","0.133987511956051"
"PDZD4","0.133552703753037"
"PDZD7","0.134810532439734"
"PDZD8","0.133552703753037"
"PDZD9","0.133987511956051"
"PDZK1","0.131688056838718"
"PDZK1IP1","0.132520328863354"
"PDZRN3","0.133023702272371"
"PDZRN3-AS1","0.131512924961471"
"PDZRN4","0.13672961611272"
"PEA15","0.13443415863702"
"PEAK1","0.134810532439734"
"PEAR1","0.133023702272371"
"PEBP1","0.133987511956051"
"PEBP4","0.129602645258156"
"PECAM1","0.134930369644734"
"PECR","0.133419579300493"
"PEF1","0.135984863079279"
"PEG10","0.131140295867022"
"PEG3","0.136290932574417"
"PELI1","0.131688056838718"
"PELI2","0.134810532439734"
"PELI3","0.132520328863354"
"PELO","0.13443415863702"
"PELP1","0.133721957321576"
"PEMT","0.133023702272371"
"PENK","0.134572500566276"
"PEPD","0.132028595853266"
"PER1","0.132520328863354"
"PER2","0.136578525916837"
"PER3","0.132520328863354"
"PERM1","0.131726711936245"
"PERP","0.134572500566276"
"PES1","0.133721957321576"
"PET100","0.132296558044132"
"PET117","0.135713686746766"
"PEX1","0.129389382674311"
"PEX10","0.132520328863354"
"PEX11A","0.131512924961471"
"PEX11B","0.135984863079279"
"PEX11G","0.13443415863702"
"PEX12","0.132296558044132"
"PEX13","0.133721957321576"
"PEX14","0.132296558044132"
"PEX16","0.131512924961471"
"PEX19","0.133987511956051"
"PEX2","0.134572500566276"
"PEX26","0.133023702272371"
"PEX3","0.132028595853266"
"PEX5","0.133023702272371"
"PEX5L","0.130548096214612"
"PEX5L-AS1","0.132309106012328"
"PEX5L-AS2","0.134300748611759"
"PEX6","0.134300748611759"
"PEX7","0.131726711936245"
"PF4","0.135695717956321"
"PF4V1","0.130592336354508"
"PFAS","0.132296558044132"
"PFDN1","0.131512924961471"
"PFDN2","0.131406447285064"
"PFDN4","0.13443415863702"
"PFDN5","0.133721957321576"
"PFDN6","0.133552703753037"
"PFKFB1","0.133552703753037"
"PFKFB2","0.135713686746766"
"PFKFB3","0.135984863079279"
"PFKFB4","0.132028595853266"
"PFKL","0.133023702272371"
"PFKM","0.132520328863354"
"PFKP","0.133721957321576"
"PFN1","0.131644120746594"
"PFN2","0.133552703753037"
"PFN3","0.135713686746766"
"PFN4","0.13443415863702"
"PGA3","0.136521945589775"
"PGA4","0.133987511956051"
"PGA5","0.133023702272371"
"PGAM1","0.13443415863702"
"PGAM2","0.135984863079279"
"PGAM4","0.133552703753037"
"PGAM5","0.1323659481438"
"PGAP1","0.133023702272371"
"PGAP2","0.129967113651232"
"PGAP3","0.136710792472827"
"PGBD1","0.135984863079279"
"PGBD2","0.134810532439734"
"PGBD3","0.133536839440363"
"PGBD4","0.131726711936245"
"PGBD5","0.135984863079279"
"PGC","0.131512924961471"
"PGD","0.132028595853266"
"PGF","0.134300748611759"
"PGGT1B","0.134930369644734"
"PGK1","0.136290932574417"
"PGK2","0.130592336354508"
"PGLS","0.133987511956051"
"PGLYRP1","0.136521945589775"
"PGLYRP2","0.133987511956051"
"PGLYRP3","0.136575033994013"
"PGLYRP4","0.132028595853266"
"PGM1","0.133536839440363"
"PGM2","0.135984863079279"
"PGM2L1","0.131512924961471"
"PGM3","0.136290932574417"
"PGM5","0.138136307952417"
"PGM5-AS1","0.133564593292382"
"PGM5P2","0.130765805460082"
"PGM5P3-AS1","0.134572500566276"
"PGM5P4-AS1","0.135695717956321"
"PGP","0.131726711936245"
"PGPEP1","0.13672961611272"
"PGPEP1L","0.1323659481438"
"PGR","0.131688056838718"
"PGRMC1","0.132296558044132"
"PGRMC2","0.13443415863702"
"PGS1","0.133987511956051"
"PHACTR1","0.134572500566276"
"PHACTR2","0.136531442553959"
"PHACTR2-AS1","0.132520328863354"
"PHACTR3","0.134572500566276"
"PHACTR4","0.130765805460082"
"PHAX","0.131688056838718"
"PHB","0.135713686746766"
"PHB2","0.136575033994013"
"PHC1","0.131688056838718"
"PHC2","0.134300748611759"
"PHC3","0.136531442553959"
"PHEX","0.135984863079279"
"PHEX-AS1","0.134300748611759"
"PHF1","0.131140295867022"
"PHF10","0.136635105592549"
"PHF11","0.133564593292382"
"PHF12","0.133721957321576"
"PHF13","0.131726711936245"
"PHF14","0.138929599890402"
"PHF19","0.132874164157727"
"PHF2","0.134930369644734"
"PHF20","0.137429739734274"
"PHF20L1","0.133721957321576"
"PHF21A","0.132874164157727"
"PHF21B","0.12999926604131"
"PHF23","0.13443415863702"
"PHF24","0.132874164157727"
"PHF3","0.131140295867022"
"PHF5A","0.133564593292382"
"PHF6","0.13443415863702"
"PHF7","0.133124958696774"
"PHF8","0.132874164157727"
"PHGDH","0.133564593292382"
"PHGR1","0.133124958696774"
"PHIP","0.132028595853266"
"PHKA1","0.132520328863354"
"PHKA1-AS1","0.134810532439734"
"PHKA2","0.135713686746766"
"PHKA2-AS1","0.131688056838718"
"PHKB","0.135984863079279"
"PHKG1","0.133987511956051"
"PHKG2","0.133564593292382"
"PHLDA1","0.13443415863702"
"PHLDA2","0.132874164157727"
"PHLDA3","0.134300748611759"
"PHLDB1","0.133721957321576"
"PHLDB2","0.132874164157727"
"PHLDB3","0.132520328863354"
"PHLPP1","0.134300748611759"
"PHLPP2","0.13443415863702"
"PHOSPHO1","0.131644120746594"
"PHOSPHO2","0.131140295867022"
"PHOX2A","0.131688056838718"
"PHOX2B","0.131644120746594"
"PHPT1","0.134300748611759"
"PHRF1","0.131644120746594"
"PHTF1","0.13443415863702"
"PHTF2","0.1323659481438"
"PHYH","0.1323659481438"
"PHYHD1","0.133419579300493"
"PHYHIP","0.134300748611759"
"PHYHIPL","0.133721957321576"
"PHYKPL","0.133536839440363"
"PI15","0.134300748611759"
"PI16","0.133564593292382"
"PI3","0.133536839440363"
"PI4K2A","0.136768903513567"
"PI4K2B","0.136575033994013"
"PI4KA","0.133987511956051"
"PI4KB","0.133564593292382"
"PIANP","0.133419579300493"
"PIAS1","0.133419579300493"
"PIAS2","0.129967113651232"
"PIAS3","0.133536839440363"
"PIAS4","0.138160490989067"
"PIBF1","0.131726711936245"
"PICALM","0.1323659481438"
"PICK1","0.136578525916837"
"PID1","0.129847970396464"
"PIDD1","0.132296558044132"
"PIEZO1","0.133536839440363"
"PIEZO2","0.133536839440363"
"PIF1","0.134930369644734"
"PIFO","0.141155801383855"
"PIGA","0.13443415863702"
"PIGB","0.132028595853266"
"PIGBOS1","0.134930369644734"
"PIGC","0.133419579300493"
"PIGF","0.138046932086219"
"PIGG","0.134810532439734"
"PIGH","0.135984863079279"
"PIGK","0.133536839440363"
"PIGL","0.136575033994013"
"PIGM","0.137446686159826"
"PIGN","0.134930369644734"
"PIGO","0.1323659481438"
"PIGP","0.133987511956051"
"PIGQ","0.134810532439734"
"PIGR","0.132874164157727"
"PIGS","0.136521945589775"
"PIGT","0.133124958696774"
"PIGU","0.134572500566276"
"PIGV","0.136521945589775"
"PIGW","0.134810532439734"
"PIGX","0.131726711936245"
"PIGZ","0.131726711936245"
"PIH1D1","0.133419579300493"
"PIH1D2","0.135984863079279"
"PIH1D3","0.136521945589775"
"PIK3AP1","0.133987511956051"
"PIK3C2A","0.132520328863354"
"PIK3C2B","0.133536839440363"
"PIK3C2G","0.135984863079279"
"PIK3C3","0.137185549693725"
"PIK3CA","0.133419579300493"
"PIK3CB","0.133536839440363"
"PIK3CD","0.131726711936245"
"PIK3CD-AS1","0.134229127725264"
"PIK3CD-AS2","0.135713686746766"
"PIK3CG","0.136768903513567"
"PIK3IP1","0.138046932086219"
"PIK3IP1-AS1","0.131644120746594"
"PIK3R1","0.13443415863702"
"PIK3R2","0.133564593292382"
"PIK3R3","0.136290932574417"
"PIK3R4","0.133124958696774"
"PIK3R5","0.133419579300493"
"PIK3R6","0.13443415863702"
"PIKFYVE","0.133536839440363"
"PILRA","0.134572500566276"
"PILRB","0.132028595853266"
"PIM1","0.137584006170907"
"PIM2","0.133536839440363"
"PIM3","0.136290932574417"
"PIN1","0.136768903513567"
"PIN4","0.137185549693725"
"PINK1","0.136290932574417"
"PINK1-AS","0.136521945589775"
"PINLYP","0.139732702226574"
"PINX1","0.133536839440363"
"PIP","0.138136307952417"
"PIP4K2A","0.136578525916837"
"PIP4K2B","0.131644120746594"
"PIP4K2C","0.139732702226574"
"PIP5K1A","0.136768903513567"
"PIP5K1B","0.13443415863702"
"PIP5K1C","0.134810532439734"
"PIP5KL1","0.132028595853266"
"PIPOX","0.13443415863702"
"PIR","0.136521945589775"
"PIRT","0.13443415863702"
"PISD","0.134810532439734"
"PISRT1","0.134930369644734"
"PITHD1","0.136578525916837"
"PITPNA","0.13443415863702"
"PITPNA-AS1","0.136290932574417"
"PITPNB","0.133536839440363"
"PITPNC1","0.136290932574417"
"PITPNM1","0.136575033994013"
"PITPNM2","0.137584006170907"
"PITPNM3","0.133721957321576"
"PITRM1","0.134355690780866"
"PITRM1-AS1","0.13672961611272"
"PITX1","0.13443415863702"
"PITX2","0.13443415863702"
"PITX3","0.135984863079279"
"PIWIL1","0.133564593292382"
"PIWIL2","0.134930369644734"
"PIWIL3","0.133419579300493"
"PIWIL4","0.136290932574417"
"PJA1","0.133721957321576"
"PJA2","0.133536839440363"
"PKD1","0.135984863079279"
"PKD1L1","0.138547415042154"
"PKD1L3","0.131140295867022"
"PKD2","0.130765805460082"
"PKD2L1","0.135984863079279"
"PKD2L2","0.1323659481438"
"PKDCC","0.136290932574417"
"PKDREJ","0.132296558044132"
"PKHD1","0.132028595853266"
"PKHD1L1","0.133564593292382"
"PKI55","0.133419579300493"
"PKIA","0.132028595853266"
"PKIA-AS1","0.13443415863702"
"PKIB","0.132535449866538"
"PKIG","0.132309106012328"
"PKLR","0.134810532439734"
"PKM","0.133536839440363"
"PKMYT1","0.136531442553959"
"PKN1","0.133536839440363"
"PKN2","0.135695717956321"
"PKN2-AS1","0.133564593292382"
"PKN3","0.136635105592549"
"PKNOX1","0.135713686746766"
"PKNOX2","0.135713686746766"
"PKP1","0.134408562216389"
"PKP2","0.133419579300493"
"PKP3","0.135713686746766"
"PKP4","0.134152338463371"
"PLA1A","0.134572500566276"
"PLA2G10","0.133564593292382"
"PLA2G12A","0.13443415863702"
"PLA2G12B","0.132415493809418"
"PLA2G15","0.136575033994013"
"PLA2G16","0.1323659481438"
"PLA2G1B","0.136768903513567"
"PLA2G2A","0.135713686746766"
"PLA2G2C","0.131726711936245"
"PLA2G2D","0.135713686746766"
"PLA2G2F","0.133124958696774"
"PLA2G3","0.13443415863702"
"PLA2G4A","0.130252312428531"
"PLA2G4B","0.132874164157727"
"PLA2G4C","0.131140295867022"
"PLA2G4C-AS1","0.132296558044132"
"PLA2G4D","0.134572500566276"
"PLA2G4E","0.134828968766598"
"PLA2G4E-AS1","0.132415493809418"
"PLA2G4F","0.134610185735025"
"PLA2G5","0.131726711936245"
"PLA2G6","0.133419579300493"
"PLA2G7","0.1323659481438"
"PLA2R1","0.133419579300493"
"PLAA","0.132874164157727"
"PLAC1","0.134572500566276"
"PLAC8","0.136290932574417"
"PLAC8L1","0.13443415863702"
"PLAC9","0.132874164157727"
"PLAG1","0.134930369644734"
"PLAGL1","0.135713686746766"
"PLAGL2","0.136575033994013"
"PLAT","0.133419579300493"
"PLAU","0.132535449866538"
"PLAUR","0.133564593292382"
"PLB1","0.136768903513567"
"PLBD1","0.133536839440363"
"PLBD1-AS1","0.133124958696774"
"PLBD2","0.135713686746766"
"PLCB1","0.134930369644734"
"PLCB2","0.13443415863702"
"PLCB3","0.135713686746766"
"PLCB4","0.136290932574417"
"PLCD1","0.136578525916837"
"PLCD3","0.134668048919338"
"PLCD4","0.134930369644734"
"PLCE1","0.136578525916837"
"PLCE1-AS1","0.134572500566276"
"PLCE1-AS2","0.134930369644734"
"PLCG1","0.133536839440363"
"PLCG1-AS1","0.135984863079279"
"PLCG2","0.136578525916837"
"PLCH1","0.133721957321576"
"PLCH2","0.133564593292382"
"PLCL1","0.134930369644734"
"PLCL2","0.135713686746766"
"PLCL2-AS1","0.13443415863702"
"PLCXD1","0.134828968766598"
"PLCXD2","0.135713686746766"
"PLCXD2-AS1","0.136290932574417"
"PLCXD3","0.13443415863702"
"PLCZ1","0.136575033994013"
"PLD1","0.136575033994013"
"PLD2","0.134355690780866"
"PLD3","0.134572500566276"
"PLD4","0.134828968766598"
"PLD5","0.134828968766598"
"PLD6","0.132415493809418"
"PLEC","0.133536839440363"
"PLEK","0.136768903513567"
"PLEK2","0.134152338463371"
"PLEKHA1","0.135984863079279"
"PLEKHA2","0.133564593292382"
"PLEKHA3","0.133124958696774"
"PLEKHA4","0.1323659481438"
"PLEKHA5","0.138136307952417"
"PLEKHA6","0.133419579300493"
"PLEKHA7","0.134930369644734"
"PLEKHA8","0.132028595853266"
"PLEKHB1","0.133536839440363"
"PLEKHB2","0.136578525916837"
"PLEKHD1","0.135984863079279"
"PLEKHF1","0.136290932574417"
"PLEKHF2","0.137913554918594"
"PLEKHG1","0.132415493809418"
"PLEKHG2","0.136578525916837"
"PLEKHG3","0.134152338463371"
"PLEKHG4","0.13672961611272"
"PLEKHG4B","0.136521945589775"
"PLEKHG5","0.134152338463371"
"PLEKHG6","0.132874164157727"
"PLEKHG7","0.132874164157727"
"PLEKHH1","0.132415493809418"
"PLEKHH2","0.135713686746766"
"PLEKHH3","0.135713686746766"
"PLEKHJ1","0.135984863079279"
"PLEKHM1","0.136575033994013"
"PLEKHM2","0.133536839440363"
"PLEKHM3","0.136575033994013"
"PLEKHN1","0.134101646488381"
"PLEKHO1","0.137382274653002"
"PLEKHO2","0.136578525916837"
"PLEKHS1","0.133536839440363"
"PLG","0.134930369644734"
"PLGLB1","0.136290932574417"
"PLGLB2","0.134572500566276"
"PLGRKT","0.136768903513567"
"PLIN1","0.133721957321576"
"PLIN2","0.134152338463371"
"PLIN3","0.136290932574417"
"PLIN4","0.137382274653002"
"PLIN5","0.136635616027737"
"PLK1","0.13672961611272"
"PLK2","0.135713686746766"
"PLK3","0.138108848980557"
"PLK4","0.138547415042154"
"PLK5","0.136635616027737"
"PLLP","0.13672961611272"
"PLN","0.136290932574417"
"PLOD1","0.138151108834089"
"PLOD2","0.13672961611272"
"PLOD3","0.136521945589775"
"PLP1","0.137382274653002"
"PLP2","0.136578525916837"
"PLPP1","0.135713686746766"
"PLPP2","0.135713686746766"
"PLPP3","0.136531442553959"
"PLPP4","0.136290932574417"
"PLPP5","0.134828968766598"
"PLPP6","0.137185549693725"
"PLPP7","0.137382274653002"
"PLPPR1","0.134152338463371"
"PLPPR2","0.134668048919338"
"PLPPR3","0.134668048919338"
"PLPPR4","0.138160490989067"
"PLPPR5","0.136521945589775"
"PLRG1","0.134668048919338"
"PLS1","0.137806919733785"
"PLS3","0.134355690780866"
"PLS3-AS1","0.133721957321576"
"PLSCR1","0.135984863079279"
"PLSCR2","0.135984863079279"
"PLSCR4","0.133361805816198"
"PLSCR5","0.140873880334804"
"PLTP","0.135984863079279"
"PLVAP","0.136768903513567"
"PLXDC1","0.133481912994229"
"PLXDC2","0.137806919733785"
"PLXNA1","0.136578525916837"
"PLXNA2","0.138547415042154"
"PLXNA3","0.133564593292382"
"PLXNA4","0.139117609974345"
"PLXNB1","0.137382274653002"
"PLXNB2","0.134930369644734"
"PLXNB3","0.136578525916837"
"PLXNC1","0.137806919733785"
"PLXND1","0.135695717956321"
"PM20D1","0.134572500566276"
"PM20D2","0.135984863079279"
"PMAIP1","0.13672961611272"
"PMCH","0.138011387024616"
"PMEL","0.134828968766598"
"PMEPA1","0.137382274653002"
"PMF1","0.136290932574417"
"PMF1-BGLAP","0.132946573381298"
"PMFBP1","0.138108848980557"
"PML","0.134627809546866"
"PMM1","0.132415493809418"
"PMM2","0.134828968766598"
"PMP2","0.137806919733785"
"PMP22","0.136575033994013"
"PMPCA","0.137603807820305"
"PMPCB","0.137382274653002"
"PMS1","0.139117609974345"
"PMS2","0.137382274653002"
"PMVK","0.136635616027737"
"PNCK","0.137382274653002"
"PNISR","0.134355690780866"
"PNKD","0.13672961611272"
"PNKP","0.1323659481438"
"PNLDC1","0.141145467093328"
"PNLIP","0.133361805816198"
"PNLIPRP1","0.135713686746766"
"PNLIPRP3","0.136575033994013"
"PNMA1","0.13278762255523"
"PNMA2","0.137739675894483"
"PNMA3","0.135629787122658"
"PNMA5","0.136635616027737"
"PNMA6A","0.13443415863702"
"PNMAL1","0.137382274653002"
"PNMAL2","0.137304236756352"
"PNMT","0.135984863079279"
"PNN","0.133716669217351"
"PNO1","0.137129650848366"
"PNOC","0.140873880334804"
"PNP","0.138547415042154"
"PNPLA1","0.137382274653002"
"PNPLA2","0.138151108834089"
"PNPLA3","0.136768903513567"
"PNPLA4","0.136711302908015"
"PNPLA5","0.136768903513567"
"PNPLA6","0.13887672026587"
"PNPLA7","0.138151108834089"
"PNPLA8","0.136580165978433"
"PNPO","0.136578525916837"
"PNPT1","0.137958844276654"
"PNRC1","0.137304236756352"
"PNRC2","0.139732702226574"
"POC1A","0.136768903513567"
"POC1B","0.135984863079279"
"POC1B-GALNT4","0.139756037383211"
"POC5","0.138547415042154"
"PODN","0.138055906319108"
"PODNL1","0.138046932086219"
"PODXL","0.133536839440363"
"PODXL2","0.137129650848366"
"POF1B","0.134930369644734"
"POFUT1","0.136580165978433"
"POFUT2","0.136575033994013"
"POGK","0.141145467093328"
"POGLUT1","0.136768903513567"
"POGZ","0.138151108834089"
"POLA1","0.136768903513567"
"POLA2","0.137739675894483"
"POLB","0.136575033994013"
"POLD1","0.136768903513567"
"POLD2","0.136635616027737"
"POLD3","0.136578525916837"
"POLD4","0.138108848980557"
"POLDIP2","0.138046932086219"
"POLDIP3","0.133716669217351"
"POLE","0.137958844276654"
"POLE2","0.13672961611272"
"POLE3","0.136575033994013"
"POLE4","0.138151108834089"
"POLG","0.138160490989067"
"POLG2","0.137958844276654"
"POLH","0.136711302908015"
"POLI","0.136635616027737"
"POLK","0.136635616027737"
"POLL","0.13672961611272"
"POLM","0.136575033994013"
"POLN","0.134355690780866"
"POLQ","0.136578525916837"
"POLR1A","0.137739675894483"
"POLR1B","0.137719874245085"
"POLR1C","0.140826711661519"
"POLR1D","0.138151108834089"
"POLR1E","0.137129650848366"
"POLR2A","0.138046932086219"
"POLR2B","0.134627809546866"
"POLR2C","0.136521945589775"
"POLR2D","0.135713686746766"
"POLR2E","0.137129650848366"
"POLR2F","0.136290932574417"
"POLR2G","0.136635616027737"
"POLR2H","0.133536839440363"
"POLR2I","0.138151108834089"
"POLR2J","0.136768903513567"
"POLR2J2","0.137958844276654"
"POLR2J3","0.13672961611272"
"POLR2K","0.136768903513567"
"POLR2L","0.139756037383211"
"POLR2M","0.138160490989067"
"POLR3A","0.136768903513567"
"POLR3B","0.134152338463371"
"POLR3C","0.136580165978433"
"POLR3D","0.138046932086219"
"POLR3E","0.136521945589775"
"POLR3F","0.138108848980557"
"POLR3G","0.139117609974345"
"POLR3GL","0.137739675894483"
"POLR3H","0.135713686746766"
"POLR3K","0.137304236756352"
"POLRMT","0.134355690780866"
"POM121","0.141278722849105"
"POM121C","0.13887672026587"
"POM121L2","0.135984863079279"
"POM121L7","0.137129650848366"
"POMC","0.137382274653002"
"POMGNT1","0.138160490989067"
"POMGNT2","0.137958844276654"
"POMK","0.136580165978433"
"POMP","0.137958844276654"
"POMT1","0.140873880334804"
"POMT2","0.137304236756352"
"POMZP3","0.136575033994013"
"PON1","0.137304236756352"
"PON2","0.133469984936777"
"PON3","0.133716669217351"
"POP1","0.136635616027737"
"POP4","0.136290932574417"
"POP5","0.141278722849105"
"POP7","0.136521945589775"
"POPDC2","0.133716669217351"
"POPDC3","0.136521945589775"
"POR","0.138046932086219"
"PORCN","0.135984863079279"
"POSTN","0.137382274653002"
"POT1","0.141712478107178"
"POT1-AS1","0.139117609974345"
"POTEC","0.137129650848366"
"POTEE","0.136521945589775"
"POTEF","0.13887672026587"
"POTEG","0.138046932086219"
"POTEH","0.136521945589775"
"POTEI","0.134152338463371"
"POTEJ","0.135713686746766"
"POU1F1","0.133536839440363"
"POU2AF1","0.134828968766598"
"POU2F1","0.137382274653002"
"POU2F2","0.135713686746766"
"POU2F3","0.141712478107178"
"POU3F1","0.134355690780866"
"POU3F2","0.140187083000174"
"POU3F3","0.134930369644734"
"POU3F4","0.133497194803177"
"POU4F1","0.13887672026587"
"POU4F2","0.138160490989067"
"POU5F1","0.140826711661519"
"POU5F1B","0.136578525916837"
"POU5F2","0.137958844276654"
"POU6F1","0.138160490989067"
"POU6F2","0.137739675894483"
"POU6F2-AS1","0.137958844276654"
"POU6F2-AS2","0.13887672026587"
"PP12613","0.137124964701448"
"PP2D1","0.136521945589775"
"PP7080","0.139021579778298"
"PPA1","0.140826711661519"
"PPA2","0.137958844276654"
"PPAN","0.136290932574417"
"PPAN-P2RY11","0.13672961611272"
"PPARA","0.137382274653002"
"PPARD","0.136743674553474"
"PPARG","0.13672961611272"
"PPARGC1A","0.13887672026587"
"PPARGC1B","0.139117609974345"
"PPAT","0.137129650848366"
"PPBP","0.138151108834089"
"PPCDC","0.13672961611272"
"PPCS","0.137739675894483"
"PPDPF","0.13672961611272"
"PPEF1","0.13887672026587"
"PPEF2","0.13672961611272"
"PPFIA1","0.138160490989067"
"PPFIA2","0.138547415042154"
"PPFIA3","0.137382274653002"
"PPFIA4","0.138132113647924"
"PPFIBP1","0.138046932086219"
"PPFIBP2","0.139756037383211"
"PPHLN1","0.138160490989067"
"PPIA","0.134930369644734"
"PPIAL4A","0.137382274653002"
"PPIAL4D","0.137958844276654"
"PPIAL4E","0.141145467093328"
"PPIAL4G","0.136578525916837"
"PPIB","0.138151108834089"
"PPIC","0.13887672026587"
"PPID","0.138747771044214"
"PPIE","0.137129650848366"
"PPIF","0.134930369644734"
"PPIG","0.133497194803177"
"PPIH","0.137739675894483"
"PPIL1","0.136521945589775"
"PPIL2","0.138108848980557"
"PPIL3","0.136575033994013"
"PPIL4","0.135713686746766"
"PPIL6","0.138160490989067"
"PPIP5K1","0.137958844276654"
"PPIP5K2","0.138160490989067"
"PPL","0.137958844276654"
"PPM1A","0.137739675894483"
"PPM1B","0.136768903513567"
"PPM1D","0.139117609974345"
"PPM1E","0.140873880334804"
"PPM1F","0.137958844276654"
"PPM1G","0.137739675894483"
"PPM1H","0.134152338463371"
"PPM1J","0.137739675894483"
"PPM1K","0.134610185735025"
"PPM1L","0.136768903513567"
"PPM1M","0.133716669217351"
"PPM1N","0.140873880334804"
"PPME1","0.13887672026587"
"PPOX","0.137958844276654"
"PPP1CA","0.136635616027737"
"PPP1CB","0.138151108834089"
"PPP1CC","0.137129650848366"
"PPP1R10","0.140187083000174"
"PPP1R11","0.138547415042154"
"PPP1R12A","0.137739675894483"
"PPP1R12B","0.137958844276654"
"PPP1R12C","0.137129650848366"
"PPP1R13B","0.140873880334804"
"PPP1R13L","0.136635616027737"
"PPP1R14A","0.137304236756352"
"PPP1R14B","0.142722920644045"
"PPP1R14C","0.136580165978433"
"PPP1R14D","0.137382274653002"
"PPP1R15A","0.137304236756352"
"PPP1R15B","0.138547415042154"
"PPP1R16A","0.138151108834089"
"PPP1R16B","0.138547415042154"
"PPP1R17","0.134229127725264"
"PPP1R18","0.138046932086219"
"PPP1R1A","0.136578525916837"
"PPP1R1B","0.138108848980557"
"PPP1R1C","0.137244954641922"
"PPP1R2","0.140873880334804"
"PPP1R21","0.136711302908015"
"PPP1R26","0.138108848980557"
"PPP1R26-AS1","0.138108848980557"
"PPP1R27","0.140826711661519"
"PPP1R32","0.137739675894483"
"PPP1R35","0.136711302908015"
"PPP1R36","0.133536839440363"
"PPP1R37","0.13887672026587"
"PPP1R3A","0.133469984936777"
"PPP1R3B","0.136575033994013"
"PPP1R3C","0.13672961611272"
"PPP1R3D","0.137382274653002"
"PPP1R3E","0.139021579778298"
"PPP1R3F","0.136290932574417"
"PPP1R3G","0.139117609974345"
"PPP1R42","0.137958844276654"
"PPP1R7","0.136768903513567"
"PPP1R8","0.137129650848366"
"PPP1R9A","0.138046932086219"
"PPP1R9B","0.138547415042154"
"PPP2CA","0.138160490989067"
"PPP2CB","0.133469984936777"
"PPP2R1A","0.136768903513567"
"PPP2R1B","0.137958844276654"
"PPP2R2A","0.139117609974345"
"PPP2R2B","0.138160490989067"
"PPP2R2C","0.135713686746766"
"PPP2R2D","0.13887672026587"
"PPP2R3A","0.136768903513567"
"PPP2R3B","0.136635616027737"
"PPP2R3C","0.139756037383211"
"PPP2R4","0.135713686746766"
"PPP2R5A","0.138547415042154"
"PPP2R5B","0.137129650848366"
"PPP2R5C","0.137958844276654"
"PPP2R5D","0.138160490989067"
"PPP2R5E","0.138160490989067"
"PPP3CA","0.139117609974345"
"PPP3CB","0.139756037383211"
"PPP3CC","0.138108848980557"
"PPP3R1","0.136580165978433"
"PPP3R2","0.134355690780866"
"PPP4C","0.137129650848366"
"PPP4R1","0.137958844276654"
"PPP4R1-AS1","0.136575033994013"
"PPP4R2","0.136578525916837"
"PPP4R3A","0.140826711661519"
"PPP4R3B","0.138151108834089"
"PPP4R4","0.139706677500438"
"PPP5C","0.135713686746766"
"PPP5D1","0.137382274653002"
"PPP6C","0.136578525916837"
"PPP6R1","0.139091585248209"
"PPP6R2","0.138160490989067"
"PPP6R3","0.136290932574417"
"PPRC1","0.140873880334804"
"PPT1","0.13672961611272"
"PPT2","0.135713686746766"
"PPT2-EGFL8","0.136531442553959"
"PPTC7","0.138547415042154"
"PPWD1","0.138160490989067"
"PPY","0.139756037383211"
"PQBP1","0.138151108834089"
"PQLC1","0.138108848980557"
"PQLC2","0.139091585248209"
"PQLC2L","0.138151108834089"
"PQLC3","0.137382274653002"
"PRAC1","0.136521945589775"
"PRAC2","0.138046932086219"
"PRADC1","0.136575033994013"
"PRAF2","0.137958844276654"
"PRAM1","0.136711302908015"
"PRAME","0.137304236756352"
"PRAMEF8","0.140826711661519"
"PRAP1","0.13887672026587"
"PRB2","0.137017268698192"
"PRB3","0.140611518967444"
"PRC1","0.139091585248209"
"PRC1-AS1","0.141328206171249"
"PRCAT47","0.13672961611272"
"PRCC","0.137958844276654"
"PRCD","0.140873880334804"
"PRCP","0.141145467093328"
"PRDM1","0.137017268698192"
"PRDM10","0.137017268698192"
"PRDM11","0.135713686746766"
"PRDM12","0.135713686746766"
"PRDM13","0.136580165978433"
"PRDM14","0.136768903513567"
"PRDM15","0.138547415042154"
"PRDM16","0.141328206171249"
"PRDM2","0.137129650848366"
"PRDM4","0.134828968766598"
"PRDM5","0.142052398968676"
"PRDM6","0.138046932086219"
"PRDM7","0.136635616027737"
"PRDM8","0.138547415042154"
"PRDM9","0.140187083000174"
"PRDX1","0.137382274653002"
"PRDX2","0.137739675894483"
"PRDX3","0.138151108834089"
"PRDX4","0.137382274653002"
"PRDX5","0.139091585248209"
"PRDX6","0.13887672026587"
"PREB","0.139091585248209"
"PRELID1","0.137017268698192"
"PRELID2","0.138160490989067"
"PRELID3A","0.140873880334804"
"PRELID3B","0.14222042416118"
"PRELP","0.138151108834089"
"PREP","0.138046932086219"
"PREPL","0.138160490989067"
"PREX1","0.136290932574417"
"PREX2","0.136768903513567"
"PRF1","0.137304236756352"
"PRG2","0.138547415042154"
"PRG3","0.13887672026587"
"PRG4","0.136768903513567"
"PRH1","0.140611518967444"
"PRH1-PRR4","0.137382274653002"
"PRH2","0.141412598178311"
"PRICKLE1","0.140611518967444"
"PRICKLE2","0.138547415042154"
"PRICKLE2-AS1","0.137719874245085"
"PRICKLE2-AS3","0.133716669217351"
"PRICKLE3","0.136768903513567"
"PRICKLE4","0.138151108834089"
"PRIM1","0.13672961611272"
"PRIM2","0.138108848980557"
"PRIMA1","0.138046932086219"
"PRIMPOL","0.137382274653002"
"PRKAA1","0.137958844276654"
"PRKAA2","0.138108848980557"
"PRKAB1","0.137210877194268"
"PRKAB2","0.135984863079279"
"PRKACA","0.139091585248209"
"PRKACB","0.140826711661519"
"PRKAG1","0.140873880334804"
"PRKAG2","0.139091585248209"
"PRKAG2-AS1","0.137382274653002"
"PRKAG3","0.138151108834089"
"PRKAR1A","0.138160490989067"
"PRKAR1B","0.138160490989067"
"PRKAR2A","0.139756037383211"
"PRKAR2A-AS1","0.141145467093328"
"PRKAR2B","0.139756037383211"
"PRKCA","0.140611518967444"
"PRKCA-AS1","0.140873880334804"
"PRKCB","0.141145467093328"
"PRKCD","0.141315499389247"
"PRKCDBP","0.141145467093328"
"PRKCE","0.137382274653002"
"PRKCG","0.136580165978433"
"PRKCH","0.142895994473568"
"PRKCI","0.138160490989067"
"PRKCQ","0.137304236756352"
"PRKCSH","0.140873880334804"
"PRKCZ","0.140710345768676"
"PRKD1","0.141658729461358"
"PRKD2","0.139024799914189"
"PRKD3","0.138547415042154"
"PRKDC","0.135984863079279"
"PRKG1","0.137739675894483"
"PRKG1-AS1","0.141658729461358"
"PRKG2","0.137210877194268"
"PRKRA","0.141872771524478"
"PRKRIP1","0.142585548153751"
"PRKRIR","0.141315499389247"
"PRKX","0.138046932086219"
"PRKX-AS1","0.135984863079279"
"PRL","0.140873880334804"
"PRLH","0.14140836258431"
"PRLHR","0.140611518967444"
"PRLR","0.139091585248209"
"PRM1","0.141328206171249"
"PRM2","0.140611518967444"
"PRM3","0.137382274653002"
"PRMT1","0.139756037383211"
"PRMT2","0.136768903513567"
"PRMT3","0.140873880334804"
"PRMT5","0.137017268698192"
"PRMT5-AS1","0.139091585248209"
"PRMT6","0.137304236756352"
"PRMT7","0.140611518967444"
"PRMT8","0.138547415042154"
"PRMT9","0.137898853827255"
"PRNCR1","0.140611518967444"
"PRND","0.138547415042154"
"PRNP","0.136290932574417"
"PROB1","0.143085287226697"
"PROC","0.13887672026587"
"PROCA1","0.141278722849105"
"PROCR","0.138160490989067"
"PRODH","0.141278722849105"
"PRODH2","0.138046932086219"
"PROK1","0.140873880334804"
"PROK2","0.138046932086219"
"PROKR1","0.140187083000174"
"PROM1","0.141145467093328"
"PROM2","0.137266776039628"
"PRORY","0.141973090820871"
"PROS1","0.135984863079279"
"PROSC","0.140187083000174"
"PROSER1","0.140873880334804"
"PROSER2","0.141140724957925"
"PROSER2-AS1","0.138108848980557"
"PROSER3","0.140187083000174"
"PROX1","0.139091585248209"
"PROX1-AS1","0.136575360262109"
"PROX2","0.140873880334804"
"PROZ","0.141973090820871"
"PRPF18","0.141315499389247"
"PRPF19","0.140826711661519"
"PRPF3","0.141315499389247"
"PRPF31","0.137382274653002"
"PRPF38A","0.137739675894483"
"PRPF38B","0.137958844276654"
"PRPF39","0.137382274653002"
"PRPF4","0.138547415042154"
"PRPF40A","0.140873880334804"
"PRPF40B","0.137382274653002"
"PRPF4B","0.140840938067727"
"PRPF6","0.138160490989067"
"PRPF8","0.137739675894483"
"PRPH","0.137304236756352"
"PRPH2","0.13685103455684"
"PRPS1","0.140873880334804"
"PRPS1L1","0.141768158031641"
"PRPS2","0.139756037383211"
"PRPSAP1","0.140611518967444"
"PRPSAP2","0.141477985196157"
"PRR11","0.141768158031641"
"PRR12","0.138160490989067"
"PRR13","0.141300730206557"
"PRR14","0.138046932086219"
"PRR14L","0.140187083000174"
"PRR15","0.136580165978433"
"PRR15L","0.141278722849105"
"PRR16","0.141658729461358"
"PRR18","0.139756037383211"
"PRR19","0.140873880334804"
"PRR22","0.141658729461358"
"PRR23C","0.140187083000174"
"PRR23D2","0.141315499389247"
"PRR25","0.138151108834089"
"PRR26","0.138046932086219"
"PRR27","0.137739675894483"
"PRR29","0.142703114664857"
"PRR29-AS1","0.139982052249431"
"PRR3","0.141412598178311"
"PRR31","0.14222042416118"
"PRR32","0.141145467093328"
"PRR33","0.136846348409922"
"PRR34","0.136580165978433"
"PRR34-AS1","0.13685103455684"
"PRR35","0.141477985196157"
"PRR36","0.141278722849105"
"PRR4","0.141145467093328"
"PRR5","0.137382274653002"
"PRR5-ARHGAP8","0.141999529570595"
"PRR5L","0.140187083000174"
"PRR7","0.138046932086219"
"PRR7-AS1","0.141872771524478"
"PRR9","0.140826711661519"
"PRRC1","0.137382274653002"
"PRRC2A","0.140187083000174"
"PRRC2B","0.141315499389247"
"PRRC2C","0.141315499389247"
"PRRG1","0.138151108834089"
"PRRG2","0.138046932086219"
"PRRG3","0.137043083663644"
"PRRG4","0.140611518967444"
"PRRT1","0.140826711661519"
"PRRT2","0.138160490989067"
"PRRT3","0.137958844276654"
"PRRT3-AS1","0.140187083000174"
"PRRT4","0.140187083000174"
"PRRX1","0.140187083000174"
"PRRX2","0.141412598178311"
"PRRX2-AS1","0.136768903513567"
"PRSS1","0.137958844276654"
"PRSS12","0.141335541957067"
"PRSS16","0.141477985196157"
"PRSS2","0.141278722849105"
"PRSS21","0.138108848980557"
"PRSS22","0.138046932086219"
"PRSS23","0.141315499389247"
"PRSS27","0.140826711661519"
"PRSS3","0.138151108834089"
"PRSS33","0.137739675894483"
"PRSS35","0.137017268698192"
"PRSS36","0.141712478107178"
"PRSS37","0.13887672026587"
"PRSS38","0.141315499389247"
"PRSS42","0.136635616027737"
"PRSS45","0.138046932086219"
"PRSS46","0.137382274653002"
"PRSS48","0.139091585248209"
"PRSS50","0.136768903513567"
"PRSS51","0.138547338654035"
"PRSS53","0.138046932086219"
"PRSS54","0.13887672026587"
"PRSS55","0.141315499389247"
"PRSS56","0.136580165978433"
"PRSS57","0.140826711661519"
"PRSS58","0.141335541957067"
"PRSS8","0.141278722849105"
"PRTFDC1","0.138108848980557"
"PRTG","0.141278722849105"
"PRTN3","0.139091585248209"
"PRUNE","0.141328206171249"
"PRUNE2","0.137161730909019"
"PRX","0.139091585248209"
"PSAP","0.138011387024616"
"PSAPL1","0.139091585248209"
"PSAT1","0.14222042416118"
"PSCA","0.141278722849105"
"PSD","0.13887672026587"
"PSD2","0.141999529570595"
"PSD3","0.140611518967444"
"PSD4","0.138108848980557"
"PSEN1","0.137382274653002"
"PSEN2","0.140826711661519"
"PSENEN","0.139091585248209"
"PSG1","0.136768903513567"
"PSG2","0.141278722849105"
"PSG3","0.137958844276654"
"PSG4","0.14205152163031"
"PSG5","0.140187083000174"
"PSG6","0.141872771524478"
"PSG8","0.137958844276654"
"PSG9","0.13887672026587"
"PSIP1","0.13685103455684"
"PSKH1","0.140873880334804"
"PSKH2","0.14113420451566"
"PSMA1","0.140826711661519"
"PSMA2","0.141973090820871"
"PSMA3","0.138108848980557"
"PSMA3-AS1","0.141145467093328"
"PSMA4","0.141768158031641"
"PSMA5","0.14272712142657"
"PSMA6","0.138151108834089"
"PSMA7","0.139756037383211"
"PSMA8","0.138547338654035"
"PSMB1","0.138046932086219"
"PSMB10","0.137304236756352"
"PSMB11","0.141973090820871"
"PSMB2","0.137043083663644"
"PSMB3","0.137739675894483"
"PSMB4","0.141768158031641"
"PSMB5","0.136575360262109"
"PSMB6","0.138747694656095"
"PSMB7","0.138046932086219"
"PSMB8","0.140826711661519"
"PSMB8-AS1","0.139091585248209"
"PSMB9","0.137382274653002"
"PSMC1","0.141872771524478"
"PSMC2","0.138091334731236"
"PSMC3","0.138547338654035"
"PSMC3IP","0.139091585248209"
"PSMC4","0.140826711661519"
"PSMC5","0.140611518967444"
"PSMC6","0.138151108834089"
"PSMD1","0.141328206171249"
"PSMD10","0.136635616027737"
"PSMD11","0.141315499389247"
"PSMD12","0.139091585248209"
"PSMD13","0.14222042416118"
"PSMD14","0.136557829367745"
"PSMD2","0.141872771524478"
"PSMD3","0.141412598178311"
"PSMD4","0.14272712142657"
"PSMD5","0.138151108834089"
"PSMD5-AS1","0.141335541957067"
"PSMD6","0.138151108834089"
"PSMD6-AS2","0.14272712142657"
"PSMD7","0.138547338654035"
"PSMD8","0.142052398968676"
"PSMD9","0.140187083000174"
"PSME1","0.142387227727551"
"PSME2","0.138151108834089"
"PSME3","0.136285579164866"
"PSME4","0.141944191728349"
"PSMF1","0.140611518967444"
"PSMG1","0.140611518967444"
"PSMG2","0.137739675894483"
"PSMG3","0.140187083000174"
"PSMG3-AS1","0.136768903513567"
"PSMG4","0.141335541957067"
"PSORS1C1","0.141145467093328"
"PSORS1C2","0.140611518967444"
"PSPC1","0.141872771524478"
"PSPH","0.14140836258431"
"PSPN","0.141973090820871"
"PSRC1","0.138747694656095"
"PSTK","0.141315499389247"
"PSTPIP1","0.14272712142657"
"PSTPIP2","0.141145467093328"
"PTAFR","0.141145467093328"
"PTAR1","0.141768158031641"
"PTBP1","0.141412598178311"
"PTBP2","0.141872771524478"
"PTBP3","0.140187083000174"
"PTCD1","0.143120944641579"
"PTCD2","0.142624405508549"
"PTCD3","0.14272712142657"
"PTCH1","0.141768158031641"
"PTCH2","0.141315499389247"
"PTCHD1","0.141658729461358"
"PTCHD1-AS","0.14140836258431"
"PTCHD2","0.141944191728349"
"PTCHD3","0.142387227727551"
"PTCHD4","0.142387227727551"
"PTCRA","0.143676788946564"
"PTCSC2","0.140611518967444"
"PTCSC3","0.143201344176419"
"PTDSS1","0.141315499389247"
"PTDSS2","0.142895994473568"
"PTEN","0.141278722849105"
"PTENP1-AS","0.141768158031641"
"PTER","0.141412598178311"
"PTF1A","0.141872771524478"
"PTGDR","0.14402025716743"
"PTGDR2","0.141477985196157"
"PTGDS","0.140840938067727"
"PTGER1","0.142895994473568"
"PTGER2","0.141973090820871"
"PTGER3","0.142895994473568"
"PTGER4","0.141412598178311"
"PTGES","0.141278722849105"
"PTGES2","0.14222042416118"
"PTGES2-AS1","0.141412598178311"
"PTGES3","0.140724572174884"
"PTGES3L","0.139091585248209"
"PTGES3L-AARSD1","0.141335541957067"
"PTGFR","0.142052398968676"
"PTGFRN","0.137739675894483"
"PTGIR","0.139662985680828"
"PTGIS","0.138747694656095"
"PTGR1","0.141315499389247"
"PTGR2","0.14272712142657"
"PTGS1","0.138747694656095"
"PTGS2","0.14222042416118"
"PTH1R","0.138108848980557"
"PTH2","0.141854855309205"
"PTH2R","0.137161730909019"
"PTHLH","0.142052398968676"
"PTK2","0.141145467093328"
"PTK2B","0.142624405508549"
"PTK6","0.141412598178311"
"PTK7","0.143201344176419"
"PTMA","0.140187083000174"
"PTMS","0.137958844276654"
"PTN","0.140611518967444"
"PTOV1","0.14222042416118"
"PTOV1-AS1","0.142895994473568"
"PTOV1-AS2","0.137958844276654"
"PTP4A1","0.141315499389247"
"PTP4A2","0.139836446704189"
"PTP4A3","0.143201344176419"
"PTPDC1","0.141999529570595"
"PTPMT1","0.141854855309205"
"PTPN1","0.141315499389247"
"PTPN11","0.136768903513567"
"PTPN12","0.143934761257049"
"PTPN13","0.141999529570595"
"PTPN14","0.138151108834089"
"PTPN18","0.142895994473568"
"PTPN2","0.141335541957067"
"PTPN20","0.138747694656095"
"PTPN21","0.141645024969547"
"PTPN22","0.141658729461358"
"PTPN23","0.141315499389247"
"PTPN3","0.141973090820871"
"PTPN4","0.141145467093328"
"PTPN5","0.142387227727551"
"PTPN6","0.141145467093328"
"PTPN7","0.140611518967444"
"PTPN9","0.137304236756352"
"PTPRA","0.139091585248209"
"PTPRB","0.139091585248209"
"PTPRC","0.141335541957067"
"PTPRCAP","0.141278722849105"
"PTPRD","0.14222042416118"
"PTPRD-AS1","0.143120944641579"
"PTPRD-AS2","0.143120944641579"
"PTPRE","0.142052398968676"
"PTPRF","0.141999529570595"
"PTPRG","0.14347612024514"
"PTPRH","0.139836446704189"
"PTPRJ","0.141658729461358"
"PTPRJ-AS1","0.137383359756005"
"PTPRK","0.142052398968676"
"PTPRM","0.141412598178311"
"PTPRN","0.139756037383211"
"PTPRN2","0.139836446704189"
"PTPRO","0.141145467093328"
"PTPRQ","0.142624405508549"
"PTPRR","0.141854855309205"
"PTPRS","0.142203093474608"
"PTPRT","0.142624405508549"
"PTPRU","0.142387227727551"
"PTPRZ1","0.142387227727551"
"PTRF","0.143954988789758"
"PTRH1","0.137161730909019"
"PTRH2","0.141412598178311"
"PTRHD1","0.141854855309205"
"PTS","0.140187083000174"
"PTTG1","0.141658729461358"
"PTTG1IP","0.141335541957067"
"PTTG2","0.141999529570595"
"PTX3","0.142387227727551"
"PTX4","0.142703114664857"
"PUDP","0.141335541957067"
"PUF60","0.142895994473568"
"PUM1","0.140611518967444"
"PUM2","0.141854855309205"
"PUM3","0.142624405508549"
"PURA","0.140840938067727"
"PURB","0.141999529570595"
"PURG","0.141278722849105"
"PUS1","0.138151108834089"
"PUS10","0.14222042416118"
"PUS3","0.140611518967444"
"PUS7","0.141477985196157"
"PUS7L","0.137304236756352"
"PUSL1","0.143676788946564"
"PVALB","0.141335541957067"
"PVR","0.143954988789758"
"PVRIG","0.14222042416118"
"PVRL1","0.143120944641579"
"PVRL2","0.141658729461358"
"PVRL3","0.141973090820871"
"PVRL3-AS1","0.14140836258431"
"PVRL4","0.14402025716743"
"PVT1","0.138747694656095"
"PWAR6","0.141335541957067"
"PWP1","0.141973090820871"
"PWP2","0.137739675894483"
"PWRN1","0.144640683105648"
"PWRN2","0.136846348409922"
"PWRN4","0.141477985196157"
"PWWP2A","0.140724572174884"
"PWWP2B","0.136290932574417"
"PXDC1","0.142387227727551"
"PXDN","0.141658729461358"
"PXDNL","0.142387227727551"
"PXK","0.140187083000174"
"PXMP2","0.141335541957067"
"PXMP4","0.143676788946564"
"PXN","0.138083248641493"
"PXN-AS1","0.141412598178311"
"PXT1","0.142387227727551"
"PXYLP1","0.142052398968676"
"PYCARD","0.139382173093916"
"PYCARD-AS1","0.143201344176419"
"PYCR1","0.142052398968676"
"PYCR2","0.140724572174884"
"PYCRL","0.141477985196157"
"PYDC1","0.141315499389247"
"PYDC2","0.137287854661269"
"PYGB","0.141278722849105"
"PYGL","0.14272712142657"
"PYGM","0.141278722849105"
"PYGO1","0.141477985196157"
"PYGO2","0.143201344176419"
"PYHIN1","0.13723195581591"
"PYM1","0.141412598178311"
"PYROXD1","0.141658729461358"
"PYROXD2","0.141145467093328"
"PYURF","0.142052398968676"
"PYY","0.141973090820871"
"PZP","0.14347612024514"
"QARS","0.143676788946564"
"QDPR","0.141658729461358"
"QKI","0.140991416798005"
"QPCT","0.141854855309205"
"QPCTL","0.143899292284656"
"QPRT","0.141477985196157"
"QRFP","0.144869977128091"
"QRFPR","0.137739675894483"
"QRICH1","0.141999529570595"
"QRICH2","0.141145467093328"
"QRSL1","0.143579218668442"
"QSER1","0.142052398968676"
"QSOX1","0.141477985196157"
"QSOX2","0.142703114664857"
"QTRT1","0.14222042416118"
"QTRTD1","0.14222042416118"
"R3HCC1","0.142637007856124"
"R3HCC1L","0.143201344176419"
"R3HDM1","0.142703114664857"
"R3HDM2","0.139925799908965"
"R3HDM4","0.141477985196157"
"R3HDML","0.146079879894758"
"RAB10","0.14272712142657"
"RAB11A","0.139382173093916"
"RAB11B","0.14140836258431"
"RAB11B-AS1","0.137326125013815"
"RAB11FIP1","0.136498822603521"
"RAB11FIP2","0.14347612024514"
"RAB11FIP3","0.138055789669633"
"RAB11FIP4","0.14222042416118"
"RAB11FIP5","0.142624405508549"
"RAB12","0.141335541957067"
"RAB13","0.141412598178311"
"RAB14","0.142387227727551"
"RAB15","0.140724572174884"
"RAB17","0.142624405508549"
"RAB18","0.14222042416118"
"RAB19","0.141412598178311"
"RAB1A","0.138750673039015"
"RAB1B","0.143120944641579"
"RAB20","0.142387227727551"
"RAB21","0.141412598178311"
"RAB22A","0.141335541957067"
"RAB23","0.142895994473568"
"RAB24","0.14272712142657"
"RAB25","0.141278722849105"
"RAB26","0.142052398968676"
"RAB27A","0.140724572174884"
"RAB27B","0.143201344176419"
"RAB28","0.141278722849105"
"RAB29","0.139730642029221"
"RAB2A","0.141315499389247"
"RAB2B","0.140724572174884"
"RAB30","0.141315499389247"
"RAB30-AS1","0.142895994473568"
"RAB31","0.139730642029221"
"RAB32","0.140151814775185"
"RAB33A","0.140062461570409"
"RAB33B","0.143899292284656"
"RAB34","0.139382173093916"
"RAB35","0.141335541957067"
"RAB36","0.138750673039015"
"RAB37","0.136711302908015"
"RAB38","0.141145467093328"
"RAB39A","0.143120944641579"
"RAB39B","0.139730642029221"
"RAB3A","0.138151108834089"
"RAB3B","0.141870595588613"
"RAB3C","0.141278722849105"
"RAB3D","0.141335541957067"
"RAB3GAP1","0.142703114664857"
"RAB3GAP2","0.141973090820871"
"RAB3IL1","0.14222042416118"
"RAB3IP","0.138151108834089"
"RAB40A","0.143201344176419"
"RAB40AL","0.137326125013815"
"RAB40B","0.138750673039015"
"RAB40C","0.138169196973468"
"RAB41","0.140613965661154"
"RAB42","0.141335541957067"
"RAB43","0.138151108834089"
"RAB44","0.142703114664857"
"RAB4A","0.138750673039015"
"RAB4B","0.141477985196157"
"RAB5A","0.141278722849105"
"RAB5B","0.142052398968676"
"RAB5C","0.143899292284656"
"RAB6A","0.141335541957067"
"RAB6B","0.141278722849105"
"RAB6C","0.143954988789758"
"RAB7A","0.141278722849105"
"RAB7B","0.142703114664857"
"RAB8A","0.143120944641579"
"RAB8B","0.138169196973468"
"RAB9A","0.141854855309205"
"RAB9B","0.137739675894483"
"RABAC1","0.143784044829336"
"RABEP1","0.142387227727551"
"RABEP2","0.137326125013815"
"RABEPK","0.142895994473568"
"RABGAP1","0.141278722849105"
"RABGAP1L","0.138169196973468"
"RABGEF1","0.142895994473568"
"RABGGTA","0.141973090820871"
"RABGGTB","0.137739675894483"
"RABIF","0.141477985196157"
"RABL2A","0.143120944641579"
"RABL2B","0.141854855309205"
"RABL3","0.141973090820871"
"RABL6","0.139091585248209"
"RAC1","0.141477985196157"
"RAC2","0.139091585248209"
"RAC3","0.141658729461358"
"RACGAP1","0.141328206171249"
"RAD1","0.141477985196157"
"RAD17","0.142895994473568"
"RAD18","0.141854855309205"
"RAD21","0.143201344176419"
"RAD21-AS1","0.138750673039015"
"RAD21L1","0.141278722849105"
"RAD23A","0.139096591102473"
"RAD23B","0.14222042416118"
"RAD50","0.141477985196157"
"RAD51","0.141412598178311"
"RAD51AP1","0.143579218668442"
"RAD51AP2","0.138169196973468"
"RAD51B","0.139091585248209"
"RAD51C","0.140613965661154"
"RAD51D","0.139091585248209"
"RAD52","0.138750673039015"
"RAD54B","0.142052398968676"
"RAD54L","0.140613965661154"
"RAD54L2","0.138055789669633"
"RAD9A","0.138169196973468"
"RAD9B","0.142703114664857"
"RADIL","0.141145467093328"
"RAE1","0.139382173093916"
"RAET1E","0.141477985196157"
"RAET1E-AS1","0.141658729461358"
"RAET1G","0.143120944641579"
"RAET1L","0.141477985196157"
"RAF1","0.141477985196157"
"RAG1","0.139382173093916"
"RAG2","0.141315499389247"
"RAI1","0.141973090820871"
"RAI1-AS1","0.139382173093916"
"RAI14","0.142624405508549"
"RAI2","0.141278722849105"
"RALA","0.140613965661154"
"RALB","0.139091585248209"
"RALBP1","0.137161730909019"
"RALGAPA1","0.141999529570595"
"RALGAPA2","0.137739675894483"
"RALGAPB","0.141412598178311"
"RALGDS","0.139091585248209"
"RALGPS1","0.139382173093916"
"RALGPS2","0.142387227727551"
"RALY","0.141477985196157"
"RALY-AS1","0.139382173093916"
"RALYL","0.139382173093916"
"RAMP1","0.136846348409922"
"RAMP2","0.141854855309205"
"RAMP2-AS1","0.142703114664857"
"RAMP3","0.143201344176419"
"RAN","0.143899292284656"
"RANBP1","0.141412598178311"
"RANBP10","0.138151108834089"
"RANBP17","0.14272712142657"
"RANBP2","0.14140836258431"
"RANBP3","0.139332813211142"
"RANBP3L","0.142895994473568"
"RANBP6","0.141335541957067"
"RANBP9","0.141977978782708"
"RANGAP1","0.141278722849105"
"RANGRF","0.138169196973468"
"RAP1A","0.141278722849105"
"RAP1B","0.141189774641398"
"RAP1GAP","0.141412598178311"
"RAP1GAP2","0.141977978782708"
"RAP1GDS1","0.139730642029221"
"RAP2A","0.141412598178311"
"RAP2B","0.141658729461358"
"RAP2C","0.141645024969547"
"RAP2C-AS1","0.143201344176419"
"RAPGEF1","0.143120944641579"
"RAPGEF2","0.141916334502511"
"RAPGEF3","0.137161730909019"
"RAPGEF4","0.141412598178311"
"RAPGEF4-AS1","0.14140836258431"
"RAPGEF5","0.139382173093916"
"RAPGEF6","0.140613965661154"
"RAPGEFL1","0.139382173093916"
"RAPH1","0.138017166968567"
"RAPSN","0.139382173093916"
"RARA","0.141315499389247"
"RARA-AS1","0.141412598178311"
"RARB","0.143201344176419"
"RARG","0.141916334502511"
"RARRES1","0.141980610797809"
"RARRES2","0.141869519194717"
"RARRES3","0.14140836258431"
"RARS","0.138169196973468"
"RARS2","0.139382173093916"
"RASA1","0.14272712142657"
"RASA2","0.139730642029221"
"RASA3","0.138110775628541"
"RASA4","0.137043083663644"
"RASA4B","0.137326125013815"
"RASAL1","0.143899292284656"
"RASAL2","0.142387227727551"
"RASAL2-AS1","0.141335541957067"
"RASAL3","0.143899292284656"
"RASD1","0.141658729461358"
"RASD2","0.138110775628541"
"RASEF","0.139091585248209"
"RASGEF1A","0.143676788946564"
"RASGEF1B","0.138151108834089"
"RASGEF1C","0.141477985196157"
"RASGRF1","0.142624405508549"
"RASGRF2","0.144065884781509"
"RASGRF2-AS1","0.141980610797809"
"RASGRP1","0.140613965661154"
"RASGRP2","0.141335541957067"
"RASGRP3","0.139091585248209"
"RASGRP4","0.139730642029221"
"RASIP1","0.143201344176419"
"RASL10A","0.142703114664857"
"RASL10B","0.139091585248209"
"RASL11A","0.140613965661154"
"RASL11B","0.141916334502511"
"RASL12","0.141278722849105"
"RASSF1","0.139382173093916"
"RASSF1-AS1","0.141335541957067"
"RASSF10","0.141854855309205"
"RASSF2","0.142387227727551"
"RASSF3","0.141477985196157"
"RASSF4","0.141278722849105"
"RASSF5","0.138017166968567"
"RASSF6","0.137326125013815"
"RASSF7","0.141916334502511"
"RASSF8","0.142624405508549"
"RASSF8-AS1","0.143201344176419"
"RASSF9","0.142387227727551"
"RAVER1","0.141335541957067"
"RAVER2","0.14222042416118"
"RAX","0.141916334502511"
"RAX2","0.141477985196157"
"RB1","0.141278722849105"
"RB1CC1","0.142895994473568"
"RBAK","0.139091585248209"
"RBAK-RBAKDN","0.140613965661154"
"RBAKDN","0.141854855309205"
"RBBP4","0.141412598178311"
"RBBP5","0.14222042416118"
"RBBP6","0.14272712142657"
"RBBP7","0.14222042416118"
"RBBP8","0.141477985196157"
"RBBP8NL","0.138017166968567"
"RBBP9","0.138151108834089"
"RBCK1","0.138750673039015"
"RBFA","0.138110775628541"
"RBFOX1","0.143120944641579"
"RBFOX2","0.142052398968676"
"RBFOX3","0.139730642029221"
"RBKS","0.141477985196157"
"RBL1","0.143120944641579"
"RBL2","0.139382173093916"
"RBM10","0.142895994473568"
"RBM11","0.141854855309205"
"RBM12","0.139730642029221"
"RBM12B","0.142052398968676"
"RBM14","0.13723195581591"
"RBM14-RBM4","0.141335541957067"
"RBM15","0.141278722849105"
"RBM15B","0.141658729461358"
"RBM17","0.140160355283402"
"RBM18","0.14272712142657"
"RBM19","0.142895994473568"
"RBM20","0.140160355283402"
"RBM22","0.136846348409922"
"RBM23","0.141335541957067"
"RBM24","0.144065884781509"
"RBM25","0.142895994473568"
"RBM26","0.139730642029221"
"RBM26-AS1","0.138151108834089"
"RBM27","0.138110775628541"
"RBM28","0.143579218668442"
"RBM3","0.142624405508549"
"RBM33","0.142703114664857"
"RBM34","0.141980610797809"
"RBM38","0.141916334502511"
"RBM39","0.141658729461358"
"RBM4","0.139730642029221"
"RBM41","0.141145467093328"
"RBM42","0.142387227727551"
"RBM43","0.142052398968676"
"RBM44","0.138151108834089"
"RBM45","0.142387227727551"
"RBM46","0.142624405508549"
"RBM47","0.141658729461358"
"RBM48","0.140160355283402"
"RBM4B","0.141477985196157"
"RBM5","0.141658729461358"
"RBM5-AS1","0.141145467093328"
"RBM6","0.143899292284656"
"RBM7","0.141145467093328"
"RBM8A","0.142624405508549"
"RBMS1","0.140727419010956"
"RBMS2","0.142284284195929"
"RBMS3","0.142284284195929"
"RBMS3-AS2","0.143120944641579"
"RBMS3-AS3","0.143120944641579"
"RBMX","0.141335541957067"
"RBMX2","0.141658729461358"
"RBMXL1","0.142624405508549"
"RBMXL2","0.140727419010956"
"RBMY1E","0.141278722849105"
"RBP1","0.143579218668442"
"RBP2","0.141315499389247"
"RBP3","0.142624405508549"
"RBP4","0.144015533931821"
"RBP5","0.141980610797809"
"RBP7","0.141278722849105"
"RBPJ","0.137161730909019"
"RBPJL","0.139428112748015"
"RBPMS","0.14140836258431"
"RBPMS-AS1","0.14140836258431"
"RBPMS2","0.141916334502511"
"RBSN","0.141980610797809"
"RBX1","0.141980610797809"
"RC3H1","0.142284284195929"
"RC3H2","0.141315499389247"
"RCAN1","0.14140836258431"
"RCAN2","0.141477985196157"
"RCAN3","0.14140836258431"
"RCBTB1","0.142893839805928"
"RCBTB2","0.141278722849105"
"RCC1","0.142052398968676"
"RCC2","0.138169196973468"
"RCCD1","0.14140836258431"
"RCE1","0.139091585248209"
"RCHY1","0.141477985196157"
"RCL1","0.140160355283402"
"RCN1","0.141278722849105"
"RCN2","0.14140836258431"
"RCN3","0.14222042416118"
"RCOR1","0.144065884781509"
"RCOR2","0.141278722849105"
"RCOR3","0.142893839805928"
"RCSD1","0.141278722849105"
"RCVRN","0.138110775628541"
"RD3","0.143468304824271"
"RDH10","0.142703114664857"
"RDH10-AS1","0.141145467093328"
"RDH11","0.142703114664857"
"RDH12","0.142720657423648"
"RDH13","0.141315499389247"
"RDH14","0.142052398968676"
"RDH16","0.141799175384741"
"RDH5","0.141916334502511"
"RDH8","0.141315499389247"
"RDM1","0.141315499389247"
"RDX","0.141854855309205"
"REC114","0.143899292284656"
"REC8","0.14222042416118"
"RECK","0.141916334502511"
"RECQL","0.144065884781509"
"RECQL4","0.142720657423648"
"RECQL5","0.141383229919822"
"REEP1","0.142284284195929"
"REEP2","0.142893839805928"
"REEP3","0.144015533931821"
"REEP4","0.142391770571808"
"REEP5","0.142703114664857"
"REEP6","0.142893839805928"
"REG1A","0.138750673039015"
"REG1B","0.141854855309205"
"REG3A","0.141916334502511"
"REG3G","0.14222042416118"
"REG4","0.140727419010956"
"REL","0.142720657423648"
"RELA","0.143468304824271"
"RELB","0.142893839805928"
"RELL1","0.141916334502511"
"RELL2","0.142284284195929"
"RELN","0.142893839805928"
"RELT","0.143120944641579"
"REM1","0.141278722849105"
"REM2","0.141383229919822"
"REN","0.142624405508549"
"RENBP","0.142624405508549"
"REP15","0.141472052903267"
"REPIN1","0.139091585248209"
"REPS1","0.140160355283402"
"REPS2","0.139428112748015"
"RER1","0.141916334502511"
"RERE","0.141145467093328"
"RERG","0.141799175384741"
"RERG-AS1","0.139382173093916"
"RERGL","0.141980610797809"
"RESP18","0.143834248312072"
"REST","0.141145467093328"
"RET","0.141278722849105"
"RETN","0.142052398968676"
"RETSAT","0.141315499389247"
"REV1","0.141980610797809"
"REV3L","0.142624405508549"
"REXO1","0.141980610797809"
"REXO2","0.140727419010956"
"REXO4","0.139730642029221"
"RFC1","0.142052398968676"
"RFC2","0.141854855309205"
"RFC3","0.142720657423648"
"RFC4","0.141315499389247"
"RFC5","0.141980610797809"
"RFESD","0.141658729461358"
"RFFL","0.140160355283402"
"RFK","0.141315499389247"
"RFNG","0.141145467093328"
"RFPL1","0.14139056570564"
"RFPL1S","0.142703114664857"
"RFPL2","0.141278722849105"
"RFPL3","0.142391770571808"
"RFPL3S","0.137287854661269"
"RFPL4A","0.140160355283402"
"RFPL4AL1","0.143120944641579"
"RFPL4B","0.143120944641579"
"RFT1","0.141315499389247"
"RFTN1","0.139428112748015"
"RFTN2","0.141430939427835"
"RFWD2","0.143899292284656"
"RFWD3","0.141854855309205"
"RFX1","0.141916334502511"
"RFX2","0.141477985196157"
"RFX3","0.143742062514124"
"RFX3-AS1","0.141278722849105"
"RFX4","0.143120944641579"
"RFX5","0.141189774641398"
"RFX6","0.141315499389247"
"RFX7","0.138750673039015"
"RFX8","0.141477985196157"
"RFXANK","0.139091585248209"
"RFXAP","0.141430939427835"
"RGAG1","0.141278722849105"
"RGAG4","0.142624405508549"
"RGCC","0.142703114664857"
"RGL1","0.142893839805928"
"RGL2","0.141854855309205"
"RGL3","0.141477985196157"
"RGL4","0.141189774641398"
"RGMA","0.141300730206557"
"RGMB","0.141430939427835"
"RGMB-AS1","0.141315499389247"
"RGN","0.140727419010956"
"RGP1","0.141916334502511"
"RGPD1","0.143834248312072"
"RGPD2","0.138026742607949"
"RGPD3","0.141854855309205"
"RGPD4","0.138750673039015"
"RGPD4-AS1","0.14139056570564"
"RGPD5","0.142284284195929"
"RGPD6","0.139730642029221"
"RGPD8","0.139428112748015"
"RGR","0.141430939427835"
"RGS1","0.14139056570564"
"RGS10","0.139091585248209"
"RGS11","0.141916334502511"
"RGS12","0.141854855309205"
"RGS13","0.137383359756005"
"RGS14","0.142284284195929"
"RGS16","0.14140836258431"
"RGS17","0.140482801791978"
"RGS18","0.141430939427835"
"RGS19","0.140160355283402"
"RGS2","0.142703114664857"
"RGS20","0.141854855309205"
"RGS22","0.141145467093328"
"RGS3","0.139278764093281"
"RGS4","0.139730642029221"
"RGS5","0.141145467093328"
"RGS6","0.13788093600999"
"RGS7","0.13788093600999"
"RGS7BP","0.141854855309205"
"RGS8","0.138169196973468"
"RGS9","0.140160355283402"
"RGS9BP","0.141278722849105"
"RGSL1","0.137326125013815"
"RHAG","0.142893839805928"
"RHBDD1","0.140482801791978"
"RHBDD2","0.142391770571808"
"RHBDD3","0.139730642029221"
"RHBDF1","0.139730642029221"
"RHBDF2","0.141278722849105"
"RHBDL1","0.142284284195929"
"RHBDL2","0.138026742607949"
"RHBDL3","0.137326125013815"
"RHBG","0.137739675894483"
"RHCE","0.140160355283402"
"RHCG","0.137304236756352"
"RHD","0.142391770571808"
"RHEB","0.141477985196157"
"RHEBL1","0.140160355283402"
"RHNO1","0.14139056570564"
"RHO","0.141477985196157"
"RHOA","0.142391770571808"
"RHOB","0.139428112748015"
"RHOBTB1","0.141063928020335"
"RHOBTB2","0.141315499389247"
"RHOBTB3","0.142284284195929"
"RHOC","0.142624405508549"
"RHOD","0.143742062514124"
"RHOF","0.141063928020335"
"RHOG","0.139091585248209"
"RHOH","0.139091585248209"
"RHOJ","0.142624405508549"
"RHOQ","0.137326125013815"
"RHOT1","0.141063928020335"
"RHOT2","0.140160355283402"
"RHOU","0.13788093600999"
"RHOV","0.142624405508549"
"RHOXF1","0.141658729461358"
"RHOXF1-AS1","0.142391770571808"
"RHOXF2","0.139278764093281"
"RHOXF2B","0.141430939427835"
"RHPN1","0.140482801791978"
"RHPN1-AS1","0.139091585248209"
"RHPN2","0.138747694656095"
"RIBC1","0.141430939427835"
"RIBC2","0.137739675894483"
"RIC1","0.141799175384741"
"RIC3","0.138026742607949"
"RIC8A","0.144706852783136"
"RIC8B","0.141063928020335"
"RICTOR","0.141477985196157"
"RIF1","0.139278764093281"
"RIIAD1","0.137326125013815"
"RILP","0.141477985196157"
"RILPL1","0.141980610797809"
"RILPL2","0.14139056570564"
"RIMBP2","0.140160355283402"
"RIMBP3","0.134963208678881"
"RIMBP3C","0.138151108834089"
"RIMKLA","0.141477985196157"
"RIMKLB","0.136802806245124"
"RIMS1","0.140482801791978"
"RIMS2","0.136969040386477"
"RIMS3","0.134584589314394"
"RIMS4","0.14139056570564"
"RIN1","0.133469984936777"
"RIN2","0.139730642029221"
"RIN3","0.138750673039015"
"RING1","0.141430939427835"
"RINL","0.141799175384741"
"RINT1","0.140160355283402"
"RIOK1","0.140160355283402"
"RIOK2","0.136802806245124"
"RIOK3","0.137043083663644"
"RIPK1","0.137043083663644"
"RIPK2","0.138169196973468"
"RIPK3","0.139730642029221"
"RIPK4","0.138026742607949"
"RIPPLY1","0.136575360262109"
"RIPPLY2","0.141980610797809"
"RIPPLY3","0.137304236756352"
"RIT1","0.138956505703028"
"RIT2","0.140160355283402"
"RITA1","0.138151108834089"
"RLBP1","0.140160355283402"
"RLF","0.138956505703028"
"RLIM","0.141315499389247"
"RLN1","0.142284284195929"
"RLN2","0.141278722849105"
"RLTPR","0.141063928020335"
"RMDN1","0.140160355283402"
"RMDN2","0.141315499389247"
"RMDN2-AS1","0.138151108834089"
"RMDN3","0.138956505703028"
"RMI1","0.137739675894483"
"RMI2","0.138151108834089"
"RMND1","0.139278764093281"
"RMND5A","0.14044460323747"
"RMND5B","0.134167393699716"
"RMRP","0.14044460323747"
"RN7SL832P","0.141315499389247"
"RNASE1","0.137326125013815"
"RNASE10","0.138956505703028"
"RNASE13","0.14044460323747"
"RNASE2","0.142624405508549"
"RNASE3","0.138017166968567"
"RNASE4","0.139730642029221"
"RNASE6","0.139278764093281"
"RNASE7","0.138169196973468"
"RNASE9","0.141063928020335"
"RNASEH1","0.137383359756005"
"RNASEH1-AS1","0.139730642029221"
"RNASEH2A","0.137383359756005"
"RNASEH2B","0.139428112748015"
"RNASEH2B-AS1","0.138026742607949"
"RNASEH2C","0.13788093600999"
"RNASEK","0.141315499389247"
"RNASEK-C17orf49","0.141063928020335"
"RNASEL","0.137739675894483"
"RNASET2","0.13788093600999"
"RND1","0.140160355283402"
"RND2","0.138956505703028"
"RND3","0.138169196973468"
"RNF10","0.138026742607949"
"RNF103","0.139730642029221"
"RNF103-CHMP3","0.138956505703028"
"RNF11","0.137326125013815"
"RNF111","0.14044460323747"
"RNF112","0.139278764093281"
"RNF113A","0.138110775628541"
"RNF113B","0.137326125013815"
"RNF114","0.138151108834089"
"RNF115","0.137161730909019"
"RNF121","0.138956505703028"
"RNF122","0.139730642029221"
"RNF123","0.139730642029221"
"RNF125","0.142284284195929"
"RNF126","0.138151108834089"
"RNF128","0.137739675894483"
"RNF13","0.142052398968676"
"RNF130","0.141383229919822"
"RNF133","0.137383359756005"
"RNF135","0.138906706390531"
"RNF138","0.13834543440347"
"RNF139","0.140160355283402"
"RNF139-AS1","0.137739675894483"
"RNF14","0.137768402812629"
"RNF141","0.141063928020335"
"RNF144A","0.137043083663644"
"RNF144B","0.13912434536015"
"RNF145","0.137383359756005"
"RNF146","0.140160355283402"
"RNF148","0.137739675894483"
"RNF149","0.139730642029221"
"RNF150","0.137043083663644"
"RNF151","0.138906706390531"
"RNF152","0.138151108834089"
"RNF157","0.137739675894483"
"RNF165","0.141315499389247"
"RNF166","0.141430939427835"
"RNF167","0.137043083663644"
"RNF168","0.13834543440347"
"RNF169","0.136580165978433"
"RNF17","0.14044460323747"
"RNF170","0.13834543440347"
"RNF175","0.137043083663644"
"RNF180","0.138110775628541"
"RNF181","0.137304236756352"
"RNF182","0.138169196973468"
"RNF183","0.137326125013815"
"RNF185","0.136802295809936"
"RNF185-AS1","0.137383359756005"
"RNF186","0.13723195581591"
"RNF187","0.137043083663644"
"RNF19A","0.138026742607949"
"RNF19B","0.137304236756352"
"RNF2","0.137326125013815"
"RNF20","0.137307492065362"
"RNF207","0.138151108834089"
"RNF208","0.138906706390531"
"RNF212","0.142052398968676"
"RNF212B","0.137161730909019"
"RNF213","0.137739675894483"
"RNF214","0.137161730909019"
"RNF215","0.134238807745478"
"RNF216","0.138110775628541"
"RNF217","0.138151108834089"
"RNF217-AS1","0.137043083663644"
"RNF219","0.138151108834089"
"RNF219-AS1","0.136393230498774"
"RNF220","0.138110775628541"
"RNF222","0.134584589314394"
"RNF223","0.13584397520107"
"RNF224","0.137739675894483"
"RNF225","0.137739675894483"
"RNF24","0.138026742607949"
"RNF25","0.137383359756005"
"RNF26","0.136580165978433"
"RNF31","0.135273740500847"
"RNF32","0.138110775628541"
"RNF34","0.137161730909019"
"RNF38","0.13834543440347"
"RNF39","0.13584397520107"
"RNF4","0.140160355283402"
"RNF40","0.139428112748015"
"RNF41","0.13788093600999"
"RNF43","0.137739675894483"
"RNF44","0.139428112748015"
"RNF5","0.139262164322449"
"RNF6","0.141658729461358"
"RNF7","0.137739675894483"
"RNF8","0.136567652600024"
"RNFT1","0.14044460323747"
"RNFT2","0.13834543440347"
"RNGTT","0.138026742607949"
"RNH1","0.138151108834089"
"RNLS","0.134273913707219"
"RNMT","0.134963208678881"
"RNMTL1","0.13834543440347"
"RNPC3","0.137326125013815"
"RNPEP","0.13912434536015"
"RNPEPL1","0.138151108834089"
"RNPS1","0.13834543440347"
"RNU11","0.138169196973468"
"RNU12","0.138110775628541"
"RNU6ATAC35P","0.13912434536015"
"ROBO1","0.13788093600999"
"ROBO2","0.13834543440347"
"ROBO3","0.138151108834089"
"ROBO4","0.139730642029221"
"ROCK1","0.133393531333382"
"ROCK2","0.137161730909019"
"ROGDI","0.14044460323747"
"ROM1","0.135365981645073"
"ROMO1","0.137304236756352"
"ROPN1","0.139278764093281"
"ROPN1B","0.1313815339523"
"ROPN1L","0.137043083663644"
"ROPN1L-AS1","0.136567652600024"
"ROR1","0.134043988049709"
"ROR1-AS1","0.138169196973468"
"ROR2","0.14139056570564"
"RORA","0.137739675894483"
"RORA-AS1","0.137383359756005"
"RORB","0.136580165978433"
"RORC","0.137326125013815"
"ROS1","0.134076947448668"
"RP1","0.137043083663644"
"RP1-100J12.1","0.138110775628541"
"RP1-101D8.1","0.137326125013815"
"RP1-101G11.3","0.134963208678881"
"RP1-101K10.6","0.137326125013815"
"RP1-102D24.5","0.137043083663644"
"RP1-102E24.10","0.136393230498774"
"RP1-102E24.8","0.137739675894483"
"RP1-102G20.5","0.141108235568406"
"RP1-102K2.6","0.13788093600999"
"RP1-102K2.8","0.138110775628541"
"RP1-10C16.1","0.137304236756352"
"RP1-111B22.3","0.137304236756352"
"RP1-111C20.3","0.137043083663644"
"RP1-111C20.4","0.141108235568406"
"RP1-111D6.2","0.134043988049709"
"RP1-111D6.3","0.134167393699716"
"RP1-116K23.1","0.14044460323747"
"RP1-117B12.4","0.140539733326734"
"RP1-117O3.2","0.14044460323747"
"RP1-117P20.3","0.134238807745478"
"RP1-118J21.25","0.138110775628541"
"RP1-118J21.5","0.13788093600999"
"RP1-120G22.11","0.136580165978433"
"RP1-121G13.2","0.137043083663644"
"RP1-122K4.2","0.138906706390531"
"RP1-122K4.3","0.138110775628541"
"RP1-122O8.7","0.139278764093281"
"RP1-122P22.2","0.136567652600024"
"RP1-122P22.4","0.140160355283402"
"RP1-124C6.1","0.139278764093281"
"RP1-125I3.2","0.137287854661269"
"RP1-125N5.2","0.138110775628541"
"RP1-127D3.4","0.136567652600024"
"RP1-127H14.3","0.137043083663644"
"RP1-127L4.7","0.135273740500847"
"RP1-12G14.7","0.139428112748015"
"RP1-12G14.9","0.13584397520107"
"RP1-130H16.18","0.137739675894483"
"RP1-135L22.1","0.139730642029221"
"RP1-136B1.1","0.137307492065362"
"RP1-137D17.1","0.140160355283402"
"RP1-137D17.2","0.137739675894483"
"RP1-137H15.2","0.138906706390531"
"RP1-137K2.2","0.138160043982848"
"RP1-138A5.3","0.138110775628541"
"RP1-138B7.5","0.136802295809936"
"RP1-138B7.7","0.14044460323747"
"RP1-140A9.1","0.138160043982848"
"RP1-140J1.1","0.138026742607949"
"RP1-140K8.1","0.137304236756352"
"RP1-140K8.5","0.138110775628541"
"RP1-142L7.5","0.137161730909019"
"RP1-142L7.8","0.134584589314394"
"RP1-142L7.9","0.139696172362343"
"RP1-144F13.3","0.13723195581591"
"RP1-148H17.1","0.136580165978433"
"RP1-149A16.12","0.134963208678881"
"RP1-149A16.17","0.136580165978433"
"RP1-149A16.3","0.132752677537251"
"RP1-149C7.1","0.136580165978433"
"RP1-149L1.1","0.137304236756352"
"RP1-14D6.7","0.134963208678881"
"RP1-150O5.3","0.137304236756352"
"RP1-151B14.6","0.137326125013815"
"RP1-151F17.1","0.136802806245124"
"RP1-151F17.2","0.138110775628541"
"RP1-153G14.4","0.13788093600999"
"RP1-153P14.5","0.13788093600999"
"RP1-153P14.8","0.136802806245124"
"RP1-154K9.2","0.134238807745478"
"RP1-155D22.2","0.136580165978433"
"RP1-159A19.4","0.136802806245124"
"RP1-15D23.2","0.136393230498774"
"RP1-163G9.2","0.137304236756352"
"RP1-163M9.7","0.134584589314394"
"RP1-166H1.2","0.137287854661269"
"RP1-166H4.2","0.131815346637677"
"RP1-167A14.2","0.133988007970495"
"RP1-167F1.2","0.137326125013815"
"RP1-167G20.1","0.137043083663644"
"RP1-167O22.1","0.136802806245124"
"RP1-168L15.5","0.136802806245124"
"RP1-16A9.1","0.137304236756352"
"RP1-170O19.14","0.138160043982848"
"RP1-170O19.17","0.137043083663644"
"RP1-171K16.5","0.137739675894483"
"RP1-177I10.1","0.134273913707219"
"RP1-178F10.1","0.13912434536015"
"RP1-178F15.4","0.134238807745478"
"RP1-179N16.6","0.138110775628541"
"RP1-179P9.3","0.137287854661269"
"RP1-17K7.2","0.137739675894483"
"RP1-184J9.2","0.133532863421212"
"RP1-187B23.1","0.136393230498774"
"RP1-18D14.7","0.133988007970495"
"RP1-191J18.66","0.13907365750802"
"RP1-193H18.2","0.139428112748015"
"RP1-193H18.3","0.136580165978433"
"RP1-197B17.3","0.138026742607949"
"RP1-197B17.4","0.136580165978433"
"RP1-198K11.5","0.136393230498774"
"RP1-199J3.7","0.136567652600024"
"RP1-202O8.3","0.133393531333382"
"RP1-205F14P.1","0.137161730909019"
"RP1-206D15.6","0.134167393699716"
"RP1-207H1.3","0.13584397520107"
"RP1-209A6.1","0.134273913707219"
"RP1-20B11.2","0.135365981645073"
"RP1-20B21.4","0.137161730909019"
"RP1-20C7.6","0.133469984936777"
"RP1-212P9.3","0.136802806245124"
"RP1-213J1P--B.1","0.134167393699716"
"RP1-221C16.8","0.136393230498774"
"RP1-223B1.1","0.13584397520107"
"RP1-223E5.4","0.136580165978433"
"RP1-224A6.3","0.14044460323747"
"RP1-224A6.9","0.137383359756005"
"RP1-225E12.2","0.136393230498774"
"RP1-228P16.5","0.137043083663644"
"RP1-228P16.8","0.137739675894483"
"RP1-230L10.1","0.134238807745478"
"RP1-232L24.3","0.136802806245124"
"RP1-232N11.2","0.136393230498774"
"RP1-232P20.1","0.136580165978433"
"RP1-234P15.4","0.136802806245124"
"RP1-239B22.5","0.136802806245124"
"RP1-23E21.2","0.134543083811294"
"RP1-244F24.1","0.136567652600024"
"RP1-249F5.3","0.13788093600999"
"RP1-249I4.2","0.13584397520107"
"RP1-251M9.2","0.133124958696774"
"RP1-251M9.3","0.137383359756005"
"RP1-253P7.4","0.134273913707219"
"RP1-256G22.2","0.139730642029221"
"RP1-257A7.4","0.139346473163388"
"RP1-257A7.5","0.138160043982848"
"RP1-261D10.2","0.134253771180738"
"RP1-261G23.5","0.137304236756352"
"RP1-261G23.7","0.136580165978433"
"RP1-265C24.8","0.139278764093281"
"RP1-266L20.2","0.135365981645073"
"RP1-266L20.4","0.133124958696774"
"RP1-267D11.6","0.136567652600024"
"RP1-267L14.3","0.137043083663644"
"RP1-267L14.6","0.138160043982848"
"RP1-269M15.3","0.137304236756352"
"RP1-272L16.1","0.135365981645073"
"RP1-273N12.4","0.136580165978433"
"RP1-274L7.1","0.13723195581591"
"RP1-276E15.1","0.136567652600024"
"RP1-278C19.8","0.136567652600024"
"RP1-278O22.1","0.135365981645073"
"RP1-278O22.2","0.137043083663644"
"RP1-27K12.2","0.134584589314394"
"RP1-27K12.4","0.139278764093281"
"RP1-27O5.3","0.134238807745478"
"RP1-283K11.2","0.138026742607949"
"RP1-283K11.3","0.137161730909019"
"RP1-286D6.5","0.13584397520107"
"RP1-287H17.1","0.137161730909019"
"RP1-288H2.2","0.137043083663644"
"RP1-28H20.3","0.138110775628541"
"RP1-28O10.1","0.134273913707219"
"RP1-290I10.3","0.136393230498774"
"RP1-290I10.5","0.134273913707219"
"RP1-292B18.3","0.137326125013815"
"RP1-292L20.3","0.134584589314394"
"RP1-293L6.1","0.13723195581591"
"RP1-293L8.2","0.136426176717309"
"RP1-29C18.10","0.136567652600024"
"RP1-29C18.9","0.133532863421212"
"RP1-302D9.1","0.136802806245124"
"RP1-302D9.3","0.137326125013815"
"RP1-302G2.5","0.137287854661269"
"RP1-309F20.3","0.137161730909019"
"RP1-309F20.4","0.134963208678881"
"RP1-30E17.2","0.13326998128654"
"RP1-30M3.5","0.137739675894483"
"RP1-30M3.6","0.13788093600999"
"RP1-310O13.7","0.13723195581591"
"RP1-313I6.12","0.136802806245124"
"RP1-313L4.3","0.137304236756352"
"RP1-315G1.3","0.13326998128654"
"RP1-317E23.3","0.138110775628541"
"RP1-32B1.4","0.139378426760959"
"RP1-32I10.10","0.137739675894483"
"RP1-34B20.21","0.135365981645073"
"RP1-34H18.1","0.133393531333382"
"RP1-35C21.1","0.13912434536015"
"RP1-35C21.2","0.13788093600999"
"RP1-37C10.3","0.134861312747074"
"RP1-37E16.12","0.139278764093281"
"RP1-37N7.1","0.137043083663644"
"RP1-39G22.7","0.137161730909019"
"RP1-39J2.1","0.137739675894483"
"RP1-40E16.11","0.139278764093281"
"RP1-40E16.12","0.136802806245124"
"RP1-40E16.2","0.13907365750802"
"RP1-40E16.9","0.137383359756005"
"RP1-41C23.1","0.136969040386477"
"RP1-41C23.4","0.13834543440347"
"RP1-41P2.7","0.137287854661269"
"RP1-43E13.2","0.137287854661269"
"RP1-45C12.1","0.13723195581591"
"RP1-45I4.2","0.140588758992893"
"RP1-45I4.3","0.13723195581591"
"RP1-45N11.1","0.137304236756352"
"RP1-46F2.3","0.136393230498774"
"RP1-4G17.5","0.138160043982848"
"RP1-50J22.4","0.137326125013815"
"RP1-50O24.6","0.137161730909019"
"RP1-55C23.7","0.136393230498774"
"RP1-56K13.2","0.137043083663644"
"RP1-56K13.3","0.137720959348088"
"RP1-56K13.5","0.138160043982848"
"RP1-59D14.1","0.13723195581591"
"RP1-59D14.10","0.136802806245124"
"RP1-59D14.5","0.138110775628541"
"RP1-5O6.5","0.13834543440347"
"RP1-60O19.1","0.137304236756352"
"RP1-60O19.2","0.13834543440347"
"RP1-63G5.8","0.136393230498774"
"RP1-63M2.5","0.137043083663644"
"RP1-63M2.7","0.13723195581591"
"RP1-65J11.5","0.138904040771632"
"RP1-65P5.5","0.137383359756005"
"RP1-66C13.4","0.137739675894483"
"RP1-67K17.4","0.141430939427835"
"RP1-68D18.3","0.138160043982848"
"RP1-68D18.4","0.13912434536015"
"RP1-69D17.3","0.138026742607949"
"RP1-69D17.4","0.138904040771632"
"RP1-69M21.2","0.133988007970495"
"RP1-71H19.2","0.136802806245124"
"RP1-71H24.1","0.13834543440347"
"RP1-74B13.2","0.138110775628541"
"RP1-76B20.11","0.137739675894483"
"RP1-78B3.1","0.137043083663644"
"RP1-78O14.1","0.13788093600999"
"RP1-79C4.1","0.137287854661269"
"RP1-79C4.4","0.138026742607949"
"RP1-7G5.6","0.134584589314394"
"RP1-80N2.2","0.137043083663644"
"RP1-80N2.3","0.137739675894483"
"RP1-81P11.1","0.137161730909019"
"RP1-84O15.2","0.137383359756005"
"RP1-86C11.7","0.138904040771632"
"RP1-86D1.5","0.136569183905588"
"RP1-8B1.4","0.139346473163388"
"RP1-90G24.10","0.132284812381142"
"RP1-90G24.11","0.13912434536015"
"RP1-90G24.6","0.137210877194268"
"RP1-90J20.8","0.137161730909019"
"RP1-90J4.1","0.137382274653002"
"RP1-90K10.4","0.13907365750802"
"RP1-91J24.3","0.139346473163388"
"RP1-92C8.3","0.13834543440347"
"RP1-92O14.3","0.137383359756005"
"RP1-92O14.6","0.13834543440347"
"RP1-93H18.1","0.134963208678881"
"RP1-93H18.6","0.137287854661269"
"RP1-97G4.1","0.138904040771632"
"RP1-97J1.2","0.135039193070389"
"RP11-1000B6.3","0.140588758992893"
"RP11-1000B6.5","0.13907365750802"
"RP11-1000B6.8","0.13834543440347"
"RP11-1006G14.1","0.138110775628541"
"RP11-1006G14.2","0.137383359756005"
"RP11-1007G5.2","0.138160043982848"
"RP11-1007O24.2","0.139378426760959"
"RP11-1007O24.3","0.137161730909019"
"RP11-1008C21.1","0.134273913707219"
"RP11-1008C21.2","0.136802806245124"
"RP11-100K18.1","0.138904040771632"
"RP11-100L22.1","0.13723195581591"
"RP11-100N20.1","0.137739675894483"
"RP11-1012A1.4","0.138110775628541"
"RP11-1017G21.4","0.139730642029221"
"RP11-1017G21.5","0.136268402849216"
"RP11-1017G21.6","0.137043083663644"
"RP11-1018N14.1","0.137043083663644"
"RP11-1018N14.2","0.13912434536015"
"RP11-1018N14.3","0.134167393699716"
"RP11-1018N14.5","0.140539733326734"
"RP11-101C11.1","0.136569183905588"
"RP11-101C21.4","0.139443601595207"
"RP11-101E13.5","0.14044460323747"
"RP11-101E14.3","0.140539733326734"
"RP11-101E5.1","0.137043083663644"
"RP11-101E7.2","0.139346473163388"
"RP11-1020A11.2","0.13907365750802"
"RP11-1022B3.1","0.140539733326734"
"RP11-1023P17.2","0.137161730909019"
"RP11-1026M7.2","0.141315499389247"
"RP11-1026M7.3","0.136268402849216"
"RP11-1029J19.2","0.13788093600999"
"RP11-1029J19.4","0.138026742607949"
"RP11-1029J19.5","0.137383359756005"
"RP11-102C16.3","0.133532863421212"
"RP11-102G14.1","0.13907365750802"
"RP11-102L12.2","0.136802806245124"
"RP11-102M11.2","0.136569183905588"
"RP11-102N11.1","0.13907365750802"
"RP11-102N12.2","0.138904040771632"
"RP11-102N12.3","0.137739675894483"
"RP11-1030E3.1","0.137161730909019"
"RP11-1033H12.1","0.137304236756352"
"RP11-1035H13.2","0.14139056570564"
"RP11-1035H13.3","0.138110775628541"
"RP11-1036E20.9","0.139278764093281"
"RP11-1038A11.1","0.13912434536015"
"RP11-1038A11.3","0.139278764093281"
"RP11-103C16.2","0.139278764093281"
"RP11-103H7.2","0.140160355283402"
"RP11-103H7.3","0.137739675894483"
"RP11-103H7.5","0.141383229919822"
"RP11-103J17.1","0.141472052903267"
"RP11-103J8.1","0.139378426760959"
"RP11-103J8.2","0.137739675894483"
"RP11-1042B17.3","0.13907365750802"
"RP11-1049A21.2","0.135039193070389"
"RP11-1049H7.2","0.134914438420727"
"RP11-104E19.1","0.139730642029221"
"RP11-104H15.8","0.137383359756005"
"RP11-104H15.9","0.141120333173291"
"RP11-104J23.1","0.13912434536015"
"RP11-104J23.2","0.138904040771632"
"RP11-104L21.3","0.136569183905588"
"RP11-104N10.1","0.137739675894483"
"RP11-104O19.4","0.13912434536015"
"RP11-1055B8.10","0.13912434536015"
"RP11-1055B8.2","0.139346473163388"
"RP11-1055B8.3","0.13788093600999"
"RP11-1055B8.4","0.139730642029221"
"RP11-1055B8.9","0.135039193070389"
"RP11-1057B6.1","0.139378426760959"
"RP11-1057B8.2","0.13723195581591"
"RP11-1058N17.1","0.137326125013815"
"RP11-105C19.1","0.136268402849216"
"RP11-105C19.2","0.137383359756005"
"RP11-105N14.1","0.141223010356383"
"RP11-105N14.2","0.13788093600999"
"RP11-105N14.3","0.13907365750802"
"RP11-1060G2.2","0.138026742607949"
"RP11-1060J15.4","0.136802806245124"
"RP11-1060J15.7","0.137383359756005"
"RP11-1060J15.9","0.138026742607949"
"RP11-1069G10.1","0.135438200704444"
"RP11-1069G10.2","0.137043083663644"
"RP11-106E15.1","0.138160043982848"
"RP11-106M3.2","0.139346473163388"
"RP11-106M3.3","0.138160043982848"
"RP11-106M7.1","0.141120333173291"
"RP11-1070A24.2","0.13788093600999"
"RP11-1070N10.3","0.139730642029221"
"RP11-1070N10.4","0.140160355283402"
"RP11-1070N10.5","0.136802806245124"
"RP11-1070N10.7","0.138160043982848"
"RP11-1072A3.4","0.13912434536015"
"RP11-1072C15.4","0.138160043982848"
"RP11-1078H9.1","0.137307492065362"
"RP11-1078H9.5","0.140588758992893"
"RP11-1079H9.1","0.137739675894483"
"RP11-1079K10.2","0.141315499389247"
"RP11-1079K10.3","0.13907365750802"
"RP11-1079K10.4","0.140160355283402"
"RP11-107D24.2","0.140588758992893"
"RP11-107E5.4","0.138110775628541"
"RP11-107F6.3","0.138160043982848"
"RP11-107I14.4","0.13912434536015"
"RP11-107M16.2","0.13723195581591"
"RP11-107N15.1","0.139443601595207"
"RP11-1080G15.1","0.138110775628541"
"RP11-1080G15.2","0.13912434536015"
"RP11-1081L13.4","0.139346473163388"
"RP11-1081M5.1","0.140884376472011"
"RP11-1081M5.2","0.138026742607949"
"RP11-1082L8.3","0.13912434536015"
"RP11-1082L8.4","0.137326125013815"
"RP11-1084A12.2","0.140539733326734"
"RP11-1084E5.1","0.13834543440347"
"RP11-1084I9.1","0.137043083663644"
"RP11-1085N6.2","0.13834543440347"
"RP11-1085N6.5","0.138110775628541"
"RP11-108H9.1","0.140588758992893"
"RP11-108K14.12","0.13834543440347"
"RP11-108K14.8","0.13834543440347"
"RP11-108K3.1","0.138110775628541"
"RP11-108K3.2","0.138110775628541"
"RP11-108L7.14","0.138160043982848"
"RP11-108L7.15","0.136268402849216"
"RP11-108L7.4","0.140884376472011"
"RP11-108M12.3","0.138160043982848"
"RP11-108M9.1","0.138160043982848"
"RP11-108M9.2","0.137161730909019"
"RP11-108M9.3","0.139378426760959"
"RP11-108M9.4","0.139443601595207"
"RP11-108M9.6","0.138026742607949"
"RP11-108O10.2","0.139711661209535"
"RP11-108O10.8","0.135039193070389"
"RP11-108P20.2","0.137326125013815"
"RP11-108P20.3","0.13912434536015"
"RP11-108P20.4","0.141430939427835"
"RP11-1090M7.1","0.142391770571808"
"RP11-1094H24.3","0.139730642029221"
"RP11-1094H24.4","0.14044460323747"
"RP11-1094M14.10","0.136802806245124"
"RP11-1094M14.11","0.14044460323747"
"RP11-1094M14.12","0.138110775628541"
"RP11-1096G20.5","0.140160355283402"
"RP11-1099M24.7","0.135438200704444"
"RP11-109A6.2","0.138026742607949"
"RP11-109A6.3","0.13912434536015"
"RP11-109D20.1","0.138160043982848"
"RP11-109D20.2","0.13834543440347"
"RP11-109D9.4","0.13723195581591"
"RP11-109E12.1","0.138026742607949"
"RP11-109E24.1","0.137304236756352"
"RP11-109E24.2","0.137383359756005"
"RP11-109G23.3","0.136802806245124"
"RP11-109J4.1","0.139278764093281"
"RP11-109M17.2","0.138904040771632"
"RP11-109M19.1","0.13723195581591"
"RP11-109N23.4","0.141236847155487"
"RP11-109P11.1","0.137304236756352"
"RP11-109P14.10","0.138904040771632"
"RP11-109P14.9","0.139730642029221"
"RP11-109P6.2","0.13907365750802"
"RP11-10A14.3","0.138110775628541"
"RP11-10A14.4","0.135438200704444"
"RP11-10A14.5","0.13912434536015"
"RP11-10A14.6","0.138026742607949"
"RP11-10A14.9","0.13834543440347"
"RP11-10C24.1","0.140160355283402"
"RP11-10C24.2","0.136802806245124"
"RP11-10C24.3","0.140160355283402"
"RP11-10C8.2","0.13834543440347"
"RP11-10H3.1","0.138904040771632"
"RP11-10J18.3","0.134167393699716"
"RP11-10J21.3","0.139278764093281"
"RP11-10J21.4","0.137326125013815"
"RP11-10J21.5","0.137383359756005"
"RP11-10J21.6","0.139378426760959"
"RP11-10J5.1","0.137739675894483"
"RP11-10K16.1","0.137043083663644"
"RP11-10K17.6","0.137739675894483"
"RP11-10L12.4","0.13723195581591"
"RP11-10L7.1","0.139443601595207"
"RP11-10N16.2","0.139378426760959"
"RP11-10N16.3","0.137161730909019"
"RP11-10N23.2","0.13834543440347"
"RP11-10N23.4","0.139443601595207"
"RP11-10N23.5","0.139278764093281"
"RP11-10O17.3","0.139346473163388"
"RP11-10O22.1","0.13912434536015"
"RP11-1100L3.7","0.140160355283402"
"RP11-1100L3.8","0.137304236756352"
"RP11-1101H11.1","0.137739675894483"
"RP11-1102P16.1","0.140539733326734"
"RP11-1103G16.1","0.14044460323747"
"RP11-1105G2.3","0.137739675894483"
"RP11-1105G2.4","0.13834543440347"
"RP11-1109F11.3","0.138160043982848"
"RP11-1109F11.5","0.140539733326734"
"RP11-1109M24.5","0.139378426760959"
"RP11-110A12.2","0.139278764093281"
"RP11-110G21.1","0.137326125013815"
"RP11-110H1.8","0.136802806245124"
"RP11-110I1.11","0.137326125013815"
"RP11-110I1.12","0.137043083663644"
"RP11-110I1.13","0.13788093600999"
"RP11-110I1.14","0.138110775628541"
"RP11-110I1.6","0.136802806245124"
"RP11-110L15.1","0.14171726994492"
"RP11-1112C15.2","0.138904040771632"
"RP11-1112J20.2","0.13834543440347"
"RP11-1113L8.1","0.136802806245124"
"RP11-1114A5.4","0.139262164322449"
"RP11-1114I9.1","0.141236847155487"
"RP11-111A21.1","0.139378426760959"
"RP11-111A22.1","0.13907365750802"
"RP11-111D3.2","0.137326125013815"
"RP11-111E14.1","0.137383359756005"
"RP11-111F5.3","0.138904040771632"
"RP11-111F5.4","0.139730642029221"
"RP11-111H13.1","0.13788093600999"
"RP11-111H3.3","0.1352558502485"
"RP11-111I12.1","0.135039193070389"
"RP11-111J6.2","0.13834543440347"
"RP11-111K18.1","0.138904040771632"
"RP11-111K18.2","0.137383359756005"
"RP11-111M22.2","0.138026742607949"
"RP11-111M22.3","0.13788093600999"
"RP11-111M22.4","0.139300533509289"
"RP11-111M22.5","0.139346473163388"
"RP11-1123I8.1","0.13834543440347"
"RP11-1124B17.1","0.138026742607949"
"RP11-1127D7.1","0.136477863885666"
"RP11-112J3.15","0.13788093600999"
"RP11-112J3.16","0.13833330302993"
"RP11-112L6.2","0.136569183905588"
"RP11-112L6.3","0.135663941047853"
"RP11-112L7.1","0.14044460323747"
"RP11-1134I14.8","0.137161730909019"
"RP11-1136G11.8","0.138110775628541"
"RP11-1136G4.1","0.139730642029221"
"RP11-1136G4.2","0.13907365750802"
"RP11-1136J12.1","0.138026742607949"
"RP11-113I22.1","0.137043083663644"
"RP11-113K21.4","0.137291109970279"
"RP11-1140I5.1","0.138160043982848"
"RP11-1143G9.4","0.136477863885666"
"RP11-1143G9.5","0.136477863885666"
"RP11-1145L24.1","0.139346473163388"
"RP11-1148L6.5","0.13912434536015"
"RP11-1148L6.9","0.138160043982848"
"RP11-1148O4.2","0.137383359756005"
"RP11-1149M10.1","0.13907365750802"
"RP11-1149M10.2","0.138904040771632"
"RP11-1149O23.2","0.13788093600999"
"RP11-1149O23.4","0.13912434536015"
"RP11-114B7.6","0.137307492065362"
"RP11-114F10.2","0.13834543440347"
"RP11-114F10.3","0.138160043982848"
"RP11-114F3.4","0.137291109970279"
"RP11-114G11.5","0.139278764093281"
"RP11-114G22.1","0.13912434536015"
"RP11-114H21.2","0.13912434536015"
"RP11-114H23.1","0.13834543440347"
"RP11-114H23.2","0.137043083663644"
"RP11-114H24.3","0.138160043982848"
"RP11-114H24.6","0.136477863885666"
"RP11-114H24.7","0.139346473163388"
"RP11-114J13.1","0.139730642029221"
"RP11-114M1.1","0.137720959348088"
"RP11-114M1.2","0.13834543440347"
"RP11-114N19.3","0.136477863885666"
"RP11-114O18.1","0.137291109970279"
"RP11-1151B14.3","0.13723195581591"
"RP11-1151B14.4","0.139346473163388"
"RP11-1152H14.1","0.139730642029221"
"RP11-1152H15.1","0.13723195581591"
"RP11-1157N2--B.2","0.13539846228147"
"RP11-115C10.1","0.137161730909019"
"RP11-115C21.2","0.137307492065362"
"RP11-115D19.1","0.13539846228147"
"RP11-115D19.2","0.136477863885666"
"RP11-115D19.3","0.139346473163388"
"RP11-115D19.4","0.13907365750802"
"RP11-115H18.1","0.139443601595207"
"RP11-115J16.1","0.138110775628541"
"RP11-115J16.2","0.136477863885666"
"RP11-115J23.1","0.139278764093281"
"RP11-115N4.1","0.136824677202183"
"RP11-1167A19.2","0.139378426760959"
"RP11-116A1.1","0.141430939427835"
"RP11-116D17.2","0.13907365750802"
"RP11-116D17.3","0.136003818868644"
"RP11-116D17.4","0.140884376472011"
"RP11-116D17.5","0.140539733326734"
"RP11-116D2.1","0.13912434536015"
"RP11-116N8.2","0.139378426760959"
"RP11-116N8.4","0.138026742607949"
"RP11-116O18.3","0.13912434536015"
"RP11-117D22.1","0.138026742607949"
"RP11-117D22.2","0.139378426760959"
"RP11-117L5.4","0.140884376472011"
"RP11-118B18.2","0.138110775628541"
"RP11-118B22.4","0.139443601595207"
"RP11-118E18.2","0.138110775628541"
"RP11-118E18.4","0.14139056570564"
"RP11-118F19.1","0.139346473163388"
"RP11-118G23.1","0.138110775628541"
"RP11-118G23.2","0.136569183905588"
"RP11-118K6.2","0.137161730909019"
"RP11-118K6.3","0.140588758992893"
"RP11-1191J2.2","0.138110775628541"
"RP11-1191J2.5","0.13912434536015"
"RP11-1197K16.2","0.139443601595207"
"RP11-119B16.2","0.139730642029221"
"RP11-119D9.1","0.137739675894483"
"RP11-119H12.6","0.140160355283402"
"RP11-119J18.1","0.138026742607949"
"RP11-11C20.3","0.137307492065362"
"RP11-11K13.1","0.14044460323747"
"RP11-11M20.4","0.139278764093281"
"RP11-11N5.1","0.138160043982848"
"RP11-11N5.3","0.138110775628541"
"RP11-11N7.4","0.137307492065362"
"RP11-11N7.5","0.13834543440347"
"RP11-11N9.4","0.139730642029221"
"RP11-120C12.3","0.138026742607949"
"RP11-120D5.1","0.138904040771632"
"RP11-120I21.2","0.137161730909019"
"RP11-120J1.1","0.138160043982848"
"RP11-120K19.4","0.139730642029221"
"RP11-120K24.3","0.13788093600999"
"RP11-120K9.2","0.13912434536015"
"RP11-120M18.5","0.136824677202183"
"RP11-1212A22.4","0.141870472714416"
"RP11-121A14.2","0.13788093600999"
"RP11-121A8.1","0.139730642029221"
"RP11-121C2.2","0.133469984936777"
"RP11-121C6.5","0.139443601595207"
"RP11-121E16.1","0.138160043982848"
"RP11-121G22.3","0.13912434536015"
"RP11-121M22.1","0.140588758992893"
"RP11-121P12.1","0.140539733326734"
"RP11-1223D19.1","0.137720959348088"
"RP11-1228E12.1","0.13907365750802"
"RP11-1228E12.2","0.138904040771632"
"RP11-122A21.2","0.13788093600999"
"RP11-122C21.1","0.13907365750802"
"RP11-122F24.1","0.139443601595207"
"RP11-122K13.12","0.140884376472011"
"RP11-122K13.15","0.139378426760959"
"RP11-122K13.7","0.141870472714416"
"RP11-122M14.1","0.137720959348088"
"RP11-123B3.2","0.136477863885666"
"RP11-123K19.1","0.140588758992893"
"RP11-123K3.9","0.138065365309015"
"RP11-123M6.2","0.142183297363455"
"RP11-123O10.3","0.139443601595207"
"RP11-123O10.4","0.142183297363455"
"RP11-123O22.1","0.139278764093281"
"RP11-1246C19.1","0.135456246111404"
"RP11-124B13.1","0.138904040771632"
"RP11-124G5.3","0.13912434536015"
"RP11-124N14.3","0.14171726994492"
"RP11-124N19.3","0.139278764093281"
"RP11-124N19.4","0.138110775628541"
"RP11-124N2.1","0.138026742607949"
"RP11-124N3.3","0.144139273293824"
"RP11-124O11.1","0.140884376472011"
"RP11-1250I15.3","0.139730642029221"
"RP11-1252I4.2","0.139278764093281"
"RP11-125M16.1","0.140588758992893"
"RP11-125O18.1","0.139711661209535"
"RP11-125O5.2","0.135456246111404"
"RP11-1260E13.1","0.138904040771632"
"RP11-1260E13.2","0.139346473163388"
"RP11-1260E13.3","0.138110775628541"
"RP11-1263C18.1","0.138110775628541"
"RP11-126H7.4","0.138110775628541"
"RP11-126K1.2","0.139443601595207"
"RP11-126K1.6","0.13907365750802"
"RP11-126K1.8","0.139730642029221"
"RP11-126K1.9","0.137161730909019"
"RP11-126K15.1","0.136646289284798"
"RP11-126L15.4","0.138110775628541"
"RP11-126O1.2","0.137043083663644"
"RP11-126O1.4","0.140160355283402"
"RP11-126O1.5","0.137043083663644"
"RP11-126O1.6","0.137161730909019"
"RP11-1275H24.1","0.135663941047853"
"RP11-1275H24.2","0.137043083663644"
"RP11-1275H24.3","0.139278764093281"
"RP11-1277A3.1","0.14044460323747"
"RP11-1277A3.3","0.138160043982848"
"RP11-127B16.1","0.137720959348088"
"RP11-127B20.2","0.139346473163388"
"RP11-127B20.3","0.142287843248391"
"RP11-127I20.5","0.13834543440347"
"RP11-127L20.3","0.140884376472011"
"RP11-127L20.5","0.139278764093281"
"RP11-127O4.3","0.140160355283402"
"RP11-128A17.1","0.139378426760959"
"RP11-128A17.2","0.13907365750802"
"RP11-128B16.3","0.13834543440347"
"RP11-128L5.1","0.138904040771632"
"RP11-128M1.1","0.136243031117444"
"RP11-128P10.1","0.134167393699716"
"RP11-128P17.2","0.139346473163388"
"RP11-128P17.4","0.141430939427835"
"RP11-1293J14.1","0.135830886565008"
"RP11-1299A16.3","0.136824677202183"
"RP11-129I19.2","0.138160043982848"
"RP11-129K12.1","0.140160355283402"
"RP11-129M16.4","0.139378426760959"
"RP11-129M6.1","0.138110775628541"
"RP11-12C17.2","0.136824677202183"
"RP11-12D16.2","0.13912434536015"
"RP11-12D24.10","0.138026742607949"
"RP11-12G12.7","0.138904040771632"
"RP11-12J10.3","0.139371170288957"
"RP11-12J10.4","0.137043083663644"
"RP11-12K11.2","0.13814716974916"
"RP11-12K22.1","0.13788093600999"
"RP11-12K6.2","0.136196734710899"
"RP11-12L8.1","0.139278764093281"
"RP11-12M5.3","0.139278764093281"
"RP11-12M5.4","0.137720959348088"
"RP11-130C19.3","0.137720959348088"
"RP11-130C6.1","0.138904040771632"
"RP11-130F10.1","0.138026742607949"
"RP11-130L8.1","0.136477863885666"
"RP11-130L8.2","0.135438200704444"
"RP11-131H24.4","0.13834543440347"
"RP11-131K5.1","0.13814716974916"
"RP11-131K5.2","0.13788093600999"
"RP11-131L12.2","0.137720959348088"
"RP11-131L12.3","0.13912434536015"
"RP11-131L12.4","0.139443601595207"
"RP11-131L23.1","0.139443601595207"
"RP11-131L23.2","0.136243031117444"
"RP11-131N11.4","0.137749686266233"
"RP11-132A1.4","0.140539733326734"
"RP11-132N15.2","0.137043083663644"
"RP11-132N15.3","0.13834543440347"
"RP11-1334A24.6","0.137043083663644"
"RP11-1336O20.2","0.140588758992893"
"RP11-133F8.2","0.13834543440347"
"RP11-133K1.6","0.136824677202183"
"RP11-133L14.5","0.137749686266233"
"RP11-133N21.10","0.137161730909019"
"RP11-1348G14.4","0.13814716974916"
"RP11-1348G14.5","0.136824677202183"
"RP11-1348G14.8","0.142539317065894"
"RP11-134D3.1","0.137161730909019"
"RP11-134D3.2","0.136477863885666"
"RP11-134G8.5","0.138904040771632"
"RP11-134G8.7","0.135272107001218"
"RP11-134K13.4","0.136003818868644"
"RP11-134L10.1","0.136243031117444"
"RP11-134N1.2","0.136634796776765"
"RP11-134O21.1","0.139730642029221"
"RP11-135A1.2","0.13814716974916"
"RP11-135A1.3","0.136634796776765"
"RP11-135A24.2","0.13539846228147"
"RP11-135A24.4","0.139730642029221"
"RP11-135D11.2","0.133972142411999"
"RP11-135J2.3","0.133191288047493"
"RP11-135L13.4","0.13814716974916"
"RP11-136C24.3","0.137749686266233"
"RP11-136H19.1","0.135663941047853"
"RP11-136I14.5","0.140588758992893"
"RP11-136K14.3","0.136243031117444"
"RP11-136K7.1","0.140588758992893"
"RP11-136K7.2","0.137307492065362"
"RP11-136K7.3","0.137161730909019"
"RP11-136L23.2","0.138904040771632"
"RP11-136O12.2","0.139378426760959"
"RP11-1376P16.1","0.136634796776765"
"RP11-1376P16.2","0.137307492065362"
"RP11-1379J22.2","0.139378426760959"
"RP11-1379J22.5","0.136003818868644"
"RP11-137H2.4","0.136477863885666"
"RP11-138A9.1","0.13723195581591"
"RP11-138A9.2","0.138904040771632"
"RP11-138B4.1","0.139346473163388"
"RP11-138C9.1","0.137291109970279"
"RP11-138E2.1","0.137749686266233"
"RP11-138E9.2","0.138026742607949"
"RP11-138H11.1","0.139730642029221"
"RP11-138H8.2","0.13907365750802"
"RP11-138H8.3","0.139443601595207"
"RP11-138I1.2","0.135830886565008"
"RP11-138I1.3","0.136824677202183"
"RP11-138I1.4","0.13834543440347"
"RP11-138I17.1","0.13907365750802"
"RP11-138I18.1","0.135663941047853"
"RP11-138I18.2","0.13814716974916"
"RP11-138J23.1","0.140160355283402"
"RP11-138P22.1","0.140539733326734"
"RP11-1391J7.1","0.13814716974916"
"RP11-1398P2.1","0.138904040771632"
"RP11-1399P15.1","0.136477863885666"
"RP11-139I14.2","0.137161730909019"
"RP11-139K4.2","0.139262164322449"
"RP11-13A1.1","0.13814716974916"
"RP11-13A1.3","0.137749686266233"
"RP11-13E5.2","0.136477863885666"
"RP11-13J8.1","0.136243031117444"
"RP11-13K12.1","0.13539846228147"
"RP11-13K12.2","0.137749686266233"
"RP11-13N12.1","0.14044460323747"
"RP11-13N12.2","0.138846287755938"
"RP11-13P5.1","0.13907365750802"
"RP11-13P5.2","0.139262164322449"
"RP11-1406H17.1","0.137291109970279"
"RP11-140A10.3","0.135039193070389"
"RP11-140I16.3","0.13907365750802"
"RP11-140K17.3","0.136243031117444"
"RP11-140L24.4","0.140588758992893"
"RP11-141A19.1","0.135830886565008"
"RP11-141B14.1","0.136477863885666"
"RP11-141J13.3","0.133444032676741"
"RP11-141J13.5","0.135663941047853"
"RP11-141M1.1","0.14044460323747"
"RP11-141M1.3","0.134238807745478"
"RP11-141O11.2","0.136824677202183"
"RP11-141O15.1","0.139346473163388"
"RP11-142A12.1","0.137043083663644"
"RP11-142A22.4","0.137161730909019"
"RP11-142A23.1","0.137161730909019"
"RP11-142C4.6","0.13834543440347"
"RP11-142G1.1","0.136477863885666"
"RP11-142G1.3","0.137291109970279"
"RP11-142J21.1","0.138061596426774"
"RP11-143A12.3","0.135272107001218"
"RP11-143A22.1","0.135438200704444"
"RP11-143E21.6","0.140160355283402"
"RP11-143I21.1","0.137995073105847"
"RP11-143J12.3","0.138061596426774"
"RP11-143J24.1","0.136243031117444"
"RP11-143K11.7","0.139378426760959"
"RP11-143M1.3","0.13834543440347"
"RP11-143N13.2","0.137291109970279"
"RP11-144A16.8","0.134238807745478"
"RP11-144F15.1","0.135663941047853"
"RP11-144G16.1","0.138846287755938"
"RP11-144G7.2","0.137291109970279"
"RP11-145A3.1","0.135663941047853"
"RP11-145E17.2","0.139443601595207"
"RP11-145G20.1","0.135830886565008"
"RP11-145M4.1","0.137043083663644"
"RP11-145M4.2","0.135272107001218"
"RP11-145M9.5","0.135272107001218"
"RP11-145M9.6","0.136477863885666"
"RP11-146F11.1","0.136634796776765"
"RP11-146F11.5","0.135456246111404"
"RP11-146I2.1","0.135663941047853"
"RP11-146N18.1","0.139262164322449"
"RP11-146N23.4","0.136634796776765"
"RP11-147C23.1","0.135438200704444"
"RP11-147L13.11","0.136243031117444"
"RP11-147L13.12","0.140539733326734"
"RP11-147L13.13","0.137995073105847"
"RP11-147L13.14","0.138061596426774"
"RP11-147L13.15","0.137291109970279"
"RP11-147L13.2","0.13539846228147"
"RP11-147L13.8","0.137161730909019"
"RP11-148B18.1","0.13814716974916"
"RP11-148B18.4","0.135830886565008"
"RP11-148B3.2","0.137043083663644"
"RP11-148B6.1","0.138061596426774"
"RP11-148B6.2","0.137043083663644"
"RP11-148E17.1","0.137291109970279"
"RP11-148K1.10","0.139346473163388"
"RP11-148K1.12","0.139262164322449"
"RP11-148L24.1","0.137749686266233"
"RP11-148O21.2","0.136634796776765"
"RP11-148O21.6","0.13907365750802"
"RP11-149B9.2","0.14139056570564"
"RP11-149I23.3","0.138061596426774"
"RP11-149I9.2","0.138904040771632"
"RP11-149P24.1","0.139443601595207"
"RP11-14C10.4","0.139443601595207"
"RP11-14C10.6","0.137161730909019"
"RP11-14C22.3","0.142287843248391"
"RP11-14C22.6","0.136634796776765"
"RP11-14D22.1","0.137161730909019"
"RP11-14N7.2","0.137291109970279"
"RP11-14N9.2","0.138061596426774"
"RP11-14P20.1","0.136824677202183"
"RP11-150C16.1","0.142193974520842"
"RP11-150D20.5","0.136824677202183"
"RP11-150O12.3","0.137291109970279"
"RP11-150O12.5","0.137995073105847"
"RP11-151A10.3","0.137291109970279"
"RP11-151A6.6","0.137161730909019"
"RP11-152D8.1","0.137161730909019"
"RP11-152F13.10","0.137161730909019"
"RP11-152H18.3","0.137995073105847"
"RP11-152H18.4","0.137749686266233"
"RP11-152L20.3","0.136003818868644"
"RP11-152L7.2","0.135830886565008"
"RP11-152N13.16","0.136477863885666"
"RP11-152N13.5","0.13834543440347"
"RP11-152P17.3","0.14044460323747"
"RP11-152P23.2","0.139730642029221"
"RP11-153F1.1","0.13834543440347"
"RP11-153F10.2","0.13814716974916"
"RP11-153K11.3","0.13814716974916"
"RP11-153K16.1","0.138320428796242"
"RP11-153K16.2","0.138061596426774"
"RP11-153M7.5","0.137291109970279"
"RP11-154D17.1","0.141304577686062"
"RP11-154F14.2","0.139730642029221"
"RP11-154H12.2","0.139262164322449"
"RP11-154H12.3","0.138906706390531"
"RP11-154H17.1","0.139711661209535"
"RP11-154H23.3","0.137995073105847"
"RP11-154H23.4","0.139730642029221"
"RP11-154H23.5","0.138904040771632"
"RP11-154J22.1","0.140588758992893"
"RP11-155L15.1","0.137995073105847"
"RP11-155O18.6","0.139346473163388"
"RP11-156E8.1","0.136243031117444"
"RP11-156K13.1","0.141430939427835"
"RP11-156K13.2","0.140539733326734"
"RP11-156K13.3","0.138904040771632"
"RP11-156K23.3","0.138061596426774"
"RP11-156L14.1","0.136477863885666"
"RP11-157B13.7","0.136634796776765"
"RP11-157D23.2","0.137995073105847"
"RP11-157E14.1","0.137161730909019"
"RP11-157E16.1","0.137161730909019"
"RP11-157E21.1","0.137161730909019"
"RP11-157F20.3","0.136824677202183"
"RP11-157I4.4","0.139262164322449"
"RP11-157J24.2","0.137291109970279"
"RP11-157L3.12","0.13539846228147"
"RP11-157P1.4","0.139346473163388"
"RP11-158D2.2","0.13834543440347"
"RP11-158H5.7","0.140588758992893"
"RP11-158H5.8","0.137161730909019"
"RP11-158I23.1","0.137995073105847"
"RP11-158I9.5","0.137043083663644"
"RP11-158I9.8","0.139378426760959"
"RP11-158K1.3","0.135272107001218"
"RP11-158L12.5","0.139378426760959"
"RP11-158M2.2","0.137995073105847"
"RP11-158M2.3","0.13539846228147"
"RP11-158M2.4","0.14044460323747"
"RP11-158M2.5","0.14044460323747"
"RP11-159D12.10","0.137043083663644"
"RP11-159D12.11","0.137043083663644"
"RP11-159D12.2","0.13814716974916"
"RP11-159D12.5","0.14044460323747"
"RP11-159F24.5","0.136243031117444"
"RP11-159F24.6","0.140160355283402"
"RP11-159G9.5","0.137291109970279"
"RP11-159H10.3","0.141236847155487"
"RP11-159H22.2","0.14139056570564"
"RP11-15A1.2","0.139378426760959"
"RP11-15A1.3","0.142287843248391"
"RP11-15A1.7","0.13907365750802"
"RP11-15B17.1","0.135830886565008"
"RP11-15B24.1","0.13907365750802"
"RP11-15B24.4","0.13907365750802"
"RP11-15B24.5","0.140160355283402"
"RP11-15E1.5","0.137995073105847"
"RP11-15E18.1","0.135039193070389"
"RP11-15E18.4","0.139443601595207"
"RP11-15F12.1","0.137043083663644"
"RP11-15F12.3","0.137995073105847"
"RP11-15H20.7","0.140588758992893"
"RP11-15I11.2","0.139378426760959"
"RP11-15I11.3","0.139443601595207"
"RP11-15I20.1","0.137043083663644"
"RP11-15J22.8","0.135830886565008"
"RP11-15K19.2","0.13907365750802"
"RP11-15K3.1","0.139262164322449"
"RP11-15L13.4","0.13834543440347"
"RP11-15M15.1","0.139346473163388"
"RP11-15M15.2","0.137291109970279"
"RP11-160E2.11","0.14139056570564"
"RP11-160E2.17","0.140588758992893"
"RP11-160E2.19","0.138061596426774"
"RP11-160E2.6","0.139443601595207"
"RP11-160H12.2","0.137749686266233"
"RP11-160H22.3","0.137995073105847"
"RP11-160H22.5","0.136243031117444"
"RP11-160N1.10","0.138904040771632"
"RP11-160N1.9","0.141430939427835"
"RP11-160O5.1","0.135663941047853"
"RP11-161D15.1","0.138061596426774"
"RP11-161D15.2","0.140884376472011"
"RP11-161D15.3","0.138061596426774"
"RP11-161H23.5","0.14044460323747"
"RP11-161H23.9","0.139346473163388"
"RP11-161I10.1","0.136824677202183"
"RP11-161I2.1","0.139262164322449"
"RP11-161I6.2","0.134238807745478"
"RP11-161M6.2","0.13907365750802"
"RP11-161M6.3","0.140588758992893"
"RP11-161M6.5","0.140160355283402"
"RP11-162A12.2","0.139730642029221"
"RP11-162A12.4","0.139730642029221"
"RP11-162D16.2","0.141870472714416"
"RP11-162D9.3","0.138904040771632"
"RP11-162G10.5","0.13834543440347"
"RP11-162I7.1","0.142287843248391"
"RP11-162J8.3","0.13834543440347"
"RP11-163F15.1","0.138904040771632"
"RP11-164C1.2","0.142287843248391"
"RP11-164C12.2","0.140539733326734"
"RP11-164H13.1","0.13834543440347"
"RP11-164N3.2","0.140160355283402"
"RP11-164O23.7","0.140160355283402"
"RP11-164O23.8","0.139655194938141"
"RP11-164P12.3","0.137749686266233"
"RP11-164P12.4","0.13834543440347"
"RP11-165A20.3","0.135663941047853"
"RP11-165E7.1","0.13907365750802"
"RP11-165F24.3","0.136505473548749"
"RP11-165H23.1","0.141304577686062"
"RP11-165J3.5","0.136477863885666"
"RP11-165J3.6","0.139262164322449"
"RP11-165M1.3","0.140539733326734"
"RP11-166A12.1","0.14140836258431"
"RP11-166B2.1","0.136824677202183"
"RP11-166B2.5","0.139378426760959"
"RP11-166B2.7","0.140160355283402"
"RP11-166B2.8","0.142539317065894"
"RP11-166N17.1","0.13814716974916"
"RP11-166N17.3","0.135456246111404"
"RP11-166N6.2","0.13907365750802"
"RP11-166N6.3","0.140884376472011"
"RP11-166O4.6","0.13834543440347"
"RP11-166P13.3","0.135456246111404"
"RP11-166P13.4","0.137291109970279"
"RP11-167B3.2","0.136003818868644"
"RP11-167B3.3","0.139378426760959"
"RP11-167H9.3","0.13834543440347"
"RP11-167H9.4","0.13814716974916"
"RP11-167H9.5","0.138904040771632"
"RP11-167J8.3","0.136243031117444"
"RP11-167N4.2","0.138061596426774"
"RP11-167N5.5","0.139443601595207"
"RP11-168E17.1","0.139378426760959"
"RP11-168F9.2","0.137995073105847"
"RP11-168J19.2","0.140539733326734"
"RP11-168K11.2","0.139378426760959"
"RP11-168K11.3","0.139262164322449"
"RP11-168L22.2","0.139378426760959"
"RP11-168L7.1","0.140884376472011"
"RP11-168O16.1","0.137995073105847"
"RP11-168O16.2","0.139262164322449"
"RP11-168P13.1","0.136824677202183"
"RP11-168P8.3","0.138904040771632"
"RP11-169D4.2","0.141870472714416"
"RP11-169E6.1","0.13814716974916"
"RP11-169K16.4","0.13907365750802"
"RP11-169K17.3","0.138061596426774"
"RP11-169K17.4","0.136477863885666"
"RP11-16B13.1","0.135272107001218"
"RP11-16B9.1","0.140539733326734"
"RP11-16C1.1","0.141647885528646"
"RP11-16C1.3","0.141236847155487"
"RP11-16C18.3","0.13814716974916"
"RP11-16D22.2","0.139346473163388"
"RP11-16E12.1","0.139730642029221"
"RP11-16E12.2","0.138904040771632"
"RP11-16E18.3","0.137161730909019"
"RP11-16E23.5","0.14139056570564"
"RP11-16K12.1","0.139262164322449"
"RP11-16L21.7","0.137291109970279"
"RP11-16L9.2","0.140588758992893"
"RP11-16N11.2","0.13539846228147"
"RP11-16N2.1","0.136243031117444"
"RP11-16P20.3","0.138904040771632"
"RP11-16P6.1","0.138904040771632"
"RP11-170M17.1","0.137749686266233"
"RP11-170N16.3","0.139262164322449"
"RP11-171G2.1","0.135272107001218"
"RP11-171I2.1","0.135830886565008"
"RP11-171I2.2","0.13907365750802"
"RP11-171I2.3","0.138061596426774"
"RP11-171I2.4","0.137291109970279"
"RP11-171I2.5","0.135039193070389"
"RP11-171L9.1","0.138061596426774"
"RP11-171N4.1","0.137291109970279"
"RP11-172E10.1","0.136477863885666"
"RP11-172E9.2","0.137043083663644"
"RP11-172H24.4","0.138061596426774"
"RP11-173A16.1","0.14044460323747"
"RP11-173A6.3","0.134238807745478"
"RP11-173C1.1","0.136634796776765"
"RP11-173D14.3","0.139730642029221"
"RP11-173D3.1","0.138061596426774"
"RP11-173M1.4","0.139371170288957"
"RP11-173P15.10","0.137161730909019"
"RP11-173P15.3","0.139730642029221"
"RP11-173P15.5","0.136634796776765"
"RP11-173P15.7","0.139346473163388"
"RP11-173P15.9","0.138061596426774"
"RP11-174G6.1","0.138904040771632"
"RP11-174O3.6","0.139730642029221"
"RP11-175D17.3","0.13814716974916"
"RP11-175I6.5","0.139378426760959"
"RP11-175K6.1","0.135272107001218"
"RP11-175O19.4","0.139730642029221"
"RP11-175P13.2","0.139730642029221"
"RP11-176H8.1","0.138904040771632"
"RP11-176N18.2","0.139262164322449"
"RP11-177B4.2","0.138904040771632"
"RP11-177F15.1","0.14044460323747"
"RP11-177G23.2","0.14044460323747"
"RP11-177H2.2","0.137291109970279"
"RP11-177J6.1","0.139009236380092"
"RP11-178C3.1","0.140160355283402"
"RP11-178C3.2","0.140539733326734"
"RP11-178F10.2","0.137106319528568"
"RP11-178L8.3","0.139378426760959"
"RP11-178L8.7","0.138061596426774"
"RP11-178L8.8","0.135830886565008"
"RP11-178L8.9","0.137106319528568"
"RP11-179A10.1","0.135830886565008"
"RP11-179B15.5","0.140884376472011"
"RP11-179B15.6","0.137291109970279"
"RP11-179B2.2","0.141304577686062"
"RP11-179K3.2","0.139711661209535"
"RP11-17A1.3","0.138061596426774"
"RP11-17A19.2","0.137859268971399"
"RP11-17A4.2","0.136824677202183"
"RP11-17A4.3","0.135663941047853"
"RP11-17E13.2","0.140160355283402"
"RP11-17E3.1","0.140160355283402"
"RP11-17G12.2","0.14044460323747"
"RP11-17G12.3","0.13814716974916"
"RP11-17J14.2","0.135272107001218"
"RP11-17M16.2","0.137655958232314"
"RP11-180C1.1","0.138904040771632"
"RP11-180C16.1","0.138061596426774"
"RP11-180I4.2","0.136634796776765"
"RP11-180I4.4","0.136634796776765"
"RP11-180M15.3","0.135456246111404"
"RP11-180M15.4","0.13834543440347"
"RP11-180M15.6","0.138904040771632"
"RP11-180O5.2","0.136477863885666"
"RP11-180P8.1","0.137859268971399"
"RP11-180P8.3","0.136243031117444"
"RP11-181B11.2","0.137859268971399"
"RP11-181B18.1","0.136634796776765"
"RP11-181C3.1","0.137655958232314"
"RP11-181E10.3","0.140588758992893"
"RP11-181G12.2","0.137995073105847"
"RP11-181G12.4","0.139443601595207"
"RP11-182J1.1","0.137291109970279"
"RP11-182J1.13","0.138061596426774"
"RP11-182J1.17","0.136634796776765"
"RP11-182J1.3","0.139346473163388"
"RP11-182J1.5","0.137106319528568"
"RP11-182J23.1","0.137859268971399"
"RP11-182L21.6","0.135663941047853"
"RP11-182M20.2","0.137291109970279"
"RP11-182N22.8","0.136477863885666"
"RP11-183E24.2","0.136824677202183"
"RP11-183I6.2","0.134807554677166"
"RP11-184A2.2","0.137291109970279"
"RP11-184A2.3","0.135663941047853"
"RP11-184D12.1","0.13814716974916"
"RP11-184E9.1","0.13907365750802"
"RP11-184I16.4","0.135456246111404"
"RP11-184M15.1","0.139378426760959"
"RP11-184M15.2","0.131617725468461"
"RP11-185E12.2","0.13907365750802"
"RP11-185E8.1","0.137995073105847"
"RP11-186B7.7","0.135272107001218"
"RP11-186N15.3","0.138904040771632"
"RP11-187A9.3","0.137859268971399"
"RP11-187E13.1","0.137655958232314"
"RP11-187E13.2","0.137106319528568"
"RP11-187O7.3","0.135830886565008"
"RP11-188D8.1","0.136003818868644"
"RP11-188P17.2","0.136824677202183"
"RP11-188P20.3","0.135663941047853"
"RP11-189B4.7","0.134238807745478"
"RP11-189E14.4","0.134167393699716"
"RP11-18A15.1","0.137859268971399"
"RP11-18B16.2","0.133599991494829"
"RP11-18C24.8","0.136824677202183"
"RP11-18H21.1","0.135272107001218"
"RP11-18H21.2","0.136824677202183"
"RP11-18H21.3","0.136477863885666"
"RP11-18H7.1","0.136243031117444"
"RP11-18I14.11","0.137995073105847"
"RP11-190A12.8","0.135039193070389"
"RP11-190C22.8","0.137749686266233"
"RP11-190C22.9","0.135663941047853"
"RP11-190D6.2","0.137106319528568"
"RP11-190I17.2","0.136003818868644"
"RP11-190J1.3","0.138061596426774"
"RP11-190P13.2","0.138904040771632"
"RP11-191G24.1","0.137291109970279"
"RP11-191L17.1","0.137291109970279"
"RP11-191L9.4","0.133315674553273"
"RP11-191N8.2","0.137859268971399"
"RP11-192H23.4","0.134024128684695"
"RP11-192H23.5","0.134238807745478"
"RP11-192H23.6","0.134238807745478"
"RP11-192H23.7","0.137291109970279"
"RP11-192P3.4","0.136477863885666"
"RP11-193H5.1","0.13814716974916"
"RP11-193M21.1","0.135039193070389"
"RP11-195B17.1","0.139262164322449"
"RP11-195B3.1","0.136003818868644"
"RP11-195C7.1","0.139283933738456"
"RP11-195F19.5","0.136634796776765"
"RP11-195F19.9","0.137995073105847"
"RP11-195L15.2","0.136634796776765"
"RP11-195M16.1","0.13539846228147"
"RP11-195M16.3","0.139346473163388"
"RP11-196B3.3","0.138061596426774"
"RP11-196D18.1","0.136634796776765"
"RP11-196E1.3","0.137655958232314"
"RP11-196G11.2","0.137995073105847"
"RP11-196G11.6","0.138904040771632"
"RP11-196G18.23","0.137291109970279"
"RP11-196G18.24","0.137859268971399"
"RP11-196G18.3","0.13814716974916"
"RP11-196H14.2","0.134807554677166"
"RP11-196H14.3","0.13539846228147"
"RP11-196H14.4","0.137859268971399"
"RP11-196I18.4","0.137655958232314"
"RP11-197K3.1","0.135272107001218"
"RP11-197K6.1","0.136186433952294"
"RP11-197N18.7","0.137291109970279"
"RP11-199F6.4","0.139262164322449"
"RP11-19E11.1","0.139262164322449"
"RP11-19J5.2","0.136186433952294"
"RP11-19N8.4","0.134807554677166"
"RP11-19O2.2","0.139378426760959"
"RP11-19P22.5","0.135272107001218"
"RP11-19P22.8","0.134807554677166"
"RP11-1B20.1","0.137655958232314"
"RP11-1C1.4","0.136634796776765"
"RP11-1C1.5","0.136477863885666"
"RP11-1C1.6","0.136634796776765"
"RP11-1C8.4","0.132938131374483"
"RP11-1C8.5","0.132938131374483"
"RP11-1C8.6","0.135456246111404"
"RP11-1C8.7","0.133315674553273"
"RP11-1E22.1","0.135663941047853"
"RP11-1E4.1","0.13705414720846"
"RP11-1H15.2","0.135438200704444"
"RP11-1L9.1","0.133611173996746"
"RP11-1M18.1","0.134807554677166"
"RP11-200A1.1","0.137291109970279"
"RP11-201E8.1","0.133315674553273"
"RP11-202A13.1","0.135456246111404"
"RP11-202D1.2","0.136003818868644"
"RP11-202G11.2","0.137655958232314"
"RP11-202G18.1","0.137655958232314"
"RP11-202I11.2","0.136577954280941"
"RP11-202K23.1","0.135830886565008"
"RP11-203B7.1","0.135456246111404"
"RP11-203B7.2","0.136577954280941"
"RP11-203B9.4","0.138061596426774"
"RP11-203E8.1","0.135272107001218"
"RP11-203H2.1","0.138061596426774"
"RP11-203H2.2","0.134167393699716"
"RP11-203J24.8","0.135272107001218"
"RP11-203M5.2","0.135663941047853"
"RP11-203M5.7","0.134807554677166"
"RP11-203M5.8","0.137859268971399"
"RP11-204L24.2","0.134238807745478"
"RP11-204N11.1","0.139262164322449"
"RP11-204P2.3","0.130678907688253"
"RP11-205K6.1","0.131697918263656"
"RP11-205M3.3","0.135663941047853"
"RP11-206L10.4","0.139262164322449"
"RP11-206L10.9","0.137859268971399"
"RP11-206M11.7","0.13539846228147"
"RP11-207C16.4","0.135272107001218"
"RP11-209D14.2","0.132938131374483"
"RP11-209E8.1","0.135272107001218"
"RP11-209K10.2","0.135830886565008"
"RP11-20B24.2","0.13539846228147"
"RP11-20B24.4","0.135438200704444"
"RP11-20B24.5","0.137489874453671"
"RP11-20B24.6","0.138061596426774"
"RP11-20B24.7","0.134807554677166"
"RP11-20B7.1","0.134807554677166"
"RP11-20D14.3","0.13705414720846"
"RP11-20D14.6","0.134807554677166"
"RP11-20E24.1","0.134167393699716"
"RP11-20G13.2","0.136577954280941"
"RP11-20G13.3","0.136577954280941"
"RP11-20G13.5","0.136003818868644"
"RP11-20G6.2","0.136003818868644"
"RP11-20I20.2","0.134167393699716"
"RP11-20I20.4","0.135272107001218"
"RP11-20I23.13","0.134238807745478"
"RP11-20I23.3","0.136577954280941"
"RP11-20I23.6","0.134807554677166"
"RP11-20I23.7","0.13705414720846"
"RP11-20I23.8","0.135272107001218"
"RP11-20J15.3","0.13705414720846"
"RP11-210K20.2","0.136288470676479"
"RP11-210L7.3","0.13705414720846"
"RP11-210M15.1","0.136003818868644"
"RP11-210M15.2","0.134807554677166"
"RP11-211C9.1","0.137291109970279"
"RP11-211G23.2","0.137859268971399"
"RP11-211G3.2","0.135830886565008"
"RP11-211G3.3","0.135039193070389"
"RP11-211N11.5","0.134167393699716"
"RP11-211N8.2","0.136577954280941"
"RP11-212D19.4","0.137162447648078"
"RP11-212E8.1","0.137995073105847"
"RP11-212I21.2","0.136577954280941"
"RP11-212I21.4","0.135663941047853"
"RP11-212I21.5","0.134167393699716"
"RP11-212P7.2","0.136003818868644"
"RP11-213G2.2","0.135663941047853"
"RP11-213G6.2","0.132938131374483"
"RP11-213H15.1","0.135456246111404"
"RP11-213H15.4","0.135663941047853"
"RP11-214D15.2","0.137859268971399"
"RP11-214F16.8","0.133315674553273"
"RP11-214K3.24","0.134238807745478"
"RP11-214K3.25","0.133315674553273"
"RP11-214N1.1","0.135456246111404"
"RP11-214N9.1","0.12860595903337"
"RP11-214O1.1","0.133315674553273"
"RP11-214O1.2","0.134807554677166"
"RP11-214O1.3","0.13834543440347"
"RP11-215E13.1","0.135272107001218"
"RP11-215E13.2","0.134024128684695"
"RP11-215P8.3","0.137859268971399"
"RP11-215P8.4","0.135830886565008"
"RP11-216B9.6","0.135039193070389"
"RP11-216B9.9","0.140160355283402"
"RP11-216L13.16","0.135039193070389"
"RP11-216N14.9","0.13834543440347"
"RP11-217B1.2","0.136288470676479"
"RP11-217B7.2","0.136288470676479"
"RP11-217B7.3","0.137710179677932"
"RP11-218C14.5","0.13539846228147"
"RP11-218C14.8","0.137859268971399"
"RP11-218E20.3","0.130678907688253"
"RP11-218E20.5","0.137995073105847"
"RP11-218F10.3","0.137710179677932"
"RP11-218F4.1","0.133315674553273"
"RP11-218I7.2","0.135272107001218"
"RP11-218L14.4","0.131560030629896"
"RP11-218M22.1","0.132938131374483"
"RP11-218M22.2","0.13481547061771"
"RP11-219A15.1","0.137162447648078"
"RP11-219A15.5","0.138061596426774"
"RP11-219B17.3","0.131359269732769"
"RP11-219B4.3","0.133599991494829"
"RP11-219B4.5","0.128945522495663"
"RP11-219B4.7","0.129431235871594"
"RP11-219D15.3","0.133315674553273"
"RP11-219E7.1","0.135663941047853"
"RP11-219E7.4","0.134167393699716"
"RP11-219F10.1","0.131815346637677"
"RP11-219G17.4","0.135039193070389"
"RP11-219O3.2","0.131617725468461"
"RP11-21A7A.2","0.135830886565008"
"RP11-21A7A.3","0.131359269732769"
"RP11-21A7A.4","0.135039193070389"
"RP11-21B21.4","0.131815346637677"
"RP11-21B23.1","0.129442482371289"
"RP11-21B23.2","0.133599991494829"
"RP11-21C4.1","0.135830886565008"
"RP11-21J7.1","0.129607102739789"
"RP11-21K12.3","0.134282698093592"
"RP11-21L1.1","0.134238807745478"
"RP11-21L19.1","0.134167393699716"
"RP11-21L23.3","0.135272107001218"
"RP11-21M24.2","0.135039193070389"
"RP11-21M24.3","0.135039193070389"
"RP11-220C2.1","0.134167393699716"
"RP11-220I1.2","0.133599991494829"
"RP11-220I1.5","0.13539846228147"
"RP11-221J22.1","0.131560030629896"
"RP11-221J22.2","0.133599991494829"
"RP11-221N13.2","0.134167393699716"
"RP11-221N13.3","0.13481547061771"
"RP11-221N13.4","0.131697918263656"
"RP11-222G7.2","0.137162447648078"
"RP11-222K16.1","0.133315674553273"
"RP11-222K16.2","0.131681484548769"
"RP11-223C24.1","0.133315674553273"
"RP11-223C24.2","0.130678907688253"
"RP11-223P11.3","0.135830886565008"
"RP11-225B17.2","0.133315674553273"
"RP11-225H22.4","0.133315674553273"
"RP11-225H22.7","0.134238807745478"
"RP11-225N10.1","0.137162447648078"
"RP11-227B21.2","0.135438200704444"
"RP11-227D13.1","0.129053759721324"
"RP11-227D13.4","0.131697918263656"
"RP11-227D13.5","0.137710179677932"
"RP11-227D2.3","0.137995073105847"
"RP11-227F8.2","0.136003818868644"
"RP11-227G15.10","0.136186433952294"
"RP11-227G15.11","0.135456246111404"
"RP11-227G15.12","0.129442482371289"
"RP11-227G15.2","0.134024128684695"
"RP11-227G15.8","0.133315674553273"
"RP11-227G15.9","0.13539846228147"
"RP11-227H15.4","0.138061596426774"
"RP11-227H4.5","0.131815346637677"
"RP11-228B15.4","0.134167393699716"
"RP11-229E13.4","0.137859268971399"
"RP11-229P13.15","0.135830886565008"
"RP11-229P13.19","0.132938131374483"
"RP11-229P13.22","0.137710179677932"
"RP11-229P13.23","0.129442482371289"
"RP11-22A3.1","0.136003818868644"
"RP11-22A3.2","0.136003818868644"
"RP11-22C11.2","0.13080890852331"
"RP11-22L13.1","0.13732511198493"
"RP11-22N19.2","0.135438200704444"
"RP11-22P4.2","0.133599991494829"
"RP11-22P6.2","0.135456246111404"
"RP11-230B22.1","0.133599991494829"
"RP11-230C9.2","0.129442482371289"
"RP11-230C9.3","0.135272107001218"
"RP11-230C9.4","0.13080890852331"
"RP11-230G5.2","0.134282698093592"
"RP11-231C14.4","0.129053759721324"
"RP11-231C14.7","0.134282698093592"
"RP11-231C18.1","0.135663941047853"
"RP11-231D20.2","0.129607102739789"
"RP11-231E19.1","0.13080890852331"
"RP11-231E4.2","0.126881918576636"
"RP11-231E4.3","0.135663941047853"
"RP11-231E6.1","0.133599991494829"
"RP11-231G15.2","0.13481547061771"
"RP11-231G3.1","0.136003818868644"
"RP11-231I16.1","0.135663941047853"
"RP11-231N3.1","0.131815346637677"
"RP11-232C2.1","0.131359269732769"
"RP11-232D9.3","0.131815346637677"
"RP11-233G1.4","0.135039193070389"
"RP11-234B24.2","0.135272107001218"
"RP11-234B24.4","0.134167393699716"
"RP11-234B24.6","0.135438200704444"
"RP11-234G16.4","0.135080898053975"
"RP11-234G16.5","0.129431235871594"
"RP11-234K19.1","0.135663941047853"
"RP11-234K24.3","0.127569128667126"
"RP11-234K24.6","0.135039193070389"
"RP11-234O6.2","0.133315674553273"
"RP11-235C23.5","0.133315674553273"
"RP11-235E17.2","0.137710179677932"
"RP11-235E17.6","0.135272107001218"
"RP11-235G24.1","0.127071986497269"
"RP11-236B18.2","0.133599991494829"
"RP11-236B18.5","0.132938131374483"
"RP11-236J17.6","0.131697918263656"
"RP11-236L14.1","0.13080890852331"
"RP11-236L14.2","0.135830886565008"
"RP11-236P24.3","0.134024128684695"
"RP11-237D3.1","0.135456246111404"
"RP11-238F2.1","0.131560030629896"
"RP11-238K6.1","0.135272107001218"
"RP11-239A17.1","0.12860595903337"
"RP11-239E10.2","0.133599991494829"
"RP11-239E10.3","0.131815346637677"
"RP11-239H6.2","0.131815346637677"
"RP11-239L20.6","0.131359269732769"
"RP11-23D5.1","0.13834543440347"
"RP11-23E10.3","0.134167393699716"
"RP11-23E19.1","0.132938131374483"
"RP11-23E19.2","0.131560030629896"
"RP11-23F23.2","0.131815346637677"
"RP11-23N2.4","0.137710179677932"
"RP11-23P13.4","0.134282698093592"
"RP11-23P13.6","0.130281134389396"
"RP11-240B13.2","0.13539846228147"
"RP11-240G22.4","0.135650694906861"
"RP11-240G22.5","0.134238807745478"
"RP11-240M16.1","0.135830886565008"
"RP11-241G9.3","0.134282698093592"
"RP11-242D8.1","0.131617725468461"
"RP11-242F24.1","0.131697918263656"
"RP11-242G20.1","0.131560030629896"
"RP11-242J7.1","0.134238807745478"
"RP11-242O24.3","0.126265145692126"
"RP11-242P2.1","0.134024128684695"
"RP11-243A14.1","0.128945522495663"
"RP11-243J16.7","0.129607102739789"
"RP11-243J18.2","0.13080890852331"
"RP11-243M5.1","0.134167393699716"
"RP11-244F12.2","0.134282698093592"
"RP11-244F12.3","0.136003818868644"
"RP11-244H3.4","0.127413800796846"
"RP11-244M2.1","0.133315674553273"
"RP11-244N9.4","0.131560030629896"
"RP11-244N9.6","0.134024128684695"
"RP11-245C17.2","0.134167393699716"
"RP11-245D16.4","0.130678907688253"
"RP11-245G13.2","0.131359269732769"
"RP11-245J9.4","0.133599991494829"
"RP11-245J9.5","0.13080890852331"
"RP11-245J9.6","0.129053759721324"
"RP11-245P10.4","0.131617725468461"
"RP11-245P10.6","0.13080890852331"
"RP11-245P10.8","0.131560030629896"
"RP11-246A10.1","0.131359269732769"
"RP11-246K15.1","0.129053759721324"
"RP11-247A12.2","0.134282698093592"
"RP11-247A12.7","0.133315674553273"
"RP11-247A12.8","0.131617725468461"
"RP11-247C2.2","0.131617725468461"
"RP11-247I13.11","0.131697918263656"
"RP11-247L20.3","0.132168016750368"
"RP11-247L20.4","0.130281134389396"
"RP11-248E9.6","0.135272107001218"
"RP11-248G5.9","0.134024128684695"
"RP11-248J23.7","0.136003818868644"
"RP11-248M19.1","0.134238807745478"
"RP11-248N22.1","0.131617725468461"
"RP11-249C24.10","0.126881918576636"
"RP11-249C24.12","0.131617725468461"
"RP11-24C3.2","0.137803907711851"
"RP11-24F11.2","0.131359269732769"
"RP11-24I21.1","0.131359269732769"
"RP11-24J19.1","0.134024128684695"
"RP11-24M17.6","0.131384450814482"
"RP11-24N18.1","0.133315674553273"
"RP11-250B2.3","0.133599991494829"
"RP11-250B2.5","0.129442482371289"
"RP11-250B2.6","0.13732511198493"
"RP11-251G23.5","0.133315674553273"
"RP11-251M1.1","0.13539846228147"
"RP11-252A24.3","0.131617725468461"
"RP11-252A24.5","0.135039193070389"
"RP11-252C15.1","0.134167393699716"
"RP11-252C24.3","0.13732511198493"
"RP11-252E2.1","0.134282698093592"
"RP11-252E2.2","0.133315674553273"
"RP11-252I13.2","0.134024128684695"
"RP11-252M18.3","0.132938131374483"
"RP11-252P19.1","0.134238807745478"
"RP11-253A20.1","0.134167393699716"
"RP11-253D19.1","0.133599991494829"
"RP11-253D19.2","0.132168016750368"
"RP11-253E3.3","0.132168016750368"
"RP11-253I19.3","0.135039193070389"
"RP11-253M7.1","0.134238807745478"
"RP11-253M7.4","0.129607102739789"
"RP11-254F7.1","0.130281134389396"
"RP11-254F7.2","0.131359269732769"
"RP11-254F7.3","0.133315674553273"
"RP11-254F7.4","0.133315674553273"
"RP11-254I22.1","0.131617725468461"
"RP11-254I22.2","0.13481547061771"
"RP11-254I22.3","0.130678907688253"
"RP11-255A11.2","0.133315674553273"
"RP11-255C15.3","0.131815346637677"
"RP11-255E6.6","0.131617725468461"
"RP11-255G12.2","0.133599991494829"
"RP11-255G12.3","0.131359269732769"
"RP11-255H23.4","0.132168016750368"
"RP11-255M2.3","0.128945522495663"
"RP11-255P5.2","0.13080890852331"
"RP11-255P5.3","0.127569128667126"
"RP11-256I23.1","0.129607102739789"
"RP11-256I23.2","0.131560030629896"
"RP11-256I23.3","0.13080890852331"
"RP11-256L11.3","0.134167393699716"
"RP11-256L6.2","0.128520644351215"
"RP11-256L6.3","0.133315674553273"
"RP11-256P1.1","0.127518105657805"
"RP11-257I14.1","0.127227861231477"
"RP11-257K9.8","0.134167393699716"
"RP11-257O5.4","0.131359269732769"
"RP11-257P3.3","0.13539846228147"
"RP11-258B16.1","0.134282698093592"
"RP11-258C19.7","0.127413800796846"
"RP11-258F1.1","0.134282698093592"
"RP11-258F22.1","0.133315674553273"
"RP11-259K15.2","0.131359269732769"
"RP11-259K5.1","0.127611072723537"
"RP11-259K5.2","0.127413800796846"
"RP11-259N19.1","0.131815346637677"
"RP11-259O18.4","0.128557333092807"
"RP11-259O18.5","0.127611072723537"
"RP11-259O2.1","0.134238807745478"
"RP11-259P20.1","0.13080890852331"
"RP11-25B7.1","0.131815346637677"
"RP11-25C19.3","0.133315674553273"
"RP11-25G10.2","0.133315674553273"
"RP11-25H12.1","0.136186433952294"
"RP11-25I15.3","0.13080890852331"
"RP11-25I9.3","0.135309986469381"
"RP11-25K19.1","0.131697918263656"
"RP11-25K21.1","0.134282698093592"
"RP11-25L3.3","0.133599991494829"
"RP11-25O10.2","0.126697020623335"
"RP11-260A9.6","0.128945522495663"
"RP11-260E18.1","0.133058969678568"
"RP11-260G13.1","0.133599991494829"
"RP11-260M19.2","0.129607102739789"
"RP11-260M2.1","0.130281134389396"
"RP11-260O18.1","0.130281134389396"
"RP11-261C10.5","0.127611072723537"
"RP11-261N11.8","0.135272107001218"
"RP11-261P24.2","0.131815346637677"
"RP11-262A16.1","0.127569128667126"
"RP11-262H14.3","0.132168016750368"
"RP11-262H14.4","0.134282698093592"
"RP11-262I2.2","0.132168016750368"
"RP11-263K19.4","0.132168016750368"
"RP11-263K19.6","0.134238807745478"
"RP11-263K4.3","0.12784073325446"
"RP11-263K4.5","0.135272107001218"
"RP11-264B14.1","0.134282698093592"
"RP11-264B14.2","0.129053759721324"
"RP11-264B17.2","0.134282698093592"
"RP11-264B17.4","0.132168016750368"
"RP11-264B17.5","0.128557333092807"
"RP11-264E18.1","0.133045001929019"
"RP11-264E20.1","0.131359269732769"
"RP11-264E20.2","0.130678907688253"
"RP11-264I13.2","0.128026555681829"
"RP11-264K23.1","0.129053759721324"
"RP11-264L1.4","0.129607102739789"
"RP11-264M12.2","0.13481547061771"
"RP11-265D17.2","0.127413800796846"
"RP11-265D19.6","0.131609331774557"
"RP11-265E18.1","0.131359269732769"
"RP11-265F19.1","0.133599991494829"
"RP11-265N6.1","0.129431235871594"
"RP11-265N6.2","0.129442482371289"
"RP11-265N7.1","0.126160919634781"
"RP11-265N7.2","0.131697918263656"
"RP11-265O12.1","0.130281134389396"
"RP11-265P11.1","0.130678907688253"
"RP11-266A24.1","0.13080890852331"
"RP11-266J6.2","0.132168016750368"
"RP11-266K22.2","0.129442482371289"
"RP11-266K4.13","0.12784073325446"
"RP11-266K4.14","0.128744137530942"
"RP11-266K4.9","0.130281134389396"
"RP11-266L9.5","0.129442482371289"
"RP11-266N13.2","0.128780826272534"
"RP11-266O8.1","0.126697020623335"
"RP11-267A15.3","0.131815346637677"
"RP11-267C16.1","0.131359269732769"
"RP11-267M23.4","0.128780826272534"
"RP11-267N12.1","0.136003818868644"
"RP11-268F1.3","0.135830886565008"
"RP11-268G12.1","0.126881918576636"
"RP11-268G12.3","0.132168016750368"
"RP11-268G13.1","0.130281134389396"
"RP11-268I9.3","0.130281134389396"
"RP11-268J15.5","0.13481547061771"
"RP11-268P4.4","0.13080890852331"
"RP11-268P4.5","0.133058969678568"
"RP11-269C23.5","0.128895529585834"
"RP11-269C4.2","0.133058969678568"
"RP11-269F19.2","0.12784073325446"
"RP11-269F20.1","0.12892926908492"
"RP11-269F21.2","0.129607102739789"
"RP11-269F21.3","0.128895529585834"
"RP11-269G24.3","0.130678907688253"
"RP11-269G24.4","0.13481547061771"
"RP11-269G24.6","0.131359269732769"
"RP11-269M20.3","0.12738093025944"
"RP11-26J3.1","0.129481277356365"
"RP11-26J3.4","0.131697918263656"
"RP11-26L20.3","0.13080890852331"
"RP11-26L20.4","0.129607102739789"
"RP11-26M5.3","0.128370665621729"
"RP11-26N15.2","0.131359269732769"
"RP11-26P13.2","0.130281134389396"
"RP11-270M14.4","0.131609331774557"
"RP11-271C24.2","0.133599991494829"
"RP11-271F18.1","0.130678907688253"
"RP11-271F18.4","0.133599991494829"
"RP11-271M24.2","0.136577954280941"
"RP11-272B17.1","0.126881918576636"
"RP11-272B17.2","0.127485235120399"
"RP11-272D12.2","0.135272107001218"
"RP11-272L13.3","0.12569001834969"
"RP11-273B19.2","0.134282698093592"
"RP11-273B20.1","0.136577954280941"
"RP11-273B20.3","0.130678907688253"
"RP11-273G15.2","0.128407354363321"
"RP11-274B18.4","0.130678907688253"
"RP11-274B21.10","0.134282698093592"
"RP11-274B21.9","0.127611072723537"
"RP11-274H2.3","0.129442482371289"
"RP11-274H24.1","0.131673090854864"
"RP11-274J16.5","0.128026555681829"
"RP11-274M17.3","0.133599991494829"
"RP11-275E15.2","0.131609331774557"
"RP11-275H4.1","0.131335647969552"
"RP11-275I14.4","0.135272107001218"
"RP11-275I4.1","0.131609331774557"
"RP11-275I4.2","0.127071986497269"
"RP11-276E15.4","0.135830886565008"
"RP11-276E17.2","0.126272091736297"
"RP11-276H1.3","0.135830886565008"
"RP11-276H19.2","0.129053759721324"
"RP11-276H7.2","0.13080890852331"
"RP11-276H7.3","0.130678907688253"
"RP11-276M12.1","0.135830886565008"
"RP11-277A4.4","0.125128184549941"
"RP11-277B15.3","0.13080890852331"
"RP11-277P12.10","0.133599991494829"
"RP11-277P12.20","0.13080890852331"
"RP11-277P12.6","0.127569128667126"
"RP11-277P12.9","0.134262555567111"
"RP11-278A23.1","0.131359269732769"
"RP11-278A23.4","0.133045001929019"
"RP11-278C7.4","0.128026555681829"
"RP11-278H7.1","0.128895529585834"
"RP11-278H7.4","0.130678907688253"
"RP11-278I4.2","0.133058969678568"
"RP11-278L15.2","0.128895529585834"
"RP11-279F6.2","0.133315674553273"
"RP11-279N8.1","0.131359269732769"
"RP11-279O17.1","0.130678907688253"
"RP11-279O9.4","0.124786950235529"
"RP11-27G14.4","0.131609331774557"
"RP11-27G24.1","0.131359269732769"
"RP11-27K13.3","0.136288470676479"
"RP11-27M24.1","0.127569128667126"
"RP11-27M9.1","0.134117515663097"
"RP11-280G9.1","0.130281134389396"
"RP11-280O1.2","0.13539846228147"
"RP11-281A20.1","0.128895529585834"
"RP11-281A20.2","0.129607102739789"
"RP11-281N10.1","0.129442482371289"
"RP11-281O15.4","0.134024295321416"
"RP11-281O15.8","0.131697918263656"
"RP11-281P23.1","0.133599991494829"
"RP11-281P23.2","0.131359269732769"
"RP11-282A11.3","0.131359269732769"
"RP11-282A11.4","0.133719292264305"
"RP11-282C5.1","0.131697918263656"
"RP11-282I1.1","0.129431235871594"
"RP11-282O18.3","0.129053759721324"
"RP11-282O18.7","0.129431235871594"
"RP11-283C24.1","0.136288470676479"
"RP11-283G6.3","0.128026555681829"
"RP11-283G6.4","0.128026555681829"
"RP11-283G6.5","0.130281134389396"
"RP11-283G6.6","0.131697918263656"
"RP11-283I3.2","0.12738093025944"
"RP11-284A20.2","0.132135958301284"
"RP11-284A20.3","0.131359269732769"
"RP11-284F21.10","0.133599991494829"
"RP11-284F21.11","0.130281134389396"
"RP11-284F21.7","0.137859268971399"
"RP11-284F21.8","0.13080890852331"
"RP11-284F21.9","0.131697918263656"
"RP11-284G10.1","0.131609331774557"
"RP11-284H18.1","0.130678907688253"
"RP11-284H19.1","0.129053759721324"
"RP11-284J1.1","0.133315674553273"
"RP11-284M14.1","0.126032362470349"
"RP11-284N8.3","0.130281134389396"
"RP11-285A1.1","0.126032362470349"
"RP11-285E23.2","0.129053759721324"
"RP11-285E9.5","0.134282698093592"
"RP11-285E9.6","0.136577954280941"
"RP11-285F16.1","0.131697918263656"
"RP11-285F7.2","0.133599991494829"
"RP11-285G1.2","0.13481547061771"
"RP11-285G1.9","0.134126209139028"
"RP11-285J16.1","0.13080890852331"
"RP11-285M22.1","0.135272107001218"
"RP11-286B14.1","0.126881918576636"
"RP11-286B14.2","0.13080890852331"
"RP11-286E11.1","0.129607102739789"
"RP11-286E11.2","0.127611072723537"
"RP11-286H15.1","0.129607102739789"
"RP11-286N22.8","0.131697918263656"
"RP11-286N3.1","0.131697918263656"
"RP11-286N3.2","0.133599991494829"
"RP11-286O18.1","0.130678907688253"
"RP11-287D1.2","0.130281134389396"
"RP11-287D1.3","0.127569128667126"
"RP11-287D1.4","0.133599991494829"
"RP11-287F9.2","0.13080890852331"
"RP11-288I21.1","0.125551656857793"
"RP11-288L9.1","0.135039193070389"
"RP11-288L9.4","0.129607102739789"
"RP11-289F5.1","0.133315674553273"
"RP11-289H16.1","0.131609331774557"
"RP11-28G8.1","0.129607102739789"
"RP11-28H5.2","0.126160919634781"
"RP11-290C10.1","0.131609331774557"
"RP11-290D2.3","0.127611072723537"
"RP11-290D2.6","0.129442482371289"
"RP11-290F24.6","0.129442482371289"
"RP11-290F5.1","0.129442482371289"
"RP11-290F5.2","0.130268202727704"
"RP11-290H9.2","0.128026555681829"
"RP11-290H9.5","0.131609331774557"
"RP11-290K4.2","0.133315674553273"
"RP11-290L1.2","0.135272107001218"
"RP11-290L1.3","0.127611072723537"
"RP11-290L1.5","0.128026555681829"
"RP11-290M5.2","0.137710179677932"
"RP11-290M5.4","0.132135958301284"
"RP11-290O12.2","0.125628113132907"
"RP11-291B21.2","0.126697020623335"
"RP11-291L22.4","0.131359269732769"
"RP11-292E2.1","0.126272091736297"
"RP11-292E2.4","0.129442482371289"
"RP11-293A10.3","0.135272107001218"
"RP11-293A21.1","0.129607102739789"
"RP11-293E1.2","0.128370665621729"
"RP11-293M10.1","0.126160919634781"
"RP11-293M10.2","0.124786950235529"
"RP11-293M10.6","0.129607102739789"
"RP11-293P20.2","0.132135958301284"
"RP11-294C11.2","0.126160919634781"
"RP11-294C11.5","0.131359269732769"
"RP11-294J22.6","0.126697020623335"
"RP11-294N21.3","0.133045001929019"
"RP11-295G20.2","0.131609331774557"
"RP11-295H24.4","0.129442482371289"
"RP11-295I5.3","0.130281134389396"
"RP11-295I5.4","0.130678907688253"
"RP11-295K2.3","0.13481547061771"
"RP11-295K3.1","0.127611072723537"
"RP11-295M18.6","0.128026555681829"
"RP11-295M3.4","0.132135958301284"
"RP11-295P9.12","0.135272107001218"
"RP11-295P9.13","0.131359269732769"
"RP11-295P9.6","0.133599991494829"
"RP11-296A16.1","0.133045001929019"
"RP11-296A18.6","0.133315674553273"
"RP11-296I10.3","0.131359269732769"
"RP11-296K13.4","0.134126209139028"
"RP11-296L22.8","0.132135958301284"
"RP11-296O14.3","0.128407354363321"
"RP11-297A16.2","0.131697918263656"
"RP11-297A16.4","0.127950799479235"
"RP11-297B17.3","0.128407354363321"
"RP11-297C4.1","0.127071986497269"
"RP11-297C4.2","0.129053759721324"
"RP11-297C4.3","0.12784073325446"
"RP11-297D21.2","0.134282698093592"
"RP11-297D21.4","0.128370665621729"
"RP11-297H3.3","0.129607102739789"
"RP11-297J22.1","0.129442482371289"
"RP11-297K8.2","0.133045001929019"
"RP11-297L17.2","0.128895529585834"
"RP11-297M9.1","0.133599991494829"
"RP11-297N6.4","0.127611072723537"
"RP11-297P16.3","0.128895529585834"
"RP11-297P16.4","0.12738093025944"
"RP11-298D21.1","0.127569128667126"
"RP11-298E2.2","0.126272091736297"
"RP11-298E9.5","0.129053759721324"
"RP11-298H24.1","0.133045001929019"
"RP11-298I3.1","0.129442482371289"
"RP11-298I3.4","0.129053759721324"
"RP11-298J20.3","0.130281134389396"
"RP11-298J23.5","0.131697918263656"
"RP11-298J23.8","0.134807554677166"
"RP11-298O21.2","0.131609331774557"
"RP11-298O21.3","0.133045001929019"
"RP11-298O21.6","0.12569001834969"
"RP11-299D14.2","0.130268202727704"
"RP11-299G20.2","0.134282698093592"
"RP11-299H21.1","0.127611072723537"
"RP11-299H22.1","0.126881918576636"
"RP11-299J3.8","0.128370665621729"
"RP11-299L17.3","0.128407354363321"
"RP11-299P2.2","0.130678907688253"
"RP11-29B2.6","0.132135958301284"
"RP11-29B9.1","0.133719292264305"
"RP11-29B9.2","0.127071986497269"
"RP11-29H23.4","0.131359269732769"
"RP11-2A4.4","0.127569128667126"
"RP11-2B6.2","0.13080890852331"
"RP11-2B6.3","0.126160919634781"
"RP11-2C15.1","0.128026555681829"
"RP11-2C24.7","0.125551656857793"
"RP11-2C24.9","0.134126209139028"
"RP11-2C7.1","0.129053759721324"
"RP11-2E11.5","0.125128184549941"
"RP11-2E11.6","0.131609331774557"
"RP11-2E11.9","0.134126209139028"
"RP11-2E17.2","0.127071986497269"
"RP11-2G1.1","0.130281134389396"
"RP11-2H3.6","0.128895529585834"
"RP11-2H8.2","0.128407354363321"
"RP11-2I17.4","0.13481547061771"
"RP11-2L8.1","0.130281134389396"
"RP11-2N1.2","0.129607102739789"
"RP11-2N1.3","0.131359269732769"
"RP11-2O17.2","0.127611072723537"
"RP11-300A12.2","0.127071986497269"
"RP11-300E4.2","0.126751856287328"
"RP11-300J18.2","0.126881918576636"
"RP11-300M24.1","0.129442482371289"
"RP11-301G19.1","0.131697918263656"
"RP11-301G7.1","0.127071986497269"
"RP11-301L8.2","0.133315674553273"
"RP11-301O19.1","0.121608723160654"
"RP11-302B13.5","0.129306745235189"
"RP11-302F12.10","0.127611072723537"
"RP11-302F12.3","0.127569128667126"
"RP11-302L19.1","0.127611072723537"
"RP11-302L19.3","0.131697918263656"
"RP11-302M6.5","0.128370665621729"
"RP11-303E16.3","0.125128184549941"
"RP11-303E16.5","0.129607102739789"
"RP11-303E16.6","0.131697918263656"
"RP11-303E16.7","0.127569128667126"
"RP11-304C12.3","0.134126209139028"
"RP11-304C12.5","0.131609331774557"
"RP11-304F15.3","0.133719292264305"
"RP11-304F15.4","0.125324570908002"
"RP11-304F15.6","0.126160919634781"
"RP11-304F15.7","0.130268202727704"
"RP11-304L19.11","0.126697020623335"
"RP11-304L19.12","0.129442482371289"
"RP11-304L19.13","0.133315674553273"
"RP11-304L19.2","0.125564689283993"
"RP11-304L19.8","0.128895529585834"
"RP11-304M2.5","0.126272091736297"
"RP11-305A4.3","0.128895529585834"
"RP11-305D15.8","0.127569128667126"
"RP11-305F18.1","0.125564689283993"
"RP11-305K5.1","0.127053707942604"
"RP11-305L7.1","0.128407354363321"
"RP11-305L7.3","0.127611072723537"
"RP11-305L7.6","0.128294909419135"
"RP11-305L7.7","0.125551656857793"
"RP11-305O4.3","0.131359269732769"
"RP11-305P14.1","0.129431235871594"
"RP11-305P22.9","0.130268202727704"
"RP11-306G20.1","0.131609331774557"
"RP11-306I1.2","0.126272091736297"
"RP11-306O13.1","0.126032362470349"
"RP11-307B6.3","0.12784073325446"
"RP11-307C12.11","0.125238627759083"
"RP11-307C12.12","0.12738093025944"
"RP11-307C12.13","0.130268202727704"
"RP11-307C18.1","0.129053759721324"
"RP11-307C19.1","0.13080890852331"
"RP11-307C19.2","0.127071986497269"
"RP11-307E17.8","0.125324570908002"
"RP11-307L14.1","0.127950799479235"
"RP11-307L14.2","0.130678907688253"
"RP11-307L3.4","0.126272091736297"
"RP11-307N16.6","0.128407354363321"
"RP11-307O10.1","0.130445609363922"
"RP11-307O13.1","0.124225007459611"
"RP11-307P5.1","0.128026555681829"
"RP11-308B16.2","0.126032362470349"
"RP11-308B5.2","0.123337385592413"
"RP11-308D13.3","0.126160919634781"
"RP11-308N19.1","0.128895529585834"
"RP11-309H21.3","0.126053200602863"
"RP11-309L24.10","0.125551656857793"
"RP11-309L24.4","0.12784073325446"
"RP11-309M23.1","0.126160919634781"
"RP11-309M7.1","0.126881918576636"
"RP11-309N24.1","0.133719292264305"
"RP11-30G13.1","0.12732366713745"
"RP11-30G8.2","0.126272091736297"
"RP11-30J20.1","0.128368553261696"
"RP11-30K9.5","0.12738093025944"
"RP11-30K9.6","0.124786950235529"
"RP11-30L15.6","0.12569001834969"
"RP11-30L3.2","0.128368553261696"
"RP11-30O15.1","0.131359269732769"
"RP11-30P6.6","0.123078430832584"
"RP11-310E22.4","0.130678907688253"
"RP11-310E22.5","0.12784073325446"
"RP11-310H4.1","0.126160919634781"
"RP11-310H4.3","0.126697020623335"
"RP11-310N16.1","0.126272091736297"
"RP11-310P5.1","0.124799889075801"
"RP11-311F12.1","0.125128184549941"
"RP11-311F12.2","0.12569001834969"
"RP11-312B8.1","0.130173250524103"
"RP11-312J18.6","0.123078430832584"
"RP11-313A24.1","0.12738093025944"
"RP11-313D6.3","0.127611072723537"
"RP11-313E19.2","0.126032362470349"
"RP11-313F23.4","0.130678907688253"
"RP11-313I2.11","0.134126209139028"
"RP11-313P13.5","0.127071986497269"
"RP11-313P18.2","0.12569001834969"
"RP11-313P22.1","0.13080890852331"
"RP11-314A20.2","0.130678907688253"
"RP11-314A20.5","0.121608723160654"
"RP11-314B1.2","0.127071986497269"
"RP11-314C16.1","0.128509123976079"
"RP11-314C9.2","0.130678907688253"
"RP11-314M24.1","0.12569001834969"
"RP11-314N13.10","0.129053759721324"
"RP11-314N13.3","0.127569128667126"
"RP11-314N14.1","0.128895529585834"
"RP11-314P15.2","0.129053759721324"
"RP11-315A16.1","0.127071986497269"
"RP11-315D16.2","0.123456764055112"
"RP11-315D16.4","0.124242490150401"
"RP11-315E17.1","0.127071986497269"
"RP11-315I20.1","0.129442482371289"
"RP11-315I20.3","0.12738093025944"
"RP11-315L6.1","0.12310355979614"
"RP11-315O6.1","0.126160919634781"
"RP11-315O6.2","0.127611072723537"
"RP11-316A16.1","0.132135958301284"
"RP11-316I3.2","0.12738093025944"
"RP11-316M1.12","0.126160919634781"
"RP11-316M1.3","0.126697020623335"
"RP11-316M20.1","0.127569128667126"
"RP11-316M21.6","0.132135958301284"
"RP11-316M21.7","0.125128184549941"
"RP11-316O14.1","0.126881918576636"
"RP11-317G6.1","0.12569001834969"
"RP11-317J19.1","0.128331864520105"
"RP11-317L10.1","0.127569128667126"
"RP11-317N12.1","0.13080890852331"
"RP11-317N8.3","0.128895529585834"
"RP11-317N8.5","0.12738093025944"
"RP11-317P15.4","0.129053759721324"
"RP11-318A15.2","0.125628113132907"
"RP11-318A15.7","0.13080890852331"
"RP11-318A15.8","0.12738093025944"
"RP11-318C2.1","0.128368553261696"
"RP11-318C24.2","0.124771831679612"
"RP11-318E3.9","0.126881918576636"
"RP11-318G21.4","0.123078430832584"
"RP11-318K12.2","0.126751856287328"
"RP11-318M2.3","0.12738093025944"
"RP11-319E12.1","0.12784073325446"
"RP11-319E12.2","0.131359269732769"
"RP11-319E16.1","0.128509123976079"
"RP11-319E16.2","0.130678907688253"
"RP11-319F12.2","0.126160919634781"
"RP11-319G6.1","0.126881918576636"
"RP11-319G6.3","0.126923489569124"
"RP11-31F15.2","0.127611072723537"
"RP11-31K23.2","0.126697020623335"
"RP11-31L22.3","0.126697020623335"
"RP11-320G10.1","0.125128184549941"
"RP11-320G24.1","0.12707975064321"
"RP11-320M16.2","0.131697918263656"
"RP11-320M2.1","0.126272091736297"
"RP11-320N21.1","0.127611072723537"
"RP11-320N21.2","0.128895529585834"
"RP11-320N7.2","0.126272091736297"
"RP11-320P7.2","0.125514842454746"
"RP11-321A17.4","0.133139015171607"
"RP11-321A17.6","0.129053759721324"
"RP11-321C24.1","0.126881918576636"
"RP11-321E2.3","0.128509123976079"
"RP11-321E2.4","0.129053759721324"
"RP11-321F8.4","0.131697918263656"
"RP11-321G12.1","0.127611072723537"
"RP11-321L2.1","0.125128184549941"
"RP11-321M21.3","0.129431235871594"
"RP11-321M21.4","0.131697918263656"
"RP11-321N4.5","0.130142377344281"
"RP11-321P16.1","0.126923489569124"
"RP11-322D14.2","0.128895529585834"
"RP11-322E11.2","0.13251502378402"
"RP11-322E11.5","0.12784073325446"
"RP11-322E11.6","0.126160919634781"
"RP11-322J23.1","0.127569128667126"
"RP11-322N21.2","0.128509123976079"
"RP11-323C15.2","0.12738093025944"
"RP11-323F24.3","0.13004742514068"
"RP11-323I15.5","0.13539846228147"
"RP11-323J4.1","0.125628113132907"
"RP11-323N12.5","0.131359269732769"
"RP11-324D17.1","0.13251502378402"
"RP11-324D17.3","0.127611072723537"
"RP11-324E6.10","0.131609331774557"
"RP11-324E6.6","0.13004742514068"
"RP11-324I22.2","0.126881918576636"
"RP11-324I22.4","0.134282698093592"
"RP11-324J13.2","0.13004742514068"
"RP11-324J3.1","0.13251502378402"
"RP11-324L17.1","0.128895529585834"
"RP11-324O2.3","0.132135958301284"
"RP11-325D15.2","0.130469850317501"
"RP11-325E5.1","0.130553634882678"
"RP11-325F22.2","0.1323760947804"
"RP11-325K19.1","0.128368553261696"
"RP11-325L12.6","0.12738093025944"
"RP11-325L12.7","0.126923489569124"
"RP11-325L7.1","0.13251502378402"
"RP11-325L7.2","0.127569128667126"
"RP11-325N19.3","0.12784073325446"
"RP11-326A13.1","0.128882595885293"
"RP11-326A19.3","0.136186433952294"
"RP11-326A19.4","0.134282698093592"
"RP11-326C3.10","0.126272091736297"
"RP11-326C3.11","0.130767150921452"
"RP11-326C3.12","0.128368553261696"
"RP11-326C3.13","0.130767150921452"
"RP11-326C3.14","0.127569128667126"
"RP11-326C3.15","0.127569128667126"
"RP11-326C3.2","0.13251502378402"
"RP11-326C3.7","0.12707975064321"
"RP11-326E22.1","0.12784073325446"
"RP11-326G21.1","0.128895529585834"
"RP11-326I11.3","0.128026555681829"
"RP11-326I11.4","0.12738093025944"
"RP11-326K13.4","0.128509123976079"
"RP11-326L2.1","0.13004742514068"
"RP11-326N17.2","0.128368553261696"
"RP11-327F22.1","0.126697020623335"
"RP11-327F22.2","0.135650694906861"
"RP11-327F22.4","0.130553634882678"
"RP11-327F22.5","0.130553634882678"
"RP11-327I22.5","0.130469850317501"
"RP11-327J17.2","0.131697918263656"
"RP11-327J17.8","0.129053759721324"
"RP11-327J17.9","0.128368553261696"
"RP11-327L3.3","0.13251502378402"
"RP11-327L9.1","0.127569128667126"
"RP11-327O17.2","0.126697020623335"
"RP11-327P2.5","0.132135958301284"
"RP11-328C8.4","0.13004742514068"
"RP11-328D5.1","0.125514842454746"
"RP11-328J14.1","0.13004742514068"
"RP11-328J2.1","0.134117515663097"
"RP11-328K4.1","0.133719292264305"
"RP11-328P23.4","0.134638420878513"
"RP11-329B9.1","0.130767150921452"
"RP11-329B9.3","0.131697918263656"
"RP11-329B9.4","0.134126209139028"
"RP11-329B9.5","0.134918709072572"
"RP11-329J18.3","0.133139015171607"
"RP11-329N22.1","0.130553634882678"
"RP11-32B5.7","0.13251502378402"
"RP11-32B5.8","0.127492410889824"
"RP11-32D16.1","0.13251502378402"
"RP11-32K4.1","0.133719292264305"
"RP11-330A16.1","0.127950799479235"
"RP11-330M19.1","0.133599991494829"
"RP11-331F9.3","0.13251502378402"
"RP11-331F9.4","0.134600329398721"
"RP11-331K15.1","0.131673090854864"
"RP11-331K21.1","0.131697918263656"
"RP11-332H14.1","0.13004742514068"
"RP11-332H14.2","0.12892926908492"
"RP11-332H18.5","0.12784073325446"
"RP11-332H18.7","0.12892926908492"
"RP11-332J15.1","0.125514842454746"
"RP11-332J15.2","0.12569001834969"
"RP11-332J15.4","0.126272091736297"
"RP11-332K15.1","0.130469850317501"
"RP11-333A23.3","0.12707975064321"
"RP11-333A23.4","0.1352558502485"
"RP11-333B11.1","0.131697918263656"
"RP11-333E1.1","0.128509123976079"
"RP11-333E1.2","0.130553634882678"
"RP11-333I13.1","0.132135958301284"
"RP11-333O1.1","0.130032008604048"
"RP11-334A14.5","0.126272091736297"
"RP11-334A14.8","0.131359269732769"
"RP11-334C17.5","0.133139015171607"
"RP11-334C17.6","0.130469850317501"
"RP11-334E6.10","0.130553634882678"
"RP11-334E6.3","0.128026555681829"
"RP11-334G22.1","0.128331864520105"
"RP11-334J6.6","0.13539846228147"
"RP11-334J6.7","0.130032008604048"
"RP11-335E6.2","0.130767150921452"
"RP11-335E6.3","0.130032008604048"
"RP11-335I12.2","0.131359269732769"
"RP11-335K5.2","0.130553634882678"
"RP11-335L23.4","0.126697020623335"
"RP11-335L23.5","0.13414126348473"
"RP11-335O13.7","0.130553634882678"
"RP11-335O4.3","0.13732511198493"
"RP11-336A10.2","0.12738093025944"
"RP11-336A10.4","0.129896271467948"
"RP11-336A10.5","0.128026555681829"
"RP11-336K24.12","0.125128184549941"
"RP11-336K24.5","0.12707975064321"
"RP11-337A23.6","0.134149956960661"
"RP11-337C18.8","0.135650694906861"
"RP11-337L12.1","0.13732511198493"
"RP11-337N6.1","0.126053200602863"
"RP11-337N6.2","0.131609331774557"
"RP11-338C15.3","0.131359269732769"
"RP11-338C15.5","0.130469850317501"
"RP11-338E21.1","0.125628113132907"
"RP11-338E21.3","0.131697918263656"
"RP11-338H14.1","0.127576304436551"
"RP11-338I21.1","0.134600329398721"
"RP11-338K13.1","0.130553634882678"
"RP11-338K17.8","0.128509123976079"
"RP11-338L22.2","0.131359269732769"
"RP11-338N10.1","0.133139015171607"
"RP11-338N10.2","0.128509123976079"
"RP11-338N10.3","0.130369759268356"
"RP11-339B21.13","0.131609331774557"
"RP11-339D23.1","0.133599991494829"
"RP11-33A14.1","0.12892926908492"
"RP11-33B1.3","0.134918709072572"
"RP11-33B1.4","0.130369759268356"
"RP11-33H15.1","0.133139015171607"
"RP11-33I11.2","0.123523693684117"
"RP11-33N14.3","0.137963830427874"
"RP11-33N14.5","0.130469850317501"
"RP11-33N16.2","0.134918709072572"
"RP11-33O4.1","0.136003818868644"
"RP11-33O4.2","0.133719292264305"
"RP11-340A13.3","0.12892926908492"
"RP11-340E6.1","0.135309986469381"
"RP11-340F14.6","0.130464711471957"
"RP11-340I6.7","0.133599991494829"
"RP11-340I6.8","0.133599991494829"
"RP11-341G23.4","0.135650694906861"
"RP11-341N2.1","0.128368553261696"
"RP11-342A1.1","0.128026555681829"
"RP11-342D11.2","0.134251934006245"
"RP11-342D11.3","0.130553634882678"
"RP11-342D14.1","0.128368553261696"
"RP11-342H21.2","0.131697918263656"
"RP11-342I1.2","0.136003818868644"
"RP11-342K6.1","0.130032008604048"
"RP11-342K6.3","0.126923489569124"
"RP11-342K6.4","0.132909296786036"
"RP11-342M1.3","0.131146204074395"
"RP11-342M3.1","0.12892926908492"
"RP11-342M3.5","0.130767150921452"
"RP11-343C2.11","0.134149956960661"
"RP11-343H19.1","0.126881918576636"
"RP11-343H5.6","0.12738093025944"
"RP11-343J18.1","0.128026555681829"
"RP11-343J3.2","0.128509123976079"
"RP11-343K8.3","0.13251502378402"
"RP11-343L5.2","0.134600329398721"
"RP11-343N15.2","0.130767150921452"
"RP11-343P9.1","0.132909296786036"
"RP11-344A16.2","0.13539846228147"
"RP11-344B2.2","0.12892926908492"
"RP11-344B5.2","0.134149956960661"
"RP11-344B5.3","0.13251502378402"
"RP11-344B5.4","0.131697918263656"
"RP11-344E13.4","0.131609331774557"
"RP11-344F13.1","0.128509123976079"
"RP11-344N10.2","0.130469850317501"
"RP11-344N10.5","0.130469850317501"
"RP11-344P13.4","0.130830706089486"
"RP11-344P13.6","0.126881918576636"
"RP11-345F18.1","0.12784073325446"
"RP11-345J4.3","0.133599991494829"
"RP11-345J4.5","0.130369759268356"
"RP11-345P4.10","0.12892926908492"
"RP11-345P4.7","0.131463827662059"
"RP11-345P4.9","0.130032008604048"
"RP11-346C20.3","0.130369759268356"
"RP11-346C20.4","0.13251502378402"
"RP11-346C4.3","0.128509123976079"
"RP11-346D14.1","0.128368553261696"
"RP11-346D19.1","0.130032008604048"
"RP11-346L1.2","0.1352558502485"
"RP11-347C12.1","0.126881918576636"
"RP11-347C12.10","0.133139015171607"
"RP11-347C12.11","0.12738093025944"
"RP11-347C12.3","0.128026555681829"
"RP11-347C18.5","0.131463827662059"
"RP11-347I19.7","0.12784073325446"
"RP11-347I19.8","0.131609331774557"
"RP11-347J14.7","0.130032008604048"
"RP11-347P5.1","0.128368553261696"
"RP11-348F1.2","0.128509123976079"
"RP11-348F1.3","0.130464711471957"
"RP11-348H3.8","0.131697918263656"
"RP11-348J12.2","0.131609331774557"
"RP11-348J24.1","0.133139015171607"
"RP11-348J24.2","0.13030418213811"
"RP11-348N5.7","0.126697020623335"
"RP11-348N5.9","0.130469850317501"
"RP11-348P10.2","0.13030418213811"
"RP11-349A8.3","0.131697918263656"
"RP11-349E4.1","0.130553634882678"
"RP11-34A14.3","0.128368553261696"
"RP11-34C15.2","0.128368553261696"
"RP11-34D15.2","0.131609331774557"
"RP11-34F13.2","0.12784073325446"
"RP11-34P13.3","0.131697918263656"
"RP11-34P13.7","0.127576304436551"
"RP11-34P13.8","0.12892926908492"
"RP11-34P13.9","0.12707975064321"
"RP11-350D17.2","0.134600329398721"
"RP11-350G24.1","0.131146204074395"
"RP11-350G8.5","0.131463827662059"
"RP11-350G8.9","0.131609331774557"
"RP11-350J20.12","0.130469850317501"
"RP11-350J20.5","0.130553634882678"
"RP11-350N15.3","0.12569001834969"
"RP11-350N15.4","0.132135958301284"
"RP11-350N15.5","0.130767150921452"
"RP11-350N15.6","0.13251502378402"
"RP11-351A11.1","0.132909296786036"
"RP11-351D16.3","0.132135958301284"
"RP11-351E7.1","0.130767150921452"
"RP11-351I21.11","0.131609331774557"
"RP11-351I24.1","0.131463827662059"
"RP11-351J23.1","0.132909296786036"
"RP11-351M16.3","0.1352558502485"
"RP11-351M16.4","0.13251502378402"
"RP11-351M8.1","0.131146204074395"
"RP11-351M8.2","0.131609331774557"
"RP11-351O2.1","0.13539846228147"
"RP11-352B15.2","0.12892926908492"
"RP11-352D13.5","0.131463827662059"
"RP11-352D13.6","0.126881918576636"
"RP11-352D3.2","0.128368553261696"
"RP11-352G18.2","0.131146204074395"
"RP11-352G9.1","0.133719292264305"
"RP11-352M15.1","0.132135958301284"
"RP11-352M15.2","0.131463827662059"
"RP11-353K11.1","0.128331864520105"
"RP11-353M9.1","0.132909296786036"
"RP11-353N14.1","0.13030418213811"
"RP11-353N14.2","0.128368553261696"
"RP11-353N14.3","0.134918709072572"
"RP11-353N14.4","0.12892926908492"
"RP11-353N14.5","0.131463827662059"
"RP11-353N14.7","0.133719292264305"
"RP11-353N4.5","0.131463827662059"
"RP11-353N4.6","0.134600329398721"
"RP11-354A14.1","0.13414126348473"
"RP11-354E11.2","0.128509123976079"
"RP11-354H21.1","0.132114705274515"
"RP11-354K1.1","0.130369759268356"
"RP11-354K1.2","0.127950799479235"
"RP11-354K4.2","0.128509123976079"
"RP11-354M1.2","0.12569001834969"
"RP11-354M20.3","0.1352558502485"
"RP11-354P11.2","0.131146204074395"
"RP11-354P11.3","0.131146204074395"
"RP11-354P11.4","0.128509123976079"
"RP11-354P11.8","0.132114705274515"
"RP11-354P17.15","0.128368553261696"
"RP11-355B11.2","0.12690521101446"
"RP11-355E10.1","0.135830886565008"
"RP11-355F16.1","0.128509123976079"
"RP11-355F22.1","0.13030418213811"
"RP11-355N15.1","0.134600329398721"
"RP11-356C4.3","0.1304893359091"
"RP11-356C4.5","0.13481547061771"
"RP11-356I2.1","0.133599991494829"
"RP11-356I2.4","0.135752824158864"
"RP11-356J5.12","0.129745789687104"
"RP11-356J5.13","0.128026555681829"
"RP11-356J5.4","0.12738093025944"
"RP11-356K23.1","0.130369759268356"
"RP11-356K23.2","0.126923489569124"
"RP11-356N1.2","0.1352558502485"
"RP11-356O9.1","0.13251502378402"
"RP11-356O9.2","0.131463827662059"
"RP11-357F12.1","0.127803573044332"
"RP11-357H14.17","0.130369759268356"
"RP11-357K6.1","0.126053200602863"
"RP11-357N13.2","0.133599991494829"
"RP11-357N13.3","0.130553634882678"
"RP11-357P18.2","0.130553634882678"
"RP11-358B23.1","0.12738093025944"
"RP11-358B23.5","0.13539846228147"
"RP11-358H9.1","0.130553634882678"
"RP11-358M14.2","0.130469850317501"
"RP11-358N2.2","0.126272091736297"
"RP11-359B12.2","0.12738093025944"
"RP11-359D14.2","0.131146204074395"
"RP11-359D14.3","0.130767150921452"
"RP11-359D24.1","0.13251502378402"
"RP11-359E10.1","0.131609331774557"
"RP11-359E19.2","0.131609331774557"
"RP11-359E3.4","0.128368553261696"
"RP11-359G22.2","0.13030418213811"
"RP11-359G22.4","0.130553634882678"
"RP11-359I18.5","0.131463827662059"
"RP11-359J14.2","0.127913639269107"
"RP11-359K18.3","0.134600329398721"
"RP11-359M6.1","0.13030418213811"
"RP11-359N11.1","0.128026555681829"
"RP11-359P5.1","0.126053200602863"
"RP11-35G22.1","0.130553634882678"
"RP11-35G9.3","0.123523693684117"
"RP11-35G9.5","0.12738093025944"
"RP11-35J1.2","0.127803573044332"
"RP11-35J10.4","0.131609331774557"
"RP11-35J10.5","0.131609331774557"
"RP11-35J23.1","0.133243757674599"
"RP11-35L17.3","0.124771831679612"
"RP11-35O15.1","0.130767150921452"
"RP11-35O7.1","0.1352558502485"
"RP11-35P15.1","0.12738093025944"
"RP11-360A18.1","0.125128184549941"
"RP11-360F5.1","0.127803573044332"
"RP11-360F5.3","0.13030418213811"
"RP11-360I2.1","0.12569001834969"
"RP11-360K13.1","0.129745789687104"
"RP11-360L9.4","0.131463827662059"
"RP11-360L9.7","0.130553634882678"
"RP11-360L9.8","0.135632649499901"
"RP11-360O19.4","0.13539846228147"
"RP11-360P21.2","0.132114705274515"
"RP11-361D15.2","0.126923489569124"
"RP11-362A1.1","0.132114705274515"
"RP11-362A9.3","0.129745789687104"
"RP11-362F19.1","0.128509123976079"
"RP11-362F19.3","0.130553634882678"
"RP11-362J17.1","0.128368553261696"
"RP11-362K14.5","0.132114705274515"
"RP11-362K14.6","0.128368553261696"
"RP11-362K14.7","0.13539846228147"
"RP11-362K2.2","0.132114705274515"
"RP11-363D14.1","0.133599991494829"
"RP11-363E6.3","0.126881918576636"
"RP11-363E6.4","0.126923489569124"
"RP11-363J17.1","0.131538309888433"
"RP11-363J20.1","0.13030418213811"
"RP11-363J20.2","0.134149956960661"
"RP11-363N22.2","0.131146204074395"
"RP11-364P22.1","0.12738093025944"
"RP11-365H22.2","0.132909296786036"
"RP11-365N19.2","0.127803573044332"
"RP11-365O16.6","0.133243757674599"
"RP11-365P13.5","0.132909296786036"
"RP11-366F6.2","0.126881918576636"
"RP11-366H4.1","0.123452668324858"
"RP11-366H4.3","0.130767150921452"
"RP11-366L20.2","0.126034013577958"
"RP11-366L5.1","0.131463827662059"
"RP11-367F23.2","0.126923489569124"
"RP11-367G18.1","0.128509123976079"
"RP11-367G6.3","0.128509123976079"
"RP11-367H1.1","0.130369759268356"
"RP11-367J11.2","0.126697020623335"
"RP11-367J11.3","0.128331864520105"
"RP11-367J7.3","0.131463827662059"
"RP11-367N14.2","0.130553634882678"
"RP11-367N14.3","0.128509123976079"
"RP11-368I23.2","0.127913639269107"
"RP11-368I23.3","0.131146204074395"
"RP11-368I23.4","0.132114705274515"
"RP11-368I7.4","0.132114705274515"
"RP11-368I7.6","0.125514842454746"
"RP11-368L12.1","0.128509123976079"
"RP11-368P15.3","0.132909296786036"
"RP11-369C8.1","0.126923489569124"
"RP11-369E15.2","0.134149956960661"
"RP11-369E15.3","0.133243757674599"
"RP11-369E15.4","0.129896271467948"
"RP11-369J9.1","0.132909296786036"
"RP11-369K17.1","0.131146204074395"
"RP11-36B15.1","0.12707975064321"
"RP11-36B6.1","0.127803573044332"
"RP11-370A5.1","0.130553634882678"
"RP11-370B11.3","0.13251502378402"
"RP11-370F5.4","0.130464711471957"
"RP11-370I10.10","0.130767150921452"
"RP11-370I10.11","0.125514842454746"
"RP11-370I10.12","0.128026555681829"
"RP11-370I10.6","0.126697020623335"
"RP11-370P15.2","0.133719292264305"
"RP11-371A19.2","0.126923489569124"
"RP11-371E8.4","0.130767150921452"
"RP11-371F15.3","0.126881918576636"
"RP11-372E1.4","0.135632649499901"
"RP11-372H2.1","0.134149956960661"
"RP11-372K14.2","0.13251502378402"
"RP11-372M18.2","0.130553634882678"
"RP11-373D23.3","0.126697020623335"
"RP11-373I8.1","0.130767150921452"
"RP11-373N22.3","0.128026555681829"
"RP11-374A4.1","0.131463827662059"
"RP11-374M1.3","0.130767150921452"
"RP11-374M1.4","0.13251502378402"
"RP11-374M1.5","0.13481547061771"
"RP11-374P20.4","0.130553634882678"
"RP11-375A5.1","0.13251502378402"
"RP11-375D13.4","0.126272091736297"
"RP11-375H17.1","0.126923489569124"
"RP11-375H19.2","0.130767150921452"
"RP11-375I20.6","0.131609331774557"
"RP11-375N15.2","0.127913639269107"
"RP11-375O18.2","0.131463827662059"
"RP11-377D9.3","0.132909296786036"
"RP11-377G16.2","0.131146204074395"
"RP11-378A12.1","0.133599991494829"
"RP11-378A13.2","0.131463827662059"
"RP11-378E13.4","0.128509123976079"
"RP11-378I13.1","0.134918709072572"
"RP11-378I6.1","0.129011012528225"
"RP11-378J18.8","0.130767150921452"
"RP11-378J18.9","0.1352558502485"
"RP11-379B18.6","0.130059256418483"
"RP11-379B8.1","0.126923489569124"
"RP11-379C10.1","0.132909296786036"
"RP11-379C10.4","0.129908774637639"
"RP11-379F12.3","0.13030418213811"
"RP11-379F12.4","0.130369759268356"
"RP11-379F4.4","0.134149956960661"
"RP11-379F4.6","0.130469850317501"
"RP11-379F4.7","0.128368553261696"
"RP11-379F4.9","0.13481547061771"
"RP11-379H18.1","0.134600329398721"
"RP11-379I19.3","0.133243757674599"
"RP11-379J5.5","0.130469850317501"
"RP11-379K17.12","0.127719679497605"
"RP11-379K17.4","0.128026555681829"
"RP11-379K22.2","0.129011012528225"
"RP11-379K22.3","0.131609331774557"
"RP11-37B2.1","0.13030418213811"
"RP11-37C7.3","0.128509123976079"
"RP11-37L2.1","0.13251502378402"
"RP11-37N22.1","0.133599991494829"
"RP11-380B4.3","0.136186433952294"
"RP11-380D11.2","0.128331864520105"
"RP11-380D15.3","0.130369759268356"
"RP11-380D23.1","0.133257374137313"
"RP11-380D23.2","0.136288470676479"
"RP11-380F14.2","0.132114705274515"
"RP11-380I10.4","0.133054888677171"
"RP11-380J14.1","0.130059256418483"
"RP11-380J14.4","0.133243757674599"
"RP11-380L11.4","0.1352558502485"
"RP11-380M21.4","0.133054888677171"
"RP11-380N8.7","0.133054888677171"
"RP11-380O24.1","0.131146204074395"
"RP11-381K20.2","0.132114705274515"
"RP11-381K20.4","0.126881918576636"
"RP11-381N20.1","0.131146204074395"
"RP11-381N20.2","0.133599991494829"
"RP11-381O7.3","0.132114705274515"
"RP11-381P6.1","0.129908774637639"
"RP11-382A20.3","0.126053200602863"
"RP11-382A20.4","0.128331864520105"
"RP11-382A20.5","0.136003818868644"
"RP11-382A20.7","0.12738093025944"
"RP11-382D12.2","0.133257374137313"
"RP11-383B4.4","0.13539846228147"
"RP11-383C6.2","0.130469850317501"
"RP11-383G10.5","0.130469850317501"
"RP11-383I23.2","0.13030418213811"
"RP11-383J24.1","0.129908774637639"
"RP11-383M4.6","0.13414126348473"
"RP11-384C4.7","0.132089877865724"
"RP11-384F7.1","0.133054888677171"
"RP11-384F7.2","0.130469850317501"
"RP11-384J4.2","0.132950146174178"
"RP11-384K6.8","0.131146204074395"
"RP11-384M15.3","0.135184136508837"
"RP11-384O8.1","0.130749772977904"
"RP11-384P7.5","0.132909296786036"
"RP11-384P7.7","0.130469850317501"
"RP11-385D13.1","0.131538309888433"
"RP11-385D13.3","0.1352558502485"
"RP11-385E5.5","0.135632649499901"
"RP11-385F5.4","0.130767150921452"
"RP11-385F5.5","0.130553634882678"
"RP11-385F7.1","0.133599991494829"
"RP11-385J1.3","0.131146204074395"
"RP11-385M4.1","0.128331864520105"
"RP11-386D6.1","0.126923489569124"
"RP11-386D6.2","0.126881918576636"
"RP11-386G11.10","0.131609331774557"
"RP11-386G11.3","0.131609331774557"
"RP11-386G11.5","0.12569001834969"
"RP11-386G11.8","0.133719292264305"
"RP11-386G21.2","0.136003818868644"
"RP11-386I14.4","0.137710179677932"
"RP11-386I8.6","0.128331864520105"
"RP11-386M24.10","0.130469850317501"
"RP11-386M24.9","0.131609331774557"
"RP11-387A1.5","0.134918709072572"
"RP11-387D10.4","0.128625589856005"
"RP11-387H17.4","0.132909296786036"
"RP11-387H17.6","0.132909296786036"
"RP11-387M24.5","0.136003818868644"
"RP11-388C12.1","0.136577954280941"
"RP11-388G22.1","0.132909296786036"
"RP11-388K12.1","0.127803573044332"
"RP11-388K12.2","0.133719292264305"
"RP11-388K2.1","0.130553634882678"
"RP11-388M20.1","0.130767150921452"
"RP11-388M20.2","0.133719292264305"
"RP11-388M20.6","0.133599991494829"
"RP11-388P9.2","0.135632649499901"
"RP11-388P9.3","0.13539846228147"
"RP11-389G6.3","0.131609331774557"
"RP11-389G6.5","0.133599991494829"
"RP11-38C17.1","0.129045523254686"
"RP11-38F22.1","0.130469850317501"
"RP11-38G5.2","0.128218948107383"
"RP11-38G5.4","0.130553634882678"
"RP11-38H17.1","0.131146204074395"
"RP11-38J22.3","0.128509123976079"
"RP11-38L15.2","0.13030418213811"
"RP11-38L15.3","0.131868500293764"
"RP11-38L15.8","0.133257374137313"
"RP11-38M8.1","0.128625589856005"
"RP11-390B4.3","0.130767150921452"
"RP11-390D11.1","0.127803573044332"
"RP11-390E23.3","0.135830886565008"
"RP11-390E23.6","0.136003818868644"
"RP11-390F4.10","0.13030418213811"
"RP11-390F4.3","0.134459672325246"
"RP11-390F4.6","0.131146204074395"
"RP11-390K5.3","0.129045523254686"
"RP11-390N6.1","0.129908774637639"
"RP11-390P2.4","0.131146204074395"
"RP11-390P24.1","0.133054888677171"
"RP11-391J2.3","0.13414126348473"
"RP11-392B6.1","0.131868500293764"
"RP11-392O1.4","0.130767150921452"
"RP11-392O17.1","0.135650694906861"
"RP11-392O17.2","0.130553634882678"
"RP11-392P7.6","0.132909296786036"
"RP11-392P7.7","0.128509123976079"
"RP11-393I2.4","0.133054888677171"
"RP11-393J16.4","0.131463827662059"
"RP11-393N21.2","0.132909296786036"
"RP11-394A14.4","0.126272091736297"
"RP11-394B2.6","0.132192818977987"
"RP11-394I13.1","0.132909296786036"
"RP11-394I13.2","0.135650694906861"
"RP11-394I13.3","0.131463827662059"
"RP11-394J1.2","0.129045523254686"
"RP11-394O2.3","0.132950146174178"
"RP11-394O4.3","0.132192818977987"
"RP11-394O4.5","0.131609331774557"
"RP11-394O4.6","0.131146204074395"
"RP11-395A13.2","0.135369221493288"
"RP11-395B7.2","0.13030418213811"
"RP11-395B7.4","0.134600329398721"
"RP11-395D3.1","0.133719292264305"
"RP11-395E19.6","0.130059256418483"
"RP11-395G23.3","0.132192818977987"
"RP11-395I14.2","0.133257374137313"
"RP11-395I6.2","0.128509123976079"
"RP11-395L14.3","0.129045523254686"
"RP11-395N3.2","0.135830886565008"
"RP11-395P13.7","0.131868500293764"
"RP11-396B14.2","0.132909296786036"
"RP11-396C23.2","0.130767150921452"
"RP11-396C23.4","0.136003818868644"
"RP11-396F22.1","0.133054888677171"
"RP11-396J6.1","0.133599991494829"
"RP11-396O20.1","0.126923489569124"
"RP11-396O20.2","0.131463827662059"
"RP11-397A16.1","0.12569001834969"
"RP11-397A16.3","0.129908774637639"
"RP11-397G17.1","0.133257374137313"
"RP11-397O8.7","0.130469850317501"
"RP11-398A8.5","0.131609331774557"
"RP11-398C13.6","0.133257374137313"
"RP11-398E10.1","0.136140137545749"
"RP11-398G24.2","0.135472459948149"
"RP11-398H6.1","0.131868500293764"
"RP11-398J10.2","0.132192818977987"
"RP11-398K22.12","0.131463827662059"
"RP11-398M15.1","0.13732511198493"
"RP11-399E6.1","0.131868500293764"
"RP11-399E6.4","0.137710179677932"
"RP11-399H11.2","0.135036621784026"
"RP11-399K21.10","0.132909296786036"
"RP11-399K21.11","0.13251502378402"
"RP11-399K21.13","0.133719292264305"
"RP11-399K21.14","0.133599991494829"
"RP11-39M21.1","0.128625589856005"
"RP11-3B12.2","0.130464711471957"
"RP11-3B12.5","0.129908774637639"
"RP11-3B7.1","0.131609331774557"
"RP11-3D4.2","0.129045523254686"
"RP11-3D4.3","0.133257374137313"
"RP11-3D4.4","0.132192818977987"
"RP11-3G20.2","0.131146204074395"
"RP11-3J1.1","0.133719292264305"
"RP11-3L21.2","0.131609331774557"
"RP11-3L23.2","0.136288470676479"
"RP11-3P17.4","0.130469850317501"
"RP11-3P17.5","0.130369759268356"
"RP11-400D2.2","0.133599991494829"
"RP11-400F19.6","0.138872073982231"
"RP11-400K9.3","0.132192818977987"
"RP11-400K9.4","0.131463827662059"
"RP11-400L8.2","0.136577954280941"
"RP11-400N13.1","0.133054888677171"
"RP11-400N13.2","0.132909296786036"
"RP11-400N13.3","0.131146204074395"
"RP11-400N9.1","0.13414126348473"
"RP11-401F2.3","0.135238272729718"
"RP11-401O9.3","0.132909296786036"
"RP11-401P9.1","0.127431972804311"
"RP11-401P9.4","0.133599991494829"
"RP11-401P9.5","0.13251502378402"
"RP11-401P9.6","0.128331864520105"
"RP11-402D21.2","0.128331864520105"
"RP11-402F9.3","0.133054888677171"
"RP11-402G3.3","0.12707975064321"
"RP11-402G3.5","0.129045523254686"
"RP11-402J6.1","0.128509123976079"
"RP11-402L1.4","0.132829251292997"
"RP11-402L5.1","0.126923489569124"
"RP11-402P6.11","0.134149956960661"
"RP11-403A21.1","0.13251502378402"
"RP11-403A21.3","0.134600329398721"
"RP11-403A3.1","0.133054888677171"
"RP11-403A3.2","0.132192818977987"
"RP11-403A3.3","0.13108082470932"
"RP11-403B2.6","0.132192818977987"
"RP11-403B2.7","0.126923489569124"
"RP11-403I13.5","0.13108082470932"
"RP11-403I13.7","0.135472459948149"
"RP11-403N16.3","0.128625589856005"
"RP11-403P17.3","0.128331864520105"
"RP11-403P17.4","0.132909296786036"
"RP11-403P17.5","0.136288470676479"
"RP11-403P17.6","0.126923489569124"
"RP11-404E16.1","0.12707975064321"
"RP11-404F10.2","0.130059256418483"
"RP11-404H14.1","0.126923489569124"
"RP11-404I7.2","0.133719292264305"
"RP11-404J23.1","0.132909296786036"
"RP11-404L6.2","0.127282377253871"
"RP11-404O13.1","0.12707975064321"
"RP11-404O13.5","0.131609331774557"
"RP11-404P21.3","0.135830886565008"
"RP11-404P21.6","0.128509123976079"
"RP11-404P21.8","0.128218948107383"
"RP11-405A12.2","0.129045523254686"
"RP11-405F3.5","0.127803573044332"
"RP11-405M12.3","0.12707975064321"
"RP11-405M12.4","0.133243757674599"
"RP11-406A20.1","0.126881918576636"
"RP11-406A9.2","0.127282377253871"
"RP11-406D1.2","0.129908774637639"
"RP11-406H21.2","0.126923489569124"
"RP11-406H23.2","0.131063446765772"
"RP11-407A16.3","0.13030418213811"
"RP11-407G23.1","0.134600329398721"
"RP11-407G23.7","0.127803573044332"
"RP11-407H12.8","0.126923489569124"
"RP11-407N17.3","0.13251502378402"
"RP11-407N17.4","0.131463827662059"
"RP11-407N17.5","0.128509123976079"
"RP11-407N8.5","0.126881918576636"
"RP11-407N8.6","0.131463827662059"
"RP11-407P15.2","0.132192818977987"
"RP11-408A13.3","0.13251502378402"
"RP11-408A13.4","0.132192818977987"
"RP11-408B11.2","0.130553634882678"
"RP11-408E5.5","0.13030418213811"
"RP11-408H1.3","0.133599991494829"
"RP11-408H20.3","0.128625589856005"
"RP11-408N14.1","0.129045523254686"
"RP11-408O19.5","0.126291169746799"
"RP11-409I10.2","0.131868500293764"
"RP11-409K20.6","0.129908774637639"
"RP11-40C11.2","0.131463827662059"
"RP11-40E6.2","0.129045523254686"
"RP11-410D17.2","0.130369759268356"
"RP11-410E4.1","0.126697020623335"
"RP11-410K21.2","0.130553634882678"
"RP11-410L14.2","0.130469850317501"
"RP11-410N8.1","0.129908774637639"
"RP11-410N8.3","0.127282377253871"
"RP11-410N8.4","0.128625589856005"
"RP11-411B10.2","0.126881918576636"
"RP11-411B6.6","0.126225099710458"
"RP11-411H5.1","0.129045523254686"
"RP11-411K7.1","0.136162691626898"
"RP11-412B14.1","0.126923489569124"
"RP11-412D9.4","0.131463827662059"
"RP11-412H8.2","0.126923489569124"
"RP11-412H9.2","0.13251502378402"
"RP11-412P11.1","0.131463827662059"
"RP11-413G15.1","0.131463827662059"
"RP11-413H22.2","0.128625589856005"
"RP11-413H22.3","0.125133408714731"
"RP11-413M3.4","0.13030418213811"
"RP11-413P11.1","0.130469850317501"
"RP11-414C23.1","0.127431972804311"
"RP11-414H17.5","0.132192818977987"
"RP11-415A20.1","0.13108082470932"
"RP11-415C15.2","0.128625589856005"
"RP11-415C15.3","0.138355691960814"
"RP11-415D17.3","0.13108082470932"
"RP11-415D17.4","0.13251502378402"
"RP11-415F23.2","0.13108082470932"
"RP11-415F23.3","0.133719292264305"
"RP11-415F23.4","0.131843672884972"
"RP11-415I12.3","0.13251502378402"
"RP11-415J8.3","0.129045523254686"
"RP11-415J8.5","0.129070316658083"
"RP11-415J8.7","0.127282377253871"
"RP11-416I2.1","0.128509123976079"
"RP11-416N2.4","0.130369759268356"
"RP11-416N4.1","0.125628113132907"
"RP11-416N4.4","0.131463827662059"
"RP11-417E7.2","0.136559088559225"
"RP11-417F21.1","0.127803573044332"
"RP11-417F21.2","0.130469850317501"
"RP11-417L19.2","0.126291169746799"
"RP11-417L19.4","0.129045523254686"
"RP11-418H16.1","0.129908774637639"
"RP11-418I22.2","0.126291169746799"
"RP11-418I22.3","0.128509123976079"
"RP11-418J17.1","0.128509123976079"
"RP11-418J17.3","0.135135034274857"
"RP11-419I17.1","0.135650694906861"
"RP11-419J16.1","0.13108082470932"
"RP11-41O4.1","0.130369759268356"
"RP11-41O4.2","0.126923489569124"
"RP11-420A23.1","0.13030418213811"
"RP11-420A6.2","0.129045523254686"
"RP11-420K14.8","0.130469850317501"
"RP11-420K8.1","0.129908774637639"
"RP11-420L9.5","0.130369759268356"
"RP11-420M1.2","0.135238272729718"
"RP11-420N3.2","0.128509123976079"
"RP11-421F16.3","0.136559088559225"
"RP11-421L21.2","0.130369759268356"
"RP11-421L21.3","0.127803573044332"
"RP11-421M1.8","0.131843672884972"
"RP11-422J15.1","0.127282377253871"
"RP11-422N16.3","0.129045523254686"
"RP11-422P24.10","0.126697020623335"
"RP11-422P24.11","0.129045523254686"
"RP11-422P24.12","0.13251502378402"
"RP11-423H2.3","0.128509123976079"
"RP11-423H2.4","0.129908774637639"
"RP11-424G14.1","0.130369759268356"
"RP11-424I19.2","0.127282377253871"
"RP11-424M21.1","0.127803573044332"
"RP11-424M22.3","0.13414126348473"
"RP11-424M24.5","0.134149956960661"
"RP11-424N24.2","0.131463827662059"
"RP11-425A23.1","0.133719292264305"
"RP11-425A6.5","0.130369759268356"
"RP11-425D10.10","0.129045523254686"
"RP11-425D17.1","0.136559088559225"
"RP11-426A6.5","0.126775148725152"
"RP11-426C22.4","0.126009798583976"
"RP11-426C22.5","0.128509123976079"
"RP11-426C22.6","0.128625589856005"
"RP11-426C22.7","0.13251502378402"
"RP11-426C22.8","0.126225099710458"
"RP11-426L16.10","0.136926266668724"
"RP11-426L16.3","0.134149956960661"
"RP11-426L16.9","0.130059256418483"
"RP11-427J23.1","0.129908774637639"
"RP11-427M20.1","0.128625589856005"
"RP11-428C19.4","0.129908774637639"
"RP11-428C19.5","0.124886027597552"
"RP11-428F8.2","0.130369759268356"
"RP11-428G2.1","0.135238272729718"
"RP11-428G5.5","0.128625589856005"
"RP11-428J1.4","0.126153398339324"
"RP11-428J1.5","0.13251502378402"
"RP11-428K3.1","0.126923489569124"
"RP11-428O18.6","0.126153398339324"
"RP11-429A20.4","0.132192818977987"
"RP11-429B14.3","0.127343355390732"
"RP11-429B14.4","0.126923489569124"
"RP11-429E11.2","0.128509123976079"
"RP11-429E11.3","0.128331864520105"
"RP11-429J17.2","0.128331864520105"
"RP11-429J17.4","0.127343355390732"
"RP11-429J17.5","0.127774033906473"
"RP11-429J17.7","0.12707975064321"
"RP11-429J17.8","0.130469850317501"
"RP11-429O1.1","0.128625589856005"
"RP11-429P3.3","0.132909296786036"
"RP11-42A4.1","0.128331864520105"
"RP11-42I10.1","0.124357257688421"
"RP11-42O15.3","0.129908774637639"
"RP11-42O4.2","0.13251502378402"
"RP11-430B1.2","0.125628113132907"
"RP11-430C1.1","0.12707975064321"
"RP11-430C7.4","0.12707975064321"
"RP11-430C7.5","0.126053200602863"
"RP11-430G17.3","0.127803573044332"
"RP11-430H10.1","0.126923489569124"
"RP11-430H10.2","0.131843672884972"
"RP11-431D12.1","0.126881918576636"
"RP11-431J24.2","0.126923489569124"
"RP11-431K24.1","0.13108082470932"
"RP11-431K24.3","0.127803573044332"
"RP11-431K24.4","0.131463827662059"
"RP11-431M3.1","0.130553634882678"
"RP11-431M7.3","0.127282377253871"
"RP11-431N15.2","0.126009798583976"
"RP11-432B6.3","0.128509123976079"
"RP11-432I5.2","0.128509123976079"
"RP11-432I5.4","0.131843672884972"
"RP11-432I5.6","0.126697020623335"
"RP11-432I5.8","0.128509123976079"
"RP11-432J22.2","0.130369759268356"
"RP11-432J24.2","0.127343355390732"
"RP11-432J24.3","0.13251502378402"
"RP11-432J24.5","0.128509123976079"
"RP11-433A10.2","0.134149956960661"
"RP11-433A10.3","0.132909296786036"
"RP11-433C9.2","0.126291169746799"
"RP11-433J20.1","0.128509123976079"
"RP11-433J20.2","0.125514842454746"
"RP11-433J22.3","0.129045523254686"
"RP11-433J8.1","0.130469850317501"
"RP11-433J8.2","0.126291169746799"
"RP11-433M22.2","0.13108082470932"
"RP11-434B12.1","0.13108082470932"
"RP11-434C1.2","0.131463827662059"
"RP11-434D11.4","0.128331864520105"
"RP11-434D12.1","0.13108082470932"
"RP11-434D2.7","0.126153398339324"
"RP11-434D9.1","0.128331864520105"
"RP11-434D9.2","0.128625589856005"
"RP11-434E6.2","0.121519311307084"
"RP11-434E6.4","0.125514842454746"
"RP11-434H14.1","0.128509123976079"
"RP11-434H6.6","0.127282377253871"
"RP11-434H6.7","0.126681356614722"
"RP11-434I12.3","0.13108082470932"
"RP11-434P11.2","0.125514842454746"
"RP11-435D7.3","0.12569001834969"
"RP11-435I10.4","0.129419530151523"
"RP11-435J9.2","0.126153398339324"
"RP11-435O5.2","0.12569001834969"
"RP11-435O5.4","0.123211217109372"
"RP11-435O5.5","0.129780300413566"
"RP11-435O5.6","0.132192818977987"
"RP11-435O5.7","0.127435284668307"
"RP11-436D10.3","0.126881918576636"
"RP11-436D23.1","0.126291169746799"
"RP11-436K8.1","0.132909296786036"
"RP11-437B10.1","0.123452668324858"
"RP11-437F6.1","0.12707975064321"
"RP11-437J19.1","0.128331864520105"
"RP11-438D8.2","0.129990618861894"
"RP11-438F14.3","0.123452668324858"
"RP11-438L19.1","0.128625589856005"
"RP11-439A17.10","0.127282377253871"
"RP11-439A17.9","0.130464711471957"
"RP11-439C15.4","0.133184731377898"
"RP11-439C15.5","0.129419530151523"
"RP11-439C8.1","0.131463827662059"
"RP11-439C8.2","0.129045523254686"
"RP11-439E19.10","0.128331864520105"
"RP11-439E19.7","0.130553634882678"
"RP11-439E19.9","0.129045523254686"
"RP11-439H13.2","0.13251502378402"
"RP11-439H8.4","0.127803573044332"
"RP11-439K3.1","0.13030418213811"
"RP11-439K3.3","0.131772650998848"
"RP11-439L18.1","0.126153398339324"
"RP11-439L18.2","0.130141100642738"
"RP11-439M11.1","0.13030418213811"
"RP11-43A14.2","0.130553634882678"
"RP11-43D2.2","0.127343355390732"
"RP11-43F13.3","0.130469850317501"
"RP11-43F13.4","0.127282377253871"
"RP11-43N5.1","0.131463827662059"
"RP11-440D17.3","0.129419530151523"
"RP11-440D17.4","0.12707975064321"
"RP11-440G5.2","0.13251502378402"
"RP11-440G9.1","0.133184731377898"
"RP11-440I14.2","0.129419530151523"
"RP11-440I14.3","0.13251502378402"
"RP11-440L14.1","0.129990618861894"
"RP11-440L14.3","0.130141100642738"
"RP11-440L14.4","0.133719292264305"
"RP11-441F2.5","0.129419530151523"
"RP11-441O15.3","0.128509123976079"
"RP11-442H21.2","0.124771831679612"
"RP11-442J21.2","0.126923489569124"
"RP11-442N1.2","0.129045523254686"
"RP11-442N24--B.1","0.130553634882678"
"RP11-442O1.3","0.12707975064321"
"RP11-442O1.4","0.127282377253871"
"RP11-442O18.1","0.127803573044332"
"RP11-442O18.2","0.133054888677171"
"RP11-443B20.1","0.127803573044332"
"RP11-443B7.1","0.131463827662059"
"RP11-443B7.2","0.127343355390732"
"RP11-443B7.3","0.126697020623335"
"RP11-443C10.1","0.133184731377898"
"RP11-443N24.2","0.128612656155463"
"RP11-443N24.4","0.130369759268356"
"RP11-443O13.3","0.128625589856005"
"RP11-444D13.1","0.13030418213811"
"RP11-444D3.1","0.134149956960661"
"RP11-444E17.6","0.126291169746799"
"RP11-445F12.1","0.127435284668307"
"RP11-445F12.2","0.128625589856005"
"RP11-445F6.2","0.133719292264305"
"RP11-445K13.2","0.130469850317501"
"RP11-445L13--B.3","0.129419530151523"
"RP11-445L6.3","0.126291169746799"
"RP11-445N18.5","0.13030418213811"
"RP11-445N20.3","0.127435284668307"
"RP11-445O16.3","0.130469850317501"
"RP11-445O3.1","0.135849797096893"
"RP11-445O3.2","0.133601857669486"
"RP11-445O3.3","0.130369759268356"
"RP11-445P17.3","0.127282377253871"
"RP11-445P17.8","0.137875765100519"
"RP11-445P19.3","0.132192818977987"
"RP11-446E24.4","0.13108082470932"
"RP11-446F17.3","0.132192818977987"
"RP11-446F3.2","0.13251502378402"
"RP11-446H18.5","0.133642774475999"
"RP11-446H18.6","0.128218948107383"
"RP11-446J8.1","0.127282377253871"
"RP11-446N19.1","0.13251502378402"
"RP11-447L10.1","0.131463827662059"
"RP11-447M12.2","0.133719292264305"
"RP11-448A19.1","0.132909296786036"
"RP11-448G15.1","0.132192818977987"
"RP11-448G4.4","0.133171114915183"
"RP11-449D8.1","0.130469850317501"
"RP11-449H15.2","0.133642774475999"
"RP11-449H3.3","0.127282377253871"
"RP11-449J1.1","0.13108082470932"
"RP11-449J10.1","0.127282377253871"
"RP11-449J21.5","0.130464711471957"
"RP11-449L23.2","0.13030418213811"
"RP11-449L23.3","0.13108082470932"
"RP11-449P1.1","0.131463827662059"
"RP11-449P15.1","0.129419530151523"
"RP11-449P15.2","0.128331864520105"
"RP11-44B19.1","0.13251502378402"
"RP11-44D19.1","0.13251502378402"
"RP11-44F14.2","0.133424465160159"
"RP11-44F14.8","0.133054888677171"
"RP11-44F21.2","0.133054888677171"
"RP11-44F21.3","0.129419530151523"
"RP11-44F21.5","0.137710179677932"
"RP11-44I10.3","0.133054888677171"
"RP11-44K6.3","0.137016078822313"
"RP11-44K6.4","0.128625589856005"
"RP11-44M6.1","0.134600329398721"
"RP11-44N11.2","0.133372106618107"
"RP11-44N11.3","0.133642774475999"
"RP11-44N12.2","0.133054888677171"
"RP11-44N12.5","0.13251502378402"
"RP11-44N21.1","0.134149956960661"
"RP11-451B8.1","0.13251502378402"
"RP11-451G4.2","0.136878408719641"
"RP11-451G4.3","0.131463827662059"
"RP11-452C13.1","0.13108082470932"
"RP11-452C8.1","0.137815226944285"
"RP11-452D21.1","0.129419530151523"
"RP11-452F19.3","0.131843672884972"
"RP11-452H21.1","0.133054888677171"
"RP11-452H21.2","0.133424465160159"
"RP11-452H21.4","0.129045523254686"
"RP11-452I5.2","0.131843672884972"
"RP11-452K12.4","0.129419530151523"
"RP11-452K12.7","0.129419530151523"
"RP11-452L6.1","0.13251502378402"
"RP11-452L6.5","0.131843672884972"
"RP11-452L6.7","0.132192818977987"
"RP11-452L6.8","0.131843672884972"
"RP11-453A12.1","0.129990618861894"
"RP11-453M23.1","0.131463827662059"
"RP11-454C18.1","0.131463827662059"
"RP11-454K7.1","0.132909296786036"
"RP11-454K7.3","0.128509123976079"
"RP11-454P21.1","0.131843672884972"
"RP11-455B3.1","0.13108082470932"
"RP11-455F5.3","0.131463827662059"
"RP11-455F5.4","0.127803573044332"
"RP11-455F5.5","0.130369759268356"
"RP11-455F5.6","0.125464756915322"
"RP11-455J20.3","0.132192818977987"
"RP11-455O6.8","0.130433223429549"
"RP11-455O6.9","0.127343355390732"
"RP11-455P21.3","0.129990618861894"
"RP11-456D7.1","0.128625589856005"
"RP11-456H18.2","0.131843672884972"
"RP11-456K23.1","0.127282377253871"
"RP11-456O19.2","0.129045523254686"
"RP11-457D2.3","0.132909296786036"
"RP11-457I16.2","0.131843672884972"
"RP11-457K10.1","0.133184731377898"
"RP11-457M11.5","0.126923489569124"
"RP11-457M11.7","0.136820971664059"
"RP11-457P14.5","0.133719292264305"
"RP11-458D21.1","0.128331864520105"
"RP11-458D21.5","0.127343355390732"
"RP11-458F8.4","0.131463827662059"
"RP11-458J1.1","0.134149956960661"
"RP11-459F6.3","0.130491005037899"
"RP11-459I19.1","0.133054888677171"
"RP11-459J23.1","0.133171114915183"
"RP11-459O1.2","0.131463827662059"
"RP11-459O16.8","0.134149956960661"
"RP11-45A12.1","0.128509123976079"
"RP11-45A16.4","0.132909296786036"
"RP11-45A17.2","0.130319598674742"
"RP11-45A17.4","0.135849797096893"
"RP11-45K10.2","0.137016078822313"
"RP11-45L9.1","0.137016078822313"
"RP11-45M22.3","0.135605901568556"
"RP11-45M22.5","0.130553634882678"
"RP11-45P15.4","0.13108082470932"
"RP11-460I13.2","0.137412406353209"
"RP11-460I19.2","0.13108082470932"
"RP11-460M2.1","0.132909296786036"
"RP11-461A8.1","0.132829251292997"
"RP11-461A8.5","0.130553634882678"
"RP11-461F11.3","0.130491005037899"
"RP11-461F16.3","0.127343355390732"
"RP11-461L13.3","0.127282377253871"
"RP11-461L13.4","0.132909296786036"
"RP11-461L13.5","0.126681356614722"
"RP11-461M2.2","0.13108082470932"
"RP11-461O7.1","0.129990618861894"
"RP11-462B18.2","0.131463827662059"
"RP11-462G12.4","0.132192818977987"
"RP11-462G2.1","0.13108082470932"
"RP11-462G2.2","0.13030418213811"
"RP11-462G22.2","0.130438362275093"
"RP11-462L8.1","0.13108082470932"
"RP11-462P6.1","0.133171114915183"
"RP11-463C8.4","0.128509123976079"
"RP11-463C8.7","0.131843672884972"
"RP11-463D19.1","0.135849797096893"
"RP11-463D19.2","0.127343355390732"
"RP11-463H12.2","0.129990618861894"
"RP11-463I20.2","0.126153398339324"
"RP11-463I20.3","0.133171114915183"
"RP11-463J10.2","0.129990618861894"
"RP11-463J10.3","0.13030418213811"
"RP11-463J10.4","0.131463827662059"
"RP11-463J7.2","0.130491005037899"
"RP11-463O12.3","0.133184731377898"
"RP11-463O9.9","0.133184731377898"
"RP11-464C19.2","0.133424465160159"
"RP11-464C19.3","0.131463827662059"
"RP11-464F9.20","0.126681356614722"
"RP11-464F9.21","0.126923489569124"
"RP11-464F9.22","0.130491005037899"
"RP11-465B22.8","0.134600329398721"
"RP11-465L10.10","0.133424465160159"
"RP11-465L8.1","0.132950146174178"
"RP11-465N4.4","0.131772650998848"
"RP11-465N4.5","0.133184731377898"
"RP11-466A19.1","0.130438362275093"
"RP11-466A19.3","0.132909296786036"
"RP11-466F5.10","0.131843672884972"
"RP11-466F5.8","0.127343355390732"
"RP11-466P24.6","0.127435284668307"
"RP11-467C18.1","0.131843672884972"
"RP11-467D6.1","0.134090826124219"
"RP11-467I17.1","0.132950146174178"
"RP11-467J12.4","0.132432955457103"
"RP11-467K18.2","0.127343355390732"
"RP11-467L13.7","0.128509123976079"
"RP11-467L19.16","0.130553634882678"
"RP11-467L24.1","0.130369759268356"
"RP11-467P9.1","0.131843672884972"
"RP11-468E2.10","0.129419530151523"
"RP11-468E2.2","0.128625589856005"
"RP11-468E2.4","0.13108082470932"
"RP11-468E2.5","0.128331864520105"
"RP11-468H14.2","0.128509123976079"
"RP11-468N14.13","0.125628113132907"
"RP11-469A15.2","0.126923489569124"
"RP11-469H8.6","0.128509123976079"
"RP11-469H8.8","0.126225099710458"
"RP11-469J4.3","0.125360459927331"
"RP11-469L4.1","0.133184731377898"
"RP11-469N6.1","0.130491005037899"
"RP11-469N6.2","0.12707975064321"
"RP11-46A10.2","0.130553634882678"
"RP11-46A10.5","0.127232878277823"
"RP11-46C24.3","0.128509123976079"
"RP11-46C24.6","0.12707975064321"
"RP11-46C24.7","0.128509123976079"
"RP11-46D6.1","0.126225099710458"
"RP11-46E17.6","0.127282377253871"
"RP11-46F15.2","0.129045523254686"
"RP11-46H11.12","0.127343355390732"
"RP11-46H11.3","0.133184731377898"
"RP11-46I8.3","0.124377765560914"
"RP11-46J23.1","0.126225099710458"
"RP11-46O21.2","0.127435284668307"
"RP11-470L19.2","0.132909296786036"
"RP11-470M17.2","0.125580315044044"
"RP11-470P21.2","0.126681356614722"
"RP11-471B22.2","0.127343355390732"
"RP11-471B22.3","0.130553634882678"
"RP11-471L13.2","0.129408123152786"
"RP11-471M2.3","0.131463827662059"
"RP11-472G21.2","0.129045523254686"
"RP11-472M19.2","0.125990611559071"
"RP11-472N13.2","0.129045523254686"
"RP11-472N13.3","0.124787504173981"
"RP11-472N19.3","0.128331864520105"
"RP11-473A10.2","0.125628113132907"
"RP11-473C18.3","0.131772650998848"
"RP11-473E2.2","0.132192818977987"
"RP11-473E2.3","0.125360459927331"
"RP11-473E2.4","0.127803573044332"
"RP11-473I1.5","0.122646171103916"
"RP11-473I1.6","0.128625589856005"
"RP11-473L15.3","0.132950146174178"
"RP11-473M10.3","0.126881918576636"
"RP11-473M14.3","0.132192818977987"
"RP11-473M20.16","0.127803573044332"
"RP11-473M20.5","0.128625589856005"
"RP11-473M20.9","0.128331864520105"
"RP11-473O4.3","0.13030418213811"
"RP11-473O4.4","0.125628113132907"
"RP11-473O4.5","0.126681356614722"
"RP11-474B12.1","0.127343355390732"
"RP11-474B16.1","0.129497572042865"
"RP11-474C8.8","0.130369759268356"
"RP11-474D1.2","0.127282377253871"
"RP11-474D1.3","0.127282377253871"
"RP11-474G23.1","0.128509123976079"
"RP11-474G23.2","0.128331864520105"
"RP11-474G23.3","0.127803573044332"
"RP11-474I11.7","0.125990611559071"
"RP11-474I11.8","0.12707975064321"
"RP11-474I16.8","0.127282377253871"
"RP11-474N24.6","0.12707975064321"
"RP11-474O21.5","0.126225099710458"
"RP11-474P2.2","0.127803573044332"
"RP11-474P2.4","0.130121583268338"
"RP11-474P2.6","0.125990611559071"
"RP11-475A13.1","0.127435284668307"
"RP11-475A13.2","0.133171114915183"
"RP11-475E11.9","0.132192818977987"
"RP11-475I24.3","0.13251502378402"
"RP11-475I24.8","0.131772650998848"
"RP11-475O6.1","0.129408123152786"
"RP11-476B1.1","0.130369759268356"
"RP11-476D10.1","0.126881918576636"
"RP11-476H16.1","0.129408123152786"
"RP11-476H20.1","0.126923489569124"
"RP11-476K15.1","0.125464756915322"
"RP11-476M19.2","0.129408123152786"
"RP11-477D19.2","0.129497572042865"
"RP11-477J21.6","0.127803573044332"
"RP11-477N12.5","0.131968333228827"
"RP11-477N12.6","0.12989426759511"
"RP11-477N3.1","0.128625589856005"
"RP11-478H13.1","0.127232878277823"
"RP11-478J18.2","0.129497572042865"
"RP11-478K15.6","0.127343355390732"
"RP11-478K15.7","0.129045523254686"
"RP11-479G22.8","0.126681356614722"
"RP11-479J7.2","0.12989426759511"
"RP11-479O16.1","0.127803573044332"
"RP11-479O9.4","0.125990611559071"
"RP11-47A8.5","0.128509123976079"
"RP11-47I22.1","0.12989426759511"
"RP11-47I22.2","0.125990611559071"
"RP11-47J17.2","0.13030418213811"
"RP11-47J17.3","0.129045523254686"
"RP11-47L3.1","0.129045523254686"
"RP11-47P18.1","0.130438362275093"
"RP11-47P18.2","0.125360459927331"
"RP11-480A16.1","0.128509123976079"
"RP11-480C16.1","0.131772650998848"
"RP11-480C22.1","0.134149956960661"
"RP11-480D4.1","0.129408123152786"
"RP11-480D4.2","0.125990611559071"
"RP11-480D4.6","0.128331864520105"
"RP11-480I12.10","0.127803573044332"
"RP11-481C4.1","0.13030418213811"
"RP11-481E4.2","0.126681356614722"
"RP11-481G8.2","0.127435284668307"
"RP11-481J13.1","0.127232878277823"
"RP11-481J2.1","0.126225099710458"
"RP11-481J2.2","0.129497572042865"
"RP11-481J2.3","0.126681356614722"
"RP11-481J2.4","0.127232878277823"
"RP11-482D24.2","0.132909296786036"
"RP11-482D24.3","0.127343355390732"
"RP11-482E14.1","0.12989426759511"
"RP11-482E14.2","0.128625589856005"
"RP11-482M8.1","0.130433223429549"
"RP11-482M8.3","0.125580315044044"
"RP11-483A20.3","0.127435284668307"
"RP11-483F11.7","0.130369759268356"
"RP11-483H20.4","0.127435284668307"
"RP11-483I13.5","0.126225099710458"
"RP11-483L5.1","0.127232878277823"
"RP11-483P21.2","0.128509123976079"
"RP11-484D2.2","0.127343355390732"
"RP11-484D2.5","0.124983152096461"
"RP11-484K9.4","0.134203973553253"
"RP11-484L8.1","0.128331864520105"
"RP11-484N16.1","0.12690521101446"
"RP11-484O2.1","0.126681356614722"
"RP11-485F13.1","0.127435284668307"
"RP11-485G7.5","0.127803573044332"
"RP11-485G7.6","0.123412620303136"
"RP11-485M7.3","0.127343355390732"
"RP11-485O10.2","0.129408123152786"
"RP11-486A14.2","0.124787504173981"
"RP11-486F17.1","0.130438362275093"
"RP11-486G15.2","0.130369759268356"
"RP11-486I11.2","0.127803573044332"
"RP11-486L19.2","0.129045523254686"
"RP11-486M23.1","0.129497572042865"
"RP11-486M23.2","0.127803573044332"
"RP11-486O12.2","0.129497572042865"
"RP11-486O13.2","0.126210632370829"
"RP11-486O13.4","0.126034013577958"
"RP11-486P11.1","0.126225099710458"
"RP11-488C13.5","0.130543138868542"
"RP11-488C13.6","0.12690521101446"
"RP11-488I20.9","0.130121583268338"
"RP11-488L18.10","0.128625589856005"
"RP11-488L18.8","0.128509123976079"
"RP11-489D6.2","0.125360459927331"
"RP11-489E7.1","0.128509123976079"
"RP11-489E7.4","0.130543138868542"
"RP11-489O18.1","0.12690521101446"
"RP11-48B3.3","0.129045523254686"
"RP11-48B3.4","0.12989426759511"
"RP11-48B3.5","0.123211217109372"
"RP11-48F14.1","0.122646171103916"
"RP11-48G14.1","0.124061770144467"
"RP11-48G14.2","0.124983152096461"
"RP11-48G14.3","0.129408123152786"
"RP11-490B18.5","0.127435284668307"
"RP11-490B18.6","0.128482736622137"
"RP11-490G2.2","0.129045523254686"
"RP11-490M8.1","0.125990611559071"
"RP11-490O6.2","0.127343355390732"
"RP11-491F9.1","0.127232878277823"
"RP11-491F9.5","0.12690521101446"
"RP11-491H19.1","0.13108082470932"
"RP11-492E3.2","0.130121583268338"
"RP11-492E3.51","0.125990611559071"
"RP11-492I21.1","0.132192818977987"
"RP11-493E12.1","0.125360459927331"
"RP11-493L12.3","0.127232878277823"
"RP11-493L12.4","0.12989426759511"
"RP11-493L12.5","0.129408123152786"
"RP11-493L12.7","0.129045523254686"
"RP11-493P1.2","0.12989426759511"
"RP11-494H4.3","0.123412620303136"
"RP11-494O16.4","0.126681356614722"
"RP11-495K9.3","0.12690521101446"
"RP11-495K9.6","0.132909296786036"
"RP11-495K9.7","0.127232878277823"
"RP11-495O10.1","0.12989426759511"
"RP11-495P10.1","0.129011012528225"
"RP11-495P10.3","0.130121583268338"
"RP11-495P10.5","0.129045523254686"
"RP11-495P10.6","0.128331864520105"
"RP11-496B10.3","0.125990611559071"
"RP11-496D24.2","0.126681356614722"
"RP11-496H1.2","0.130369759268356"
"RP11-496I2.2","0.127343355390732"
"RP11-496I9.1","0.127435284668307"
"RP11-496N12.9","0.126225099710458"
"RP11-497D6.3","0.127435284668307"
"RP11-497D6.5","0.125990611559071"
"RP11-497E19.1","0.128625589856005"
"RP11-497E19.2","0.12989426759511"
"RP11-497G19.1","0.127232878277823"
"RP11-497G19.2","0.130121583268338"
"RP11-497G19.3","0.129045523254686"
"RP11-497G19.7","0.130272065049182"
"RP11-497H16.9","0.130438362275093"
"RP11-497H17.1","0.128331864520105"
"RP11-497K21.1","0.130141100642738"
"RP11-498B4.5","0.126225099710458"
"RP11-498C9.12","0.130369759268356"
"RP11-498C9.13","0.12989426759511"
"RP11-498C9.15","0.125628113132907"
"RP11-498C9.16","0.128331864520105"
"RP11-498C9.17","0.127435284668307"
"RP11-498C9.2","0.129045523254686"
"RP11-498C9.3","0.131772650998848"
"RP11-498M15.1","0.127232878277823"
"RP11-498P14.3","0.127435284668307"
"RP11-498P14.4","0.130438362275093"
"RP11-498P14.5","0.13108082470932"
"RP11-499A10.3","0.133039722812077"
"RP11-499E18.1","0.130121583268338"
"RP11-499F3.1","0.130121583268338"
"RP11-499F3.2","0.128331864520105"
"RP11-499O7.7","0.127803573044332"
"RP11-499P20.2","0.129045523254686"
"RP11-49I11.1","0.130438362275093"
"RP11-49I4.3","0.130438362275093"
"RP11-49K24.4","0.13030418213811"
"RP11-49K24.8","0.125628113132907"
"RP11-49P4.7","0.137278219896944"
"RP11-4B14.3","0.128218948107383"
"RP11-4B16.3","0.132187833409804"
"RP11-4B16.4","0.12690521101446"
"RP11-4C20.3","0.125628113132907"
"RP11-4G2.1","0.132273225448843"
"RP11-4K16.2","0.129045523254686"
"RP11-4L24.3","0.132909296786036"
"RP11-4M23.3","0.127431972804311"
"RP11-500B12.1","0.129408123152786"
"RP11-500C11.3","0.130438362275093"
"RP11-500G10.5","0.131772650998848"
"RP11-500G22.4","0.132187833409804"
"RP11-500G22.5","0.127232878277823"
"RP11-500M8.7","0.128625589856005"
"RP11-501C14.5","0.128509123976079"
"RP11-501E14.1","0.137278219896944"
"RP11-501J20.5","0.13108082470932"
"RP11-501O2.3","0.134090826124219"
"RP11-501O2.5","0.127232878277823"
"RP11-502H18.2","0.128625589856005"
"RP11-502I4.3","0.12690521101446"
"RP11-502M1.2","0.127431972804311"
"RP11-502N13.2","0.125628113132907"
"RP11-503C24.1","0.13030418213811"
"RP11-503C24.2","0.12989426759511"
"RP11-503C24.4","0.13108082470932"
"RP11-503E24.2","0.130121583268338"
"RP11-503G7.1","0.130438362275093"
"RP11-503L19.1","0.125360459927331"
"RP11-503P10.1","0.125628113132907"
"RP11-504A18.1","0.127343355390732"
"RP11-504I13.3","0.130369759268356"
"RP11-504P24.9","0.130438362275093"
"RP11-505E24.2","0.128625589856005"
"RP11-505E24.3","0.132187833409804"
"RP11-505K9.1","0.128331864520105"
"RP11-505K9.4","0.128331864520105"
"RP11-505P4.6","0.13108082470932"
"RP11-505P4.7","0.12690521101446"
"RP11-506B6.6","0.13251502378402"
"RP11-506F3.1","0.128509123976079"
"RP11-506H20.1","0.126153398339324"
"RP11-506H21.5","0.133668854903794"
"RP11-506K6.4","0.13306344985152"
"RP11-506M12.1","0.130369759268356"
"RP11-506M13.3","0.133424465160159"
"RP11-506O24.1","0.129408123152786"
"RP11-507B12.1","0.130121583268338"
"RP11-507B12.2","0.127774033906473"
"RP11-507J18.2","0.13251502378402"
"RP11-507K2.2","0.130121583268338"
"RP11-507K2.3","0.130121583268338"
"RP11-507M3.1","0.125628113132907"
"RP11-508M8.1","0.134090826124219"
"RP11-508N12.2","0.132273225448843"
"RP11-508N22.12","0.127774033906473"
"RP11-508N22.13","0.126681356614722"
"RP11-508N22.9","0.12989426759511"
"RP11-509A17.3","0.12690521101446"
"RP11-509J21.2","0.130121583268338"
"RP11-509J21.4","0.129045523254686"
"RP11-50B3.2","0.130438362275093"
"RP11-50B3.4","0.13108082470932"
"RP11-50C13.1","0.132909296786036"
"RP11-50D16.4","0.134243367231337"
"RP11-50D9.3","0.129408123152786"
"RP11-50I19.2","0.13394908571582"
"RP11-510C10.2","0.129497572042865"
"RP11-510C10.3","0.129408123152786"
"RP11-510C10.4","0.130438362275093"
"RP11-510J16.5","0.132187833409804"
"RP11-510J16.6","0.13030418213811"
"RP11-510M2.1","0.132934980309084"
"RP11-510M2.2","0.130438362275093"
"RP11-510M2.6","0.137016078822313"
"RP11-511B23.1","0.134008216552262"
"RP11-511B23.2","0.131772650998848"
"RP11-511B23.3","0.13030418213811"
"RP11-511P7.5","0.128625589856005"
"RP11-512C24.3","0.13251502378402"
"RP11-512N21.3","0.132909296786036"
"RP11-513D5.2","0.131052950751636"
"RP11-513D5.5","0.130543138868542"
"RP11-513G11.3","0.132273225448843"
"RP11-513G11.4","0.133668854903794"
"RP11-513G19.1","0.129825631861636"
"RP11-513H8.1","0.130121583268338"
"RP11-513M1.1","0.130369759268356"
"RP11-513M16.7","0.129497572042865"
"RP11-513M16.8","0.132187833409804"
"RP11-513N24.1","0.132273225448843"
"RP11-513O17.3","0.130543138868542"
"RP11-514D23.3","0.130121583268338"
"RP11-514F3.4","0.129825631861636"
"RP11-514F8.2","0.129497572042865"
"RP11-514O12.4","0.129408123152786"
"RP11-514P8.2","0.127966004466727"
"RP11-514P8.6","0.133039722812077"
"RP11-514P8.7","0.13030418213811"
"RP11-515E23.1","0.129497572042865"
"RP11-515E23.2","0.129497572042865"
"RP11-515O17.2","0.129045523254686"
"RP11-515O17.3","0.125990611559071"
"RP11-516C1.1","0.133039722812077"
"RP11-517A5.5","0.132187833409804"
"RP11-517A5.7","0.129045523254686"
"RP11-517B11.4","0.127823548916146"
"RP11-517C16.2","0.129045523254686"
"RP11-517C16.4","0.129045523254686"
"RP11-517I3.1","0.129045523254686"
"RP11-517O13.1","0.13030418213811"
"RP11-517O13.3","0.13030418213811"
"RP11-517P14.2","0.130433223429549"
"RP11-518L10.5","0.129825631861636"
"RP11-519G16.2","0.130002353423729"
"RP11-519G16.3","0.130438362275093"
"RP11-519G16.5","0.129408123152786"
"RP11-519M16.1","0.13108082470932"
"RP11-51F16.8","0.128348369523329"
"RP11-51J9.4","0.130002353423729"
"RP11-51J9.5","0.130521984148144"
"RP11-51J9.6","0.129045523254686"
"RP11-51M24.1","0.130369759268356"
"RP11-51P8.1","0.129408123152786"
"RP11-520A21.1","0.132273225448843"
"RP11-521B24.3","0.131772650998848"
"RP11-521B24.5","0.13030418213811"
"RP11-521C20.2","0.130272065049182"
"RP11-521C20.5","0.129825631861636"
"RP11-521D12.1","0.128348369523329"
"RP11-521D12.2","0.132273225448843"
"RP11-521D12.5","0.126864248211734"
"RP11-521L9.1","0.132909296786036"
"RP11-521O16.1","0.132187833409804"
"RP11-521O16.2","0.132187833409804"
"RP11-522B15.3","0.130438362275093"
"RP11-522I20.3","0.13306344985152"
"RP11-522M21.3","0.131772650998848"
"RP11-522N14.2","0.131159055988556"
"RP11-523H20.3","0.130121583268338"
"RP11-523H24.3","0.129497572042865"
"RP11-523L1.2","0.126786120109918"
"RP11-523L20.1","0.130369759268356"
"RP11-523L20.2","0.127966004466727"
"RP11-524C21.2","0.132909296786036"
"RP11-524D16--A.3","0.128509123976079"
"RP11-524F11.1","0.130272065049182"
"RP11-524F11.2","0.130805706663933"
"RP11-524G24.2","0.130805706663933"
"RP11-524H19.2","0.132909296786036"
"RP11-524K22.1","0.129825631861636"
"RP11-524N5.1","0.13251502378402"
"RP11-524O1.4","0.134600329398721"
"RP11-525A16.4","0.133184731377898"
"RP11-525G13.2","0.130369759268356"
"RP11-525J21.1","0.13251502378402"
"RP11-525K10.1","0.127198946806098"
"RP11-525K10.3","0.137715136865982"
"RP11-526A4.1","0.127774033906473"
"RP11-526F3.1","0.126153398339324"
"RP11-526I2.1","0.130805706663933"
"RP11-526I2.5","0.133424465160159"
"RP11-527D7.1","0.130543138868542"
"RP11-527F13.1","0.132187833409804"
"RP11-527H14.4","0.130438362275093"
"RP11-527J8.1","0.132187833409804"
"RP11-527L4.2","0.131159055988556"
"RP11-527N22.2","0.133184731377898"
"RP11-528A4.2","0.130805706663933"
"RP11-528G1.2","0.135031652958029"
"RP11-528I4.2","0.128348369523329"
"RP11-529E10.7","0.132273225448843"
"RP11-529E15.1","0.13030418213811"
"RP11-529G21.2","0.130369759268356"
"RP11-529K1.4","0.136878408719641"
"RP11-52J3.2","0.133424465160159"
"RP11-52J3.3","0.13030418213811"
"RP11-52L5.6","0.129825631861636"
"RP11-530C5.1","0.130369759268356"
"RP11-530C5.2","0.131772650998848"
"RP11-530N7.3","0.128509123976079"
"RP11-531A24.3","0.132187833409804"
"RP11-531A24.5","0.132187833409804"
"RP11-531A24.7","0.130369759268356"
"RP11-531F16.4","0.132909296786036"
"RP11-531H8.1","0.130369759268356"
"RP11-531H8.2","0.130805706663933"
"RP11-532E4.2","0.130438362275093"
"RP11-532F12.5","0.130121583268338"
"RP11-532F6.3","0.129408123152786"
"RP11-532F6.4","0.130002353423729"
"RP11-532F6.5","0.132909296786036"
"RP11-532L16.3","0.129825631861636"
"RP11-532M24.1","0.129497572042865"
"RP11-532N4.2","0.129045523254686"
"RP11-533E19.5","0.13251502378402"
"RP11-533E19.7","0.126558468206546"
"RP11-533O20.2","0.127322109308167"
"RP11-534C12.1","0.130805706663933"
"RP11-534L20.5","0.13251502378402"
"RP11-534L6.2","0.132909296786036"
"RP11-535A19.1","0.130805706663933"
"RP11-535A19.2","0.131772650998848"
"RP11-535A5.1","0.129825631861636"
"RP11-535M15.1","0.126558468206546"
"RP11-536C10.7","0.124061770144467"
"RP11-536C5.2","0.133184731377898"
"RP11-536C5.7","0.129045523254686"
"RP11-536G4.1","0.127774033906473"
"RP11-536G4.2","0.135031652958029"
"RP11-536I6.2","0.133668854903794"
"RP11-536K7.3","0.127774033906473"
"RP11-536K7.5","0.130805706663933"
"RP11-536N17.1","0.131772650998848"
"RP11-536O18.1","0.132187833409804"
"RP11-536P6.3","0.130543138868542"
"RP11-537A6.9","0.132273225448843"
"RP11-537H15.3","0.13251502378402"
"RP11-538C21.2","0.130805706663933"
"RP11-538D16.2","0.13030418213811"
"RP11-538D16.3","0.132187833409804"
"RP11-538I12.2","0.130805706663933"
"RP11-538I12.3","0.132187833409804"
"RP11-538P18.2","0.130438362275093"
"RP11-539E17.5","0.13030418213811"
"RP11-539G18.3","0.132934980309084"
"RP11-539I5.1","0.130002353423729"
"RP11-539L10.2","0.131772650998848"
"RP11-539L10.3","0.137875765100519"
"RP11-53B2.3","0.130438362275093"
"RP11-53B2.4","0.129825631861636"
"RP11-53B2.5","0.13394908571582"
"RP11-53B5.1","0.132247903884464"
"RP11-53I6.3","0.136142799999022"
"RP11-53I6.4","0.128625589856005"
"RP11-53M11.3","0.129408123152786"
"RP11-53O19.1","0.13030418213811"
"RP11-53O19.3","0.133668854903794"
"RP11-540A21.2","0.136142799999022"
"RP11-540K16.1","0.133184731377898"
"RP11-540N6.1","0.135031652958029"
"RP11-540O11.1","0.133424465160159"
"RP11-540O11.4","0.130805706663933"
"RP11-540O11.6","0.129825631861636"
"RP11-540O11.7","0.136142799999022"
"RP11-541P9.3","0.130433223429549"
"RP11-542A14.1","0.128509123976079"
"RP11-542A14.2","0.134553082595921"
"RP11-542B15.1","0.131236183727435"
"RP11-542C16.1","0.133039722812077"
"RP11-542C16.2","0.13640830609709"
"RP11-542F9.1","0.13306344985152"
"RP11-542G1.1","0.130319598674742"
"RP11-542K23.10","0.133184731377898"
"RP11-542K23.7","0.134553082595921"
"RP11-542K23.9","0.133039722812077"
"RP11-542M13.2","0.134553082595921"
"RP11-542M13.3","0.133184731377898"
"RP11-543C4.1","0.136142799999022"
"RP11-543D10.2","0.134553082595921"
"RP11-544A12.4","0.133424465160159"
"RP11-544A12.8","0.133668854903794"
"RP11-544D21.2","0.13251502378402"
"RP11-544I20.2","0.131115321159805"
"RP11-544L8--B.4","0.138891730702214"
"RP11-544M22.1","0.133039722812077"
"RP11-544M22.13","0.131236183727435"
"RP11-544M22.8","0.131115321159805"
"RP11-545A16.1","0.132273225448843"
"RP11-545D19.1","0.134553082595921"
"RP11-545E17.3","0.130543138868542"
"RP11-545G3.1","0.131115321159805"
"RP11-545H22.1","0.13251502378402"
"RP11-545I10.2","0.132513361927959"
"RP11-545I5.3","0.131772650998848"
"RP11-545J16.1","0.130824411764512"
"RP11-545M17.1","0.133424465160159"
"RP11-545P6.2","0.130121583268338"
"RP11-545P7.4","0.133039722812077"
"RP11-546B15.1","0.132909296786036"
"RP11-546B8.6","0.133424465160159"
"RP11-546J1.1","0.134008216552262"
"RP11-546K22.1","0.136878408719641"
"RP11-546K22.3","0.133039722812077"
"RP11-546M21.6","0.128625589856005"
"RP11-546O6.4","0.136142799999022"
"RP11-547C5.1","0.136882185397608"
"RP11-547C5.2","0.131236183727435"
"RP11-547D23.1","0.138891730702214"
"RP11-547D24.1","0.135882953039878"
"RP11-547D24.3","0.133184731377898"
"RP11-548H3.1","0.138350243674188"
"RP11-548L20.1","0.134008216552262"
"RP11-548P2.2","0.130438362275093"
"RP11-549B18.1","0.137278219896944"
"RP11-549K20.1","0.135031652958029"
"RP11-549L6.3","0.130369759268356"
"RP11-54A4.2","0.137278219896944"
"RP11-54A9.1","0.130369759268356"
"RP11-54C4.3","0.13251502378402"
"RP11-54G14.1","0.132513361927959"
"RP11-54H7.4","0.133184731377898"
"RP11-54O15.3","0.136339644784284"
"RP11-54O7.1","0.130121583268338"
"RP11-54O7.11","0.131115321159805"
"RP11-54O7.16","0.134008216552262"
"RP11-54O7.17","0.13030418213811"
"RP11-54O7.18","0.131772650998848"
"RP11-54O7.2","0.132187833409804"
"RP11-54O7.3","0.133039722812077"
"RP11-550A5.2","0.130438362275093"
"RP11-550H2.2","0.136142799999022"
"RP11-550P17.5","0.130121583268338"
"RP11-551L14.4","0.134553082595921"
"RP11-551L14.6","0.132273225448843"
"RP11-552D4.1","0.130002353423729"
"RP11-552D8.1","0.131772650998848"
"RP11-552E20.1","0.129825631861636"
"RP11-552F3.10","0.134881167700367"
"RP11-552F3.12","0.132273225448843"
"RP11-552F3.13","0.132909296786036"
"RP11-552F3.4","0.130543138868542"
"RP11-552F3.9","0.132187833409804"
"RP11-552M14.1","0.137875765100519"
"RP11-552O4.1","0.133179676089533"
"RP11-553A10.1","0.133184731377898"
"RP11-553A21.3","0.13306344985152"
"RP11-553E24.3","0.128625589856005"
"RP11-553K8.2","0.128818083454169"
"RP11-553K8.5","0.129825631861636"
"RP11-553L6.2","0.130805706663933"
"RP11-553L6.5","0.134008216552262"
"RP11-553P9.2","0.130002353423729"
"RP11-554A11.7","0.138251963834893"
"RP11-554A11.9","0.137016078822313"
"RP11-554D13.1","0.13306344985152"
"RP11-554D14.6","0.136878408719641"
"RP11-554D14.7","0.13251502378402"
"RP11-554D14.8","0.131772650998848"
"RP11-554D15.1","0.136878408719641"
"RP11-554D15.3","0.136142799999022"
"RP11-554D15.4","0.137715136865982"
"RP11-554D20.1","0.137715136865982"
"RP11-554E23.2","0.131115321159805"
"RP11-554E23.4","0.133039722812077"
"RP11-554F20.1","0.133424465160159"
"RP11-554I8.1","0.130438362275093"
"RP11-554I8.2","0.133424465160159"
"RP11-554J4.1","0.132273225448843"
"RP11-554L12.1","0.133184731377898"
"RP11-555G19.1","0.134008216552262"
"RP11-555H7.2","0.130543138868542"
"RP11-555K2.4","0.133184731377898"
"RP11-555M1.3","0.130438362275093"
"RP11-556E13.1","0.131115321159805"
"RP11-556H2.4","0.130653320468701"
"RP11-556I13.2","0.131115321159805"
"RP11-556I14.1","0.136878408719641"
"RP11-556I14.2","0.13251502378402"
"RP11-556N4.1","0.136433832739284"
"RP11-556O15.1","0.132273225448843"
"RP11-556O5.6","0.132187833409804"
"RP11-557C18.3","0.135031652958029"
"RP11-557C18.4","0.138511288525261"
"RP11-557H15.3","0.130433223429549"
"RP11-557H15.4","0.133424465160159"
"RP11-557H15.5","0.131159055988556"
"RP11-557J10.4","0.13835789428628"
"RP11-557L19.1","0.133184731377898"
"RP11-557N21.1","0.136142799999022"
"RP11-559M23.1","0.131772650998848"
"RP11-55K13.1","0.132273225448843"
"RP11-55L3.1","0.13306344985152"
"RP11-560A15.3","0.134008216552262"
"RP11-560G2.1","0.133039722812077"
"RP11-560I19.1","0.135031652958029"
"RP11-560J1.2","0.133668854903794"
"RP11-561B11.2","0.130543138868542"
"RP11-561B11.3","0.13030418213811"
"RP11-561B11.6","0.131772650998848"
"RP11-561E1.1","0.130833142544758"
"RP11-561I11.3","0.133668854903794"
"RP11-561O23.5","0.134553082595921"
"RP11-561O23.7","0.132934980309084"
"RP11-561O23.8","0.131115321159805"
"RP11-561P12.5","0.133424465160159"
"RP11-562A8.4","0.133424465160159"
"RP11-563D10.1","0.137715136865982"
"RP11-563E2.2","0.13306344985152"
"RP11-563J2.2","0.130121583268338"
"RP11-563J2.3","0.136142799999022"
"RP11-563K23.1","0.133179676089533"
"RP11-563N4.1","0.138384158183208"
"RP11-563P16.1","0.138511288525261"
"RP11-565A3.2","0.134553082595921"
"RP11-565F19.3","0.136956449438483"
"RP11-565F19.4","0.133039722812077"
"RP11-565N2.2","0.138185263336393"
"RP11-566H8.3","0.136142799999022"
"RP11-566J3.2","0.137278219896944"
"RP11-566K11.4","0.133039722812077"
"RP11-566K11.5","0.133184731377898"
"RP11-567C2.1","0.132909296786036"
"RP11-567E21.3","0.13820821517267"
"RP11-567G11.1","0.133184731377898"
"RP11-567I13.1","0.130543138868542"
"RP11-567J20.2","0.138536815167454"
"RP11-567J20.3","0.135031652958029"
"RP11-567L7.5","0.133668854903794"
"RP11-567M16.3","0.13835789428628"
"RP11-567M16.5","0.137715136865982"
"RP11-567M16.6","0.131236183727435"
"RP11-567N4.3","0.133668854903794"
"RP11-568A7.2","0.134881167700367"
"RP11-568A7.3","0.138511288525261"
"RP11-568A7.4","0.130438362275093"
"RP11-568J23.4","0.133039722812077"
"RP11-568J23.5","0.137715136865982"
"RP11-568N6.1","0.130438362275093"
"RP11-569A11.1","0.130121583268338"
"RP11-569G13.2","0.133184731377898"
"RP11-569G13.3","0.136878408719641"
"RP11-56B16.4","0.134553082595921"
"RP11-56B16.5","0.136142799999022"
"RP11-56D16.8","0.132513361927959"
"RP11-56F10.3","0.137351398189232"
"RP11-56G10.2","0.136358701897571"
"RP11-56I23.1","0.132950146174178"
"RP11-56N19.5","0.132187833409804"
"RP11-570L15.1","0.131236183727435"
"RP11-570L15.2","0.135031652958029"
"RP11-571E6.3","0.137875765100519"
"RP11-571I18.4","0.132513361927959"
"RP11-571I18.5","0.135031652958029"
"RP11-571L19.7","0.131115321159805"
"RP11-571L19.8","0.13306344985152"
"RP11-571M6.17","0.132513361927959"
"RP11-571M6.18","0.133184731377898"
"RP11-571M6.7","0.131115321159805"
"RP11-572B2.1","0.137016078822313"
"RP11-572C15.5","0.135031652958029"
"RP11-572C21.1","0.138185263336393"
"RP11-572M11.1","0.134553082595921"
"RP11-572M11.3","0.136242790586212"
"RP11-572M11.4","0.133184731377898"
"RP11-572O17.1","0.131236183727435"
"RP11-572O6.1","0.130653320468701"
"RP11-573D15.2","0.133668854903794"
"RP11-573D15.3","0.130543138868542"
"RP11-573D15.8","0.13620649374177"
"RP11-573D15.9","0.134553082595921"
"RP11-573G6.10","0.136878408719641"
"RP11-573G6.6","0.130438362275093"
"RP11-573G6.8","0.134553082595921"
"RP11-573G6.9","0.132513361927959"
"RP11-574F11.3","0.133668854903794"
"RP11-574F21.2","0.132187833409804"
"RP11-574F21.3","0.13394908571582"
"RP11-574H6.1","0.136386222673756"
"RP11-574K11.29","0.131115321159805"
"RP11-574K11.31","0.134008216552262"
"RP11-574K11.5","0.132513361927959"
"RP11-574O7.1","0.133424465160159"
"RP11-575A19.2","0.133424465160159"
"RP11-575F12.1","0.13306344985152"
"RP11-575F12.2","0.133385723080822"
"RP11-575F12.3","0.133424465160159"
"RP11-575H3.1","0.134913096394142"
"RP11-575I8.1","0.132909296786036"
"RP11-575L7.2","0.132909296786036"
"RP11-575L7.4","0.134553082595921"
"RP11-575L7.8","0.134553082595921"
"RP11-576D8.4","0.131772650998848"
"RP11-576E20.1","0.136142799999022"
"RP11-576I22.2","0.130833142544758"
"RP11-576N17.5","0.133424465160159"
"RP11-577H5.5","0.131772650998848"
"RP11-578F21.6","0.133424465160159"
"RP11-579A4.1","0.133668854903794"
"RP11-579D7.2","0.133184731377898"
"RP11-579D7.4","0.136354041808355"
"RP11-57A1.1","0.134730907640435"
"RP11-57A19.2","0.133184731377898"
"RP11-57A19.5","0.135564544372284"
"RP11-57C13.3","0.133184731377898"
"RP11-57C13.6","0.133184731377898"
"RP11-57G10.8","0.136128830570526"
"RP11-57H12.3","0.132513361927959"
"RP11-57H12.5","0.130438362275093"
"RP11-57H14.2","0.132928670529858"
"RP11-57J16.1","0.134868577743107"
"RP11-580I16.2","0.13634086561646"
"RP11-582E3.2","0.135031652958029"
"RP11-582E3.6","0.132934980309084"
"RP11-582J16.3","0.133179676089533"
"RP11-582J16.4","0.130369759268356"
"RP11-582J16.5","0.135127627403246"
"RP11-583F2.2","0.135031652958029"
"RP11-583F2.5","0.133668854903794"
"RP11-583F24.8","0.133044857937218"
"RP11-584P21.2","0.132187833409804"
"RP11-585P4.5","0.133668854903794"
"RP11-586D19.1","0.131772650998848"
"RP11-586D19.2","0.130319598674742"
"RP11-586K2.1","0.132909296786036"
"RP11-586L23.1","0.136744229623008"
"RP11-587P21.2","0.133668854903794"
"RP11-587P21.3","0.12989426759511"
"RP11-588G21.2","0.133424465160159"
"RP11-588H23.3","0.136878408719641"
"RP11-588L15.2","0.131772650998848"
"RP11-588P8.1","0.135751244346499"
"RP11-589B3.6","0.131236183727435"
"RP11-589C21.5","0.131115321159805"
"RP11-589C21.6","0.129825631861636"
"RP11-589M4.1","0.133179676089533"
"RP11-589M4.3","0.136882185397608"
"RP11-589P10.5","0.131772650998848"
"RP11-58A17.4","0.135031652958029"
"RP11-58A18.1","0.137715136865982"
"RP11-58A18.2","0.132187833409804"
"RP11-58B2.1","0.130833142544758"
"RP11-58C22.1","0.133668854903794"
"RP11-58C22.2","0.136142799999022"
"RP11-58G13.1","0.130833142544758"
"RP11-58K22.4","0.130543138868542"
"RP11-58K22.5","0.130653320468701"
"RP11-58O15.1","0.131115321159805"
"RP11-593F23.1","0.136332630157892"
"RP11-594C13.1","0.130833142544758"
"RP11-595B24.1","0.133668854903794"
"RP11-595B24.2","0.136271301050132"
"RP11-596C23.2","0.135031652958029"
"RP11-596C23.6","0.131772650998848"
"RP11-596D21.1","0.137278219896944"
"RP11-597A11.6","0.132187833409804"
"RP11-597D13.8","0.137715136865982"
"RP11-597D13.9","0.132827589436936"
"RP11-597M12.1","0.131115321159805"
"RP11-597M12.2","0.134553082595921"
"RP11-597M17.1","0.137016078822313"
"RP11-598D14.1","0.137875765100519"
"RP11-598F7.3","0.132909296786036"
"RP11-598F7.4","0.137715136865982"
"RP11-598F7.5","0.133601857669486"
"RP11-598F7.6","0.134553082595921"
"RP11-598P20.5","0.134459672325246"
"RP11-599B13.3","0.137875765100519"
"RP11-599B13.7","0.133424465160159"
"RP11-59C5.3","0.132187833409804"
"RP11-59D5--B.2","0.133054888677171"
"RP11-59E19.4","0.132187833409804"
"RP11-59H7.4","0.133424465160159"
"RP11-59N23.1","0.13695174506632"
"RP11-59N23.3","0.132187833409804"
"RP11-59O6.3","0.134553082595921"
"RP11-5A19.5","0.137958855740304"
"RP11-5C23.1","0.137715136865982"
"RP11-5C23.2","0.136181974257945"
"RP11-5N11.5","0.136321706854919"
"RP11-5P22.3","0.129408123152786"
"RP11-600F24.7","0.136878408719641"
"RP11-602N24.3","0.133184731377898"
"RP11-603J24.14","0.136878408719641"
"RP11-603J24.17","0.137278219896944"
"RP11-603J24.21","0.133039722812077"
"RP11-603J24.4","0.130438362275093"
"RP11-603J24.5","0.134008216552262"
"RP11-603J24.6","0.131236183727435"
"RP11-605B16.1","0.130438362275093"
"RP11-605F20.1","0.132513361927959"
"RP11-605F22.2","0.133039722812077"
"RP11-607P23.1","0.136878408719641"
"RP11-608O21.1","0.138185263336393"
"RP11-609N14.1","0.137278219896944"
"RP11-60A24.3","0.13306344985152"
"RP11-60A8.1","0.138306495011965"
"RP11-60H5.1","0.135031652958029"
"RP11-60I3.4","0.134553082595921"
"RP11-60L3.1","0.137875765100519"
"RP11-60L3.6","0.136305558210152"
"RP11-610J23.1","0.134553082595921"
"RP11-610P16.1","0.132909296786036"
"RP11-611O2.1","0.138185263336393"
"RP11-611O2.5","0.136878408719641"
"RP11-612A1.1","0.138350243674188"
"RP11-612B6.1","0.132513361927959"
"RP11-613C6.2","0.130833142544758"
"RP11-613D13.5","0.137016078822313"
"RP11-613D13.8","0.133668854903794"
"RP11-613M10.6","0.135772782672348"
"RP11-613M10.9","0.137351398189232"
"RP11-614F17.2","0.132513361927959"
"RP11-615I2.1","0.137278219896944"
"RP11-615I2.2","0.135800683561447"
"RP11-615I2.6","0.137875765100519"
"RP11-616K22.2","0.136726436697824"
"RP11-616M22.1","0.137833527374994"
"RP11-616M22.11","0.131772650998848"
"RP11-616M22.12","0.136878408719641"
"RP11-616M22.2","0.134008216552262"
"RP11-616M22.3","0.134553082595921"
"RP11-616M22.7","0.136878408719641"
"RP11-617D20.2","0.137715136865982"
"RP11-617F23.1","0.136142799999022"
"RP11-617I14.1","0.132187833409804"
"RP11-618K13.2","0.136142799999022"
"RP11-618L22.1","0.137016078822313"
"RP11-618M23.2","0.137875765100519"
"RP11-619A14.3","0.137660896425107"
"RP11-619L12.4","0.128348369523329"
"RP11-61A14.1","0.133424465160159"
"RP11-61A14.4","0.134008216552262"
"RP11-61E11.1","0.136491711911026"
"RP11-61E11.2","0.137016078822313"
"RP11-61F12.1","0.131772650998848"
"RP11-61G19.1","0.131772650998848"
"RP11-61G19.2","0.130653320468701"
"RP11-61G23.2","0.137278219896944"
"RP11-61I13.3","0.130438362275093"
"RP11-61J19.2","0.138306495011965"
"RP11-61J19.3","0.137875765100519"
"RP11-61J19.5","0.133039722812077"
"RP11-61K9.2","0.134008216552262"
"RP11-61K9.3","0.134008216552262"
"RP11-61L14.6","0.139342710166489"
"RP11-61L19.2","0.138384158183208"
"RP11-61O1.1","0.137016078822313"
"RP11-61O1.2","0.13306344985152"
"RP11-61O11.1","0.132513361927959"
"RP11-620J15.1","0.136142799999022"
"RP11-620J15.2","0.136332630157892"
"RP11-620J15.3","0.137016078822313"
"RP11-620J15.4","0.138384158183208"
"RP11-621L6.2","0.136412294413434"
"RP11-621L6.3","0.133385723080822"
"RP11-622A1.2","0.138185263336393"
"RP11-622C24.2","0.137715136865982"
"RP11-622J8.1","0.132187833409804"
"RP11-622O11.4","0.137875765100519"
"RP11-624C23.1","0.135031652958029"
"RP11-624D11.2","0.133424465160159"
"RP11-624G17.3","0.136142799999022"
"RP11-624J12.1","0.132187833409804"
"RP11-624L4.1","0.136878408719641"
"RP11-624L4.2","0.137715136865982"
"RP11-624M8.1","0.132909296786036"
"RP11-625H11.2","0.133184731377898"
"RP11-625L16.1","0.138306495011965"
"RP11-625L16.3","0.138185263336393"
"RP11-626G11.1","0.135031652958029"
"RP11-626G11.3","0.13835789428628"
"RP11-626G11.4","0.133424465160159"
"RP11-626G11.5","0.137007683301722"
"RP11-626G11.6","0.133266777519131"
"RP11-626H12.1","0.139216376401956"
"RP11-626H12.2","0.13504576628924"
"RP11-626H12.3","0.13394908571582"
"RP11-626K17.3","0.131115321159805"
"RP11-626P14.1","0.138384158183208"
"RP11-626P14.2","0.138185263336393"
"RP11-627G18.1","0.137859791271922"
"RP11-627G18.2","0.136749824360959"
"RP11-627G18.4","0.137875765100519"
"RP11-627J17.1","0.136394908826199"
"RP11-629B11.5","0.139113260862992"
"RP11-629E24.2","0.132187833409804"
"RP11-629G13.1","0.13638024022342"
"RP11-629N8.3","0.139169199098393"
"RP11-629O1.2","0.13835789428628"
"RP11-62C3.6","0.136988740108972"
"RP11-62C7.2","0.138306495011965"
"RP11-62F24.2","0.13835789428628"
"RP11-62H20.1","0.138536815167454"
"RP11-62I21.1","0.132187833409804"
"RP11-62J1.4","0.13394908571582"
"RP11-62L18.3","0.137200803825234"
"RP11-630C16.1","0.138185263336393"
"RP11-630C16.2","0.141199300976038"
"RP11-630D6.5","0.136882185397608"
"RP11-631F7.1","0.138511288525261"
"RP11-631F7.2","0.136142799999022"
"RP11-631N16.2","0.138384158183208"
"RP11-631N16.4","0.139452577908737"
"RP11-632B21.1","0.13835789428628"
"RP11-632K5.3","0.136878408719641"
"RP11-632L2.2","0.13820821517267"
"RP11-634B7.4","0.138185263336393"
"RP11-634H22.1","0.136142799999022"
"RP11-635L1.3","0.138891730702214"
"RP11-635N19.1","0.139534722075683"
"RP11-635O16.2","0.13881139224956"
"RP11-636O21.1","0.132187833409804"
"RP11-637A17.2","0.140668097758921"
"RP11-637O11.2","0.137875765100519"
"RP11-637O19.2","0.138483222651591"
"RP11-637O19.3","0.13890321367365"
"RP11-638I2.4","0.139169199098393"
"RP11-638I2.6","0.133424465160159"
"RP11-638I2.8","0.13394908571582"
"RP11-638I2.9","0.137875765100519"
"RP11-638L3.1","0.137278219896944"
"RP11-638L3.3","0.136142799999022"
"RP11-639B1.1","0.138306495011965"
"RP11-63A1.1","0.137875765100519"
"RP11-63A1.2","0.13835789428628"
"RP11-63A11.1","0.135031652958029"
"RP11-63A2.2","0.130369759268356"
"RP11-63B13.1","0.134553082595921"
"RP11-63C8.1","0.13394908571582"
"RP11-63D14.1","0.133424465160159"
"RP11-63E9.1","0.131772650998848"
"RP11-63G10.2","0.136882185397608"
"RP11-63G10.3","0.138185263336393"
"RP11-63K6.7","0.136878408719641"
"RP11-63L7.5","0.131772650998848"
"RP11-63M22.2","0.134553082595921"
"RP11-63N3.1","0.131236183727435"
"RP11-63N8.3","0.136878408719641"
"RP11-63P12.7","0.133179676089533"
"RP11-640A1.3","0.137200803825234"
"RP11-640I15.1","0.130002353423729"
"RP11-640L9.1","0.135031652958029"
"RP11-640N11.2","0.138483222651591"
"RP11-642C5.1","0.132513361927959"
"RP11-642D21.2","0.138894585535263"
"RP11-642M2.1","0.137875765100519"
"RP11-643A5.2","0.134881167700367"
"RP11-643C9.2","0.133039722812077"
"RP11-643M14.1","0.137200803825234"
"RP11-644C3.1","0.139113260862992"
"RP11-644F5.10","0.137715136865982"
"RP11-644F5.11","0.138483222651591"
"RP11-644F5.16","0.136878408719641"
"RP11-644K8.1","0.137875765100519"
"RP11-644L4.1","0.138483222651591"
"RP11-644N4.1","0.139323307752051"
"RP11-645C24.5","0.137016078822313"
"RP11-645N11.3","0.134553082595921"
"RP11-646E18.2","0.138384158183208"
"RP11-646E18.4","0.133184731377898"
"RP11-646I6.5","0.134553082595921"
"RP11-646I6.6","0.136878408719641"
"RP11-646J21.6","0.138306495011965"
"RP11-647K16.1","0.139113260862992"
"RP11-647P12.1","0.136142799999022"
"RP11-648K4.2","0.136142799999022"
"RP11-648L3.2","0.133928154067005"
"RP11-649A16.1","0.137066216670222"
"RP11-649A18.12","0.136142799999022"
"RP11-649E7.5","0.138536815167454"
"RP11-649G15.2","0.139113260862992"
"RP11-64B16.3","0.130833142544758"
"RP11-64B16.4","0.13835789428628"
"RP11-64C12.8","0.13820821517267"
"RP11-64D22.5","0.139113260862992"
"RP11-64D24.4","0.138511288525261"
"RP11-64K12.4","0.136142799999022"
"RP11-64K12.9","0.138185263336393"
"RP11-64P14.7","0.137715136865982"
"RP11-650K20.2","0.134881167700367"
"RP11-650K20.3","0.136142799999022"
"RP11-650L12.1","0.138536815167454"
"RP11-650L12.2","0.135031652958029"
"RP11-650P15.1","0.136142799999022"
"RP11-651L5.3","0.134094649606666"
"RP11-651P23.5","0.137875765100519"
"RP11-653B10.1","0.138306495011965"
"RP11-653J6.1","0.138891730702214"
"RP11-654A16.3","0.136142799999022"
"RP11-654C22.2","0.134553082595921"
"RP11-654D12.2","0.136878408719641"
"RP11-654D12.3","0.133424465160159"
"RP11-655C2.3","0.138588893951705"
"RP11-655G22.1","0.13306344985152"
"RP11-655M14.12","0.134094649606666"
"RP11-655M14.13","0.138384158183208"
"RP11-656D10.3","0.139342710166489"
"RP11-656D10.5","0.138384158183208"
"RP11-656D10.6","0.137278219896944"
"RP11-656E20.5","0.13721818941247"
"RP11-658F2.8","0.135031652958029"
"RP11-659E9.2","0.13306344985152"
"RP11-659E9.4","0.13306344985152"
"RP11-659P15.1","0.132909296786036"
"RP11-65B7.2","0.13820821517267"
"RP11-65D17.1","0.138384158183208"
"RP11-65D24.2","0.137278219896944"
"RP11-65G9.1","0.134553082595921"
"RP11-65I12.1","0.135031652958029"
"RP11-65J21.1","0.13306344985152"
"RP11-65J21.4","0.13306344985152"
"RP11-65J3.14","0.138185263336393"
"RP11-65J3.15","0.138536815167454"
"RP11-65J3.2","0.133424465160159"
"RP11-65J3.3","0.138185263336393"
"RP11-65L19.4","0.134094649606666"
"RP11-65L3.2","0.137465721342481"
"RP11-65L3.4","0.137278219896944"
"RP11-65M17.1","0.138891730702214"
"RP11-65M17.3","0.138306495011965"
"RP11-65N13.8","0.134553082595921"
"RP11-660L16.2","0.138511288525261"
"RP11-660M5.1","0.139268018291223"
"RP11-661A12.12","0.138350243674188"
"RP11-661A12.4","0.138536815167454"
"RP11-661A12.5","0.136142799999022"
"RP11-661A12.7","0.138464165538304"
"RP11-661A12.9","0.138536815167454"
"RP11-661C8.3","0.138170604618405"
"RP11-661D19.3","0.133928154067005"
"RP11-661G16.2","0.138891730702214"
"RP11-661O13.1","0.139169199098393"
"RP11-662B19.2","0.138536815167454"
"RP11-662G23.1","0.133385723080822"
"RP11-662I13.2","0.137875765100519"
"RP11-662J14.1","0.131931420879449"
"RP11-662J14.2","0.138536815167454"
"RP11-663N22.1","0.140085864294256"
"RP11-663P9.1","0.139096318547868"
"RP11-664D1.1","0.138644832187107"
"RP11-664H17.1","0.139113260862992"
"RP11-664I21.5","0.134094649606666"
"RP11-664I21.6","0.136142799999022"
"RP11-665C16.5","0.139113260862992"
"RP11-665C16.6","0.137278219896944"
"RP11-665G4.1","0.133424465160159"
"RP11-665I14.1","0.133928154067005"
"RP11-665J16.1","0.133928154067005"
"RP11-666A20.4","0.137016078822313"
"RP11-666A8.8","0.139169199098393"
"RP11-666A8.9","0.133039722812077"
"RP11-666F17.1","0.136878408719641"
"RP11-666O2.2","0.136878408719641"
"RP11-667K14.3","0.138384158183208"
"RP11-667K14.4","0.138511288525261"
"RP11-667K14.5","0.13835789428628"
"RP11-667M19.10","0.133928154067005"
"RP11-667M19.2","0.137278219896944"
"RP11-669C19.1","0.134553082595921"
"RP11-669E14.6","0.133184731377898"
"RP11-669I1.1","0.133424465160159"
"RP11-669M16.1","0.138891730702214"
"RP11-669M16.2","0.13835789428628"
"RP11-669N7.2","0.138185263336393"
"RP11-66A2.2","0.137278219896944"
"RP11-66B24.1","0.138464165538304"
"RP11-66B24.2","0.136878408719641"
"RP11-66B24.4","0.138384158183208"
"RP11-66B24.5","0.135031652958029"
"RP11-66B24.9","0.134553082595921"
"RP11-66D17.3","0.138384158183208"
"RP11-66D17.5","0.13835789428628"
"RP11-66H6.3","0.137715136865982"
"RP11-66N11.7","0.13030418213811"
"RP11-66N11.8","0.137278219896944"
"RP11-66N24.3","0.133039722812077"
"RP11-66N24.6","0.137715136865982"
"RP11-66N24.7","0.13835789428628"
"RP11-670E13.6","0.13306344985152"
"RP11-671J11.4","0.138384158183208"
"RP11-671J11.7","0.138306495011965"
"RP11-671P2.1","0.137016078822313"
"RP11-672A2.1","0.133184731377898"
"RP11-672A2.3","0.134094649606666"
"RP11-672A2.4","0.134041328968164"
"RP11-672A2.5","0.138511288525261"
"RP11-672A2.6","0.133424465160159"
"RP11-672F9.1","0.138891730702214"
"RP11-672L10.6","0.139342710166489"
"RP11-673E1.1","0.137875765100519"
"RP11-673E1.4","0.137715136865982"
"RP11-673E11.2","0.137875765100519"
"RP11-673P17.4","0.138891730702214"
"RP11-674C21.9","0.13835789428628"
"RP11-674P19.2","0.139169199098393"
"RP11-675F6.3","0.138306495011965"
"RP11-675F6.4","0.133830987097944"
"RP11-676J12.4","0.133424465160159"
"RP11-676J12.6","0.137982881866086"
"RP11-676J12.7","0.138185263336393"
"RP11-676J12.8","0.137016078822313"
"RP11-676J12.9","0.136142799999022"
"RP11-676J15.1","0.138329598085461"
"RP11-677I18.3","0.132187833409804"
"RP11-677M14.2","0.138306495011965"
"RP11-677M14.3","0.136878408719641"
"RP11-677M14.7","0.134094649606666"
"RP11-678G14.2","0.133830987097944"
"RP11-678G14.3","0.133928154067005"
"RP11-678G14.4","0.134041328968164"
"RP11-678G15.2","0.135031652958029"
"RP11-679B17.2","0.136878408719641"
"RP11-679B19.1","0.140470129424638"
"RP11-679B19.2","0.138185263336393"
"RP11-679C8.2","0.138536815167454"
"RP11-67C2.2","0.130543138868542"
"RP11-67H2.1","0.138185263336393"
"RP11-67H24.2","0.133830987097944"
"RP11-67K19.3","0.133928154067005"
"RP11-67L2.2","0.132827589436936"
"RP11-67L3.2","0.138306495011965"
"RP11-67L3.4","0.136878408719641"
"RP11-67L3.5","0.139327085959769"
"RP11-67M9.1","0.136878408719641"
"RP11-680A11.5","0.135031652958029"
"RP11-680B3.2","0.131931420879449"
"RP11-680C21.1","0.138511288525261"
"RP11-680F20.10","0.138384158183208"
"RP11-680F20.12","0.139169199098393"
"RP11-680F20.4","0.137715136865982"
"RP11-680F20.6","0.135031652958029"
"RP11-680F20.9","0.137715136865982"
"RP11-680F8.1","0.138588893951705"
"RP11-680F8.3","0.134094649606666"
"RP11-680G24.6","0.136142799999022"
"RP11-680N20.1","0.136361183110133"
"RP11-681H18.2","0.13603343829754"
"RP11-683L23.7","0.134041328968164"
"RP11-684B21.1","0.13306344985152"
"RP11-685G9.4","0.138185263336393"
"RP11-685M7.3","0.138464165538304"
"RP11-685M7.5","0.138511288525261"
"RP11-685N10.1","0.133830987097944"
"RP11-686D16.1","0.138384158183208"
"RP11-686D22.4","0.136878408719641"
"RP11-686D22.5","0.133928154067005"
"RP11-686D22.9","0.136386767771241"
"RP11-686F15.2","0.138306495011965"
"RP11-686G23.2","0.137715136865982"
"RP11-686G8.2","0.138588893951705"
"RP11-686G8.5","0.136961142697397"
"RP11-686O6.1","0.137875765100519"
"RP11-686O6.2","0.13306344985152"
"RP11-687D19.1","0.138185263336393"
"RP11-687F6.5","0.133184731377898"
"RP11-687M24.8","0.136142799999022"
"RP11-688G15.3","0.131931420879449"
"RP11-688I9.2","0.136739612536619"
"RP11-688I9.4","0.138464165538304"
"RP11-689B22.2","0.135574605526805"
"RP11-689C9.1","0.135031652958029"
"RP11-689K5.3","0.135031652958029"
"RP11-689P11.2","0.131931420879449"
"RP11-689P11.3","0.133424465160159"
"RP11-68I3.5","0.137278219896944"
"RP11-68I3.7","0.137278219896944"
"RP11-68L1.2","0.138820298499609"
"RP11-68L18.1","0.137278219896944"
"RP11-690C23.2","0.131115321159805"
"RP11-690J15.1","0.138536815167454"
"RP11-690P14.4","0.131727071645488"
"RP11-691G17.1","0.137412577655062"
"RP11-691H4.4","0.136072526467816"
"RP11-691N7.6","0.133424465160159"
"RP11-692C24.1","0.137875765100519"
"RP11-692C24.2","0.132187833409804"
"RP11-692D12.1","0.137278219896944"
"RP11-693J15.5","0.130433223429549"
"RP11-693J15.6","0.133830987097944"
"RP11-693L9.2","0.137016078822313"
"RP11-696D21.2","0.137973807230307"
"RP11-696F12.1","0.134094649606666"
"RP11-696N14.1","0.133184731377898"
"RP11-697E2.11","0.136882185397608"
"RP11-697E2.12","0.137715136865982"
"RP11-697E2.6","0.133184731377898"
"RP11-697E22.1","0.133054888677171"
"RP11-697E22.2","0.137351398189232"
"RP11-697E22.3","0.137278219896944"
"RP11-697H9.3","0.133424465160159"
"RP11-697M17.2","0.136142799999022"
"RP11-698F20.3","0.134094649606666"
"RP11-699A5.2","0.137973807230307"
"RP11-699L21.1","0.131931420879449"
"RP11-69C13.1","0.137016078822313"
"RP11-69E11.4","0.134553082595921"
"RP11-69E11.8","0.136142799999022"
"RP11-69E9.1","0.135031652958029"
"RP11-69G7.1","0.133039722812077"
"RP11-69H7.3","0.138213057806993"
"RP11-69I8.2","0.136384697001859"
"RP11-69I8.3","0.136878408719641"
"RP11-69L16.4","0.138891730702214"
"RP11-69M1.8","0.138306495011965"
"RP11-6B19.1","0.133179676089533"
"RP11-6B19.2","0.136243626844031"
"RP11-6B4.1","0.135031652958029"
"RP11-6D1.3","0.137016078822313"
"RP11-6E9.5","0.137875765100519"
"RP11-6F2.5","0.134094649606666"
"RP11-6I2.3","0.134094649606666"
"RP11-6I2.4","0.136433832739284"
"RP11-6J21.2","0.134553082595921"
"RP11-6L6.2","0.137278219896944"
"RP11-6L6.7","0.133179676089533"
"RP11-6N13.1","0.138213057806993"
"RP11-6N13.4","0.133830987097944"
"RP11-6N17.10","0.137278219896944"
"RP11-6N17.2","0.132187833409804"
"RP11-6N17.3","0.137278219896944"
"RP11-6N17.6","0.137875765100519"
"RP11-6O2.2","0.130433223429549"
"RP11-6O2.3","0.134881167700367"
"RP11-6O2.4","0.138939708145676"
"RP11-700F16.3","0.13030418213811"
"RP11-700H6.1","0.134041328968164"
"RP11-700H6.2","0.136142799999022"
"RP11-700H6.4","0.134041328968164"
"RP11-700J17.1","0.137278219896944"
"RP11-700J17.2","0.134041328968164"
"RP11-700N1.1","0.138213057806993"
"RP11-701H16.4","0.133424465160159"
"RP11-701H24.3","0.134041328968164"
"RP11-701H24.4","0.13835789428628"
"RP11-701H24.9","0.133861156832697"
"RP11-701I24.3","0.132772866489128"
"RP11-701P16.2","0.136068065501246"
"RP11-702B10.1","0.134094649606666"
"RP11-702B10.2","0.136142799999022"
"RP11-702F3.1","0.129137963930994"
"RP11-702F3.3","0.136142799999022"
"RP11-702F3.4","0.130625446511017"
"RP11-702H23.4","0.136072526467816"
"RP11-702H23.6","0.137016078822313"
"RP11-703G6.1","0.133039722812077"
"RP11-703H8.7","0.131931420879449"
"RP11-703H8.9","0.129408123152786"
"RP11-703I16.1","0.13620597446213"
"RP11-703M24.5","0.134881167700367"
"RP11-704C2.1","0.132187833409804"
"RP11-704J17.5","0.129137963930994"
"RP11-704M14.1","0.137715136865982"
"RP11-705C15.4","0.137715136865982"
"RP11-705O1.8","0.137016078822313"
"RP11-705O24.1","0.137859791271922"
"RP11-705O24.2","0.132187833409804"
"RP11-706C16.7","0.136878408719641"
"RP11-706C16.8","0.136142799999022"
"RP11-706D8.3","0.136878408719641"
"RP11-706F1.1","0.134094649606666"
"RP11-706J10.2","0.135126300072794"
"RP11-706O15.1","0.133039722812077"
"RP11-706O15.3","0.136217362947103"
"RP11-706O15.5","0.136219116438682"
"RP11-706O15.7","0.133424465160159"
"RP11-706P11.2","0.136145969309866"
"RP11-707A18.1","0.137978169568697"
"RP11-707G14.1","0.129408123152786"
"RP11-707G18.1","0.136337512422526"
"RP11-707M3.3","0.133184731377898"
"RP11-707P17.1","0.130002353423729"
"RP11-707P17.2","0.135800528405506"
"RP11-708J19.1","0.135725151930024"
"RP11-709A23.1","0.133832151344791"
"RP11-709D24.5","0.135751485958748"
"RP11-709D24.6","0.130833142544758"
"RP11-70C1.1","0.133928154067005"
"RP11-70C1.3","0.130121583268338"
"RP11-70D24.2","0.135725151930024"
"RP11-70D24.3","0.135576359018384"
"RP11-70D24.4","0.135758518527929"
"RP11-70F11.11","0.137369428071293"
"RP11-70F11.8","0.133184731377898"
"RP11-70L8.4","0.134041328968164"
"RP11-70P17.1","0.135725151930024"
"RP11-710C12.1","0.136212901980533"
"RP11-710E1.2","0.135725151930024"
"RP11-710F7.2","0.133184731377898"
"RP11-710F7.3","0.135175237468774"
"RP11-711C17.2","0.134881167700367"
"RP11-711D18.2","0.133039722812077"
"RP11-711K1.8","0.132827589436936"
"RP11-712B9.2","0.136337512422526"
"RP11-712L6.5","0.131931420879449"
"RP11-712L6.7","0.133830987097944"
"RP11-713D19.1","0.129743787637381"
"RP11-713M15.1","0.13306344985152"
"RP11-713M15.2","0.137978169568697"
"RP11-713M6.2","0.136154575187814"
"RP11-713N11.4","0.13306344985152"
"RP11-713N11.5","0.135725151930024"
"RP11-713N11.6","0.134041328968164"
"RP11-713P17.3","0.137875765100519"
"RP11-713P17.4","0.131931420879449"
"RP11-713P17.5","0.137903510833676"
"RP11-714G18.1","0.13835789428628"
"RP11-714L20.1","0.133179676089533"
"RP11-714M23.2","0.134881167700367"
"RP11-715J22.2","0.136878408719641"
"RP11-715J22.3","0.132187833409804"
"RP11-715J22.4","0.131727071645488"
"RP11-716H6.1","0.131115321159805"
"RP11-716H6.2","0.137715136865982"
"RP11-716O23.1","0.13623361514451"
"RP11-716O23.2","0.134094649606666"
"RP11-717A5.2","0.134041328968164"
"RP11-717F1.1","0.134094649606666"
"RP11-717F1.2","0.134041328968164"
"RP11-718G2.5","0.137688690895707"
"RP11-718O11.1","0.134094649606666"
"RP11-71E19.1","0.134041328968164"
"RP11-71E19.2","0.133039722812077"
"RP11-71G12.1","0.13624538033561"
"RP11-71J2.1","0.134881167700367"
"RP11-71L14.4","0.134094649606666"
"RP11-71N10.1","0.135725151930024"
"RP11-720L2.4","0.133830987097944"
"RP11-720L8.1","0.13624538033561"
"RP11-722E23.2","0.138306495011965"
"RP11-722G7.1","0.138213057806993"
"RP11-722M1.1","0.137903510833676"
"RP11-723D22.3","0.133039722812077"
"RP11-723G8.2","0.132827589436936"
"RP11-723O4.2","0.137929908560301"
"RP11-723O4.6","0.136717808559437"
"RP11-723O4.9","0.134881167700367"
"RP11-724N1.1","0.134881167700367"
"RP11-725G5.2","0.138213057806993"
"RP11-725M22.1","0.131931420879449"
"RP11-725P16.2","0.134881167700367"
"RP11-727A23.10","0.136337512422526"
"RP11-727A23.7","0.137903510833676"
"RP11-727F15.11","0.137978169568697"
"RP11-727F15.12","0.137903569682686"
"RP11-727F15.9","0.127343355390732"
"RP11-727M10.1","0.128849447110604"
"RP11-728E14.2","0.136337512422526"
"RP11-728E14.3","0.133424465160159"
"RP11-728F11.3","0.135725151930024"
"RP11-728F11.4","0.133928154067005"
"RP11-728G15.1","0.136371521163064"
"RP11-728K20.2","0.135089259935744"
"RP11-728K20.3","0.135089259935744"
"RP11-729I10.2","0.134094649606666"
"RP11-729L2.2","0.136956610452348"
"RP11-729M20.1","0.136952833774381"
"RP11-72I8.1","0.135089259935744"
"RP11-72L22.1","0.138468645431654"
"RP11-72M17.1","0.133184731377898"
"RP11-730K11.1","0.137782128100678"
"RP11-730N24.1","0.137278219896944"
"RP11-730N24.2","0.136337512422526"
"RP11-731C17.2","0.137003905094003"
"RP11-731D1.4","0.134041328968164"
"RP11-731F5.1","0.136219116438682"
"RP11-731F5.2","0.134094649606666"
"RP11-731K22.1","0.136956610452348"
"RP11-732A19.5","0.137875765100519"
"RP11-732A19.6","0.137715136865982"
"RP11-732A19.8","0.13625491185811"
"RP11-732A19.9","0.135175237468774"
"RP11-732A21.2","0.133648359320838"
"RP11-732A21.3","0.137877124621811"
"RP11-733D4.1","0.137715136865982"
"RP11-733O18.1","0.138213057806993"
"RP11-734I18.1","0.131931420879449"
"RP11-734K2.4","0.136391822861707"
"RP11-734K21.3","0.136908356321611"
"RP11-734K21.5","0.136952833774381"
"RP11-734K23.9","0.132853272959985"
"RP11-735G4.1","0.13738362263468"
"RP11-736G13.1","0.133980453042462"
"RP11-736K20.5","0.133179676089533"
"RP11-736K20.6","0.13823600964327"
"RP11-736N17.10","0.133184731377898"
"RP11-736N17.11","0.137453802657411"
"RP11-737O24.1","0.135725151930024"
"RP11-737O24.2","0.131115321159805"
"RP11-737O24.5","0.131712493369238"
"RP11-738E22.3","0.130524450930059"
"RP11-739B23.1","0.136337512422526"
"RP11-739G5.1","0.136307724659315"
"RP11-739L10.1","0.137978169568697"
"RP11-739N10.1","0.136700003609746"
"RP11-739N20.2","0.136929095333266"
"RP11-73E17.2","0.137903510833676"
"RP11-73G16.2","0.134725903529066"
"RP11-73K9.2","0.135725151930024"
"RP11-73K9.3","0.136333624083823"
"RP11-73M14.1","0.135725151930024"
"RP11-73M18.10","0.137278219896944"
"RP11-73M18.2","0.136752952854616"
"RP11-73M7.1","0.138815337051142"
"RP11-73M7.6","0.136068065501246"
"RP11-73M7.9","0.137833527374994"
"RP11-73O6.3","0.137903510833676"
"RP11-742B18.1","0.137278219896944"
"RP11-744A16.4","0.133648359320838"
"RP11-744D14.2","0.136329867584055"
"RP11-744I24.2","0.135725151930024"
"RP11-744I24.3","0.133980453042462"
"RP11-744K17.1","0.133179676089533"
"RP11-744N12.3","0.13625491185811"
"RP11-745C15.2","0.136196973513942"
"RP11-745L13.2","0.136700003609746"
"RP11-745O10.4","0.136560787586747"
"RP11-746M1.1","0.136337512422526"
"RP11-747D18.1","0.138384158183208"
"RP11-748L13.6","0.13624538033561"
"RP11-74C13.3","0.132187833409804"
"RP11-74E22.3","0.133830987097944"
"RP11-74E22.5","0.137278219896944"
"RP11-74E22.6","0.137715136865982"
"RP11-74E22.8","0.13635936870111"
"RP11-74J13.8","0.136337512422526"
"RP11-74K11.2","0.136730809929875"
"RP11-74M11.2","0.13737914392239"
"RP11-750H9.5","0.136337512422526"
"RP11-752D24.2","0.137688690895707"
"RP11-752G15.8","0.136328114092477"
"RP11-752L20.5","0.133424465160159"
"RP11-753A21.1","0.135751485958748"
"RP11-753A21.2","0.137978169568697"
"RP11-753C18.12","0.13583317726295"
"RP11-753D20.3","0.136700003609746"
"RP11-753D20.4","0.137278219896944"
"RP11-753H16.3","0.137016078822313"
"RP11-753H16.5","0.132187833409804"
"RP11-754B17.1","0.133980453042462"
"RP11-754N21.1","0.136239165877461"
"RP11-755B10.3","0.132950482088145"
"RP11-755E23.3","0.135725151930024"
"RP11-755F10.1","0.136179253641827"
"RP11-755F10.3","0.136684692297859"
"RP11-755O11.2","0.137715136865982"
"RP11-756G20.1","0.135574605526805"
"RP11-756H20.1","0.134725903529066"
"RP11-756H6.1","0.136333624083823"
"RP11-756J15.3","0.135089259935744"
"RP11-756P10.2","0.136074279959395"
"RP11-757A13.1","0.135875187140526"
"RP11-757F18.5","0.133424465160159"
"RP11-757G1.6","0.134891799680542"
"RP11-757O6.1","0.134877300974715"
"RP11-758H9.2","0.135153940755174"
"RP11-758M4.4","0.134812302435205"
"RP11-758N13.1","0.134094649606666"
"RP11-758P17.2","0.133424465160159"
"RP11-758P17.3","0.133980453042462"
"RP11-759A24.3","0.136193288433107"
"RP11-75C10.9","0.137016078822313"
"RP11-75C23.1","0.136926001213038"
"RP11-75C9.2","0.134891799680542"
"RP11-75L1.1","0.129825631861636"
"RP11-760D2.5","0.137484975651656"
"RP11-760H22.2","0.136316725607503"
"RP11-761B3.1","0.136110075378823"
"RP11-761I4.5","0.136256499227351"
"RP11-761N21.1","0.137903510833676"
"RP11-762E8.1","0.136700003609746"
"RP11-762H8.1","0.13823600964327"
"RP11-762H8.3","0.139344625251917"
"RP11-762H8.5","0.136286815547307"
"RP11-762I7.5","0.133184731377898"
"RP11-763B22.4","0.136333624083823"
"RP11-763B22.6","0.13583763822952"
"RP11-764E7.1","0.133980453042462"
"RP11-764K9.1","0.136249571708947"
"RP11-766F14.1","0.135738904980503"
"RP11-766F14.2","0.137964729967675"
"RP11-766N7.3","0.137278219896944"
"RP11-766N7.4","0.13738362263468"
"RP11-767C1.1","0.136956610452348"
"RP11-767C1.2","0.136193288433107"
"RP11-767I20.1","0.137715136865982"
"RP11-767N15.1","0.136304039578481"
"RP11-768B22.2","0.134094649606666"
"RP11-768F21.1","0.136240570760759"
"RP11-768G7.2","0.137877124621811"
"RP11-768G7.3","0.134725903529066"
"RP11-769N22.1","0.136372209314281"
"RP11-769O8.1","0.133980453042462"
"RP11-769O8.2","0.130524450930059"
"RP11-76C10.2","0.132853272959985"
"RP11-76C10.5","0.136240570760759"
"RP11-76E12.1","0.136236885679925"
"RP11-76E17.2","0.137453802657411"
"RP11-76E17.3","0.138384158183208"
"RP11-76E17.4","0.136182215870194"
"RP11-76I14.1","0.138213057806993"
"RP11-76I23.7","0.134913096394142"
"RP11-76K13.3","0.137888852115688"
"RP11-76P2.4","0.135089259935744"
"RP11-770E5.1","0.136249571708947"
"RP11-770E5.3","0.137394002547943"
"RP11-770G2.5","0.134041328968164"
"RP11-770J1.3","0.137978169568697"
"RP11-770J1.4","0.138536815167454"
"RP11-770J1.5","0.138931043152853"
"RP11-771K4.1","0.133184731377898"
"RP11-773H22.4","0.137715136865982"
"RP11-774D14.1","0.137016078822313"
"RP11-774O3.1","0.137715136865982"
"RP11-774O3.2","0.138401491533098"
"RP11-774O3.3","0.137278219896944"
"RP11-775C24.3","0.135725151930024"
"RP11-775C24.5","0.137278219896944"
"RP11-775D22.2","0.137978169568697"
"RP11-775D22.3","0.137929908560301"
"RP11-775H9.3","0.137978169568697"
"RP11-776A13.3","0.136256499227351"
"RP11-776H12.1","0.136700003609746"
"RP11-778D9.12","0.133184731377898"
"RP11-778D9.13","0.136239165877461"
"RP11-778H2.1","0.137016078822313"
"RP11-778J15.1","0.136956610452348"
"RP11-778J16.3","0.137016078822313"
"RP11-779O18.1","0.136956610452348"
"RP11-779O18.3","0.136727124849041"
"RP11-779P15.1","0.138281823895127"
"RP11-779P15.2","0.136365663003483"
"RP11-77A13.1","0.137888852115688"
"RP11-77E14.2","0.133424465160159"
"RP11-77G23.2","0.138299120882904"
"RP11-77G23.5","0.136767451560443"
"RP11-77H9.2","0.136329867584055"
"RP11-77H9.5","0.137845208384514"
"RP11-77H9.6","0.13884261590539"
"RP11-77H9.8","0.136942252321258"
"RP11-77I22.2","0.137715136865982"
"RP11-77K12.1","0.139335759160846"
"RP11-77K12.10","0.137913164891201"
"RP11-77K12.4","0.137429321324162"
"RP11-77K12.7","0.138306495011965"
"RP11-77K12.9","0.137451464248902"
"RP11-77M5.1","0.134087768303883"
"RP11-77P16.4","0.138828232518656"
"RP11-77P6.2","0.137517221357232"
"RP11-780K2.1","0.138997627397013"
"RP11-780O24.2","0.133179676089533"
"RP11-781A6.1","0.13835789428628"
"RP11-781P6.1","0.137906957067171"
"RP11-783K16.13","0.136329867584055"
"RP11-783K16.14","0.139039179775082"
"RP11-783K16.5","0.136372209314281"
"RP11-784B15.1","0.136203512583794"
"RP11-785D18.3","0.13625491185811"
"RP11-787B4.2","0.136240570760759"
"RP11-787I22.3","0.136730809929875"
"RP11-788A4.1","0.136074279959395"
"RP11-789C1.2","0.13835789428628"
"RP11-789C17.3","0.136948655009819"
"RP11-789C17.5","0.136316725607503"
"RP11-789C2.1","0.137480835651871"
"RP11-78A19.3","0.137544862039612"
"RP11-78A19.4","0.137888852115688"
"RP11-78B10.2","0.138213057806993"
"RP11-78C3.1","0.137888852115688"
"RP11-78F17.1","0.136187745411454"
"RP11-78I14.1","0.138468645431654"
"RP11-78J21.4","0.137445249790754"
"RP11-78L16.1","0.137944278520367"
"RP11-78O22.1","0.139021882787305"
"RP11-78O7.2","0.134725903529066"
"RP11-78O7.3","0.136298509104927"
"RP11-791G15.2","0.138309208652299"
"RP11-791M20.1","0.136751199363037"
"RP11-792A8.4","0.136956610452348"
"RP11-793H13.10","0.13743832227235"
"RP11-793H13.11","0.134725903529066"
"RP11-793H13.3","0.13638700938349"
"RP11-794G24.1","0.13874934760638"
"RP11-794M8.1","0.139277642899167"
"RP11-794P6.2","0.137888852115688"
"RP11-794P6.6","0.136328114092477"
"RP11-795F19.1","0.137419233554767"
"RP11-795F19.5","0.13624538033561"
"RP11-795H16.3","0.136243626844031"
"RP11-795J1.1","0.139012010783747"
"RP11-796E10.1","0.137416319953724"
"RP11-796E2.4","0.134087768303883"
"RP11-797A18.3","0.137539990446002"
"RP11-797D24.3","0.137902523803129"
"RP11-797D24.4","0.138536815167454"
"RP11-797H7.5","0.137888852115688"
"RP11-797M17.1","0.138564356289354"
"RP11-798G7.5","0.137485268915914"
"RP11-798G7.6","0.136316725607503"
"RP11-798G7.8","0.137888852115688"
"RP11-798K23.4","0.136700003609746"
"RP11-798K3.2","0.137919820790906"
"RP11-798K3.3","0.137539990446002"
"RP11-798L4.1","0.136730809929875"
"RP11-798M19.3","0.136328114092477"
"RP11-798M19.6","0.137195227821669"
"RP11-799B12.2","0.13623361514451"
"RP11-799B12.4","0.138296207281861"
"RP11-799D4.3","0.137773406806559"
"RP11-799D4.4","0.137884209870819"
"RP11-799M12.2","0.137539990446002"
"RP11-799N11.1","0.139350043716713"
"RP11-799O21.2","0.136344366289883"
"RP11-79C6.3","0.13748725966833"
"RP11-79E3.2","0.136872707215859"
"RP11-79H23.3","0.137429321324162"
"RP11-79M19.2","0.136304039578481"
"RP11-79N23.1","0.138511288525261"
"RP11-79O8.1","0.136956610452348"
"RP11-79P5.9","0.136259879041438"
"RP11-7C6.1","0.137888852115688"
"RP11-7F17.3","0.136856455018452"
"RP11-7F17.4","0.136700003609746"
"RP11-7F17.5","0.138384158183208"
"RP11-7F17.8","0.137916907189863"
"RP11-7F18.2","0.137539990446002"
"RP11-7I15.3","0.136193288433107"
"RP11-7I15.4","0.137356762528306"
"RP11-7K24.3","0.137897558764745"
"RP11-7M8.2","0.136232238359058"
"RP11-7N14.1","0.136952833774381"
"RP11-7O11.3","0.137151886895378"
"RP11-800A18.4","0.138318209600487"
"RP11-800A3.2","0.137278219896944"
"RP11-800A3.3","0.137945837026892"
"RP11-800A3.7","0.13620649374177"
"RP11-801F7.1","0.137350106628601"
"RP11-802D6.1","0.137978169568697"
"RP11-802E16.3","0.136952833774381"
"RP11-802O23.3","0.138384158183208"
"RP11-803B1.8","0.137773406806559"
"RP11-803D5.4","0.136227569390321"
"RP11-803P9.1","0.137491476739944"
"RP11-804A23.1","0.137539990446002"
"RP11-804A23.2","0.134725903529066"
"RP11-804A23.4","0.137389041099476"
"RP11-804F13.1","0.137498132639648"
"RP11-804H8.6","0.13621765547165"
"RP11-804H8.7","0.136337512422526"
"RP11-804N13.1","0.137859791271922"
"RP11-805F19.1","0.135785869687517"
"RP11-805F19.2","0.136825977815895"
"RP11-805I24.1","0.13629763688992"
"RP11-805I24.3","0.134087768303883"
"RP11-805J14.5","0.134725903529066"
"RP11-806H10.4","0.136260960193921"
"RP11-806J6.1","0.134099333055343"
"RP11-806L2.2","0.135399459106825"
"RP11-806L2.6","0.134009956939017"
"RP11-807H17.1","0.138268928427613"
"RP11-807H22.7","0.134087768303883"
"RP11-807H7.2","0.136210236040431"
"RP11-809C18.3","0.137491476739944"
"RP11-809H16.4","0.135634628958961"
"RP11-809H16.5","0.134725903529066"
"RP11-809N8.2","0.136372209314281"
"RP11-809N8.4","0.136212901980533"
"RP11-809O17.1","0.137151886895378"
"RP11-80A15.1","0.137773406806559"
"RP11-80B9.4","0.136795785360604"
"RP11-80F22.14","0.137278219896944"
"RP11-80F22.15","0.137381960338928"
"RP11-80H18.3","0.136068065501246"
"RP11-80H18.4","0.135089259935744"
"RP11-80H5.2","0.136219661648752"
"RP11-80H5.7","0.13583763822952"
"RP11-80H5.9","0.136793963290033"
"RP11-80H8.3","0.136195852653697"
"RP11-80I15.4","0.134198734574928"
"RP11-80I3.1","0.131960278186631"
"RP11-810M2.2","0.136811866183403"
"RP11-810P12.5","0.136753852985658"
"RP11-810P8.1","0.133949081013315"
"RP11-812E19.3","0.134087768303883"
"RP11-812E19.9","0.134725903529066"
"RP11-814H16.2","0.136700003609746"
"RP11-814P5.1","0.134099333055343"
"RP11-815J21.2","0.133648359320838"
"RP11-815J21.3","0.136952833774381"
"RP11-815J21.4","0.133648359320838"
"RP11-815M8.1","0.134725903529066"
"RP11-816J6.3","0.136307303423302"
"RP11-816J8.1","0.135727931343349"
"RP11-817G13.3","0.13583763822952"
"RP11-817J15.2","0.135875187140526"
"RP11-817J15.3","0.135817248796358"
"RP11-817O13.8","0.134099333055343"
"RP11-817O13.9","0.13617563669846"
"RP11-818F20.4","0.136432243541061"
"RP11-818F20.5","0.1338832860734"
"RP11-818O24.3","0.131931420879449"
"RP11-819C21.1","0.129825631861636"
"RP11-81A22.5","0.134725903529066"
"RP11-81F13.1","0.133949081013315"
"RP11-81F13.2","0.131712493369238"
"RP11-81H14.1","0.134725903529066"
"RP11-81H14.2","0.136095478304093"
"RP11-81H3.2","0.136797859839268"
"RP11-81K13.1","0.132187833409804"
"RP11-81K2.1","0.133949081013315"
"RP11-820I16.1","0.134009956939017"
"RP11-820I16.3","0.135089259935744"
"RP11-820I16.4","0.134725903529066"
"RP11-823E8.3","0.134877300974715"
"RP11-826N14.1","0.135089259935744"
"RP11-826N14.2","0.136337512422526"
"RP11-826N14.4","0.131712493369238"
"RP11-829H16.3","0.13581314551124"
"RP11-82L20.1","0.134564893024457"
"RP11-82L7.4","0.133622169501853"
"RP11-82O19.1","0.134063260614802"
"RP11-830F9.5","0.134725903529066"
"RP11-830F9.6","0.136072526467816"
"RP11-831A10.2","0.133029642667946"
"RP11-831F12.2","0.132797349004544"
"RP11-831H9.11","0.134849851346211"
"RP11-834C11.10","0.134087768303883"
"RP11-834C11.11","0.1338832860734"
"RP11-834C11.12","0.134063260614802"
"RP11-834C11.15","0.136952833774381"
"RP11-834C11.4","0.137278219896944"
"RP11-834C11.5","0.134099333055343"
"RP11-834C11.6","0.134099333055343"
"RP11-834C11.8","0.131712493369238"
"RP11-835E18.5","0.136753852985658"
"RP11-837J7.4","0.134063260614802"
"RP11-838N2.3","0.134099333055343"
"RP11-838N2.5","0.136290980990215"
"RP11-839D17.3","0.135089259935744"
"RP11-839G9.1","0.134063260614802"
"RP11-83A16.1","0.133424465160159"
"RP11-83A24.2","0.133424465160159"
"RP11-83B20.1","0.1338832860734"
"RP11-83C7.1","0.133648359320838"
"RP11-83J21.3","0.135401212598403"
"RP11-83M16.5","0.131115321159805"
"RP11-83M16.6","0.132172640292018"
"RP11-83N9.5","0.134041328968164"
"RP11-83N9.6","0.135725151930024"
"RP11-840I19.3","0.131712493369238"
"RP11-840I19.5","0.130350945747006"
"RP11-841O20.2","0.13583763822952"
"RP11-843A23.1","0.137539990446002"
"RP11-843B15.2","0.135632875467383"
"RP11-843P14.1","0.135089259935744"
"RP11-843P14.2","0.135853890426926"
"RP11-844P9.1","0.131712493369238"
"RP11-844P9.2","0.130002353423729"
"RP11-845C23.3","0.135725151930024"
"RP11-845M18.6","0.128849447110604"
"RP11-845M18.7","0.137888852115688"
"RP11-847H18.2","0.135089259935744"
"RP11-847H18.3","0.133029642667946"
"RP11-848P1.3","0.135089259935744"
"RP11-848P1.4","0.131712493369238"
"RP11-848P1.5","0.135725151930024"
"RP11-849F2.4","0.129372089605021"
"RP11-849F2.5","0.133424465160159"
"RP11-849F2.7","0.133424465160159"
"RP11-849F2.9","0.137773406806559"
"RP11-849H4.2","0.136956610452348"
"RP11-849H4.4","0.134063260614802"
"RP11-849I19.1","0.133424465160159"
"RP11-849N15.1","0.127356086053725"
"RP11-849N15.4","0.134063260614802"
"RP11-84A14.5","0.134828554632611"
"RP11-84A19.2","0.136328114092477"
"RP11-84A19.3","0.136145574239626"
"RP11-84A19.4","0.137539990446002"
"RP11-84C10.2","0.135089259935744"
"RP11-84C10.4","0.135750074268089"
"RP11-84C13.2","0.134087768303883"
"RP11-84D1.1","0.136236885679925"
"RP11-84D1.2","0.134099333055343"
"RP11-84G21.1","0.133029642667946"
"RP11-850A17.1","0.133029642667946"
"RP11-854K16.3","0.134099333055343"
"RP11-855A2.3","0.135725151930024"
"RP11-855A2.5","0.136952833774381"
"RP11-855O10.2","0.134099333055343"
"RP11-855O10.3","0.130647091155873"
"RP11-856F16.2","0.13583763822952"
"RP11-856M7.1","0.136700003609746"
"RP11-856M7.2","0.135375384592828"
"RP11-856M7.6","0.1338832860734"
"RP11-857B24.1","0.135785869687517"
"RP11-857B24.5","0.13622323741087"
"RP11-85A1.3","0.135725151930024"
"RP11-85B7.2","0.134087768303883"
"RP11-85B7.4","0.136700003609746"
"RP11-85B7.5","0.134723609761472"
"RP11-85E16.1","0.134099333055343"
"RP11-85G18.6","0.136337512422526"
"RP11-85G21.3","0.135725151930024"
"RP11-85I21.1","0.134725903529066"
"RP11-85L21.4","0.135089259935744"
"RP11-85O21.2","0.135725151930024"
"RP11-860B13.1","0.135839391721099"
"RP11-861E21.2","0.135670424378389"
"RP11-862G15.1","0.136337512422526"
"RP11-862G15.2","0.13716183701807"
"RP11-862L9.3","0.134087768303883"
"RP11-862P13.1","0.138213057806993"
"RP11-863H1.1","0.134009956939017"
"RP11-863K10.2","0.135089259935744"
"RP11-863K10.7","0.136337512422526"
"RP11-863P13.1","0.136337512422526"
"RP11-863P13.2","0.135875187140526"
"RP11-863P13.3","0.136337512422526"
"RP11-863P13.4","0.136952833774381"
"RP11-863P13.5","0.130647091155873"
"RP11-863P13.6","0.135089259935744"
"RP11-864G5.3","0.133424465160159"
"RP11-864I4.1","0.134087768303883"
"RP11-864I4.3","0.134063260614802"
"RP11-864I4.4","0.1362627136855"
"RP11-864J10.4","0.134087768303883"
"RP11-865I6.2","0.136337512422526"
"RP11-866E20.3","0.134063260614802"
"RP11-867G2.5","0.134725903529066"
"RP11-867G2.6","0.134723609761472"
"RP11-867G2.8","0.136952833774381"
"RP11-867G23.1","0.137539990446002"
"RP11-867G23.12","0.135089259935744"
"RP11-867G23.13","0.138536815167454"
"RP11-867G23.2","0.133949081013315"
"RP11-867G23.3","0.134063260614802"
"RP11-867G23.4","0.135089259935744"
"RP11-867G23.8","0.130833142544758"
"RP11-867O8.5","0.134009956939017"
"RP11-86A5.1","0.136700003609746"
"RP11-86H7.6","0.135089259935744"
"RP11-872D17.4","0.135089259935744"
"RP11-872D17.8","0.137773406806559"
"RP11-872J21.3","0.133648359320838"
"RP11-873E20.1","0.137016078822313"
"RP11-874J12.4","0.137016078822313"
"RP11-875H7.2","0.137773406806559"
"RP11-875H7.5","0.134087768303883"
"RP11-875O11.1","0.135725151930024"
"RP11-875O11.2","0.136700003609746"
"RP11-875O11.3","0.138213057806993"
"RP11-876N24.2","0.137888852115688"
"RP11-876N24.4","0.138511288525261"
"RP11-879F14.1","0.134099333055343"
"RP11-879F14.2","0.137688690895707"
"RP11-879F14.3","0.133179676089533"
"RP11-87C12.2","0.137888852115688"
"RP11-87C12.5","0.137978169568697"
"RP11-87C12.6","0.131115321159805"
"RP11-87C7.3","0.137782128100678"
"RP11-87F15.2","0.13823600964327"
"RP11-87G24.6","0.137888852115688"
"RP11-87M18.2","0.133648359320838"
"RP11-87P13.2","0.134087768303883"
"RP11-881L2.1","0.137539990446002"
"RP11-881M11.1","0.137539990446002"
"RP11-881M11.2","0.134099333055343"
"RP11-881M11.4","0.134087768303883"
"RP11-881M11.8","0.134725903529066"
"RP11-882G5.1","0.137539990446002"
"RP11-883A18.3","0.138468645431654"
"RP11-883G14.1","0.135089259935744"
"RP11-884K10.6","0.129497572042865"
"RP11-884K10.7","0.135089259935744"
"RP11-885B4.2","0.134063260614802"
"RP11-885N19.6","0.137877124621811"
"RP11-886D15.1","0.137539990446002"
"RP11-886P16.6","0.137195227821669"
"RP11-887P2.5","0.138401491533098"
"RP11-888D10.3","0.137773406806559"
"RP11-88E10.4","0.136370757186084"
"RP11-88E10.5","0.136337512422526"
"RP11-88G17.6","0.138313578931585"
"RP11-88H10.2","0.137978169568697"
"RP11-88H9.2","0.135089259935744"
"RP11-88I18.2","0.138213057806993"
"RP11-88I21.2","0.133179676089533"
"RP11-890B15.2","0.137539990446002"
"RP11-890B15.3","0.139335759160846"
"RP11-893F2.13","0.135725151930024"
"RP11-893F2.14","0.134087768303883"
"RP11-893F2.15","0.137539990446002"
"RP11-893F2.6","0.135089259935744"
"RP11-894J14.5","0.129497572042865"
"RP11-894P9.1","0.136700003609746"
"RP11-894P9.2","0.133424465160159"
"RP11-895M11.3","0.133029642667946"
"RP11-897M7.1","0.137978169568697"
"RP11-897M7.4","0.136700003609746"
"RP11-899L11.1","0.13624538033561"
"RP11-89C3.3","0.137773406806559"
"RP11-89C3.4","0.135725151930024"
"RP11-89F3.2","0.135725151930024"
"RP11-89G4.1","0.131712493369238"
"RP11-89H19.1","0.136337512422526"
"RP11-89H19.2","0.136700003609746"
"RP11-89K10.1","0.137217492634324"
"RP11-89K11.1","0.137539990446002"
"RP11-89K21.1","0.136700003609746"
"RP11-89M20.2","0.136337512422526"
"RP11-89M22.3","0.138213057806993"
"RP11-89N17.1","0.134063260614802"
"RP11-89N17.2","0.137217492634324"
"RP11-89N17.4","0.138401491533098"
"RP11-8L8.2","0.134087768303883"
"RP11-900F13.2","0.134009956939017"
"RP11-900F13.3","0.136700003609746"
"RP11-902B17.1","0.137196981313248"
"RP11-903H12.3","0.136885500492484"
"RP11-905K4.1","0.131712493369238"
"RP11-907D1.1","0.137934011372816"
"RP11-909N17.2","0.137217492634324"
"RP11-90B22.1","0.136337512422526"
"RP11-90B9.3","0.138721475215891"
"RP11-90C1.1","0.137773406806559"
"RP11-90C4.1","0.138401491533098"
"RP11-90C4.2","0.136390786733676"
"RP11-90D11.1","0.135089259935744"
"RP11-90D4.3","0.137978169568697"
"RP11-90E5.1","0.137449710757324"
"RP11-90J7.2","0.136337512422526"
"RP11-90J7.3","0.138384158183208"
"RP11-90J7.4","0.135725151930024"
"RP11-90K6.1","0.138397597863258"
"RP11-90L1.8","0.138508673246206"
"RP11-90L20.2","0.139335759160846"
"RP11-90M2.5","0.137143067579584"
"RP11-90P13.1","0.134725903529066"
"RP11-90P5.2","0.137773406806559"
"RP11-90P5.5","0.137773406806559"
"RP11-91A18.4","0.136227569390321"
"RP11-91G21.1","0.135725151930024"
"RP11-91I20.2","0.134087768303883"
"RP11-91I20.3","0.136337512422526"
"RP11-91I20.4","0.134725903529066"
"RP11-91I8.1","0.134009956939017"
"RP11-91I8.3","0.136700003609746"
"RP11-91J19.3","0.135089259935744"
"RP11-91J3.3","0.138213057806993"
"RP11-91K11.2","0.132853272959985"
"RP11-91K8.5","0.138313578931585"
"RP11-91P17.1","0.137539990446002"
"RP11-91P24.5","0.136217362947103"
"RP11-91P24.6","0.138213057806993"
"RP11-91P24.7","0.135725151930024"
"RP11-923I11.3","0.13629763688992"
"RP11-923I11.4","0.138213057806993"
"RP11-923I11.5","0.13744353550986"
"RP11-923I11.6","0.137217492634324"
"RP11-923I11.8","0.134725903529066"
"RP11-927P21.1","0.136337512422526"
"RP11-927P21.2","0.137773406806559"
"RP11-92A5.2","0.137539990446002"
"RP11-92B11.4","0.137773406806559"
"RP11-92C4.3","0.13894050265718"
"RP11-92C4.6","0.137978169568697"
"RP11-92F20.1","0.139050084060901"
"RP11-92G12.3","0.137773406806559"
"RP11-92J19.3","0.137978169568697"
"RP11-92K15.1","0.138322334606723"
"RP11-92K15.3","0.138721475215891"
"RP11-930O11.1","0.138305523571465"
"RP11-930O11.2","0.137773406806559"
"RP11-930O11.3","0.136700003609746"
"RP11-930P14.1","0.136700003609746"
"RP11-930P14.2","0.138213057806993"
"RP11-932A10.1","0.135089259935744"
"RP11-932O9.10","0.135725151930024"
"RP11-932O9.7","0.136700003609746"
"RP11-932O9.8","0.133424465160159"
"RP11-932O9.9","0.138304794934548"
"RP11-936I5.1","0.138401491533098"
"RP11-93B14.10","0.136560554443552"
"RP11-93B14.4","0.137978169568697"
"RP11-93B14.6","0.136173047592408"
"RP11-93B14.9","0.136700003609746"
"RP11-93G5.1","0.13715063898662"
"RP11-93H12.4","0.137187964342931"
"RP11-93H24.3","0.13638176976336"
"RP11-93I21.3","0.135089259935744"
"RP11-93K22.13","0.136219116438682"
"RP11-93K22.6","0.137171153307673"
"RP11-944C7.1","0.134725903529066"
"RP11-944L7.4","0.134099333055343"
"RP11-945A11.1","0.138814609481228"
"RP11-946L16.1","0.135748320776511"
"RP11-946L16.2","0.136052137034655"
"RP11-94A24.1","0.136072526467816"
"RP11-94B19.3","0.136222639923076"
"RP11-94B19.4","0.133029642667946"
"RP11-94B19.7","0.13583763822952"
"RP11-94C24.13","0.137539990446002"
"RP11-94C24.6","0.137217492634324"
"RP11-94H18.1","0.136157000116633"
"RP11-94I2.4","0.13629763688992"
"RP11-94M14.2","0.137888852115688"
"RP11-94P11.4","0.136074279959395"
"RP11-950C14.3","0.136140189081375"
"RP11-950C14.7","0.135725151930024"
"RP11-953B20.1","0.134099333055343"
"RP11-955H22.1","0.137888852115688"
"RP11-956E11.1","0.137978169568697"
"RP11-95D17.1","0.135253524608457"
"RP11-95H3.1","0.135725151930024"
"RP11-95I16.2","0.135634628958961"
"RP11-95I16.4","0.134099333055343"
"RP11-95I16.6","0.138814609481228"
"RP11-95L3.2","0.131712493369238"
"RP11-95M15.1","0.137065070503578"
"RP11-95M5.1","0.129497572042865"
"RP11-95O2.1","0.137419233554767"
"RP11-95O2.5","0.136207292875392"
"RP11-95P13.1","0.137778944872747"
"RP11-95P13.2","0.135632875467383"
"RP11-95P2.3","0.137678423748156"
"RP11-960D24.1","0.138933468454587"
"RP11-960L18.1","0.13715889385303"
"RP11-961A15.1","0.138304794934548"
"RP11-961A15.3","0.134099333055343"
"RP11-962G15.1","0.134063260614802"
"RP11-963H4.3","0.136355642438498"
"RP11-963H4.5","0.137773406806559"
"RP11-964E11.2","0.137911977722618"
"RP11-966I7.2","0.136872636768749"
"RP11-966I7.4","0.136074279959395"
"RP11-967K21.1","0.137978169568697"
"RP11-968A15.2","0.138213057806993"
"RP11-96A1.5","0.136148973078412"
"RP11-96A15.1","0.1371539292765"
"RP11-96B2.1","0.137411390486479"
"RP11-96B5.3","0.137773406806559"
"RP11-96C21.1","0.136173047592408"
"RP11-96C21.2","0.138304794934548"
"RP11-96C23.15","0.13616578411367"
"RP11-96D1.11","0.137429321324162"
"RP11-96D1.5","0.138464165538304"
"RP11-96D1.7","0.136227569390321"
"RP11-96D24.1","0.135725151930024"
"RP11-96H19.1","0.136140189081375"
"RP11-96K19.2","0.137888852115688"
"RP11-96K19.5","0.136260960193921"
"RP11-96L14.7","0.135725151930024"
"RP11-96L14.8","0.135725151930024"
"RP11-96L7.2","0.136131749047238"
"RP11-96O20.2","0.136700003609746"
"RP11-96O20.4","0.135089259935744"
"RP11-96O20.5","0.136240570760759"
"RP11-96P7.1","0.137137634885304"
"RP11-973D8.4","0.137539990446002"
"RP11-973F15.2","0.136157000116633"
"RP11-973H7.1","0.137905709158413"
"RP11-973H7.4","0.135725151930024"
"RP11-973H7.5","0.135401212598403"
"RP11-973N13.3","0.136868203504707"
"RP11-973N13.4","0.136344444407048"
"RP11-976B16.1","0.13604845195382"
"RP11-977B10.2","0.136253696715183"
"RP11-977G19.10","0.13616601708695"
"RP11-977G19.11","0.133029642667946"
"RP11-977G19.12","0.136186458320236"
"RP11-977G19.14","0.134063260614802"
"RP11-977P2.1","0.137217492634324"
"RP11-97C16.1","0.133380667792457"
"RP11-97E7.1","0.136337512422526"
"RP11-981G7.6","0.13638176976336"
"RP11-981P6.1","0.13744353550986"
"RP11-982M15.2","0.136550466674157"
"RP11-982M15.5","0.136219552330035"
"RP11-982M15.6","0.136136713623768"
"RP11-982M15.7","0.136537602950422"
"RP11-982M15.8","0.136283525257427"
"RP11-983C2.2","0.136060387423076"
"RP11-983P16.4","0.137151886895378"
"RP11-986G18.2","0.133029642667946"
"RP11-989E6.10","0.135750074268089"
"RP11-989F5.1","0.136337512422526"
"RP11-989F5.3","0.13616578411367"
"RP11-98D18.1","0.13739111557814"
"RP11-98D18.15","0.135813563715524"
"RP11-98D18.16","0.135725151930024"
"RP11-98D18.17","0.133648359320838"
"RP11-98D18.3","0.134087768303883"
"RP11-98D18.9","0.136337512422526"
"RP11-98F14.11","0.134198734574928"
"RP11-98G13.1","0.135642164446183"
"RP11-98G7.1","0.136270521156111"
"RP11-98I9.4","0.138817456456962"
"RP11-98O2.1","0.135691692128096"
"RP11-991C1.1","0.136132937245421"
"RP11-993B23.3","0.135813563715524"
"RP11-996F15.2","0.136243626844031"
"RP11-996F15.4","0.138281823895127"
"RP11-996F15.5","0.134099333055343"
"RP11-996F15.6","0.135725151930024"
"RP11-998D10.1","0.134009956939017"
"RP11-998D10.4","0.136682858575487"
"RP11-99A1.2","0.136700003609746"
"RP11-99E15.2","0.136857382515857"
"RP11-99H20.1","0.137534993209299"
"RP11-99J16--A.2","0.137778944872747"
"RP11-99L13.1","0.134725903529066"
"RP11-99L13.2","0.13604845195382"
"RP11-9B6.1","0.133380667792457"
"RP11-9G1.3","0.136207292875392"
"RP11-9M16.2","0.138547027557798"
"RP11-9N12.2","0.136284773166185"
"RP11-9N20.3","0.135669549203355"
"RP13-1016M1.2","0.135076961295147"
"RP13-1032I1.11","0.136337512422526"
"RP13-1032I1.7","0.135401212598403"
"RP13-1039J1.2","0.134099333055343"
"RP13-1039J1.3","0.136203791670126"
"RP13-126C7.1","0.136289793821632"
"RP13-126P21.2","0.136169588756769"
"RP13-131K19.1","0.134009956939017"
"RP13-131K19.2","0.138869479690381"
"RP13-131K19.6","0.136116489405037"
"RP13-131K19.7","0.135799317958675"
"RP13-143G15.4","0.136519827081529"
"RP13-16H11.2","0.137134558163821"
"RP13-16H11.5","0.136506931614015"
"RP13-188A5.1","0.136122965050202"
"RP13-192B19.2","0.134099333055343"
"RP13-20L14.1","0.136052137034655"
"RP13-20L14.6","0.135076961295147"
"RP13-212L9.1","0.136200285917739"
"RP13-216E22.4","0.13739851774983"
"RP13-225O21.2","0.135368132756875"
"RP13-228J13.1","0.136205306573186"
"RP13-270P17.1","0.136203367257555"
"RP13-270P17.2","0.132935075298209"
"RP13-270P17.3","0.135689938636517"
"RP13-279N23.2","0.131951538237428"
"RP13-297E16.4","0.136283525257427"
"RP13-297E16.5","0.135351684916491"
"RP13-30A9.2","0.136028704902444"
"RP13-314C10.5","0.136109349897494"
"RP13-317D12.3","0.136200290536073"
"RP13-347D8.7","0.139024820647986"
"RP13-349O20.2","0.134172906569353"
"RP13-379L11.4","0.136162449249226"
"RP13-379O24.3","0.135646597710225"
"RP13-39P12.3","0.131712493369238"
"RP13-401N8.1","0.138820334560816"
"RP13-436F16.1","0.136851604492837"
"RP13-43E11.1","0.138538714162693"
"RP13-444H2.1","0.136034206196971"
"RP13-463N16.6","0.136854029794571"
"RP13-465B17.4","0.134528145920619"
"RP13-465B17.5","0.136156609316316"
"RP13-467H17.1","0.138817456456962"
"RP13-46H24.1","0.136851604492837"
"RP13-476E20.1","0.13580631187957"
"RP13-487K5.1","0.134172906569353"
"RP13-494C23.1","0.135651618365672"
"RP13-497K6.1","0.135073745063883"
"RP13-49I15.6","0.136160194423308"
"RP13-512J5.1","0.136854029794571"
"RP13-514E23.2","0.136188713146154"
"RP13-516M14.1","0.135363125138185"
"RP13-516M14.10","0.136160194423308"
"RP13-516M14.2","0.136858384758675"
"RP13-516M14.4","0.135829983950465"
"RP13-539F13.3","0.138813834599192"
"RP13-539J13.1","0.136179042676258"
"RP13-554M15.8","0.135078714786726"
"RP13-560N11.1","0.136118133894531"
"RP13-577H12.2","0.133537564718827"
"RP13-578N3.3","0.134009956939017"
"RP13-57D9.3","0.136179042676258"
"RP13-580B18.4","0.137895384295586"
"RP13-580F15.2","0.131115321159805"
"RP13-582O9.7","0.136181028978464"
"RP13-614K11.2","0.136232641796532"
"RP13-616I3.1","0.135725151930024"
"RP13-631K18.2","0.138281823895127"
"RP13-631K18.3","0.131955585484902"
"RP13-631K18.5","0.135796339684351"
"RP13-638C3.3","0.136134727321563"
"RP13-638C3.4","0.138933468454587"
"RP13-650J16.1","0.138835770389272"
"RP13-672B3.2","0.138874157883427"
"RP13-714J12.1","0.136174022020811"
"RP13-726E6.1","0.136052137034655"
"RP13-726E6.2","0.133806562667947"
"RP13-735L24.1","0.136141721242458"
"RP13-753N3.1","0.136207292875392"
"RP13-753N3.3","0.136214146715839"
"RP13-766D20.2","0.136861063997164"
"RP13-766D20.4","0.136560787586747"
"RP13-786C16.1","0.134805760163682"
"RP13-81N3.2","0.137978169568697"
"RP13-820C6.2","0.137830469975694"
"RP13-820C6.4","0.138564356289354"
"RP13-870H17.3","0.136217619267629"
"RP13-884E18.2","0.136219116438682"
"RP13-884E18.4","0.136165393313353"
"RP13-890H12.2","0.1385858284156"
"RP13-895J2.2","0.135839391721099"
"RP13-895J2.3","0.138883441978011"
"RP13-895J2.6","0.136328114092477"
"RP13-895J2.7","0.134009956939017"
"RP13-923O23.6","0.138304794934548"
"RP13-941N14.1","0.135725151930024"
"RP13-942N8.1","0.136560787586747"
"RP13-977J11.2","0.136260960193921"
"RP13-977J11.8","0.138281823895127"
"RP13-977J11.9","0.136230797448202"
"RP13-991F5.2","0.13971166340758"
"RP1L1","0.13624538033561"
"RP2","0.138607697215646"
"RP3-322G13.7","0.138286257159169"
"RP3-323A16.1","0.136196973513942"
"RP3-323N1.2","0.136237375897908"
"RP3-323P24.3","0.139200872756756"
"RP3-324O17.8","0.137423307327305"
"RP3-325F22.3","0.138291277814616"
"RP3-325F22.5","0.136237375897908"
"RP3-326I13.1","0.138969483198205"
"RP3-329A5.8","0.136209708668048"
"RP3-329E20.2","0.139392231139485"
"RP3-330M21.5","0.138822874921757"
"RP3-331H24.5","0.137436287475085"
"RP3-332B22.1","0.138957096084212"
"RP3-333A15.1","0.137978169568697"
"RP3-333B15.5","0.139039263072051"
"RP3-333H23.8","0.138840203653314"
"RP3-335E1.1","0.138304794934548"
"RP3-337H4.10","0.138234309565853"
"RP3-337H4.8","0.138384158183208"
"RP3-337H4.9","0.13852187497538"
"RP3-337O18.9","0.1383695752958"
"RP3-339A18.6","0.138468645431654"
"RP3-340B19.3","0.13835789428628"
"RP3-340N1.2","0.139007081316502"
"RP3-340N1.6","0.134099333055343"
"RP3-355L5.4","0.139651795327913"
"RP3-355L5.5","0.138851822506795"
"RP3-359N14.2","0.137811203679832"
"RP3-369A17.4","0.137849524124371"
"RP3-380B4.1","0.134805760163682"
"RP3-380B8.4","0.137866857474261"
"RP3-382I10.7","0.138845224308761"
"RP3-388E23.2","0.138468645431654"
"RP3-388M5.9","0.137947081762199"
"RP3-388N13.5","0.137403888337592"
"RP3-393E18.2","0.140158939312683"
"RP3-393K13.1","0.139056509034218"
"RP3-394A18.1","0.137978169568697"
"RP3-395M20.12","0.139002060661055"
"RP3-395M20.2","0.13904068972744"
"RP3-395M20.3","0.137830469975694"
"RP3-395M20.8","0.138468645431654"
"RP3-395M20.9","0.136915977695041"
"RP3-395P12.2","0.138288299540292"
"RP3-398G3.5","0.134805760163682"
"RP3-399L15.3","0.138564356289354"
"RP3-400B16.1","0.136560787586747"
"RP3-400B16.4","0.138880328348342"
"RP3-402G11.25","0.138880328348342"
"RP3-402G11.26","0.139428285944299"
"RP3-402G11.27","0.13954266618519"
"RP3-402G11.28","0.139231642412363"
"RP3-403A15.5","0.138213057806993"
"RP3-403L10.3","0.138301279688072"
"RP3-404K8.2","0.137217492634324"
"RP3-405J10.4","0.1383695752958"
"RP3-406A7.7","0.137978169568697"
"RP3-406P24.3","0.138313578931585"
"RP3-406P24.4","0.138331351577039"
"RP3-412A9.16","0.139021817291334"
"RP3-413H6.2","0.138213057806993"
"RP3-414A15.10","0.138401491533098"
"RP3-414A15.2","0.138304794934548"
"RP3-416H24.1","0.134099333055343"
"RP3-416J7.4","0.13954266618519"
"RP3-417L20.4","0.139056509034218"
"RP3-422G23.4","0.141185932926524"
"RP3-425P12.1","0.138995416355057"
"RP3-425P12.2","0.140183110770257"
"RP3-425P12.5","0.13890371688635"
"RP3-428L16.1","0.139013679514536"
"RP3-428L16.2","0.139056509034218"
"RP3-429O6.1","0.141043754463796"
"RP3-430A16.1","0.140180132495933"
"RP3-430N8.10","0.139231642412363"
"RP3-430N8.11","0.138938820925931"
"RP3-431P23.5","0.140470129424638"
"RP3-437I16.1","0.140789682255784"
"RP3-438O4.4","0.138329598085461"
"RP3-439F8.1","0.139638815180133"
"RP3-441A12.1","0.139099611742814"
"RP3-443C4.2","0.138997169846635"
"RP3-446N13.5","0.140668097758921"
"RP3-448I9.2","0.139218775650125"
"RP3-449M8.6","0.138975026921895"
"RP3-449M8.9","0.138883544579606"
"RP3-453C12.15","0.138401491533098"
"RP3-454B23.1","0.139676897494039"
"RP3-455J7.4","0.139436214908527"
"RP3-460G2.2","0.138995416355057"
"RP3-461F17.3","0.138995416355057"
"RP3-461P17.10","0.139056509034218"
"RP3-461P17.9","0.140748228554823"
"RP3-462D8.2","0.139453388110424"
"RP3-465N24.6","0.141447795472409"
"RP3-466P17.1","0.141617449277354"
"RP3-466P17.2","0.141746095673231"
"RP3-467D16.3","0.140633975657729"
"RP3-467K16.2","0.13870813261104"
"RP3-467K16.4","0.141043754463796"
"RP3-467K16.7","0.139810069071923"
"RP3-467L1.4","0.139024862146125"
"RP3-467N11.1","0.139764311577668"
"RP3-468B3.2","0.139028078377389"
"RP3-468K18.5","0.139056509034218"
"RP3-468K18.7","0.13954266618519"
"RP3-470B24.5","0.141050620998158"
"RP3-470L22.1","0.14019784674509"
"RP3-471C18.1","0.14009082933264"
"RP3-471C18.2","0.140748228554823"
"RP3-471M13.2","0.139263364485175"
"RP3-473B4.3","0.139056509034218"
"RP3-473L9.4","0.141970989844262"
"RP3-475N16.1","0.141238389590412"
"RP3-476K8.3","0.13870813261104"
"RP3-477O4.14","0.14009082933264"
"RP3-483K16.4","0.138313578931585"
"RP3-486I3.5","0.141024075918783"
"RP3-486I3.7","0.138313578931585"
"RP3-492J12.2","0.13870813261104"
"RP3-495K2.2","0.13954266618519"
"RP3-496C20.1","0.139935495365801"
"RP3-500L14.2","0.140774946280952"
"RP3-503A6.2","0.140470129424638"
"RP3-507I15.2","0.141403895824352"
"RP3-508I15.10","0.140748228554823"
"RP3-508I15.14","0.141024075918783"
"RP3-508I15.18","0.13909020397218"
"RP3-508I15.19","0.139056509034218"
"RP3-508I15.21","0.141024075918783"
"RP3-508I15.22","0.139056509034218"
"RP3-508I15.9","0.13954266618519"
"RP3-510D11.2","0.140781544478985"
"RP3-510H16.3","0.138326381854197"
"RP3-510L9.1","0.139056509034218"
"RP3-510O8.4","0.139810069071923"
"RP3-512B11.3","0.141024075918783"
"RP3-512E2.2","0.141168609716566"
"RP3-513G18.2","0.138918452861182"
"RP3-514A23.2","0.141818619603847"
"RP3-518E13.2","0.141168609716566"
"RP3-521E19.2","0.140470129424638"
"RP3-522D1.1","0.141024075918783"
"RP3-522J7.6","0.141773081755964"
"RP3-522J7.7","0.13954266618519"
"RP3-522P13.3","0.138401491533098"
"RP3-523C21.2","0.13870813261104"
"RP3-523E19.2","0.140849517723333"
"RP3-525N10.2","0.14019784674509"
"RP4-529N6.1","0.139056509034218"
"RP4-529N6.2","0.140849517723333"
"RP4-530I15.6","0.141024075918783"
"RP4-530I15.9","0.137830469975694"
"RP4-533D7.4","0.140748228554823"
"RP4-533D7.5","0.141082568496372"
"RP4-534N18.2","0.141168609716566"
"RP4-535B20.1","0.137978169568697"
"RP4-535B20.4","0.13982280422603"
"RP4-536B24.2","0.1383695752958"
"RP4-536B24.3","0.139056509034218"
"RP4-536B24.4","0.13943346025982"
"RP4-537K23.4","0.13975638261344"
"RP4-539M6.14","0.14017809011481"
"RP4-539M6.19","0.139810069071923"
"RP4-539M6.22","0.140049084232719"
"RP4-541C22.5","0.138880328348342"
"RP4-545C24.1","0.140748228554823"
"RP4-545L17.11","0.13943346025982"
"RP4-548D19.3","0.141403895824352"
"RP4-549L20.3","0.141043754463796"
"RP4-550H1.4","0.140227643129004"
"RP4-550H1.5","0.139781484779565"
"RP4-550H1.7","0.138401491533098"
"RP4-553F4.2","0.141053806353443"
"RP4-555D20.2","0.137830469975694"
"RP4-555D20.3","0.140084547608858"
"RP4-555D20.4","0.139802140107696"
"RP4-555L14.4","0.13870813261104"
"RP4-559A3.7","0.141238389590412"
"RP4-561L24.3","0.140849517723333"
"RP4-563E14.1","0.140470129424638"
"RP4-564F22.5","0.140468035516711"
"RP4-564F22.7","0.139341623212574"
"RP4-564M11.2","0.141403895824352"
"RP4-565E6.1","0.137940800038417"
"RP4-566L20.1","0.139637704244642"
"RP4-568C11.4","0.139239780189162"
"RP4-568F9.3","0.138401491533098"
"RP4-568F9.6","0.134341196726784"
"RP4-569D19.8","0.13870813261104"
"RP4-569M23.2","0.13943346025982"
"RP4-569M23.5","0.139056509034218"
"RP4-575N6.4","0.133362525496567"
"RP4-576H24.4","0.140849517723333"
"RP4-580N22.2","0.135089259935744"
"RP4-583K8.1","0.138382448283378"
"RP4-583P15.10","0.135725151930024"
"RP4-583P15.15","0.138913718759806"
"RP4-583P15.16","0.1383695752958"
"RP4-584D14.5","0.139637704244642"
"RP4-584D14.6","0.140470129424638"
"RP4-585I14.3","0.138468645431654"
"RP4-591C20.9","0.138468645431654"
"RP4-591N18.2","0.13943346025982"
"RP4-593C16.4","0.139604232019398"
"RP4-593H12.1","0.135725151930024"
"RP4-594A5.1","0.140470129424638"
"RP4-594I10.3","0.13870813261104"
"RP4-597A16.2","0.138234309565853"
"RP4-597N16.4","0.135725151930024"
"RP4-598P13.1","0.138401491533098"
"RP4-601P9.2","0.138604480984382"
"RP4-604G5.1","0.140227643129004"
"RP4-604K5.3","0.137539990446002"
"RP4-605O3.4","0.134352700724878"
"RP4-607I7.1","0.138313578931585"
"RP4-612B15.3","0.139658099577453"
"RP4-613A2.1","0.141238389590412"
"RP4-613B23.1","0.137978169568697"
"RP4-613B23.5","0.139341623212574"
"RP4-614C15.2","0.13870813261104"
"RP4-614O4.11","0.135089259935744"
"RP4-616B8.4","0.139637704244642"
"RP4-616B8.5","0.140748228554823"
"RP4-620F22.2","0.138468645431654"
"RP4-621B10.8","0.13823600964327"
"RP4-621F18.2","0.13870813261104"
"RP4-621N11.2","0.139637704244642"
"RP4-622L5.7","0.141366808189294"
"RP4-625H18.2","0.135089259935744"
"RP4-630C24.3","0.138234309565853"
"RP4-631H13.2","0.138313578931585"
"RP4-633I8.4","0.13870813261104"
"RP4-633O19--A.1","0.137978169568697"
"RP4-635E18.6","0.140748228554823"
"RP4-635E18.7","0.139637704244642"
"RP4-635E18.8","0.139028803214137"
"RP4-635E18.9","0.13943346025982"
"RP4-639F20.1","0.13870813261104"
"RP4-639J15.3","0.138701332105101"
"RP4-640H8.2","0.13870813261104"
"RP4-644L1.2","0.13870813261104"
"RP4-646N3.1","0.137830469975694"
"RP4-647C14.2","0.138234309565853"
"RP4-647C14.3","0.137539990446002"
"RP4-650F12.2","0.139637704244642"
"RP4-651E10.4","0.137978169568697"
"RP4-655C5.4","0.140227643129004"
"RP4-655C5.9","0.13925571020612"
"RP4-655J12.4","0.138468645431654"
"RP4-655J12.5","0.137830469975694"
"RP4-656G21.1","0.141066623604327"
"RP4-657D16.3","0.142325633954983"
"RP4-657D16.6","0.139056509034218"
"RP4-660H19.1","0.139777046731774"
"RP4-663N10.1","0.141066623604327"
"RP4-665J23.1","0.140988927354549"
"RP4-665J23.2","0.136560787586747"
"RP4-665J23.4","0.1383695752958"
"RP4-665N4.8","0.138401491533098"
"RP4-666F24.3","0.138468645431654"
"RP4-668E10.4","0.140485341545953"
"RP4-668J24.2","0.139578784254556"
"RP4-669B10.3","0.140084547608858"
"RP4-669H2.1","0.1383695752958"
"RP4-669L17.10","0.139600828343976"
"RP4-669L17.2","0.140748228554823"
"RP4-669P10.16","0.140849517723333"
"RP4-669P10.20","0.140349176303707"
"RP4-671G15.2","0.141060074917647"
"RP4-671O14.7","0.141066623604327"
"RP4-673M15.1","0.140084547608858"
"RP4-676J13.2","0.137392302456056"
"RP4-677H15.4","0.139056509034218"
"RP4-678D15.1","0.139637704244642"
"RP4-680D5.2","0.139264089321923"
"RP4-680D5.8","0.141970989844262"
"RP4-680D5.9","0.142803482817625"
"RP4-681L3.2","0.140849517723333"
"RP4-681N20.5","0.140849517723333"
"RP4-682C21.5","0.13870813261104"
"RP4-683L5.1","0.141082568496372"
"RP4-684O24.5","0.141238389590412"
"RP4-686C3.7","0.142207418060833"
"RP4-693M11.3","0.141066623604327"
"RP4-694A7.2","0.141925232350006"
"RP4-694B14.8","0.141082568496372"
"RP4-697K14.15","0.13943346025982"
"RP4-697K14.3","0.142953797890974"
"RP4-704D21.2","0.141403895824352"
"RP4-704D23.1","0.140988927354549"
"RP4-705F19.1","0.140043302425644"
"RP4-706G24.1","0.138401491533098"
"RP4-710M16.2","0.14236454138739"
"RP4-710M3.2","0.135725151930024"
"RP4-712E4.1","0.141090740909437"
"RP4-712E4.2","0.139785425847577"
"RP4-714D9.2","0.140849517723333"
"RP4-715N11.2","0.138902507969138"
"RP4-718J7.4","0.142207418060833"
"RP4-719C8.1","0.139239780189162"
"RP4-724E16.2","0.141403895824352"
"RP4-726F1.1","0.13870813261104"
"RP4-726N1.2","0.140748228554823"
"RP4-728D4.2","0.140084547608858"
"RP4-734G22.3","0.141066623604327"
"RP4-734P14.4","0.141168609716566"
"RP4-735C1.4","0.13870813261104"
"RP4-735C1.6","0.139637704244642"
"RP4-736H5.3","0.1383695752958"
"RP4-736L20.3","0.138468645431654"
"RP4-737E23.2","0.141403895824352"
"RP4-738P15.1","0.141703754292772"
"RP4-742C19.13","0.140485341545953"
"RP4-742J24.2","0.140485341545953"
"RP4-745E8.2","0.139637704244642"
"RP4-745K6.1","0.138313578931585"
"RP4-751H13.7","0.140025588176487"
"RP4-752I6.1","0.138234309565853"
"RP4-753D10.5","0.140084547608858"
"RP4-753F5.1","0.138401491533098"
"RP4-756G23.5","0.139637704244642"
"RP4-758J18.10","0.141773081755964"
"RP4-758J18.13","0.138313578931585"
"RP4-758J18.7","0.138687241275972"
"RP4-760C5.3","0.138234309565853"
"RP4-760C5.5","0.140849517723333"
"RP4-761J14.10","0.141773081755964"
"RP4-761J14.8","0.138313578931585"
"RP4-764O22.1","0.140227643129004"
"RP4-765H13.1","0.138687241275972"
"RP4-769N13.7","0.139056509034218"
"RP4-771M4.3","0.1383695752958"
"RP4-773N10.4","0.138687241275972"
"RP4-777L9.2","0.139719420796988"
"RP4-777L9.3","0.140748228554823"
"RP4-777O23.1","0.137392302456056"
"RP4-777O23.2","0.140748228554823"
"RP4-777O23.3","0.139056509034218"
"RP4-778K6.3","0.139719420796988"
"RP4-781K5.2","0.140849517723333"
"RP4-781K5.4","0.139260148253911"
"RP4-781K5.5","0.134842137696133"
"RP4-781K5.6","0.13979213823424"
"RP4-781K5.7","0.140227643129004"
"RP4-781K5.9","0.138234309565853"
"RP4-782L23.2","0.138687241275972"
"RP4-784A16.1","0.138905702831989"
"RP4-784A16.2","0.139637704244642"
"RP4-784A16.5","0.138897773867761"
"RP4-789D17.5","0.140957789704126"
"RP4-790G17.7","0.140748228554823"
"RP4-791M13.3","0.139719420796988"
"RP4-791M13.4","0.14001224599696"
"RP4-794H19.1","0.140099652467932"
"RP4-794I6.4","0.141371828844741"
"RP4-797C5.2","0.141168609716566"
"RP4-798A10.2","0.141082568496372"
"RP4-798A10.4","0.140099652467932"
"RP4-798A10.7","0.141168609716566"
"RP4-799D16.1","0.1383695752958"
"RP4-799P18.2","0.140227643129004"
"RP4-800J21.3","0.140485341545953"
"RP4-803J11.2","0.140227643129004"
"RP4-806M20.3","0.141403895824352"
"RP4-806M20.4","0.139056509034218"
"RP4-806M20.5","0.1383695752958"
"RP4-809F18.1","0.140099652467932"
"RP4-809F18.2","0.139056509034218"
"RP4-811H24.9","0.140485341545953"
"RP4-813D12.3","0.138313578931585"
"RP4-816N1.6","0.138687241275972"
"RP4-816N1.7","0.140227643129004"
"RP5-1004I9.1","0.134842137696133"
"RP5-1007H16.1","0.140988927354549"
"RP5-1009E24.8","0.140485341545953"
"RP5-1011O1.2","0.137830469975694"
"RP5-1011O1.3","0.140911171335206"
"RP5-1017F8.2","0.13943346025982"
"RP5-1018K9.1","0.137830469975694"
"RP5-1021I20.1","0.13925571020612"
"RP5-1021I20.2","0.139637704244642"
"RP5-1021I20.4","0.13943346025982"
"RP5-1021I20.5","0.137392302456056"
"RP5-1021I20.8","0.140099652467932"
"RP5-1022P6.4","0.141189931258231"
"RP5-1022P6.5","0.140227643129004"
"RP5-1022P6.7","0.139637704244642"
"RP5-1023B21.1","0.134133845049623"
"RP5-1024C24.1","0.141925232350006"
"RP5-1024G6.2","0.140227643129004"
"RP5-1024G6.5","0.140099652467932"
"RP5-1024G6.7","0.139719420796988"
"RP5-1024N4.2","0.13943346025982"
"RP5-1024N4.4","0.141066623604327"
"RP5-1025A1.3","0.137830469975694"
"RP5-1027G4.3","0.140227643129004"
"RP5-1027O15.1","0.136560787586747"
"RP5-1028K7.2","0.138313578931585"
"RP5-1028K7.3","0.138313578931585"
"RP5-1029F21.2","0.137978169568697"
"RP5-1029F21.3","0.141970989844262"
"RP5-1029F21.4","0.13943346025982"
"RP5-1030M6.3","0.140988927354549"
"RP5-1031D4.2","0.13838301497585"
"RP5-1031J8.1","0.140227643129004"
"RP5-1033H22.2","0.143550680454762"
"RP5-1039K5.13","0.140783528278571"
"RP5-1039K5.16","0.13943346025982"
"RP5-1039K5.17","0.140227643129004"
"RP5-1039K5.18","0.141773081755964"
"RP5-1042K10.10","0.142207418060833"
"RP5-1042K10.13","0.139719420796988"
"RP5-1050D4.2","0.139637704244642"
"RP5-1050D4.3","0.141925232350006"
"RP5-1050D4.4","0.141925232350006"
"RP5-1050D4.5","0.142361962380279"
"RP5-1050E16.1","0.142513291938897"
"RP5-1050E16.2","0.140485341545953"
"RP5-1051H14.2","0.140485341545953"
"RP5-1052I5.2","0.141970989844262"
"RP5-1056H1.2","0.140783528278571"
"RP5-1056L3.1","0.141970989844262"
"RP5-1057B20.3","0.141722531824997"
"RP5-1057I20.4","0.13943346025982"
"RP5-1057I20.5","0.140485341545953"
"RP5-1057J7.7","0.142965317240575"
"RP5-1061H20.4","0.140783528278571"
"RP5-1061H20.5","0.140275373400877"
"RP5-1063M23.1","0.140227643129004"
"RP5-1063M23.2","0.141238389590412"
"RP5-1065J22.8","0.143550680454762"
"RP5-1065O2.4","0.137830469975694"
"RP5-1065P14.2","0.134352700724878"
"RP5-1065P14.3","0.141403895824352"
"RP5-1066H13.4","0.138234309565853"
"RP5-1068E13.7","0.140988927354549"
"RP5-1068H6.6","0.139637704244642"
"RP5-1069C8.2","0.141168609716566"
"RP5-1069C8.3","0.139056509034218"
"RP5-1070A16.1","0.139637704244642"
"RP5-1070G24.2","0.142513291938897"
"RP5-1071N3.1","0.140275373400877"
"RP5-1073O3.2","0.142361962380279"
"RP5-1074L1.1","0.140227643129004"
"RP5-1074L1.4","0.13838301497585"
"RP5-1077I2.3","0.142207418060833"
"RP5-1085F17.3","0.141403895824352"
"RP5-1085F17.4","0.140227643129004"
"RP5-1086K13.1","0.136560787586747"
"RP5-1087E8.3","0.141066623604327"
"RP5-1091N2.9","0.141238389590412"
"RP5-1092A11.2","0.142207418060833"
"RP5-1092A11.5","0.139683018821865"
"RP5-1092A3.4","0.141970989844262"
"RP5-1092A3.5","0.139719420796988"
"RP5-1093G23.1","0.140099652467932"
"RP5-1096D14.3","0.141773081755964"
"RP5-1096D14.6","0.141238389590412"
"RP5-1096J16.1","0.140783528278571"
"RP5-1097P24.1","0.140988927354549"
"RP5-1098D14.1","0.142195232004332"
"RP5-1101C3.1","0.141773081755964"
"RP5-1102E8.3","0.141403895824352"
"RP5-1103B4.3","0.140099652467932"
"RP5-1103G7.10","0.141082568496372"
"RP5-1107A17.3","0.13943346025982"
"RP5-1112D6.4","0.140470129424638"
"RP5-1112D6.7","0.139637704244642"
"RP5-1112D6.8","0.140783528278571"
"RP5-1113E3.3","0.135673397206256"
"RP5-1115A15.1","0.141925232350006"
"RP5-1116H23.3","0.140227643129004"
"RP5-1116H23.4","0.141925232350006"
"RP5-1116H23.5","0.140783528278571"
"RP5-1116H23.6","0.140227643129004"
"RP5-1119A7.10","0.140227643129004"
"RP5-1119A7.14","0.140783528278571"
"RP5-1119O21.2","0.13838301497585"
"RP5-1120P11.1","0.140099652467932"
"RP5-1120P11.3","0.134530185958753"
"RP5-1121A15.3","0.140099652467932"
"RP5-1121E10.2","0.139056509034218"
"RP5-1121H13.3","0.141403895824352"
"RP5-1125A11.6","0.141305235551742"
"RP5-1125A11.7","0.142486919388713"
"RP5-1125N11.1","0.140988927354549"
"RP5-1125N11.2","0.141773081755964"
"RP5-1136G13.2","0.139637704244642"
"RP5-1139B12.2","0.140454497486804"
"RP5-1139B12.3","0.140470129424638"
"RP5-1139I1.1","0.140783528278571"
"RP5-1139I1.2","0.139637704244642"
"RP5-1142A6.10","0.140783528278571"
"RP5-1142A6.2","0.141970989844262"
"RP5-1142A6.5","0.141970989844262"
"RP5-1142A6.8","0.141066623604327"
"RP5-1142A6.9","0.141066623604327"
"RP5-1142J19.1","0.142486919388713"
"RP5-1148A21.3","0.141970989844262"
"RP5-1157M23.2","0.143105975322358"
"RP5-1158E12.3","0.141168609716566"
"RP5-1159O4.1","0.139056509034218"
"RP5-1159O4.2","0.143105975322358"
"RP5-1160K1.6","0.141773081755964"
"RP5-1160K1.8","0.139719420796988"
"RP5-1166F10.1","0.142207418060833"
"RP5-1170K4.7","0.141168609716566"
"RP5-1171I10.5","0.140099652467932"
"RP5-1172A22.1","0.134530185958753"
"RP5-1172N10.2","0.140275373400877"
"RP5-1177I5.3","0.140783528278571"
"RP5-1177M21.1","0.140988927354549"
"RP5-1178H5.2","0.137442715675139"
"RP5-1180C18.1","0.139637704244642"
"RP5-1180E21.4","0.141403895824352"
"RP5-1180E21.5","0.139719420796988"
"RP5-1182A14.5","0.134077310960834"
"RP5-1184F4.5","0.137978169568697"
"RP5-1184F4.7","0.134842137696133"
"RP5-1185H19.2","0.140099652467932"
"RP5-1185I7.1","0.139637704244642"
"RP5-1185K9.1","0.140470129424638"
"RP5-1186N24.3","0.142486919388713"
"RP5-1186P10.2","0.140783528278571"
"RP5-1187M17.10","0.141773081755964"
"RP5-1195D24.1","0.138313578931585"
"RP5-1198O20.4","0.141066623604327"
"RP5-821D11.7","0.13943346025982"
"RP5-823G15.5","0.141403895824352"
"RP5-826L7.1","0.137978169568697"
"RP5-827C21.2","0.140275373400877"
"RP5-827C21.4","0.139719420796988"
"RP5-827C21.6","0.138687241275972"
"RP5-828H9.1","0.141970989844262"
"RP5-828H9.4","0.141168609716566"
"RP5-832C2.5","0.142384909452138"
"RP5-834N19.1","0.138687241275972"
"RP5-836J3.1","0.138687241275972"
"RP5-837I24.4","0.141238389590412"
"RP5-837J1.4","0.141066623604327"
"RP5-837J1.6","0.138313578931585"
"RP5-837M10.4","0.140227643129004"
"RP5-839B4.8","0.141819020349791"
"RP5-842K16.1","0.141238389590412"
"RP5-843L14.1","0.136925668321737"
"RP5-851M4.1","0.140783528278571"
"RP5-855D21.1","0.140988927354549"
"RP5-855D21.2","0.143550680454762"
"RP5-855F14.2","0.140485341545953"
"RP5-855F16.1","0.142486919388713"
"RP5-856G1.1","0.141168609716566"
"RP5-857K21.2","0.137978169568697"
"RP5-857K21.4","0.141210179039677"
"RP5-858B6.1","0.139719420796988"
"RP5-858B6.3","0.137830469975694"
"RP5-858L17.1","0.141403895824352"
"RP5-862P8.2","0.138234309565853"
"RP5-864K19.4","0.141403895824352"
"RP5-864K19.6","0.143338116876463"
"RP5-866L20.1","0.141970989844262"
"RP5-867C24.5","0.140227643129004"
"RP5-874C20.8","0.138313578931585"
"RP5-875H18.10","0.138687241275972"
"RP5-875H18.4","0.140988927354549"
"RP5-875H18.9","0.140485341545953"
"RP5-875O13.1","0.143448983122183"
"RP5-881L22.5","0.141066623604327"
"RP5-881P19.7","0.140099652467932"
"RP5-882C2.2","0.141019046256761"
"RP5-884C9.2","0.140227643129004"
"RP5-884G6.2","0.141082568496372"
"RP5-884M6.1","0.140227643129004"
"RP5-887A10.1","0.138687241275972"
"RP5-888M10.2","0.141082568496372"
"RP5-890E16.5","0.139719420796988"
"RP5-892K4.1","0.140951641004549"
"RP5-893G23.1","0.140227643129004"
"RP5-894A10.2","0.141238389590412"
"RP5-894D12.4","0.140099652467932"
"RP5-894D12.5","0.141819020349791"
"RP5-897D18.1","0.142207418060833"
"RP5-899B16.1","0.140275373400877"
"RP5-899B16.2","0.140485341545953"
"RP5-899E9.1","0.140099652467932"
"RP5-901A4.1","0.141403895824352"
"RP5-902P8.10","0.140099652467932"
"RP5-902P8.12","0.140485341545953"
"RP5-903G2.2","0.137978169568697"
"RP5-905G11.3","0.140275373400877"
"RP5-905N1.2","0.140951641004549"
"RP5-906A24.2","0.14303795043603"
"RP5-906C1.1","0.140485341545953"
"RP5-907D15.3","0.140227643129004"
"RP5-907D15.4","0.143448983122183"
"RP5-908M14.5","0.143491168304635"
"RP5-908M14.9","0.140275373400877"
"RP5-919F19.5","0.140951641004549"
"RP5-921G16.1","0.139637704244642"
"RP5-921G16.2","0.139637704244642"
"RP5-930J4.2","0.13838301497585"
"RP5-933B4.1","0.141168609716566"
"RP5-933E2.1","0.143448983122183"
"RP5-933K21.3","0.140099652467932"
"RP5-936J12.1","0.141970989844262"
"RP5-937E21.8","0.140783528278571"
"RP5-940F7.2","0.139719420796988"
"RP5-940J5.3","0.140783528278571"
"RP5-940J5.6","0.140470129424638"
"RP5-940J5.8","0.139719420796988"
"RP5-940J5.9","0.139637704244642"
"RP5-942I16.1","0.139637704244642"
"RP5-943J3.2","0.141066623604327"
"RP5-944M2.1","0.141403895824352"
"RP5-944M2.2","0.137442715675139"
"RP5-944M2.3","0.137442715675139"
"RP5-945I17.2","0.137442715675139"
"RP5-947P14.1","0.13838301497585"
"RP5-951N9.1","0.140227643129004"
"RP5-952N6.1","0.136925668321737"
"RP5-955M13.4","0.134133845049623"
"RP5-956O18.2","0.140275373400877"
"RP5-956O18.3","0.141019046256761"
"RP5-963E22.4","0.141238389590412"
"RP5-963E22.5","0.141925232350006"
"RP5-963E22.6","0.137830469975694"
"RP5-965F6.2","0.141066623604327"
"RP5-965G21.3","0.140275373400877"
"RP5-965G21.4","0.143338116876463"
"RP5-965G21.5","0.13943346025982"
"RP5-965G21.6","0.134530185958753"
"RP5-966M1.6","0.141925232350006"
"RP5-967N21.11","0.136560787586747"
"RP5-968D22.1","0.140227643129004"
"RP5-968D22.3","0.140951641004549"
"RP5-968J1.1","0.140227643129004"
"RP5-968P14.2","0.140951641004549"
"RP5-971N18.3","0.140470129424638"
"RP5-973N23.4","0.143644584831006"
"RP5-978I12.1","0.140099652467932"
"RP5-981O7.2","0.139719420796988"
"RP5-983L19.2","0.138234309565853"
"RP5-984P4.6","0.141925232350006"
"RP5-991G20.1","0.141019046256761"
"RP5-991G20.2","0.140783528278571"
"RP5-991G20.6","0.143448983122183"
"RP5-994D16.11","0.138313578931585"
"RP5-994D16.3","0.141238389590412"
"RP5-997D16.2","0.138234309565853"
"RP5-997D24.3","0.140275373400877"
"RP5-998N21.4","0.140084547608858"
"RP5-998N21.7","0.138382448283378"
"RP5-999L4.2","0.139218314125231"
"RP6-109B7.2","0.140227643129004"
"RP6-109B7.4","0.141082568496372"
"RP6-109B7.5","0.138234309565853"
"RP6-114E22.1","0.141168609716566"
"RP6-159A1.3","0.141403895824352"
"RP6-159A1.4","0.139456782941076"
"RP6-191P20.4","0.138382448283378"
"RP6-1O2.1","0.141970989844262"
"RP6-201G10.2","0.141925232350006"
"RP6-24A23.3","0.139218314125231"
"RP6-65G23.3","0.143554218693401"
"RP6-65G23.5","0.141066623604327"
"RP6-74O6.2","0.140099652467932"
"RP6-74O6.6","0.141168609716566"
"RP6-91H8.1","0.140099652467932"
"RP6-91H8.2","0.141082568496372"
"RP6-91H8.3","0.141082568496372"
"RP6-91H8.5","0.134129161600945"
"RP6-99M1.3","0.134352700724878"
"RP9","0.140227643129004"
"RPA1","0.140470129424638"
"RPA2","0.140485341545953"
"RPA3","0.142486919388713"
"RPA4","0.140783528278571"
"RPAIN","0.140275373400877"
"RPAP1","0.143432828276072"
"RPAP2","0.140783528278571"
"RPAP3","0.134530185958753"
"RPE","0.141066623604327"
"RPE65","0.14129731206743"
"RPEL1","0.141019046256761"
"RPF1","0.139719420796988"
"RPF2","0.141970989844262"
"RPGR","0.141418917836345"
"RPGRIP1","0.143609913701038"
"RPGRIP1L","0.136560787586747"
"RPH3A","0.140485341545953"
"RPH3AL","0.141082568496372"
"RPIA","0.141168609716566"
"RPL10","0.139637704244642"
"RPL10A","0.142486919388713"
"RPL10L","0.140227643129004"
"RPL11","0.141238389590412"
"RPL12","0.139637704244642"
"RPL13","0.141418917836345"
"RPL13A","0.142197269850951"
"RPL14","0.141082568496372"
"RPL15","0.139456782941076"
"RPL17","0.140783528278571"
"RPL17-C18orf32","0.143448983122183"
"RPL18","0.139456782941076"
"RPL18A","0.140273279492949"
"RPL19","0.14129731206743"
"RPL21","0.143105975322358"
"RPL22","0.139637704244642"
"RPL22L1","0.139719420796988"
"RPL23","0.138382448283378"
"RPL23A","0.141019046256761"
"RPL24","0.139637704244642"
"RPL26","0.137442715675139"
"RPL26L1","0.143491168304635"
"RPL27","0.141019046256761"
"RPL27A","0.137978169568697"
"RPL28","0.138687241275972"
"RPL29","0.139456782941076"
"RPL3","0.141970989844262"
"RPL30","0.141403895824352"
"RPL31","0.141925232350006"
"RPL32","0.14129731206743"
"RPL34","0.141970989844262"
"RPL34-AS1","0.139218314125231"
"RPL35","0.138382448283378"
"RPL35A","0.139719420796988"
"RPL36","0.141082568496372"
"RPL36A","0.140951641004549"
"RPL36A-HNRNPH2","0.140783528278571"
"RPL36AL","0.141773081755964"
"RPL37","0.135673397206256"
"RPL37A","0.141418917836345"
"RPL38","0.138382448283378"
"RPL39","0.138382448283378"
"RPL39L","0.143609913701038"
"RPL3L","0.143888874466999"
"RPL4","0.140346326579421"
"RPL41","0.141773081755964"
"RPL5","0.141168609716566"
"RPL6","0.142486919388713"
"RPL7","0.14129731206743"
"RPL7A","0.140701303574742"
"RPL7L1","0.142207418060833"
"RPL8","0.145126238012914"
"RPL9","0.137830469975694"
"RPLP0","0.141238389590412"
"RPLP1","0.141168609716566"
"RPLP2","0.143888874466999"
"RPN1","0.141066623604327"
"RPN2","0.140273279492949"
"RPP14","0.144794533381425"
"RPP21","0.143491168304635"
"RPP25","0.138687241275972"
"RPP25L","0.140951641004549"
"RPP30","0.142486919388713"
"RPP38","0.137830469975694"
"RPP40","0.139719420796988"
"RPPH1","0.143554218693401"
"RPRD1A","0.141925232350006"
"RPRD1B","0.142486919388713"
"RPRD2","0.140273279492949"
"RPRM","0.140273279492949"
"RPRML","0.135673397206256"
"RPS10","0.140468035516711"
"RPS10-NUDT3","0.139637704244642"
"RPS11","0.141925232350006"
"RPS12","0.141082568496372"
"RPS13","0.141082568496372"
"RPS14","0.141970989844262"
"RPS15","0.141970989844262"
"RPS15A","0.141082568496372"
"RPS16","0.143448983122183"
"RPS17","0.141019046256761"
"RPS18","0.141238389590412"
"RPS19","0.139456782941076"
"RPS19BP1","0.141925232350006"
"RPS2","0.142486919388713"
"RPS20","0.140099652467932"
"RPS21","0.141925232350006"
"RPS23","0.142207418060833"
"RPS24","0.141066623604327"
"RPS25","0.141168609716566"
"RPS26","0.139719420796988"
"RPS27","0.141019046256761"
"RPS27A","0.141773081755964"
"RPS27L","0.141773081755964"
"RPS28","0.143554218693401"
"RPS29","0.144015408962444"
"RPS3","0.143490233203042"
"RPS3A","0.143554218693401"
"RPS4X","0.140873884985205"
"RPS4Y1","0.141019046256761"
"RPS4Y2","0.140099652467932"
"RPS5","0.141925232350006"
"RPS6","0.141019046256761"
"RPS6KA1","0.143338116876463"
"RPS6KA2","0.143554218693401"
"RPS6KA3","0.141773081755964"
"RPS6KA4","0.141238389590412"
"RPS6KA5","0.141925232350006"
"RPS6KA6","0.14129731206743"
"RPS6KB1","0.141418917836345"
"RPS6KB2","0.143448983122183"
"RPS6KC1","0.143554218693401"
"RPS6KL1","0.142207418060833"
"RPS7","0.141925232350006"
"RPS8","0.140468035516711"
"RPS9","0.141066623604327"
"RPSA","0.141019046256761"
"RPTN","0.142207418060833"
"RPTOR","0.144689495332331"
"RPUSD1","0.141970989844262"
"RPUSD2","0.143448983122183"
"RPUSD3","0.141066623604327"
"RPUSD4","0.141925232350006"
"RQCD1","0.141970989844262"
"RRAD","0.141925232350006"
"RRAGA","0.14303795043603"
"RRAGB","0.141066623604327"
"RRAGC","0.143491168304635"
"RRAGD","0.141082568496372"
"RRAS","0.144528657022579"
"RRAS2","0.14129731206743"
"RRBP1","0.144864976950469"
"RREB1","0.143554218693401"
"RRH","0.143338116876463"
"RRM1","0.140485341545953"
"RRM1-AS1","0.139126477077985"
"RRM2","0.141970989844262"
"RRM2B","0.14303795043603"
"RRN3","0.141019046256761"
"RRNAD1","0.14129731206743"
"RRP1","0.141168609716566"
"RRP12","0.14303795043603"
"RRP15","0.140273279492949"
"RRP1B","0.14303795043603"
"RRP36","0.140099652467932"
"RRP7A","0.143491168304635"
"RRP8","0.142207418060833"
"RRP9","0.14303795043603"
"RRS1","0.141925232350006"
"RRS1-AS1","0.141168609716566"
"RS1","0.14129731206743"
"RSAD1","0.140485341545953"
"RSAD2","0.141082568496372"
"RSBN1","0.143644584831006"
"RSBN1L","0.14173755383699"
"RSF1","0.141238389590412"
"RSG1","0.139637704244642"
"RSL1D1","0.141168609716566"
"RSL24D1","0.141168609716566"
"RSPH1","0.14303795043603"
"RSPH10B","0.140951641004549"
"RSPH10B2","0.141066623604327"
"RSPH14","0.14303795043603"
"RSPH3","0.143888874466999"
"RSPH4A","0.140485341545953"
"RSPH6A","0.138687241275972"
"RSPH9","0.141418917836345"
"RSPO1","0.141871661392003"
"RSPO2","0.143491168304635"
"RSPO3","0.141082568496372"
"RSPO4","0.14129731206743"
"RSPRY1","0.14173755383699"
"RSRC1","0.141238389590412"
"RSRC2","0.144927919003588"
"RSRP1","0.140951641004549"
"RSU1","0.144528657022579"
"RTBDN","0.143994022963742"
"RTCA","0.143491168304635"
"RTCA-AS1","0.141773081755964"
"RTCB","0.144015408962444"
"RTEL1","0.141019046256761"
"RTEL1-TNFRSF6B","0.143644584831006"
"RTF1","0.141066623604327"
"RTFDC1","0.143338116876463"
"RTKN","0.140485341545953"
"RTKN2","0.140273279492949"
"RTL1","0.146365504622729"
"RTN1","0.141066623604327"
"RTN2","0.138234309565853"
"RTN3","0.14129731206743"
"RTN4","0.141925232350006"
"RTN4IP1","0.144838401381734"
"RTN4R","0.144927919003588"
"RTN4RL1","0.141970989844262"
"RTN4RL2","0.140951641004549"
"RTP1","0.136560787586747"
"RTP2","0.138382448283378"
"RTP3","0.140099652467932"
"RTP4","0.14303795043603"
"RTP5","0.141418917836345"
"RTTN","0.141970989844262"
"RUBCN","0.14129731206743"
"RUFY1","0.141773081755964"
"RUFY2","0.138382448283378"
"RUFY3","0.144689495332331"
"RUFY4","0.142207418060833"
"RUNDC1","0.141082568496372"
"RUNDC3A","0.140099652467932"
"RUNDC3A-AS1","0.143804345515935"
"RUNDC3B","0.141925232350006"
"RUNX1","0.140485341545953"
"RUNX1T1","0.143338116876463"
"RUNX2","0.140099652467932"
"RUNX3","0.141019046256761"
"RUSC1","0.139126477077985"
"RUSC1-AS1","0.141238389590412"
"RUSC2","0.14129731206743"
"RUVBL1","0.142207418060833"
"RUVBL1-AS1","0.141082568496372"
"RUVBL2","0.140783528278571"
"RWDD1","0.14129731206743"
"RWDD2A","0.143432828276072"
"RWDD2B","0.137442715675139"
"RWDD3","0.143491168304635"
"RWDD4","0.141773081755964"
"RXFP1","0.141019046256761"
"RXFP2","0.14173755383699"
"RXFP3","0.140273279492949"
"RXFP4","0.141066623604327"
"RXRA","0.140951641004549"
"RXRB","0.140783528278571"
"RXRG","0.141773081755964"
"RYBP","0.141168609716566"
"RYK","0.141418917836345"
"RYR1","0.141238389590412"
"RYR2","0.141970989844262"
"RYR3","0.141925232350006"
"S100A1","0.141238389590412"
"S100A10","0.142960044441685"
"S100A11","0.141418917836345"
"S100A12","0.140485341545953"
"S100A13","0.141418917836345"
"S100A14","0.143644584831006"
"S100A16","0.144015408962444"
"S100A2","0.141773081755964"
"S100A3","0.144927919003588"
"S100A4","0.140273279492949"
"S100A5","0.141019046256761"
"S100A6","0.142207418060833"
"S100A7","0.143448983122183"
"S100A7A","0.141238389590412"
"S100A8","0.140273279492949"
"S100A9","0.141970989844262"
"S100B","0.143554218693401"
"S100G","0.140783528278571"
"S100P","0.141773081755964"
"S100PBP","0.139126477077985"
"S100Z","0.14129731206743"
"S1PR1","0.138687241275972"
"S1PR2","0.139456782941076"
"S1PR3","0.141970989844262"
"S1PR4","0.141168609716566"
"S1PR5","0.141168609716566"
"SAA1","0.141066623604327"
"SAA2","0.141925232350006"
"SAA2-SAA4","0.143888874466999"
"SAA4","0.140951641004549"
"SAAL1","0.143554218693401"
"SAC3D1","0.144015408962444"
"SACM1L","0.14303795043603"
"SACS","0.143491168304635"
"SACS-AS1","0.141082568496372"
"SAE1","0.141418917836345"
"SAFB","0.14303795043603"
"SAFB2","0.140783528278571"
"SAG","0.142298972835122"
"SAGE1","0.140273279492949"
"SALL1","0.14303795043603"
"SALL2","0.140099652467932"
"SALL3","0.141418917836345"
"SALL4","0.136925668321737"
"SALRNA1","0.141418917836345"
"SALRNA2","0.139637704244642"
"SAMD1","0.138382448283378"
"SAMD10","0.140273279492949"
"SAMD11","0.14129731206743"
"SAMD12","0.139126477077985"
"SAMD12-AS1","0.141925232350006"
"SAMD13","0.141925232350006"
"SAMD14","0.136925668321737"
"SAMD15","0.141168609716566"
"SAMD3","0.143192641435481"
"SAMD4A","0.141418917836345"
"SAMD4B","0.138687241275972"
"SAMD5","0.140485341545953"
"SAMD7","0.141238389590412"
"SAMD8","0.140783528278571"
"SAMD9","0.141238389590412"
"SAMD9L","0.141238389590412"
"SAMHD1","0.135673397206256"
"SAMM50","0.140273279492949"
"SAMSN1","0.142698594879305"
"SAMSN1-AS1","0.139637704244642"
"SAP130","0.144838401381734"
"SAP18","0.141168609716566"
"SAP25","0.141082568496372"
"SAP30","0.143192641435481"
"SAP30BP","0.142746917728082"
"SAP30L","0.140951641004549"
"SAP30L-AS1","0.141019046256761"
"SAPCD1","0.144927919003588"
"SAPCD1-AS1","0.142207418060833"
"SAPCD2","0.140783528278571"
"SAR1A","0.141066623604327"
"SAR1B","0.143554218693401"
"SARAF","0.143448983122183"
"SARDH","0.140485341545953"
"SARM1","0.140783528278571"
"SARNP","0.142207418060833"
"SARS","0.141082568496372"
"SARS2","0.134063260614802"
"SART1","0.141066623604327"
"SART3","0.139719420796988"
"SASH1","0.143702538652505"
"SASH3","0.141773081755964"
"SASS6","0.143338116876463"
"SAT1","0.141168609716566"
"SAT2","0.140951641004549"
"SATB1","0.143702538652505"
"SATB2","0.141970989844262"
"SATB2-AS1","0.144297052734903"
"SATL1","0.141418917836345"
"SAV1","0.141773081755964"
"SAXO1","0.139637704244642"
"SAXO2","0.14129731206743"
"SAYSD1","0.141418917836345"
"SBDS","0.141066623604327"
"SBF1","0.141238389590412"
"SBF2","0.143554218693401"
"SBF2-AS1","0.139637704244642"
"SBK1","0.141168609716566"
"SBK3","0.143554218693401"
"SBNO1","0.143338116876463"
"SBNO2","0.139719420796988"
"SBSN","0.141925232350006"
"SBSPON","0.136560787586747"
"SC22CB-1D7.1","0.141168609716566"
"SC5D","0.142746917728082"
"SCAANT1","0.141168609716566"
"SCAF1","0.140485341545953"
"SCAF11","0.143192641435481"
"SCAF4","0.145436753005153"
"SCAF8","0.143432828276072"
"SCAI","0.141019046256761"
"SCAMP1","0.138382448283378"
"SCAMP1-AS1","0.143448983122183"
"SCAMP2","0.141970989844262"
"SCAMP3","0.14129731206743"
"SCAMP4","0.143547709783106"
"SCAMP5","0.143338116876463"
"SCAND1","0.140783528278571"
"SCAP","0.141238389590412"
"SCAPER","0.146377183657182"
"SCARA3","0.142746917728082"
"SCARA5","0.141066623604327"
"SCARB1","0.141168609716566"
"SCARB2","0.142207418060833"
"SCARF1","0.141418917836345"
"SCARF2","0.140468035516711"
"SCARNA2","0.137844754392163"
"SCARNA9","0.141418917836345"
"SCCPDH","0.145126238012914"
"SCD","0.142207418060833"
"SCD5","0.144297052734903"
"SCEL","0.143554218693401"
"SCFD1","0.140485341545953"
"SCFD2","0.141418917836345"
"SCG2","0.143192641435481"
"SCG3","0.142197269850951"
"SCG5","0.141283455626393"
"SCGB1A1","0.141925232350006"
"SCGB1B2P","0.144825350969417"
"SCGB1C1","0.141970989844262"
"SCGB1C2","0.141238389590412"
"SCGB1D1","0.144689495332331"
"SCGB1D2","0.143491168304635"
"SCGB1D4","0.141167200148577"
"SCGB2A1","0.141773081755964"
"SCGB2A2","0.141066623604327"
"SCGB2B2","0.144689495332331"
"SCGB3A1","0.143900355879251"
"SCGB3A2","0.143491168304635"
"SCGN","0.141970989844262"
"SCHIP1","0.143554218693401"
"SCHLAP1","0.14129731206743"
"SCIMP","0.137641113635987"
"SCIN","0.145638418821274"
"SCLT1","0.144838401381734"
"SCLY","0.141238389590412"
"SCMH1","0.143491168304635"
"SCML1","0.139126477077985"
"SCML2","0.143491168304635"
"SCML4","0.141970989844262"
"SCN10A","0.142746917728082"
"SCN11A","0.141970989844262"
"SCN1A","0.143900355879251"
"SCN1B","0.143448983122183"
"SCN2A","0.141970989844262"
"SCN2B","0.143338116876463"
"SCN3A","0.144297052734903"
"SCN3B","0.141054194820994"
"SCN4A","0.145944726822369"
"SCN4B","0.142746917728082"
"SCN5A","0.143702538652505"
"SCN7A","0.143934060009398"
"SCN8A","0.141773081755964"
"SCN9A","0.143491168304635"
"SCNM1","0.144689495332331"
"SCNN1A","0.144426978482811"
"SCNN1B","0.14362474744763"
"SCNN1D","0.142746917728082"
"SCNN1G","0.141019046256761"
"SCO1","0.145944726822369"
"SCO2","0.141019046256761"
"SCOC","0.144297052734903"
"SCOC-AS1","0.145126238012914"
"SCP2","0.144297052734903"
"SCPEP1","0.143192641435481"
"SCRG1","0.141019046256761"
"SCRIB","0.143192641435481"
"SCRN1","0.141970989844262"
"SCRN2","0.143491168304635"
"SCRN3","0.143192641435481"
"SCRT1","0.143448983122183"
"SCT","0.144689495332331"
"SCTR","0.14129731206743"
"SCUBE1","0.143702538652505"
"SCUBE2","0.145436753005153"
"SCUBE3","0.144015408962444"
"SCX","0.142746917728082"
"SCYL1","0.143934060009398"
"SCYL2","0.141418917836345"
"SCYL3","0.140099652467932"
"SDAD1","0.143338116876463"
"SDC1","0.144528657022579"
"SDC2","0.141970989844262"
"SDC3","0.143491168304635"
"SDC4","0.144528657022579"
"SDCBP","0.141238389590412"
"SDCBP2","0.144426978482811"
"SDCBP2-AS1","0.141925232350006"
"SDCCAG3","0.142746917728082"
"SDCCAG8","0.143934060009398"
"SDE2","0.141773081755964"
"SDF2","0.141066623604327"
"SDF2L1","0.142746917728082"
"SDF4","0.143448983122183"
"SDHA","0.143702538652505"
"SDHAF1","0.14362474744763"
"SDHAF2","0.142746917728082"
"SDHAF3","0.144426978482811"
"SDHAF4","0.145436753005153"
"SDHB","0.143491168304635"
"SDHC","0.143987001154426"
"SDHD","0.143491168304635"
"SDK1","0.143934060009398"
"SDK2","0.143702538652505"
"SDPR","0.143702538652505"
"SDR16C5","0.144297052734903"
"SDR39U1","0.143491168304635"
"SDR42E1","0.140273279492949"
"SDR42E2","0.144426978482811"
"SDR9C7","0.142207418060833"
"SDS","0.144646285410215"
"SDSL","0.141970989844262"
"SEC11A","0.145126238012914"
"SEC11C","0.141970989844262"
"SEC13","0.142746917728082"
"SEC14L1","0.141167200148577"
"SEC14L2","0.143192641435481"
"SEC14L3","0.14129731206743"
"SEC14L4","0.145126238012914"
"SEC14L5","0.143659191684386"
"SEC14L6","0.146620373789565"
"SEC16A","0.144426978482811"
"SEC16B","0.143934060009398"
"SEC22A","0.142746917728082"
"SEC22B","0.141773081755964"
"SEC22C","0.143815132455198"
"SEC23A","0.141970989844262"
"SEC23B","0.143934060009398"
"SEC23IP","0.143702538652505"
"SEC24A","0.141066623604327"
"SEC24B","0.145721907074644"
"SEC24B-AS1","0.141925232350006"
"SEC24C","0.145108069699973"
"SEC24D","0.139719420796988"
"SEC31A","0.141773081755964"
"SEC31B","0.141066623604327"
"SEC61A1","0.143448983122183"
"SEC61A2","0.142746917728082"
"SEC61B","0.141970989844262"
"SEC61G","0.143702538652505"
"SEC62","0.139637704244642"
"SEC62-AS1","0.142207418060833"
"SEC63","0.144660261023505"
"SECISBP2","0.142746917728082"
"SECISBP2L","0.14129731206743"
"SECTM1","0.14136091444397"
"SEH1L","0.146007272733975"
"SEL1L","0.141753747291839"
"SEL1L2","0.140791660281376"
"SEL1L3","0.141925232350006"
"SELE","0.143491168304635"
"SELENBP1","0.14362474744763"
"SELK","0.143659191684386"
"SELL","0.141435111291194"
"SELM","0.144426978482811"
"SELO","0.143448983122183"
"SELP","0.141970989844262"
"SELPLG","0.144660261023505"
"SELT","0.14303795043603"
"SELV","0.147004783452898"
"SEMA3A","0.141970989844262"
"SEMA3B","0.144015408962444"
"SEMA3B-AS1","0.144426978482811"
"SEMA3C","0.144426978482811"
"SEMA3D","0.142746917728082"
"SEMA3E","0.143934060009398"
"SEMA3F","0.142746917728082"
"SEMA3F-AS1","0.143448983122183"
"SEMA3G","0.143702538652505"
"SEMA4A","0.144892906320557"
"SEMA4B","0.144660261023505"
"SEMA4C","0.144297052734903"
"SEMA4D","0.144927919003588"
"SEMA4F","0.143178068582928"
"SEMA4G","0.141066623604327"
"SEMA5A","0.141019046256761"
"SEMA5B","0.141238389590412"
"SEMA6A","0.14362474744763"
"SEMA6A-AS1","0.142207418060833"
"SEMA6B","0.141167200148577"
"SEMA6C","0.145126238012914"
"SEMA6D","0.141167200148577"
"SEMA7A","0.141019046256761"
"SEMG1","0.14362474744763"
"SEMG2","0.14136091444397"
"SENCR","0.145955406797636"
"SENP1","0.139719420796988"
"SENP2","0.141435111291194"
"SENP3","0.141019046256761"
"SENP3-EIF4A1","0.143432622329043"
"SENP5","0.143338116876463"
"SENP6","0.143284794720613"
"SENP7","0.143416467482933"
"SENP8","0.141019046256761"
"SEP15","0.143432622329043"
"SEPHS1","0.141283455626393"
"SEPHS2","0.142746917728082"
"SEPN1","0.143491168304635"
"SEPP1","0.143178068582928"
"SEPSECS","0.140718609603984"
"SEPSECS-AS1","0.141238389590412"
"SEPT1","0.141238389590412"
"SEPT10","0.143702538652505"
"SEPT11","0.143934060009398"
"SEPT12","0.142207418060833"
"SEPT14","0.143338116876463"
"SEPT2","0.143432622329043"
"SEPT3","0.146620373789565"
"SEPT4","0.144015408962444"
"SEPT4-AS1","0.139456782941076"
"SEPT5","0.143934060009398"
"SEPT6","0.143815132455198"
"SEPT7","0.144927919003588"
"SEPT7-AS1","0.142207418060833"
"SEPT8","0.144927919003588"
"SEPT9","0.143416467482933"
"SEPW1","0.144838401381734"
"SERAC1","0.143491168304635"
"SERBP1","0.144015408962444"
"SERF1A","0.143475099991006"
"SERF1B","0.143815132455198"
"SERF2","0.142746917728082"
"SERGEF","0.144927919003588"
"SERHL2","0.143416467482933"
"SERINC1","0.14362474744763"
"SERINC2","0.141970989844262"
"SERINC3","0.141970989844262"
"SERINC4","0.144838401381734"
"SERINC5","0.143338116876463"
"SERP1","0.142207418060833"
"SERP2","0.14136091444397"
"SERPINA1","0.145436753005153"
"SERPINA10","0.144927919003588"
"SERPINA11","0.144015408962444"
"SERPINA3","0.144660261023505"
"SERPINA4","0.141435111291194"
"SERPINA5","0.143485714706922"
"SERPINA6","0.144838401381734"
"SERPINA7","0.145126238012914"
"SERPINA9","0.144297052734903"
"SERPINB1","0.141435111291194"
"SERPINB10","0.143416467482933"
"SERPINB11","0.143178068582928"
"SERPINB12","0.143702538652505"
"SERPINB13","0.143192641435481"
"SERPINB2","0.145638418821274"
"SERPINB3","0.143491168304635"
"SERPINB4","0.144297052734903"
"SERPINB5","0.144015408962444"
"SERPINB6","0.143491168304635"
"SERPINB7","0.144297052734903"
"SERPINB8","0.14362474744763"
"SERPINB9","0.14362474744763"
"SERPINB9P1","0.149393549171959"
"SERPINC1","0.141868992606928"
"SERPIND1","0.144426978482811"
"SERPINE1","0.142746917728082"
"SERPINE2","0.144927919003588"
"SERPINE3","0.149393549171959"
"SERPINF1","0.150455335301432"
"SERPINF2","0.143934060009398"
"SERPING1","0.143491168304635"
"SERPINH1","0.143934060009398"
"SERPINI1","0.146007272733975"
"SERPINI2","0.141167200148577"
"SERTAD1","0.144426978482811"
"SERTAD2","0.143934060009398"
"SERTAD3","0.143338116876463"
"SERTAD4","0.144660261023505"
"SERTAD4-AS1","0.144927919003588"
"SERTM1","0.142746917728082"
"SESN1","0.147335762162914"
"SESN2","0.146369064614485"
"SESN3","0.147667746713363"
"SESTD1","0.144015408962444"
"SET","0.143475099991006"
"SETBP1","0.145126238012914"
"SETD1A","0.147827429080214"
"SETD1B","0.143702538652505"
"SETD2","0.144297052734903"
"SETD3","0.145944726822369"
"SETD4","0.144927919003588"
"SETD5","0.145638418821274"
"SETD6","0.147004783452898"
"SETD7","0.145126238012914"
"SETD9","0.143934060009398"
"SETDB1","0.144838401381734"
"SETDB2","0.143702538652505"
"SETMAR","0.14136091444397"
"SETSIP","0.146369064614485"
"SETX","0.143475099991006"
"SEZ6","0.143475099991006"
"SEZ6L","0.143815132455198"
"SEZ6L2","0.144646285410215"
"SF1","0.143284794720613"
"SF3A1","0.143178068582928"
"SF3A2","0.145126238012914"
"SF3A3","0.143284794720613"
"SF3B1","0.143284794720613"
"SF3B2","0.143702538652505"
"SF3B3","0.144297052734903"
"SF3B4","0.143178068582928"
"SF3B5","0.147004783452898"
"SF3B6","0.146007272733975"
"SFI1","0.141970989844262"
"SFMBT1","0.145944726822369"
"SFMBT2","0.144297052734903"
"SFN","0.14362474744763"
"SFPQ","0.147335762162914"
"SFR1","0.145376702773025"
"SFRP1","0.148967691598718"
"SFRP2","0.14136091444397"
"SFRP4","0.14362474744763"
"SFRP5","0.144426978482811"
"SFSWAP","0.14129731206743"
"SFT2D1","0.144297052734903"
"SFT2D2","0.143416467482933"
"SFT2D3","0.145721907074644"
"SFTA1P","0.144838401381734"
"SFTA2","0.146369064614485"
"SFTA3","0.147827429080214"
"SFTPA1","0.14362474744763"
"SFTPA2","0.143934060009398"
"SFTPB","0.14129731206743"
"SFTPC","0.143934060009398"
"SFTPD","0.143178068582928"
"SFTPD-AS1","0.144297052734903"
"SFXN1","0.146007272733975"
"SFXN2","0.143432622329043"
"SFXN3","0.149286454215446"
"SFXN4","0.144927919003588"
"SFXN5","0.144828196794726"
"SGCA","0.144015408962444"
"SGCB","0.144426978482811"
"SGCD","0.147004783452898"
"SGCE","0.144870012535763"
"SGCG","0.143987001154426"
"SGCZ","0.143934060009398"
"SGF29","0.143815132455198"
"SGIP1","0.141970989844262"
"SGK1","0.147004783452898"
"SGK2","0.144828196794726"
"SGK223","0.143432622329043"
"SGK3","0.147004783452898"
"SGK494","0.145721907074644"
"SGMS1","0.14808129909522"
"SGMS1-AS1","0.145721907074644"
"SGMS2","0.144870012535763"
"SGOL1","0.142746917728082"
"SGOL2","0.143178068582928"
"SGPL1","0.144660261023505"
"SGPP1","0.143023377583477"
"SGPP2","0.144297052734903"
"SGSH","0.14719381593132"
"SGSM1","0.143284794720613"
"SGSM2","0.143934060009398"
"SGSM3","0.145578368589146"
"SGTA","0.143491168304635"
"SGTB","0.145721907074644"
"SH2B1","0.144828196794726"
"SH2B2","0.145126238012914"
"SH2B3","0.142798475106513"
"SH2D1A","0.141970989844262"
"SH2D1B","0.147667746713363"
"SH2D2A","0.14808129909522"
"SH2D3A","0.144426978482811"
"SH2D3C","0.14719381593132"
"SH2D4A","0.142798475106513"
"SH2D4B","0.143491168304635"
"SH2D5","0.145944726822369"
"SH2D6","0.146620373789565"
"SH2D7","0.144828196794726"
"SH3BGR","0.143803651042946"
"SH3BGRL","0.144015408962444"
"SH3BGRL2","0.143178068582928"
"SH3BGRL3","0.145126238012914"
"SH3BP1","0.144426978482811"
"SH3BP2","0.146369064614485"
"SH3BP4","0.145126238012914"
"SH3BP5","0.145126238012914"
"SH3BP5-AS1","0.145436753005153"
"SH3BP5L","0.145721907074644"
"SH3D19","0.143432622329043"
"SH3D21","0.144426978482811"
"SH3GL1","0.145436753005153"
"SH3GL2","0.143815132455198"
"SH3GL3","0.146369064614485"
"SH3GLB1","0.142437516865024"
"SH3GLB2","0.146007272733975"
"SH3KBP1","0.14719381593132"
"SH3PXD2A","0.143284794720613"
"SH3PXD2A-AS1","0.143284794720613"
"SH3PXD2B","0.143491168304635"
"SH3RF1","0.145126238012914"
"SH3RF2","0.146342496012736"
"SH3RF3","0.144660261023505"
"SH3RF3-AS1","0.145944726822369"
"SH3TC1","0.141970989844262"
"SH3TC2","0.141899437236575"
"SH3YL1","0.143702538652505"
"SHANK1","0.143475099991006"
"SHANK2","0.143475099991006"
"SHANK2-AS1","0.143284794720613"
"SHANK2-AS3","0.14808129909522"
"SHANK3","0.139683018821865"
"SHARPIN","0.141819020349791"
"SHB","0.147667746713363"
"SHBG","0.149286454215446"
"SHC1","0.143338116876463"
"SHC2","0.144015408962444"
"SHC3","0.143491168304635"
"SHC4","0.144297052734903"
"SHCBP1","0.14719381593132"
"SHCBP1L","0.144927919003588"
"SHD","0.143934060009398"
"SHE","0.144015408962444"
"SHF","0.143815132455198"
"SHFM1","0.142437516865024"
"SHH","0.143803651042946"
"SHISA2","0.144660261023505"
"SHISA3","0.144870012535763"
"SHISA4","0.144015408962444"
"SHISA5","0.14129731206743"
"SHISA6","0.143475099991006"
"SHISA7","0.143178068582928"
"SHISA8","0.142798475106513"
"SHISA9","0.143491168304635"
"SHKBP1","0.144015408962444"
"SHMT1","0.143491168304635"
"SHMT2","0.14362474744763"
"SHOC2","0.141585028062605"
"SHOX","0.143178068582928"
"SHOX2","0.146620373789565"
"SHPK","0.144828196794726"
"SHPRH","0.147827429080214"
"SHQ1","0.143178068582928"
"SHROOM1","0.144426978482811"
"SHROOM2","0.144426978482811"
"SHROOM3","0.146620373789565"
"SHROOM4","0.144927919003588"
"SHTN1","0.144240676125104"
"SI","0.144660261023505"
"SIAE","0.144015408962444"
"SIAH1","0.143934060009398"
"SIAH2","0.142798475106513"
"SIAH2-AS1","0.141868992606928"
"SIAH3","0.143475099991006"
"SIDT1","0.143178068582928"
"SIDT1-AS1","0.143815132455198"
"SIDT2","0.145012706599597"
"SIGIRR","0.145944726822369"
"SIGLEC1","0.144015408962444"
"SIGLEC10","0.141868992606928"
"SIGLEC11","0.143338116876463"
"SIGLEC12","0.143934060009398"
"SIGLEC14","0.14362474744763"
"SIGLEC15","0.144828196794726"
"SIGLEC5","0.145148444440603"
"SIGLEC6","0.146007272733975"
"SIGLEC7","0.145721907074644"
"SIGLEC8","0.143284794720613"
"SIGLEC9","0.144426978482811"
"SIGLECL1","0.144828196794726"
"SIGMAR1","0.141970989844262"
"SIK1","0.145012706599597"
"SIK2","0.142798475106513"
"SIK3","0.143338116876463"
"SIKE1","0.144015408962444"
"SIL1","0.144426978482811"
"SIM1","0.143284794720613"
"SIM2","0.144015408962444"
"SIMC1","0.144426978482811"
"SIN3A","0.147608467960532"
"SIN3B","0.142207418060833"
"SIPA1","0.143491168304635"
"SIPA1L1","0.141970989844262"
"SIPA1L2","0.145944726822369"
"SIPA1L3","0.144015408962444"
"SIRPA","0.14650096315998"
"SIRPB1","0.143432622329043"
"SIRPB2","0.144870012535763"
"SIRPD","0.139456782941076"
"SIRPG","0.143815132455198"
"SIRPG-AS1","0.143815132455198"
"SIRT1","0.14129731206743"
"SIRT2","0.145012706599597"
"SIRT3","0.143432622329043"
"SIRT4","0.143815132455198"
"SIRT5","0.141868992606928"
"SIRT6","0.145721907074644"
"SIRT7","0.143934060009398"
"SIT1","0.14129731206743"
"SIVA1","0.142798475106513"
"SIX1","0.145012706599597"
"SIX2","0.144250997878543"
"SIX3","0.14362474744763"
"SIX3-AS1","0.144870012535763"
"SIX4","0.143178068582928"
"SIX5","0.144297052734903"
"SIX6","0.145955406797636"
"SKA1","0.141019046256761"
"SKA2","0.144660261023505"
"SKA3","0.146473659589947"
"SKAP1","0.143338116876463"
"SKAP2","0.142437516865024"
"SKI","0.142437516865024"
"SKIDA1","0.144426978482811"
"SKIL","0.142437516865024"
"SKIV2L","0.143475099991006"
"SKIV2L2","0.144426978482811"
"SKOR1","0.144426978482811"
"SKOR2","0.143659191684386"
"SKP1","0.141868992606928"
"SKP2","0.14129731206743"
"SLA","0.143475099991006"
"SLA2","0.144927919003588"
"SLAIN1","0.144927919003588"
"SLAIN2","0.142207418060833"
"SLAMF1","0.145148444440603"
"SLAMF6","0.143432622329043"
"SLAMF7","0.143178068582928"
"SLAMF8","0.143475099991006"
"SLAMF9","0.14119705328361"
"SLBP","0.141019046256761"
"SLC10A1","0.143934060009398"
"SLC10A2","0.143416467482933"
"SLC10A3","0.142798475106513"
"SLC10A4","0.144426978482811"
"SLC10A5","0.141868992606928"
"SLC10A6","0.143475099991006"
"SLC10A7","0.145638418821274"
"SLC11A1","0.143934060009398"
"SLC11A2","0.143432622329043"
"SLC12A1","0.141019046256761"
"SLC12A2","0.144927919003588"
"SLC12A3","0.143815132455198"
"SLC12A4","0.144426978482811"
"SLC12A5","0.143934060009398"
"SLC12A6","0.144015408962444"
"SLC12A7","0.14136091444397"
"SLC12A8","0.142207418060833"
"SLC12A9","0.143284794720613"
"SLC13A1","0.141970989844262"
"SLC13A2","0.140951641004549"
"SLC13A3","0.143284794720613"
"SLC13A4","0.144297052734903"
"SLC13A5","0.142437516865024"
"SLC14A1","0.143284794720613"
"SLC14A2","0.143475099991006"
"SLC14A2-AS1","0.143178068582928"
"SLC15A1","0.141066623604327"
"SLC15A2","0.143491168304635"
"SLC15A3","0.141019046256761"
"SLC15A4","0.142798475106513"
"SLC15A5","0.144828196794726"
"SLC16A1","0.143815132455198"
"SLC16A1-AS1","0.14129731206743"
"SLC16A10","0.143475099991006"
"SLC16A11","0.143475099991006"
"SLC16A12","0.145012706599597"
"SLC16A12-AS1","0.141066623604327"
"SLC16A13","0.144660261023505"
"SLC16A14","0.141970989844262"
"SLC16A2","0.14136091444397"
"SLC16A3","0.14136091444397"
"SLC16A4","0.14129731206743"
"SLC16A5","0.143338116876463"
"SLC16A6","0.143815132455198"
"SLC16A7","0.143491168304635"
"SLC16A8","0.142437516865024"
"SLC16A9","0.14129731206743"
"SLC17A1","0.144426978482811"
"SLC17A3","0.141970989844262"
"SLC17A4","0.144660261023505"
"SLC17A5","0.142798475106513"
"SLC17A7","0.13814775865374"
"SLC17A8","0.143432622329043"
"SLC17A9","0.140701303574742"
"SLC18A1","0.144015408962444"
"SLC18A2","0.143659191684386"
"SLC18A3","0.143178068582928"
"SLC18B1","0.143815132455198"
"SLC19A1","0.143475099991006"
"SLC19A2","0.140273279492949"
"SLC19A3","0.143815132455198"
"SLC1A1","0.141019046256761"
"SLC1A2","0.142207418060833"
"SLC1A3","0.14136091444397"
"SLC1A4","0.143178068582928"
"SLC1A5","0.141868992606928"
"SLC1A6","0.143416467482933"
"SLC1A7","0.142207418060833"
"SLC20A1","0.141868992606928"
"SLC20A2","0.144660261023505"
"SLC22A1","0.141066623604327"
"SLC22A10","0.143074934961908"
"SLC22A11","0.143491168304635"
"SLC22A13","0.144828196794726"
"SLC22A14","0.142798475106513"
"SLC22A15","0.143284794720613"
"SLC22A16","0.143284794720613"
"SLC22A17","0.142207418060833"
"SLC22A18","0.143475099991006"
"SLC22A18AS","0.141868992606928"
"SLC22A2","0.143178068582928"
"SLC22A23","0.142207418060833"
"SLC22A25","0.142519175729229"
"SLC22A3","0.141970989844262"
"SLC22A31","0.140951641004549"
"SLC22A4","0.143659191684386"
"SLC22A5","0.143284794720613"
"SLC22A6","0.143475099991006"
"SLC22A7","0.144870012535763"
"SLC22A8","0.13921295068405"
"SLC22A9","0.142207418060833"
"SLC23A1","0.142207418060833"
"SLC23A2","0.143491168304635"
"SLC23A3","0.143416467482933"
"SLC24A1","0.14129731206743"
"SLC24A2","0.143475099991006"
"SLC24A3","0.144426978482811"
"SLC24A4","0.144660261023505"
"SLC24A5","0.143416467482933"
"SLC25A1","0.141066623604327"
"SLC25A10","0.145328780755562"
"SLC25A11","0.141208769471688"
"SLC25A12","0.143178068582928"
"SLC25A13","0.140951641004549"
"SLC25A14","0.141970989844262"
"SLC25A15","0.141970989844262"
"SLC25A16","0.140951641004549"
"SLC25A17","0.14136091444397"
"SLC25A18","0.143491168304635"
"SLC25A19","0.14129731206743"
"SLC25A2","0.144870012535763"
"SLC25A20","0.14129731206743"
"SLC25A21","0.140099652467932"
"SLC25A21-AS1","0.142207418060833"
"SLC25A22","0.140273279492949"
"SLC25A23","0.143987001154426"
"SLC25A24","0.143178068582928"
"SLC25A25","0.140951641004549"
"SLC25A25-AS1","0.144426978482811"
"SLC25A26","0.143475099991006"
"SLC25A27","0.144297052734903"
"SLC25A28","0.141066623604327"
"SLC25A29","0.144660261023505"
"SLC25A3","0.139328110412552"
"SLC25A30","0.141019046256761"
"SLC25A30-AS1","0.14136091444397"
"SLC25A31","0.141019046256761"
"SLC25A32","0.139328110412552"
"SLC25A33","0.141585028062605"
"SLC25A34","0.142207418060833"
"SLC25A35","0.141066623604327"
"SLC25A36","0.143178068582928"
"SLC25A37","0.139126477077985"
"SLC25A38","0.144660261023505"
"SLC25A39","0.141585028062605"
"SLC25A4","0.14136091444397"
"SLC25A40","0.144828196794726"
"SLC25A41","0.137977929525831"
"SLC25A42","0.142437516865024"
"SLC25A43","0.142207418060833"
"SLC25A44","0.142701058422292"
"SLC25A45","0.140951641004549"
"SLC25A46","0.140718609603984"
"SLC25A47","0.141208769471688"
"SLC25A48","0.143815132455198"
"SLC25A5","0.140151570555659"
"SLC25A51","0.143334056850946"
"SLC25A52","0.141208769471688"
"SLC25A53","0.141019046256761"
"SLC25A6","0.13814775865374"
"SLC26A1","0.141208769471688"
"SLC26A10","0.144223970622641"
"SLC26A11","0.144660261023505"
"SLC26A2","0.142746917728082"
"SLC26A3","0.143475099991006"
"SLC26A4","0.142207418060833"
"SLC26A4-AS1","0.141868992606928"
"SLC26A5","0.141868992606928"
"SLC26A6","0.142437516865024"
"SLC26A7","0.140273279492949"
"SLC26A8","0.142207418060833"
"SLC26A9","0.141208769471688"
"SLC27A1","0.144297052734903"
"SLC27A2","0.143659191684386"
"SLC27A3","0.142908321943347"
"SLC27A4","0.144426978482811"
"SLC27A5","0.141585028062605"
"SLC27A6","0.14136091444397"
"SLC28A1","0.144338888672812"
"SLC28A2","0.144660261023505"
"SLC28A3","0.143180306321532"
"SLC29A1","0.143475099991006"
"SLC29A2","0.144828196794726"
"SLC29A3","0.143987001154426"
"SLC29A4","0.143815132455198"
"SLC2A1","0.144660261023505"
"SLC2A1-AS1","0.139485607476431"
"SLC2A10","0.142798475106513"
"SLC2A11","0.14129731206743"
"SLC2A12","0.142437516865024"
"SLC2A13","0.143815132455198"
"SLC2A14","0.140099652467932"
"SLC2A2","0.141066623604327"
"SLC2A3","0.14129731206743"
"SLC2A4","0.144828196794726"
"SLC2A4RG","0.143475099991006"
"SLC2A5","0.139485607476431"
"SLC2A6","0.143180306321532"
"SLC2A7","0.143180306321532"
"SLC2A8","0.141237535409533"
"SLC2A9","0.143411609865415"
"SLC30A1","0.142437516865024"
"SLC30A10","0.144660261023505"
"SLC30A2","0.141970989844262"
"SLC30A3","0.143475099991006"
"SLC30A4","0.14129731206743"
"SLC30A5","0.141585028062605"
"SLC30A6","0.142798475106513"
"SLC30A7","0.14129731206743"
"SLC30A8","0.141868992606928"
"SLC30A9","0.143815132455198"
"SLC31A1","0.143475099991006"
"SLC31A2","0.140951641004549"
"SLC32A1","0.143180306321532"
"SLC33A1","0.144660261023505"
"SLC34A1","0.142207418060833"
"SLC34A2","0.144297052734903"
"SLC34A3","0.143475099991006"
"SLC35A1","0.140718609603984"
"SLC35A2","0.142437516865024"
"SLC35A3","0.143659191684386"
"SLC35A4","0.144828196794726"
"SLC35A5","0.141066623604327"
"SLC35B1","0.144297052734903"
"SLC35B2","0.141585028062605"
"SLC35B3","0.144297052734903"
"SLC35B4","0.14129731206743"
"SLC35C1","0.143491168304635"
"SLC35C2","0.141585028062605"
"SLC35D1","0.143475099991006"
"SLC35D2","0.143659191684386"
"SLC35D3","0.14136091444397"
"SLC35E1","0.144994538286656"
"SLC35E2","0.141970989844262"
"SLC35E2B","0.145532951811352"
"SLC35E3","0.144297052734903"
"SLC35E4","0.144870012535763"
"SLC35F1","0.14548425050866"
"SLC35F2","0.143955240204061"
"SLC35F3","0.143411609865415"
"SLC35F4","0.142908321943347"
"SLC35F5","0.143815132455198"
"SLC35F6","0.145685916324781"
"SLC35G1","0.141208769471688"
"SLC35G2","0.143815132455198"
"SLC35G3","0.143180306321532"
"SLC35G5","0.144297072931776"
"SLC35G6","0.140718609603984"
"SLC36A1","0.143180306321532"
"SLC36A2","0.142289548288926"
"SLC36A3","0.142908321943347"
"SLC36A4","0.142798475106513"
"SLC37A1","0.14502078567864"
"SLC37A2","0.141208769471688"
"SLC37A3","0.142439751384756"
"SLC37A4","0.143475099991006"
"SLC38A1","0.144828196794726"
"SLC38A10","0.141019046256761"
"SLC38A11","0.141970989844262"
"SLC38A2","0.143659191684386"
"SLC38A3","0.143491168304635"
"SLC38A4","0.142439751384756"
"SLC38A5","0.141584541597943"
"SLC38A6","0.144828196794726"
"SLC38A7","0.143003434109525"
"SLC38A8","0.144646285410215"
"SLC38A9","0.141970989844262"
"SLC39A1","0.14129731206743"
"SLC39A10","0.142289548288926"
"SLC39A11","0.144646285410215"
"SLC39A12","0.14136091444397"
"SLC39A12-AS1","0.143475099991006"
"SLC39A13","0.143987001154426"
"SLC39A14","0.139683018821865"
"SLC39A2","0.143180306321532"
"SLC39A3","0.144828196794726"
"SLC39A4","0.14129731206743"
"SLC39A5","0.139126477077985"
"SLC39A6","0.141066623604327"
"SLC39A7","0.144828196794726"
"SLC39A8","0.141970989844262"
"SLC39A9","0.143987001154426"
"SLC3A1","0.142439751384756"
"SLC3A2","0.142798475106513"
"SLC40A1","0.143987001154426"
"SLC41A1","0.143815132455198"
"SLC41A2","0.143549599073506"
"SLC41A3","0.143659191684386"
"SLC43A1","0.14165417262898"
"SLC43A2","0.139991993949822"
"SLC43A3","0.140273279492949"
"SLC44A1","0.143815132455198"
"SLC44A2","0.143659191684386"
"SLC44A3","0.142439751384756"
"SLC44A4","0.143491168304635"
"SLC44A5","0.140718609603984"
"SLC45A1","0.14136091444397"
"SLC45A2","0.144828196794726"
"SLC45A3","0.144493235417131"
"SLC45A4","0.143491168304635"
"SLC46A1","0.142207418060833"
"SLC46A2","0.143411609865415"
"SLC46A3","0.142439751384756"
"SLC47A1","0.145875736986809"
"SLC47A2","0.14136091444397"
"SLC48A1","0.145721907074644"
"SLC4A1","0.143411609865415"
"SLC4A10","0.143987001154426"
"SLC4A11","0.143491168304635"
"SLC4A1AP","0.143180306321532"
"SLC4A2","0.143475099991006"
"SLC4A3","0.143987001154426"
"SLC4A4","0.143475099991006"
"SLC4A5","0.140718609603984"
"SLC4A7","0.141066623604327"
"SLC4A8","0.143815132455198"
"SLC4A9","0.143411609865415"
"SLC50A1","0.144994538286656"
"SLC51A","0.142798475106513"
"SLC51B","0.143491168304635"
"SLC52A1","0.141019046256761"
"SLC52A2","0.141970989844262"
"SLC52A3","0.142197269850951"
"SLC5A1","0.142207418060833"
"SLC5A10","0.141868992606928"
"SLC5A11","0.14136091444397"
"SLC5A12","0.142289548288926"
"SLC5A2","0.139683018821865"
"SLC5A3","0.142289548288926"
"SLC5A4","0.139683018821865"
"SLC5A5","0.139126477077985"
"SLC5A6","0.143815132455198"
"SLC5A7","0.142439751384756"
"SLC5A8","0.139328110412552"
"SLC5A9","0.142439751384756"
"SLC6A1","0.142207418060833"
"SLC6A11","0.143491168304635"
"SLC6A12","0.140951641004549"
"SLC6A13","0.143200453803092"
"SLC6A14","0.143491168304635"
"SLC6A15","0.143180306321532"
"SLC6A16","0.141253835507669"
"SLC6A17","0.143180306321532"
"SLC6A18","0.141584541597943"
"SLC6A19","0.142439751384756"
"SLC6A2","0.141970989844262"
"SLC6A20","0.142439751384756"
"SLC6A3","0.142207418060833"
"SLC6A4","0.143036098085743"
"SLC6A6","0.143411609865415"
"SLC6A7","0.14136091444397"
"SLC6A8","0.141584541597943"
"SLC6A9","0.143475099991006"
"SLC7A1","0.140185475232519"
"SLC7A10","0.140951641004549"
"SLC7A11","0.141584541597943"
"SLC7A13","0.144646285410215"
"SLC7A14","0.143411609865415"
"SLC7A2","0.142439751384756"
"SLC7A3","0.141338782739731"
"SLC7A4","0.143659191684386"
"SLC7A5","0.142519147037781"
"SLC7A6","0.143815132455198"
"SLC7A6OS","0.143411609865415"
"SLC7A7","0.142289548288926"
"SLC7A8","0.142289548288926"
"SLC7A9","0.14136091444397"
"SLC8A1","0.141347961618572"
"SLC8A1-AS1","0.141868992606928"
"SLC8A2","0.142207418060833"
"SLC8A3","0.142908321943347"
"SLC8B1","0.141568834607757"
"SLC9A1","0.141019046256761"
"SLC9A2","0.141584541597943"
"SLC9A3R1","0.141253835507669"
"SLC9A3R2","0.143180306321532"
"SLC9A4","0.141253835507669"
"SLC9A5","0.142160735483629"
"SLC9A6","0.142439751384756"
"SLC9A7","0.141970989844262"
"SLC9A8","0.143411609865415"
"SLC9A9","0.140951641004549"
"SLC9A9-AS1","0.143659191684386"
"SLC9A9-AS2","0.141970989844262"
"SLC9B1","0.136339568199015"
"SLC9B2","0.141813970901746"
"SLC9C1","0.141868992606928"
"SLC9C2","0.143759764859953"
"SLCO1A2","0.14165417262898"
"SLCO1B1","0.138652093572218"
"SLCO1B3","0.14136091444397"
"SLCO1B7","0.143491168304635"
"SLCO1C1","0.139126477077985"
"SLCO2A1","0.144646285410215"
"SLCO2B1","0.14280555269921"
"SLCO3A1","0.141253835507669"
"SLCO4A1","0.143475099991006"
"SLCO4A1-AS1","0.143286245551363"
"SLCO4C1","0.142962281400801"
"SLCO5A1","0.143411609865415"
"SLCO6A1","0.143411609865415"
"SLF1","0.141019046256761"
"SLF2","0.143815132455198"
"SLFN11","0.141678815203923"
"SLFN12","0.143491168304635"
"SLFN12L","0.136854690372955"
"SLFN13","0.141316616944809"
"SLFN14","0.141066623604327"
"SLFN5","0.142876753712201"
"SLFNL1","0.138652093572218"
"SLFNL1-AS1","0.142908321943347"
"SLIRP","0.141868992606928"
"SLIT1","0.142439751384756"
"SLIT2","0.142908321943347"
"SLIT3","0.145814446850995"
"SLITRK1","0.142125717243264"
"SLITRK2","0.142908321943347"
"SLITRK3","0.14270103130827"
"SLITRK4","0.14378085543781"
"SLITRK5","0.140701303574742"
"SLITRK6","0.143130304780552"
"SLK","0.143411609865415"
"SLMAP","0.141868992606928"
"SLN","0.141868992606928"
"SLPI","0.140701303574742"
"SLTM","0.144299309890892"
"SLU7","0.143411609865415"
"SLURP1","0.142752227961309"
"SLX1A","0.141066623604327"
"SLX1B","0.14250996815894"
"SLX4","0.142519147037781"
"SLX4IP","0.142798475106513"
"SMAD1","0.143475099991006"
"SMAD1-AS1","0.142798475106513"
"SMAD2","0.14326960164573"
"SMAD3","0.141660267338553"
"SMAD4","0.142798475106513"
"SMAD5","0.141242119319592"
"SMAD5-AS1","0.140273279492949"
"SMAD6","0.142836271641009"
"SMAD7","0.143411609865415"
"SMAD9","0.142798475106513"
"SMAGP","0.143180306321532"
"SMAP1","0.142439751384756"
"SMAP2","0.142439751384756"
"SMARCA1","0.142197269850951"
"SMARCA2","0.142289548288926"
"SMARCA4","0.143180306321532"
"SMARCA5","0.141584541597943"
"SMARCA5-AS1","0.142908321943347"
"SMARCAD1","0.141868992606928"
"SMARCAL1","0.142289548288926"
"SMARCB1","0.142528500835761"
"SMARCC1","0.141584541597943"
"SMARCC2","0.142798475106513"
"SMARCD1","0.144646285410215"
"SMARCD2","0.142439751384756"
"SMARCD3","0.143180306321532"
"SMARCE1","0.144870012535763"
"SMC1A","0.143659191684386"
"SMC1B","0.142197269850951"
"SMC2","0.14136091444397"
"SMC2-AS1","0.144828196794726"
"SMC3","0.143286245551363"
"SMC4","0.144449010966417"
"SMC5","0.143054630762564"
"SMC5-AS1","0.143784043974488"
"SMC6","0.143659191684386"
"SMCHD1","0.143815132455198"
"SMCO1","0.143475099991006"
"SMCO2","0.143180306321532"
"SMCO3","0.142908321943347"
"SMCO4","0.144341125631928"
"SMCP","0.144297052734903"
"SMCR2","0.143180306321532"
"SMCR5","0.14165417262898"
"SMCR8","0.143491168304635"
"SMDT1","0.142439751384756"
"SMG1","0.143815132455198"
"SMG5","0.144870012535763"
"SMG6","0.143180306321532"
"SMG7","0.144297052734903"
"SMG8","0.142197269850951"
"SMG9","0.142197269850951"
"SMIM1","0.14165417262898"
"SMIM10","0.140988927354549"
"SMIM10L1","0.143819089546361"
"SMIM10L2A","0.142197269850951"
"SMIM10L2B","0.144299309890892"
"SMIM11A","0.140718609603984"
"SMIM11B","0.142876753712201"
"SMIM12","0.144828196794726"
"SMIM13","0.142908321943347"
"SMIM14","0.14136091444397"
"SMIM15","0.139991993949822"
"SMIM17","0.143659191684386"
"SMIM18","0.13811288497169"
"SMIM19","0.142798475106513"
"SMIM2","0.143491168304635"
"SMIM2-AS1","0.14136091444397"
"SMIM20","0.142439751384756"
"SMIM21","0.144870012535763"
"SMIM22","0.141019046256761"
"SMIM24","0.140273279492949"
"SMIM3","0.144646285410215"
"SMIM4","0.142798475106513"
"SMIM5","0.144250997878543"
"SMIM6","0.144297052734903"
"SMIM7","0.143475099991006"
"SMIM8","0.136704687498736"
"SMIM9","0.143411609865415"
"SMKR1","0.142197269850951"
"SMN1","0.14165417262898"
"SMN2","0.143659191684386"
"SMNDC1","0.142439751384756"
"SMO","0.143987001154426"
"SMOC1","0.14136091444397"
"SMOC2","0.143411609865415"
"SMOX","0.142289548288926"
"SMPD1","0.145162731910233"
"SMPD2","0.143659191684386"
"SMPD3","0.144870012535763"
"SMPD4","0.138997572757724"
"SMPD5","0.141242119319592"
"SMPDL3A","0.142908321943347"
"SMPDL3B","0.142197269850951"
"SMPX","0.143659191684386"
"SMR3A","0.142439751384756"
"SMR3B","0.145172415337018"
"SMS","0.142289548288926"
"SMTN","0.144297052734903"
"SMTNL1","0.143659191684386"
"SMTNL2","0.143485714706922"
"SMU1","0.141242119319592"
"SMUG1","0.143411609865415"
"SMURF1","0.140715291736286"
"SMURF2","0.141019046256761"
"SMYD1","0.143809711273902"
"SMYD2","0.144870012535763"
"SMYD3","0.144646285410215"
"SMYD4","0.143411609865415"
"SMYD5","0.143485714706922"
"SNAI1","0.141584967128044"
"SNAI2","0.141868992606928"
"SNAI3","0.143411609865415"
"SNAI3-AS1","0.142908321943347"
"SNAP23","0.14165417262898"
"SNAP25","0.141378384489121"
"SNAP25-AS1","0.144646285410215"
"SNAP29","0.141378384489121"
"SNAP47","0.139328110412552"
"SNAP91","0.14136091444397"
"SNAPC1","0.142908321943347"
"SNAPC2","0.14559533452772"
"SNAPC3","0.134705478600426"
"SNAPC4","0.143987001154426"
"SNAPC5","0.14136091444397"
"SNAPIN","0.144297052734903"
"SNCA","0.145336771054367"
"SNCA-AS1","0.141242119319592"
"SNCAIP","0.141868830452041"
"SNCB","0.143760304074827"
"SNCG","0.142197269850951"
"SND1","0.143815132455198"
"SND1-IT1","0.143036098085743"
"SNED1","0.145506368388441"
"SNF8","0.14136091444397"
"SNHG10","0.141584967128044"
"SNHG12","0.143485714706922"
"SNHG15","0.145172415337018"
"SNHG18","0.145172415337018"
"SNHG19","0.145955406797636"
"SNHG21","0.143180306321532"
"SNHG22","0.142439751384756"
"SNHG23","0.143815132455198"
"SNHG24","0.142908321943347"
"SNHG25","0.142439751384756"
"SNHG7","0.144297052734903"
"SNHG8","0.143411609865415"
"SNHG9","0.144994538286656"
"SNIP1","0.144828196794726"
"SNN","0.144297052734903"
"SNPH","0.144870012535763"
"SNRK","0.142798475106513"
"SNRK-AS1","0.140185475232519"
"SNRNP200","0.140715291736286"
"SNRNP25","0.14640686084976"
"SNRNP27","0.145442631898411"
"SNRNP35","0.144994538286656"
"SNRNP40","0.145172415337018"
"SNRNP48","0.141868830452041"
"SNRNP70","0.140185475232519"
"SNRPA","0.14136091444397"
"SNRPA1","0.143987001154426"
"SNRPB","0.14343858537447"
"SNRPB2","0.143411609865415"
"SNRPC","0.14548425050866"
"SNRPD1","0.142908321943347"
"SNRPD2","0.14165417262898"
"SNRPD3","0.143987001154426"
"SNRPE","0.143180306321532"
"SNRPF","0.142439751384756"
"SNRPG","0.144828196794726"
"SNRPN","0.143659191684386"
"SNTA1","0.143815132455198"
"SNTB1","0.144828196794726"
"SNTB2","0.141868992606928"
"SNTG1","0.143987001154426"
"SNTG2","0.143411609865415"
"SNTN","0.145708034204562"
"SNU13","0.143659191684386"
"SNUPN","0.142197269850951"
"SNURF","0.139991993949822"
"SNW1","0.143485714706922"
"SNX1","0.143180306321532"
"SNX10","0.142439751384756"
"SNX11","0.141868992606928"
"SNX12","0.144646285410215"
"SNX13","0.144297052734903"
"SNX14","0.140273279492949"
"SNX15","0.14136091444397"
"SNX16","0.143180306321532"
"SNX17","0.141019046256761"
"SNX18","0.145336771054367"
"SNX19","0.140273279492949"
"SNX2","0.14136091444397"
"SNX20","0.139991993949822"
"SNX21","0.140185475232519"
"SNX22","0.136926080582748"
"SNX24","0.133931763664418"
"SNX25","0.141242119319592"
"SNX27","0.142798475106513"
"SNX29","0.134122792717827"
"SNX3","0.142805188322327"
"SNX30","0.13811288497169"
"SNX31","0.142798475106513"
"SNX32","0.142203973410147"
"SNX33","0.141868992606928"
"SNX4","0.139328110412552"
"SNX5","0.144838401381734"
"SNX6","0.143411609865415"
"SNX7","0.139683018821865"
"SNX8","0.141242119319592"
"SNX9","0.142798475106513"
"SOAT1","0.143485714706922"
"SOAT2","0.141584967128044"
"SOBP","0.142798475106513"
"SOCS1","0.140273279492949"
"SOCS2","0.13811288497169"
"SOCS3","0.141242119319592"
"SOCS4","0.145336771054367"
"SOCS5","0.138657103558938"
"SOCS6","0.142203973410147"
"SOCS7","0.141242119319592"
"SOD1","0.139683018821865"
"SOD2","0.136052771858628"
"SOD3","0.144661646273472"
"SOGA1","0.137553520752267"
"SOGA3","0.139485607476431"
"SOHLH1","0.142908321943347"
"SOHLH2","0.136704687498736"
"SON","0.141229690536258"
"SORBS1","0.140273279492949"
"SORBS2","0.139328110412552"
"SORBS3","0.142798475106513"
"SORCS1","0.139128147073558"
"SORCS2","0.141019046256761"
"SORCS3","0.143180306321532"
"SORD","0.141584967128044"
"SORL1","0.141584967128044"
"SORT1","0.143180306321532"
"SOS1","0.141378384489121"
"SOS2","0.142798475106513"
"SOST","0.14136091444397"
"SOSTDC1","0.141585453592706"
"SOWAHA","0.141584967128044"
"SOWAHB","0.140697985707044"
"SOWAHC","0.142908321943347"
"SOWAHD","0.143987001154426"
"SOX1","0.142439751384756"
"SOX10","0.143485714706922"
"SOX11","0.140715291736286"
"SOX12","0.142439751384756"
"SOX13","0.142439751384756"
"SOX14","0.14213242080246"
"SOX15","0.14095053504865"
"SOX17","0.138657103558938"
"SOX18","0.139615281260888"
"SOX2","0.141229690536258"
"SOX21","0.136926080582748"
"SOX21-AS1","0.14213242080246"
"SOX3","0.141019046256761"
"SOX30","0.13811288497169"
"SOX4","0.141019046256761"
"SOX5","0.141242119319592"
"SOX6","0.144297052734903"
"SOX7","0.139991993949822"
"SOX8","0.14136091444397"
"SOX9","0.142439751384756"
"SP1","0.143485714706922"
"SP100","0.145172415337018"
"SP110","0.139991993949822"
"SP140","0.138657103558938"
"SP140L","0.143411609865415"
"SP2","0.142798475106513"
"SP2-AS1","0.143987001154426"
"SP3","0.140185475232519"
"SP4","0.142908321943347"
"SP5","0.14136091444397"
"SP6","0.14165417262898"
"SP7","0.144297052734903"
"SP8","0.138657103558938"
"SP9","0.142798475106513"
"SPA17","0.138657103558938"
"SPACA1","0.141242119319592"
"SPACA3","0.142439751384756"
"SPACA4","0.13971194646907"
"SPACA6P-AS","0.141378384489121"
"SPACA7","0.143659191684386"
"SPAG1","0.13811288497169"
"SPAG11A","0.141019046256761"
"SPAG11B","0.139485607476431"
"SPAG16","0.143180306321532"
"SPAG17","0.141378384489121"
"SPAG4","0.141584967128044"
"SPAG5","0.14136091444397"
"SPAG6","0.142908321943347"
"SPAG7","0.140185475232519"
"SPAG8","0.141378384489121"
"SPAG9","0.138695698236105"
"SPAM1","0.13971194646907"
"SPANXA2-OT1","0.142439751384756"
"SPANXB1","0.143485714706922"
"SPANXC","0.141584967128044"
"SPANXD","0.141242119319592"
"SPANXN1","0.141242119319592"
"SPANXN2","0.13971194646907"
"SPANXN3","0.141378384489121"
"SPANXN4","0.139991993949822"
"SPANXN5","0.143485714706922"
"SPARC","0.141019046256761"
"SPARCL1","0.14165417262898"
"SPAST","0.144828196794726"
"SPATA12","0.14165417262898"
"SPATA13","0.141378384489121"
"SPATA13-AS1","0.143650199848034"
"SPATA16","0.14213242080246"
"SPATA17","0.13811288497169"
"SPATA18","0.142908321943347"
"SPATA19","0.141242119319592"
"SPATA2","0.144828196794726"
"SPATA20","0.144870012535763"
"SPATA21","0.143180306321532"
"SPATA22","0.14136091444397"
"SPATA24","0.14165417262898"
"SPATA25","0.137179937023978"
"SPATA2L","0.14095053504865"
"SPATA3","0.139991993949822"
"SPATA3-AS1","0.137179937023978"
"SPATA31A7","0.14095053504865"
"SPATA31D3","0.143815132455198"
"SPATA31E1","0.139128147073558"
"SPATA32","0.140185475232519"
"SPATA33","0.13971194646907"
"SPATA4","0.141584967128044"
"SPATA41","0.137553520752267"
"SPATA42","0.141242119319592"
"SPATA45","0.143180306321532"
"SPATA5","0.139485607476431"
"SPATA5L1","0.139128147073558"
"SPATA6","0.141378384489121"
"SPATA6L","0.14095053504865"
"SPATA7","0.143411609865415"
"SPATA8","0.139485607476431"
"SPATA9","0.14095053504865"
"SPATC1","0.139128147073558"
"SPATC1L","0.141378384489121"
"SPATS1","0.14213242080246"
"SPATS2","0.142798475106513"
"SPATS2L","0.139328110412552"
"SPC24","0.142439751384756"
"SPC25","0.137179937023978"
"SPCS1","0.142908321943347"
"SPCS2","0.134868264424903"
"SPCS3","0.140185475232519"
"SPDEF","0.139485607476431"
"SPDL1","0.142908321943347"
"SPDYA","0.142798475106513"
"SPDYC","0.143180306321532"
"SPDYE1","0.141378384489121"
"SPDYE16","0.141584967128044"
"SPDYE3","0.143485714706922"
"SPDYE4","0.140185475232519"
"SPDYE5","0.142132258647573"
"SPDYE6","0.143815132455198"
"SPECC1","0.142798475106513"
"SPECC1L","0.141019046256761"
"SPECC1L-ADORA2A","0.141378384489121"
"SPEF1","0.140185475232519"
"SPEF2","0.141019046256761"
"SPEG","0.142908321943347"
"SPEM1","0.138381164642937"
"SPEN","0.143180306321532"
"SPERT","0.139128147073558"
"SPESP1","0.13971194646907"
"SPG11","0.140185475232519"
"SPG20","0.142439751384756"
"SPG20-AS1","0.134316347348626"
"SPG21","0.142798475106513"
"SPG7","0.142132258647573"
"SPHK1","0.143411609865415"
"SPHK2","0.143180306321532"
"SPHKAP","0.144661646273472"
"SPI1","0.140185475232519"
"SPIB","0.13971194646907"
"SPIC","0.13811288497169"
"SPICE1","0.142798475106513"
"SPIDR","0.139328110412552"
"SPIN1","0.140185475232519"
"SPIN2A","0.140185475232519"
"SPIN2B","0.141378384489121"
"SPIN3","0.139485607476431"
"SPIN4","0.140715291736286"
"SPIN4-AS1","0.139615281260888"
"SPINK1","0.14095053504865"
"SPINK13","0.141585453592706"
"SPINK14","0.141019046256761"
"SPINK2","0.139615281260888"
"SPINK4","0.141378384489121"
"SPINK5","0.14213242080246"
"SPINK6","0.143659191684386"
"SPINK7","0.143659191684386"
"SPINK8","0.143659191684386"
"SPINK9","0.139328110412552"
"SPINT1","0.14213242080246"
"SPINT2","0.145955406797636"
"SPINT3","0.13811288497169"
"SPINT4","0.141378384489121"
"SPIRE1","0.144250997878543"
"SPIRE2","0.144870012535763"
"SPN","0.140185475232519"
"SPNS1","0.14213242080246"
"SPNS2","0.14377474287097"
"SPNS3","0.142908321943347"
"SPOCD1","0.144250997878543"
"SPOCK1","0.142908321943347"
"SPOCK2","0.143659191684386"
"SPOCK3","0.143485714706922"
"SPON1","0.143659191684386"
"SPON2","0.140185475232519"
"SPOP","0.13971194646907"
"SPOPL","0.13971194646907"
"SPP1","0.14213242080246"
"SPP2","0.144661646273472"
"SPPL2A","0.14165417262898"
"SPPL2B","0.14095053504865"
"SPPL3","0.143411609865415"
"SPR","0.143411609865415"
"SPRED1","0.14213242080246"
"SPRED2","0.142439751384756"
"SPRED3","0.142439751384756"
"SPRN","0.142908321943347"
"SPRR1A","0.144913744994576"
"SPRR1B","0.14213242080246"
"SPRR2A","0.139328110412552"
"SPRR2B","0.140715291736286"
"SPRR2D","0.14095053504865"
"SPRR2E","0.141378384489121"
"SPRR2F","0.144828196794726"
"SPRR2G","0.142798475106513"
"SPRR3","0.141378384489121"
"SPRR4","0.14377474287097"
"SPRTN","0.143411609865415"
"SPRY1","0.14136091444397"
"SPRY2","0.143180306321532"
"SPRY3","0.135853236335355"
"SPRY4","0.143659191684386"
"SPRY4-IT1","0.140715291736286"
"SPRYD3","0.14377474287097"
"SPRYD4","0.141378384489121"
"SPRYD7","0.144250997878543"
"SPSB1","0.141378384489121"
"SPSB2","0.141242119319592"
"SPSB3","0.142798475106513"
"SPSB4","0.141584967128044"
"SPTA1","0.13811288497169"
"SPTAN1","0.14095053504865"
"SPTB","0.14213242080246"
"SPTBN1","0.141242119319592"
"SPTBN2","0.143411609865415"
"SPTBN4","0.14095053504865"
"SPTBN5","0.139615281260888"
"SPTLC1","0.140185475232519"
"SPTLC2","0.143485714706922"
"SPTLC3","0.144828196794726"
"SPTSSA","0.140099652467932"
"SPTSSB","0.144870012535763"
"SPTY2D1","0.143835373390602"
"SPTY2D1-AS1","0.142439751384756"
"SPX","0.144828196794726"
"SPZ1","0.142439751384756"
"SQLE","0.143835373390602"
"SQRDL","0.141378384489121"
"SQSTM1","0.143411609865415"
"SRA1","0.141019046256761"
"SRBD1","0.138381164642937"
"SRC","0.144870012535763"
"SRCAP","0.140662099534341"
"SRCIN1","0.138695698236105"
"SRD5A1","0.142439751384756"
"SRD5A2","0.141378384489121"
"SRD5A3","0.14095053504865"
"SREBF1","0.145172415337018"
"SREBF2","0.14136091444397"
"SREK1","0.144994538286656"
"SREK1IP1","0.143180306321532"
"SRF","0.145506368388441"
"SRFBP1","0.141019046256761"
"SRGAP1","0.142439751384756"
"SRGAP2","0.143719914490599"
"SRGAP2-AS1","0.143411609865415"
"SRGAP2B","0.141019046256761"
"SRGAP2C","0.14136091444397"
"SRGAP3","0.143321694318888"
"SRGAP3-AS1","0.14213242080246"
"SRGAP3-AS2","0.143218986479913"
"SRGAP3-AS3","0.13971194646907"
"SRGAP3-AS4","0.143180306321532"
"SRGN","0.139128147073558"
"SRI","0.144431134232713"
"SRL","0.13811288497169"
"SRM","0.14095053504865"
"SRMS","0.143659191684386"
"SRP14","0.139036167434891"
"SRP14-AS1","0.145442631898411"
"SRP19","0.14077143003946"
"SRP54","0.143485714706922"
"SRP68","0.14165417262898"
"SRP72","0.143411609865415"
"SRP9","0.145506368388441"
"SRPK1","0.138695698236105"
"SRPK2","0.139572390418046"
"SRPK3","0.141378384489121"
"SRPRA","0.144250997878543"
"SRPRB","0.144250997878543"
"SRPX","0.142439751384756"
"SRPX2","0.139572390418046"
"SRR","0.14213242080246"
"SRRD","0.144828196794726"
"SRRM1","0.140459000431713"
"SRRM2","0.143411609865415"
"SRRM2-AS1","0.14136091444397"
"SRRM3","0.14095053504865"
"SRRM4","0.144431134232713"
"SRRM5","0.143321694318888"
"SRRT","0.143411609865415"
"SRSF1","0.143180306321532"
"SRSF10","0.143659191684386"
"SRSF11","0.14165417262898"
"SRSF12","0.144828196794726"
"SRSF2","0.14136091444397"
"SRSF3","0.14213242080246"
"SRSF4","0.141378384489121"
"SRSF5","0.14077143003946"
"SRSF6","0.143659191684386"
"SRSF7","0.142439751384756"
"SRSF8","0.144994538286656"
"SRSF9","0.143411609865415"
"SRXN1","0.142805188322327"
"SRY","0.141585453592706"
"SS18","0.136704687498736"
"SS18L1","0.136926080582748"
"SS18L2","0.141362191034272"
"SSB","0.142439751384756"
"SSBP1","0.142439751384756"
"SSBP2","0.142908321943347"
"SSBP3","0.139328110412552"
"SSBP3-AS1","0.140576276769754"
"SSBP4","0.14213242080246"
"SSC4D","0.143180306321532"
"SSC5D","0.141584967128044"
"SSFA2","0.144661646273472"
"SSH1","0.144994538286656"
"SSH2","0.143659191684386"
"SSH3","0.143321694318888"
"SSMEM1","0.143411609865415"
"SSNA1","0.142908321943347"
"SSPN","0.142068488977197"
"SSPO","0.144661646273472"
"SSR1","0.142439751384756"
"SSR2","0.141584967128044"
"SSR3","0.14213242080246"
"SSR4","0.141584967128044"
"SSRP1","0.136394918089229"
"SSSCA1","0.141584967128044"
"SST","0.143411609865415"
"SSTR1","0.142798475106513"
"SSTR2","0.14095053504865"
"SSTR3","0.143659191684386"
"SSTR5","0.141584967128044"
"SSU72","0.144250997878543"
"SSUH2","0.14377474287097"
"SSX1","0.143180306321532"
"SSX2IP","0.143411609865415"
"SSX5","0.143411609865415"
"ST13","0.139969414762829"
"ST14","0.14213242080246"
"ST18","0.139991993949822"
"ST20","0.14165417262898"
"ST20-AS1","0.144661646273472"
"ST20-MTHFS","0.141229690536258"
"ST3GAL1","0.137179937023978"
"ST3GAL2","0.136052771858628"
"ST3GAL3","0.139991993949822"
"ST3GAL4","0.143659191684386"
"ST3GAL4-AS1","0.13971194646907"
"ST3GAL5","0.14136091444397"
"ST3GAL5-AS1","0.14213242080246"
"ST3GAL6","0.139991993949822"
"ST3GAL6-AS1","0.142439751384756"
"ST5","0.137366942334538"
"ST6GAL1","0.138695698236105"
"ST6GAL2","0.139991993949822"
"ST6GALNAC1","0.141378384489121"
"ST6GALNAC2","0.141584967128044"
"ST6GALNAC3","0.139991993949822"
"ST6GALNAC4","0.14077143003946"
"ST6GALNAC5","0.144828196794726"
"ST6GALNAC6","0.14165417262898"
"ST7","0.14213242080246"
"ST7-AS1","0.144661646273472"
"ST7-AS2","0.14165417262898"
"ST7L","0.142439751384756"
"ST8SIA1","0.139328110412552"
"ST8SIA2","0.142439751384756"
"ST8SIA4","0.142439751384756"
"ST8SIA5","0.143835373390602"
"ST8SIA6","0.142798475106513"
"ST8SIA6-AS1","0.139128147073558"
"STAB1","0.139128147073558"
"STAB2","0.140662099534341"
"STAC","0.13811288497169"
"STAC2","0.141585453592706"
"STAC3","0.139432840982689"
"STAG1","0.141229690536258"
"STAG2","0.13959769242964"
"STAG3","0.141584967128044"
"STAM","0.143659191684386"
"STAM-AS1","0.143659191684386"
"STAM2","0.14165417262898"
"STAMBP","0.135687186664714"
"STAMBPL1","0.142798475106513"
"STAP1","0.140662099534341"
"STAP2","0.142908321943347"
"STAR","0.14213242080246"
"STARD10","0.143485714706922"
"STARD13","0.143411609865415"
"STARD3","0.137366942334538"
"STARD3NL","0.143411609865415"
"STARD4","0.144828196794726"
"STARD4-AS1","0.139432840982689"
"STARD5","0.14095053504865"
"STARD6","0.141229690536258"
"STARD7","0.139991993949822"
"STARD8","0.141229690536258"
"STARD9","0.139991993949822"
"STAT1","0.14377474287097"
"STAT2","0.138381164642937"
"STAT3","0.14377474287097"
"STAT4","0.14213242080246"
"STAT5A","0.137553520752267"
"STAT5B","0.141229690536258"
"STAT6","0.14077143003946"
"STATH","0.142798475106513"
"STAU1","0.139353121576901"
"STAU2","0.140405808229767"
"STAU2-AS1","0.145358027132426"
"STBD1","0.139969414762829"
"STC1","0.140405808229767"
"STC2","0.139328110412552"
"STEAP1","0.142798475106513"
"STEAP1B","0.143835373390602"
"STEAP2","0.144431134232713"
"STEAP3","0.139328110412552"
"STEAP3-AS1","0.143835373390602"
"STEAP4","0.141269178184757"
"STH","0.143180306321532"
"STIL","0.141584967128044"
"STIM1","0.14213242080246"
"STIM2","0.143835373390602"
"STIP1","0.142798475106513"
"STK10","0.139404016447333"
"STK11","0.141378384489121"
"STK11IP","0.13811288497169"
"STK16","0.139432840982689"
"STK17A","0.143485714706922"
"STK17B","0.141378384489121"
"STK19","0.14095053504865"
"STK24","0.14377474287097"
"STK24-AS1","0.141584967128044"
"STK25","0.143180306321532"
"STK26","0.143659191684386"
"STK3","0.14077143003946"
"STK31","0.14377474287097"
"STK32A","0.14095053504865"
"STK32B","0.142908321943347"
"STK32C","0.144870012535763"
"STK33","0.13959769242964"
"STK35","0.136704687498736"
"STK36","0.143719914490599"
"STK38","0.143485714706922"
"STK38L","0.144431134232713"
"STK39","0.139432840982689"
"STK4","0.141585453592706"
"STK4-AS1","0.142908321943347"
"STK40","0.144250997878543"
"STKLD1","0.141584967128044"
"STMN1","0.144431134232713"
"STMN2","0.134591851359649"
"STMN3","0.141229690536258"
"STMN4","0.143659191684386"
"STMND1","0.142439751384756"
"STOM","0.14136091444397"
"STOML1","0.14136091444397"
"STOML2","0.14095053504865"
"STOML3","0.139328110412552"
"STON1","0.143180306321532"
"STON1-GTF2A1L","0.141584967128044"
"STON2","0.141584967128044"
"STOX1","0.139432840982689"
"STOX2","0.142908321943347"
"STPG1","0.139128147073558"
"STPG2","0.143411609865415"
"STPG2-AS1","0.143411609865415"
"STRA13","0.141229690536258"
"STRA6","0.13811288497169"
"STRA8","0.14095053504865"
"STRADA","0.144250997878543"
"STRADB","0.142908321943347"
"STRAP","0.139432840982689"
"STRBP","0.141378384489121"
"STRC","0.14077143003946"
"STRIP1","0.138381164642937"
"STRIP2","0.137366942334538"
"STRN","0.141584967128044"
"STRN3","0.141378384489121"
"STRN4","0.136052771858628"
"STS","0.142908321943347"
"STT3A","0.14213242080246"
"STT3A-AS1","0.141708235018168"
"STT3B","0.143180306321532"
"STUB1","0.143722110974708"
"STX10","0.14077143003946"
"STX11","0.14077143003946"
"STX12","0.143191422227155"
"STX16","0.141229690536258"
"STX16-NPEPL1","0.143191422227155"
"STX17","0.140405808229767"
"STX17-AS1","0.139128147073558"
"STX18","0.141584967128044"
"STX18-AS1","0.142439751384756"
"STX19","0.142132258647573"
"STX1A","0.14213242080246"
"STX1B","0.142798475106513"
"STX2","0.136704687498736"
"STX3","0.139432840982689"
"STX4","0.142798475106513"
"STX5","0.138381164642937"
"STX6","0.139432840982689"
"STX7","0.141378384489121"
"STX8","0.138695698236105"
"STXBP1","0.139328110412552"
"STXBP2","0.137366942334538"
"STXBP3","0.137366942334538"
"STXBP4","0.137179937023978"
"STXBP5","0.136052771858628"
"STXBP5-AS1","0.139969414762829"
"STXBP5L","0.14213242080246"
"STXBP6","0.13959769242964"
"STYK1","0.133931763664418"
"STYX","0.14095053504865"
"STYXL1","0.138381164642937"
"SUB1","0.137366942334538"
"SUCLA2","0.14165417262898"
"SUCLA2-AS1","0.13959769242964"
"SUCLG1","0.139328110412552"
"SUCLG2","0.13811288497169"
"SUCLG2-AS1","0.137566778458767"
"SUCNR1","0.141378384489121"
"SUCO","0.141229690536258"
"SUDS3","0.142908321943347"
"SUFU","0.139432840982689"
"SUGCT","0.141378384489121"
"SUGP1","0.139128147073558"
"SUGP2","0.136704687498736"
"SUGT1","0.141584967128044"
"SULF1","0.142943907398819"
"SULF2","0.139328110412552"
"SULT1A1","0.137646589123196"
"SULT1A2","0.14095053504865"
"SULT1A3","0.138695698236105"
"SULT1A4","0.136394918089229"
"SULT1B1","0.137566778458767"
"SULT1C2","0.138695698236105"
"SULT1C4","0.139432840982689"
"SULT1E1","0.14213242080246"
"SULT2A1","0.14213242080246"
"SULT2B1","0.140405808229767"
"SULT4A1","0.140405808229767"
"SULT6B1","0.140405808229767"
"SUMF1","0.14077143003946"
"SUMF2","0.136052771858628"
"SUMO1","0.141362191034272"
"SUMO2","0.141378384489121"
"SUMO3","0.13959769242964"
"SUMO4","0.14165417262898"
"SUN1","0.144133913989981"
"SUN2","0.143903401949221"
"SUN3","0.141229690536258"
"SUN5","0.142908321943347"
"SUOX","0.143485714706922"
"SUPT16H","0.141229690536258"
"SUPT20H","0.142908321943347"
"SUPT3H","0.14136091444397"
"SUPT4H1","0.141584967128044"
"SUPT5H","0.133575378907341"
"SUPT6H","0.14136091444397"
"SUPT7L","0.141378384489121"
"SUPV3L1","0.139432840982689"
"SURF1","0.142908321943347"
"SURF2","0.143485714706922"
"SURF4","0.14077143003946"
"SURF6","0.14136091444397"
"SUSD1","0.139969414762829"
"SUSD2","0.140405808229767"
"SUSD3","0.142908321943347"
"SUSD4","0.143411609865415"
"SUSD5","0.137646589123196"
"SUSD6","0.141378384489121"
"SUV39H1","0.13959769242964"
"SUV39H2","0.143659191684386"
"SUZ12","0.140405808229767"
"SV2A","0.137366942334538"
"SV2B","0.141584967128044"
"SV2C","0.14136091444397"
"SVBP","0.142439751384756"
"SVEP1","0.14077143003946"
"SVIL","0.142943907398819"
"SVIL-AS1","0.137129936065905"
"SVIP","0.137129936065905"
"SVOP","0.139432840982689"
"SVOPL","0.142908321943347"
"SWAP70","0.142943907398819"
"SWI5","0.14077143003946"
"SWSAP1","0.137593205246547"
"SWT1","0.137566778458767"
"SYAP1","0.14136091444397"
"SYBU","0.14136091444397"
"SYCE1","0.137646589123196"
"SYCE1L","0.13959769242964"
"SYCE2","0.139969414762829"
"SYCE3","0.137566778458767"
"SYCN","0.138381164642937"
"SYCP1","0.139432840982689"
"SYCP2","0.13959769242964"
"SYCP2L","0.138695698236105"
"SYCP3","0.139214620679624"
"SYDE1","0.140662099534341"
"SYDE2","0.13811288497169"
"SYF2","0.141584967128044"
"SYK","0.136052771858628"
"SYMPK","0.142439751384756"
"SYN1","0.141584967128044"
"SYN2","0.142943907398819"
"SYN3","0.14136091444397"
"SYNC","0.142439751384756"
"SYNCRIP","0.139128147073558"
"SYNDIG1","0.14095053504865"
"SYNDIG1L","0.13724163959204"
"SYNE1","0.139432840982689"
"SYNE1-AS1","0.142439751384756"
"SYNE2","0.13811288497169"
"SYNE3","0.139432840982689"
"SYNE4","0.134868264424903"
"SYNGAP1","0.141585453592706"
"SYNGR1","0.139328110412552"
"SYNGR2","0.139432840982689"
"SYNGR3","0.131163342302736"
"SYNGR4","0.140405808229767"
"SYNJ1","0.142908321943347"
"SYNJ2","0.14077143003946"
"SYNJ2BP","0.139472883373734"
"SYNJ2BP-COX16","0.13811288497169"
"SYNM","0.135687186664714"
"SYNPO","0.137646589123196"
"SYNPO2","0.137646589123196"
"SYNPO2L","0.14127529261414"
"SYNPR","0.138695698236105"
"SYNPR-AS1","0.138695698236105"
"SYNRG","0.136704687498736"
"SYP","0.135687186664714"
"SYP-AS1","0.137366942334538"
"SYPL1","0.13811288497169"
"SYPL2","0.140801264951566"
"SYS1","0.14136091444397"
"SYS1-DBNDD2","0.140005282430026"
"SYT1","0.138695698236105"
"SYT10","0.136394918089229"
"SYT11","0.142132258647573"
"SYT12","0.138381164642937"
"SYT13","0.139432840982689"
"SYT14","0.141198465678148"
"SYT15","0.14077143003946"
"SYT16","0.13959769242964"
"SYT17","0.13959769242964"
"SYT2","0.14136091444397"
"SYT3","0.138695698236105"
"SYT4","0.139128147073558"
"SYT5","0.139969414762829"
"SYT6","0.131163342302736"
"SYT7","0.13959769242964"
"SYT8","0.14105510497588"
"SYT9","0.136394918089229"
"SYTL1","0.141057234844552"
"SYTL2","0.137366942334538"
"SYTL3","0.13811288497169"
"SYTL4","0.139432840982689"
"SYTL5","0.14077143003946"
"SYVN1","0.139969414762829"
"SZRD1","0.140772004692072"
"SZT2","0.142075767337741"
"SZT2-AS1","0.136052771858628"
"T","0.13959769242964"
"TAAR2","0.13959769242964"
"TAB1","0.137566778458767"
"TAB2","0.13959769242964"
"TAB3","0.139214620679624"
"TAB3-AS1","0.137566778458767"
"TAB3-AS2","0.132243654148595"
"TAC1","0.137566778458767"
"TAC3","0.138695698236105"
"TAC4","0.141912019101264"
"TACC1","0.14213242080246"
"TACC2","0.13959769242964"
"TACC3","0.140801264951566"
"TACO1","0.13959769242964"
"TACR1","0.14077143003946"
"TACR2","0.142908321943347"
"TACR3","0.142798475106513"
"TACSTD2","0.14166265911666"
"TADA1","0.14258747545155"
"TADA2A","0.143180306321532"
"TADA2B","0.139214620679624"
"TADA3","0.137566778458767"
"TAF1","0.14077143003946"
"TAF10","0.142439751384756"
"TAF11","0.141584967128044"
"TAF12","0.139214620679624"
"TAF13","0.137366942334538"
"TAF15","0.140274677791193"
"TAF1A","0.139214620679624"
"TAF1A-AS1","0.141198465678148"
"TAF1B","0.135687186664714"
"TAF1C","0.14077143003946"
"TAF1D","0.14077143003946"
"TAF1L","0.140405808229767"
"TAF2","0.137129936065905"
"TAF3","0.13959769242964"
"TAF4","0.142277366986244"
"TAF4B","0.13954208887467"
"TAF5","0.14165417262898"
"TAF5L","0.138381164642937"
"TAF6","0.14136091444397"
"TAF6L","0.141632100423717"
"TAF7","0.13811288497169"
"TAF7L","0.139214620679624"
"TAF8","0.14213242080246"
"TAF9","0.140405808229767"
"TAF9B","0.142798475106513"
"TAGAP","0.141585453592706"
"TAGLN","0.137566778458767"
"TAGLN2","0.14213242080246"
"TAGLN3","0.136704687498736"
"TAL1","0.143267401357609"
"TAL2","0.14213242080246"
"TALDO1","0.14213242080246"
"TAMM41","0.141584967128044"
"TANC1","0.137676869544318"
"TANC2","0.14213242080246"
"TANGO2","0.14136091444397"
"TANGO6","0.14077143003946"
"TANK","0.136394918089229"
"TAOK1","0.138695698236105"
"TAOK2","0.13959769242964"
"TAOK3","0.138120042135644"
"TAP1","0.141378384489121"
"TAP2","0.140662157855239"
"TAPBP","0.14136091444397"
"TAPBPL","0.140405808229767"
"TAPT1","0.13959769242964"
"TAPT1-AS1","0.142908321943347"
"TARBP1","0.140633401512951"
"TARBP2","0.137646589123196"
"TARDBP","0.141513882596759"
"TARID","0.141246536271852"
"TARM1","0.139214620679624"
"TARS","0.142439751384756"
"TARS2","0.138120042135644"
"TARSL2","0.139214620679624"
"TAS1R1","0.140655832659261"
"TAS1R3","0.138381164642937"
"TAS2R1","0.141246536271852"
"TAS2R10","0.137646589123196"
"TAS2R13","0.139214620679624"
"TAS2R14","0.139432840982689"
"TAS2R19","0.137366942334538"
"TAS2R20","0.137566778458767"
"TAS2R3","0.140717167408353"
"TAS2R30","0.13959769242964"
"TAS2R31","0.139214620679624"
"TAS2R38","0.137129936065905"
"TAS2R4","0.138695698236105"
"TAS2R41","0.136394918089229"
"TAS2R43","0.140720355765605"
"TAS2R46","0.136052771858628"
"TAS2R5","0.139235742041868"
"TAS2R50","0.137129936065905"
"TAS2R60","0.139431199881574"
"TAS2R8","0.139431686346237"
"TAS2R9","0.137593205246547"
"TASP1","0.136394918089229"
"TAT","0.137566778458767"
"TAT-AS1","0.139967347208898"
"TATDN1","0.137566778458767"
"TATDN2","0.140668871071052"
"TATDN3","0.139266300734811"
"TAX1BP1","0.139969414762829"
"TAX1BP3","0.13959769242964"
"TAZ","0.140739317659338"
"TBATA","0.135687186664714"
"TBC1D1","0.138381164642937"
"TBC1D10A","0.139432840982689"
"TBC1D10B","0.138381164642937"
"TBC1D10C","0.137857331008519"
"TBC1D12","0.137566778458767"
"TBC1D13","0.139214620679624"
"TBC1D14","0.13959769242964"
"TBC1D15","0.137129936065905"
"TBC1D16","0.134830884846846"
"TBC1D17","0.139969414762829"
"TBC1D19","0.138381164642937"
"TBC1D2","0.136052771858628"
"TBC1D20","0.140644707860044"
"TBC1D22A","0.135687186664714"
"TBC1D22B","0.138120042135644"
"TBC1D23","0.139069960146148"
"TBC1D24","0.136704687498736"
"TBC1D25","0.140303434133481"
"TBC1D26","0.135687186664714"
"TBC1D29","0.140720355765605"
"TBC1D2B","0.137646589123196"
"TBC1D30","0.139449136341431"
"TBC1D31","0.141477169595354"
"TBC1D32","0.140243697755968"
"TBC1D3B","0.137129936065905"
"TBC1D3C","0.135687186664714"
"TBC1D3D","0.137366942334538"
"TBC1D3I","0.139442324680791"
"TBC1D3L","0.137366942334538"
"TBC1D3P1-DHX40P1","0.137320757228379"
"TBC1D4","0.137566778458767"
"TBC1D5","0.138381164642937"
"TBC1D7","0.139963416518452"
"TBC1D8","0.137366942334538"
"TBC1D8B","0.14165417262898"
"TBC1D9","0.138695698236105"
"TBC1D9B","0.139069960146148"
"TBCA","0.139432840982689"
"TBCB","0.137366942334538"
"TBCC","0.139214620679624"
"TBCCD1","0.138695698236105"
"TBCD","0.138381164642937"
"TBCE","0.137566778458767"
"TBCEL","0.137366942334538"
"TBCK","0.135043207909735"
"TBK1","0.136394918089229"
"TBKBP1","0.139432840982689"
"TBL1X","0.136394918089229"
"TBL1XR1","0.141378384489121"
"TBL1XR1-AS1","0.138120042135644"
"TBL1Y","0.137307896872609"
"TBL2","0.136052771858628"
"TBL3","0.137307896872609"
"TBP","0.141912019101264"
"TBPL1","0.139969414762829"
"TBPL2","0.13959769242964"
"TBR1","0.141378384489121"
"TBRG1","0.137676869544318"
"TBRG4","0.139423092584396"
"TBX1","0.143411609865415"
"TBX10","0.142943907398819"
"TBX15","0.134830884846846"
"TBX18","0.139969414762829"
"TBX19","0.141584967128044"
"TBX2","0.13959769242964"
"TBX2-AS1","0.134830884846846"
"TBX20","0.140826122824365"
"TBX21","0.137676869544318"
"TBX22","0.138695698236105"
"TBX3","0.136609088718607"
"TBX4","0.136704687498736"
"TBX5","0.137129936065905"
"TBX5-AS1","0.139214620679624"
"TBX6","0.137646589123196"
"TBXA2R","0.139214620679624"
"TBXAS1","0.133931763664418"
"TC2N","0.137676869544318"
"TCAF1","0.139969414762829"
"TCAF2","0.14213242080246"
"TCAIM","0.135687186664714"
"TCAP","0.138381164642937"
"TCEA1","0.136704687498736"
"TCEA2","0.137129936065905"
"TCEA3","0.141378384489121"
"TCEAL1","0.138235826167147"
"TCEAL2","0.137386945008175"
"TCEAL3","0.133931763664418"
"TCEAL3-AS1","0.135687186664714"
"TCEAL4","0.140405808229767"
"TCEAL5","0.137566778458767"
"TCEAL6","0.141247046042694"
"TCEAL7","0.129552477532562"
"TCEAL8","0.137566778458767"
"TCEANC","0.140405808229767"
"TCEANC2","0.142943907398819"
"TCEB1","0.139432840982689"
"TCEB2","0.138120042135644"
"TCEB3","0.14213242080246"
"TCEB3-AS1","0.139214620679624"
"TCEB3B","0.137307896872609"
"TCERG1","0.138381164642937"
"TCERG1L","0.139214620679624"
"TCERG1L-AS1","0.13959769242964"
"TCF12","0.138120042135644"
"TCF15","0.135687186664714"
"TCF19","0.136394918089229"
"TCF20","0.138381164642937"
"TCF21","0.137676869544318"
"TCF23","0.136394918089229"
"TCF24","0.136394918089229"
"TCF25","0.139432840982689"
"TCF3","0.140405808229767"
"TCF4","0.139969414762829"
"TCF4-AS1","0.135043207909735"
"TCF4-AS2","0.138695698236105"
"TCF7","0.133931763664418"
"TCF7L1","0.138120042135644"
"TCF7L2","0.136052771858628"
"TCFL5","0.139432840982689"
"TCHH","0.137646589123196"
"TCHHL1","0.134510766417727"
"TCHP","0.13959769242964"
"TCIRG1","0.141378384489121"
"TCL1A","0.138381164642937"
"TCL1B","0.13959769242964"
"TCN1","0.135043207909735"
"TCN2","0.13959769242964"
"TCOF1","0.136394918089229"
"TCP1","0.136394918089229"
"TCP10","0.139969414762829"
"TCP10L","0.137386945008175"
"TCP10L2","0.133931763664418"
"TCP11","0.134894631494907"
"TCP11L1","0.139969414762829"
"TCP11L2","0.137566778458767"
"TCP11X2","0.133313564201591"
"TCTA","0.139969414762829"
"TCTE1","0.13959769242964"
"TCTE3","0.139432840982689"
"TCTEX1D1","0.137129936065905"
"TCTEX1D2","0.136394918089229"
"TCTEX1D4","0.136394918089229"
"TCTN1","0.141585453592706"
"TCTN2","0.134894631494907"
"TCTN3","0.139432840982689"
"TDG","0.137386945008175"
"TDGF1","0.135043207909735"
"TDO2","0.138657103558938"
"TDP1","0.136052771858628"
"TDP2","0.141584967128044"
"TDRD1","0.143025796982653"
"TDRD10","0.138502396478601"
"TDRD12","0.13959769242964"
"TDRD15","0.141585453592706"
"TDRD3","0.139969414762829"
"TDRD5","0.141378384489121"
"TDRD6","0.135043207909735"
"TDRD7","0.134730072998086"
"TDRD9","0.139432840982689"
"TDRG1","0.140405808229767"
"TDRKH","0.141247046042694"
"TDRP","0.138502396478601"
"TEAD1","0.138381164642937"
"TEAD2","0.137307896872609"
"TEAD3","0.137566778458767"
"TEAD4","0.138120042135644"
"TEC","0.137386945008175"
"TECPR1","0.138381164642937"
"TECPR2","0.131087899022016"
"TECR","0.136052771858628"
"TECRL","0.136052771858628"
"TECTA","0.137676869544318"
"TECTB","0.137129936065905"
"TEDDM1","0.141247046042694"
"TEF","0.139969414762829"
"TEFM","0.139214620679624"
"TEK","0.14165417262898"
"TEKT1","0.137129936065905"
"TEKT2","0.139969414762829"
"TEKT3","0.136704687498736"
"TEKT4","0.141247046042694"
"TEKT5","0.138381164642937"
"TELO2","0.137129936065905"
"TEN1","0.134510766417727"
"TEN1-CDK3","0.137307896872609"
"TENM1","0.138502396478601"
"TENM2","0.142798475106513"
"TENM3","0.137646589123196"
"TENM4","0.137307896872609"
"TEP1","0.136394918089229"
"TEPP","0.136704687498736"
"TERC","0.137676869544318"
"TERF1","0.141247046042694"
"TERF2","0.142439751384756"
"TERF2IP","0.141247046042694"
"TERT","0.13959769242964"
"TES","0.14213242080246"
"TESC","0.138502396478601"
"TESC-AS1","0.137307896872609"
"TESK1","0.13959769242964"
"TESK2","0.14077143003946"
"TESPA1","0.142439751384756"
"TET1","0.139969414762829"
"TET2","0.138120042135644"
"TET2-AS1","0.140405808229767"
"TET3","0.139348591872008"
"TEX10","0.138723243955604"
"TEX101","0.138381164642937"
"TEX11","0.134510766417727"
"TEX12","0.136052771858628"
"TEX13C","0.137307896872609"
"TEX13D","0.142908321943347"
"TEX14","0.141247046042694"
"TEX15","0.136394918089229"
"TEX19","0.13959769242964"
"TEX2","0.138723243955604"
"TEX22","0.141247046042694"
"TEX26","0.134830884846846"
"TEX26-AS1","0.138723243955604"
"TEX261","0.138120042135644"
"TEX264","0.143200677790922"
"TEX28","0.143265443313958"
"TEX29","0.137668060615058"
"TEX30","0.142908321943347"
"TEX33","0.137646589123196"
"TEX35","0.142908321943347"
"TEX36","0.13959769242964"
"TEX37","0.142439751384756"
"TEX38","0.139969414762829"
"TEX40","0.139189591451924"
"TEX41","0.143200677790922"
"TEX43","0.139969414762829"
"TEX9","0.141247046042694"
"TF","0.14077143003946"
"TFAM","0.14165417262898"
"TFAP2A","0.13664792949653"
"TFAP2A-AS1","0.139969414762829"
"TFAP2B","0.142798475106513"
"TFAP2C","0.139348591872008"
"TFAP2D","0.137386945008175"
"TFAP2E","0.143200677790922"
"TFAP4","0.138120042135644"
"TFB1M","0.142439751384756"
"TFB2M","0.134894631494907"
"TFCP2","0.142943907398819"
"TFCP2L1","0.139214620679624"
"TFDP1","0.141496432601565"
"TFDP2","0.136052771858628"
"TFDP3","0.14127529261414"
"TFE3","0.138502396478601"
"TFEB","0.137386945008175"
"TFEC","0.141585453592706"
"TFF1","0.141584967128044"
"TFF2","0.141247046042694"
"TFF3","0.14165417262898"
"TFG","0.139969414762829"
"TFIP11","0.137307896872609"
"TFPI","0.137676869544318"
"TFPI2","0.138502396478601"
"TFPT","0.141378384489121"
"TFR2","0.138381164642937"
"TFRC","0.136394918089229"
"TG","0.141378384489121"
"TGDS","0.139189591451924"
"TGFA","0.139290526714405"
"TGFB1","0.141378384489121"
"TGFB1I1","0.13959769242964"
"TGFB2","0.142943907398819"
"TGFB2-AS1","0.140662099534341"
"TGFB3","0.141378384489121"
"TGFBI","0.138381164642937"
"TGFBR1","0.138570028552732"
"TGFBR2","0.142270742823022"
"TGFBR3","0.139969414762829"
"TGFBR3L","0.138381164642937"
"TGFBRAP1","0.137386945008175"
"TGIF1","0.13959769242964"
"TGIF2","0.139969414762829"
"TGIF2-C20orf24","0.140405808229767"
"TGIF2LX","0.139348591872008"
"TGM1","0.137129936065905"
"TGM2","0.139348591872008"
"TGM3","0.138723243955604"
"TGM4","0.137307896872609"
"TGM5","0.137566778458767"
"TGM7","0.139348591872008"
"TGOLN2","0.14267294550743"
"TGS1","0.138381164642937"
"TH","0.142416175115327"
"TH2LCRR","0.139348591872008"
"THADA","0.139969414762829"
"THAP1","0.140744411218563"
"THAP10","0.142805188322327"
"THAP11","0.141247046042694"
"THAP2","0.141247046042694"
"THAP3","0.138502396478601"
"THAP4","0.13959769242964"
"THAP5","0.141584967128044"
"THAP6","0.140913713228343"
"THAP7","0.13675715837446"
"THAP7-AS1","0.141247046042694"
"THAP8","0.136052771858628"
"THAP9","0.141584967128044"
"THAP9-AS1","0.134510766417727"
"THBD","0.137676869544318"
"THBS1","0.139348591872008"
"THBS2","0.139189591451924"
"THBS3","0.132794914910243"
"THBS4","0.140020337048151"
"THCAT158","0.135043207909735"
"THEG","0.14213242080246"
"THEGL","0.143025796982653"
"THEM4","0.142805188322327"
"THEM5","0.139189591451924"
"THEM6","0.138570028552732"
"THEMIS","0.139432840982689"
"THEMIS2","0.139214620679624"
"THG1L","0.138736606073815"
"THNSL1","0.138736606073815"
"THNSL2","0.142439751384756"
"THOC1","0.139189591451924"
"THOC2","0.141247046042694"
"THOC3","0.138736606073815"
"THOC5","0.138381164642937"
"THOC6","0.140488119913989"
"THOC7","0.14165417262898"
"THOC7-AS1","0.137129936065905"
"THOP1","0.142439751384756"
"THPO","0.140907921174175"
"THRA","0.142439751384756"
"THRA1/BTR","0.140744411218563"
"THRAP3","0.139348591872008"
"THRB","0.140744411218563"
"THRIL","0.140324751767075"
"THRSP","0.139432840982689"
"THSD1","0.142943907398819"
"THSD4","0.138381164642937"
"THSD4-AS1","0.139348591872008"
"THSD7A","0.134894631494907"
"THSD7B","0.139189591451924"
"THTPA","0.141264066275979"
"THUMPD1","0.138570028552732"
"THUMPD2","0.137386945008175"
"THUMPD3","0.138502396478601"
"THUMPD3-AS1","0.139348591872008"
"THY1","0.138381164642937"
"THYN1","0.13675715837446"
"TIA1","0.135687186664714"
"TIAF1","0.138463801801433"
"TIAL1","0.141584967128044"
"TIAM1","0.138381164642937"
"TIAM2","0.139189591451924"
"TICAM1","0.14071810854411"
"TICAM2","0.141378384489121"
"TICRR","0.14077143003946"
"TIE1","0.137307896872609"
"TIFA","0.139432840982689"
"TIFAB","0.138502396478601"
"TIGAR","0.141584967128044"
"TIGD1","0.13959769242964"
"TIGD2","0.138120042135644"
"TIGD3","0.142943907398819"
"TIGD4","0.139432840982689"
"TIGD5","0.13664792949653"
"TIGD6","0.14165417262898"
"TIGD7","0.136052771858628"
"TIGIT","0.138381164642937"
"TIMD4","0.139969414762829"
"TIMELESS","0.138381164642937"
"TIMM10","0.139348591872008"
"TIMM10B","0.140324751767075"
"TIMM13","0.136394918089229"
"TIMM17A","0.138381164642937"
"TIMM17B","0.14077143003946"
"TIMM21","0.138381164642937"
"TIMM22","0.139348591872008"
"TIMM23","0.142439751384756"
"TIMM23B","0.138736606073815"
"TIMM44","0.136052771858628"
"TIMM50","0.139348591872008"
"TIMM8A","0.138570028552732"
"TIMM8B","0.139432840982689"
"TIMM9","0.140907921174175"
"TIMMDC1","0.141126440345488"
"TIMP1","0.13959769242964"
"TIMP2","0.138570028552732"
"TIMP3","0.140907921174175"
"TIMP4","0.139432840982689"
"TINAG","0.137386945008175"
"TINAGL1","0.135043207909735"
"TINCR","0.141378384489121"
"TINF2","0.137129936065905"
"TIPARP","0.138381164642937"
"TIPARP-AS1","0.139189591451924"
"TIPIN","0.137566778458767"
"TIPRL","0.137566778458767"
"TIRAP","0.14165417262898"
"TISP43","0.140907921174175"
"TJAP1","0.137129936065905"
"TJP1","0.140744411218563"
"TJP2","0.139189591451924"
"TJP3","0.13675715837446"
"TK1","0.141378384489121"
"TK2","0.138381164642937"
"TKFC","0.140907921174175"
"TKT","0.137566778458767"
"TKTL1","0.138502396478601"
"TKTL2","0.138695698236105"
"TLCD1","0.139348591872008"
"TLCD2","0.138502396478601"
"TLDC1","0.14077143003946"
"TLDC2","0.140872029736184"
"TLE1","0.141912019101264"
"TLE2","0.137566778458767"
"TLE3","0.139969414762829"
"TLE4","0.138570028552732"
"TLE6","0.140768676858017"
"TLK1","0.136569746850945"
"TLK2","0.134894631494907"
"TLL1","0.138736606073815"
"TLL2","0.138502396478601"
"TLN1","0.137566778458767"
"TLN2","0.138502396478601"
"TLR1","0.140907921174175"
"TLR10","0.136569746850945"
"TLR2","0.139189591451924"
"TLR3","0.140488119913989"
"TLR4","0.134894631494907"
"TLR5","0.138381164642937"
"TLR6","0.139189591451924"
"TLR7","0.139348591872008"
"TLR8","0.138212668012765"
"TLR8-AS1","0.137386945008175"
"TLR9","0.137307896872609"
"TLX1","0.139189591451924"
"TLX2","0.138502396478601"
"TLX3","0.137129936065905"
"TM2D1","0.137307896872609"
"TM2D2","0.134830884846846"
"TM2D3","0.13959769242964"
"TM4SF1","0.138570028552732"
"TM4SF1-AS1","0.140257537220932"
"TM4SF18","0.137129936065905"
"TM4SF19","0.137307896872609"
"TM4SF19-AS1","0.138381164642937"
"TM4SF19-TCTEX1D2","0.137668060615058"
"TM4SF20","0.141378384489121"
"TM4SF4","0.136674339490393"
"TM4SF5","0.137668060615058"
"TM6SF1","0.136569746850945"
"TM6SF2","0.136569746850945"
"TM7SF2","0.138120042135644"
"TM7SF3","0.13959769242964"
"TM9SF1","0.137566778458767"
"TM9SF2","0.140324751767075"
"TM9SF3","0.13124709906955"
"TM9SF4","0.136674339490393"
"TMA16","0.138120042135644"
"TMA7","0.138120042135644"
"TMBIM1","0.138736606073815"
"TMBIM4","0.136394918089229"
"TMBIM6","0.139189591451924"
"TMC1","0.136394918089229"
"TMC2","0.138502396478601"
"TMC3","0.140324751767075"
"TMC3-AS1","0.137566778458767"
"TMC4","0.135853236335355"
"TMC5","0.138570028552732"
"TMC6","0.13810407604243"
"TMC7","0.137668060615058"
"TMC8","0.140907921174175"
"TMCC1","0.135853236335355"
"TMCC1-AS1","0.139969414762829"
"TMCC2","0.13675715837446"
"TMCC3","0.137668060615058"
"TMCO1","0.134809174208099"
"TMCO2","0.137668060615058"
"TMCO3","0.136394918089229"
"TMCO4","0.137307896872609"
"TMCO5A","0.134894631494907"
"TMCO6","0.13959769242964"
"TMED1","0.137129936065905"
"TMED10","0.138736606073815"
"TMED2","0.137668060615058"
"TMED3","0.138502396478601"
"TMED4","0.139348591872008"
"TMED5","0.136674339490393"
"TMED6","0.13675715837446"
"TMED7","0.138769029077763"
"TMED7-TICAM2","0.138702063244232"
"TMED8","0.140488119913989"
"TMED9","0.133931763664418"
"TMEFF1","0.139348591872008"
"TMEFF2","0.137307896872609"
"TMEM100","0.139969414762829"
"TMEM101","0.139432840982689"
"TMEM102","0.137566778458767"
"TMEM104","0.139969414762829"
"TMEM105","0.141265342866281"
"TMEM106A","0.134809174208099"
"TMEM106B","0.137667066195726"
"TMEM106C","0.140324751767075"
"TMEM107","0.133931763664418"
"TMEM108","0.139189591451924"
"TMEM108-AS1","0.138120042135644"
"TMEM109","0.137307896872609"
"TMEM11","0.140907921174175"
"TMEM110","0.137386945008175"
"TMEM110-MUSTN1","0.139189591451924"
"TMEM114","0.139432840982689"
"TMEM115","0.138736606073815"
"TMEM116","0.139189591451924"
"TMEM117","0.137307896872609"
"TMEM119","0.14001847567723"
"TMEM120A","0.132505403378715"
"TMEM120B","0.137668060615058"
"TMEM121","0.139189591451924"
"TMEM123","0.138381164642937"
"TMEM125","0.138736606073815"
"TMEM126A","0.14165417262898"
"TMEM126B","0.140629957781526"
"TMEM127","0.140744411218563"
"TMEM128","0.137668060615058"
"TMEM129","0.140328201793815"
"TMEM130","0.138570028552732"
"TMEM131","0.135807864150196"
"TMEM132A","0.138213202176134"
"TMEM132B","0.137307896872609"
"TMEM132C","0.137668060615058"
"TMEM132D","0.135043207909735"
"TMEM132E","0.139969414762829"
"TMEM133","0.139189591451924"
"TMEM134","0.137668060615058"
"TMEM135","0.137566778458767"
"TMEM136","0.138043972878045"
"TMEM138","0.135043207909735"
"TMEM139","0.138381164642937"
"TMEM140","0.140744411218563"
"TMEM141","0.139960387630497"
"TMEM143","0.139471022002814"
"TMEM144","0.139432840982689"
"TMEM145","0.137129936065905"
"TMEM147","0.138381164642937"
"TMEM147-AS1","0.138043972878045"
"TMEM14A","0.140854316136743"
"TMEM14B","0.137129936065905"
"TMEM14C","0.138502396478601"
"TMEM14EP","0.136674339490393"
"TMEM150A","0.135043207909735"
"TMEM150B","0.138043972878045"
"TMEM150C","0.139189591451924"
"TMEM151A","0.137307896872609"
"TMEM151B","0.138240024192235"
"TMEM154","0.134894631494907"
"TMEM155","0.138120042135644"
"TMEM156","0.139189591451924"
"TMEM158","0.136394918089229"
"TMEM159","0.139348591872008"
"TMEM160","0.137668060615058"
"TMEM161A","0.137668060615058"
"TMEM161B","0.13959769242964"
"TMEM161B-AS1","0.136394918089229"
"TMEM163","0.137668060615058"
"TMEM164","0.136394918089229"
"TMEM165","0.137307896872609"
"TMEM167A","0.138043972878045"
"TMEM167B","0.133381650387615"
"TMEM168","0.138240024192235"
"TMEM169","0.139144915371196"
"TMEM17","0.138502396478601"
"TMEM170A","0.134809174208099"
"TMEM170B","0.138240024192235"
"TMEM171","0.13781564751636"
"TMEM173","0.138240024192235"
"TMEM174","0.135043207909735"
"TMEM175","0.136674339490393"
"TMEM176A","0.137668060615058"
"TMEM176B","0.141004997718317"
"TMEM177","0.137307896872609"
"TMEM178A","0.138502396478601"
"TMEM178B","0.139093862020371"
"TMEM179","0.138651002544375"
"TMEM179B","0.137668060615058"
"TMEM18","0.138208873790323"
"TMEM181","0.13907737668854"
"TMEM182","0.137129936065905"
"TMEM183A","0.137848987267744"
"TMEM184A","0.134894631494907"
"TMEM184B","0.131384435445096"
"TMEM184C","0.139348591872008"
"TMEM185A","0.138240024192235"
"TMEM185B","0.137129936065905"
"TMEM186","0.139189591451924"
"TMEM187","0.136674339490393"
"TMEM189","0.140744411218563"
"TMEM189-UBE2V1","0.134894631494907"
"TMEM19","0.137129936065905"
"TMEM190","0.134510766417727"
"TMEM191B","0.138602425755451"
"TMEM191C","0.138043972878045"
"TMEM192","0.133381650387615"
"TMEM196","0.137129936065905"
"TMEM198","0.140253013738787"
"TMEM199","0.138905108699197"
"TMEM2","0.136569746850945"
"TMEM200A","0.133931763664418"
"TMEM200B","0.136674339490393"
"TMEM200C","0.13725549362278"
"TMEM201","0.13675715837446"
"TMEM202","0.136084490536225"
"TMEM203","0.138502396478601"
"TMEM204","0.134894631494907"
"TMEM205","0.139189591451924"
"TMEM206","0.138736606073815"
"TMEM207","0.137566778458767"
"TMEM208","0.13675715837446"
"TMEM209","0.138570028552732"
"TMEM210","0.13675715837446"
"TMEM211","0.137307896872609"
"TMEM212","0.138381164642937"
"TMEM213","0.136674339490393"
"TMEM214","0.138336255330027"
"TMEM215","0.137386945008175"
"TMEM216","0.138381164642937"
"TMEM217","0.135782342697503"
"TMEM218","0.138570028552732"
"TMEM219","0.139189591451924"
"TMEM220","0.137129936065905"
"TMEM220-AS1","0.138043972878045"
"TMEM221","0.135043207909735"
"TMEM222","0.138043972878045"
"TMEM223","0.136084490536225"
"TMEM229A","0.138576653116879"
"TMEM229B","0.137386945008175"
"TMEM230","0.137307896872609"
"TMEM231","0.138661859168433"
"TMEM232","0.137974664195109"
"TMEM233","0.134809174208099"
"TMEM234","0.135043207909735"
"TMEM235","0.135930027752814"
"TMEM236","0.135782342697503"
"TMEM237","0.137668060615058"
"TMEM238","0.136859212724683"
"TMEM239","0.138381164642937"
"TMEM240","0.136569746850945"
"TMEM241","0.134510766417727"
"TMEM242","0.137307896872609"
"TMEM243","0.137075646326694"
"TMEM244","0.137318895857458"
"TMEM245","0.136394918089229"
"TMEM246","0.13675715837446"
"TMEM246-AS1","0.134894631494907"
"TMEM247","0.137668060615058"
"TMEM248","0.135043207909735"
"TMEM249","0.138208873790323"
"TMEM25","0.136394918089229"
"TMEM251","0.137381219132834"
"TMEM252","0.13781564751636"
"TMEM253","0.136449601057646"
"TMEM254","0.13675715837446"
"TMEM254-AS1","0.136227397396468"
"TMEM255A","0.135782342697503"
"TMEM255B","0.138381164642937"
"TMEM256","0.135782342697503"
"TMEM256-PLSCR3","0.136084490536225"
"TMEM257","0.138043972878045"
"TMEM258","0.138259952834131"
"TMEM259","0.136674339490393"
"TMEM26","0.136569746850945"
"TMEM26-AS1","0.138570028552732"
"TMEM260","0.137566778458767"
"TMEM261","0.138043972878045"
"TMEM262","0.136674339490393"
"TMEM263","0.138502396478601"
"TMEM266","0.134809174208099"
"TMEM27","0.136569746850945"
"TMEM30A","0.135782342697503"
"TMEM30B","0.132780010867904"
"TMEM30C","0.137386945008175"
"TMEM31","0.137432618836077"
"TMEM33","0.134894631494907"
"TMEM35","0.134894631494907"
"TMEM37","0.136616178578729"
"TMEM38A","0.13701995267623"
"TMEM38B","0.136084490536225"
"TMEM39A","0.136404954959169"
"TMEM39B","0.134544071992696"
"TMEM40","0.134894631494907"
"TMEM41A","0.136571532480252"
"TMEM41B","0.134809174208099"
"TMEM42","0.136394918089229"
"TMEM43","0.135043207909735"
"TMEM44","0.138336255330027"
"TMEM44-AS1","0.137566778458767"
"TMEM45A","0.136569746850945"
"TMEM45B","0.138240024192235"
"TMEM47","0.136674339490393"
"TMEM5","0.134894631494907"
"TMEM5-AS1","0.136394918089229"
"TMEM50A","0.138570028552732"
"TMEM50B","0.13675715837446"
"TMEM51","0.137848987267744"
"TMEM51-AS1","0.136394918089229"
"TMEM52","0.138240024192235"
"TMEM52B","0.13675715837446"
"TMEM53","0.137668060615058"
"TMEM54","0.137668060615058"
"TMEM55A","0.13675715837446"
"TMEM55B","0.138043972878045"
"TMEM56","0.136582838827346"
"TMEM56-RWDD3","0.138381164642937"
"TMEM57","0.135736970512344"
"TMEM59","0.138381164642937"
"TMEM59L","0.133381650387615"
"TMEM60","0.138576453193275"
"TMEM61","0.137566778458767"
"TMEM62","0.138240024192235"
"TMEM63A","0.136084490536225"
"TMEM63B","0.138240024192235"
"TMEM63C","0.139432840982689"
"TMEM64","0.138240024192235"
"TMEM65","0.138502396478601"
"TMEM67","0.138381164642937"
"TMEM68","0.138043972878045"
"TMEM69","0.137386945008175"
"TMEM70","0.137386945008175"
"TMEM71","0.138820859588516"
"TMEM72","0.137307896872609"
"TMEM72-AS1","0.136084490536225"
"TMEM74","0.138570028552732"
"TMEM74B","0.138240024192235"
"TMEM78","0.138240024192235"
"TMEM79","0.137477264934554"
"TMEM80","0.136569746850945"
"TMEM81","0.136394918089229"
"TMEM82","0.136394918089229"
"TMEM86A","0.138736606073815"
"TMEM86B","0.137129936065905"
"TMEM87A","0.138043972878045"
"TMEM87B","0.136394918089229"
"TMEM88","0.135043207909735"
"TMEM88B","0.138502396478601"
"TMEM89","0.140324751767075"
"TMEM8A","0.135841566020161"
"TMEM8B","0.13664792949653"
"TMEM8C","0.137307896872609"
"TMEM9","0.138213202176134"
"TMEM91","0.138736606073815"
"TMEM92","0.136569746850945"
"TMEM92-AS1","0.137307896872609"
"TMEM94","0.137129936065905"
"TMEM95","0.132858033082153"
"TMEM97","0.138570028552732"
"TMEM98","0.139348591872008"
"TMEM99","0.138240024192235"
"TMEM9B","0.136674339490393"
"TMEM9B-AS1","0.137386945008175"
"TMF1","0.137566778458767"
"TMIE","0.136947456203532"
"TMIGD1","0.138240024192235"
"TMIGD2","0.139069960146148"
"TMIGD3","0.13959769242964"
"TMLHE","0.131048721529256"
"TMLHE-AS1","0.132858033082153"
"TMOD1","0.138736606073815"
"TMOD2","0.138240024192235"
"TMOD3","0.13675715837446"
"TMOD4","0.138043972878045"
"TMPO","0.137566778458767"
"TMPO-AS1","0.139969414762829"
"TMPPE","0.135043207909735"
"TMPRSS11A","0.137307896872609"
"TMPRSS11B","0.138570028552732"
"TMPRSS11D","0.137386945008175"
"TMPRSS11E","0.132858033082153"
"TMPRSS11F","0.138043972878045"
"TMPRSS12","0.137307896872609"
"TMPRSS13","0.136450516858199"
"TMPRSS15","0.138502396478601"
"TMPRSS2","0.137307896872609"
"TMPRSS3","0.138381164642937"
"TMPRSS4","0.139144915371196"
"TMPRSS4-AS1","0.139432840982689"
"TMPRSS5","0.137566778458767"
"TMPRSS6","0.137668060615058"
"TMPRSS7","0.138240024192235"
"TMPRSS9","0.13675715837446"
"TMSB10","0.138570028552732"
"TMSB15A","0.137566778458767"
"TMSB15B","0.135266250062868"
"TMSB4X","0.137668060615058"
"TMSB4Y","0.137668060615058"
"TMTC1","0.133924815190215"
"TMTC2","0.136450516858199"
"TMTC3","0.139641811412295"
"TMTC4","0.137129936065905"
"TMUB1","0.137386945008175"
"TMUB2","0.137668060615058"
"TMX1","0.139189591451924"
"TMX2","0.1404466904801"
"TMX2-CTNND1","0.137566778458767"
"TMX3","0.137129936065905"
"TMX4","0.138793976048945"
"TNC","0.138736606073815"
"TNF","0.142118543680008"
"TNFAIP1","0.137478950351307"
"TNFAIP2","0.134544071992696"
"TNFAIP3","0.136450516858199"
"TNFAIP6","0.139189591451924"
"TNFAIP8","0.139348591872008"
"TNFAIP8L1","0.135043207909735"
"TNFAIP8L2","0.136450516858199"
"TNFAIP8L3","0.137386945008175"
"TNFRSF10A","0.139590499942248"
"TNFRSF10B","0.134809174208099"
"TNFRSF10C","0.138570028552732"
"TNFRSF10D","0.139432840982689"
"TNFRSF11A","0.137566778458767"
"TNFRSF11B","0.137129936065905"
"TNFRSF12A","0.137668060615058"
"TNFRSF13B","0.139348591872008"
"TNFRSF13C","0.139348591872008"
"TNFRSF14","0.138240024192235"
"TNFRSF17","0.139590499942248"
"TNFRSF18","0.138240024192235"
"TNFRSF19","0.138381164642937"
"TNFRSF1A","0.139348591872008"
"TNFRSF1B","0.137668060615058"
"TNFRSF21","0.139189591451924"
"TNFRSF25","0.140757620228164"
"TNFRSF4","0.136674339490393"
"TNFRSF8","0.139969414762829"
"TNFRSF9","0.136450516858199"
"TNFSF10","0.139189591451924"
"TNFSF11","0.140778833805256"
"TNFSF12","0.139641811412295"
"TNFSF13","0.14077143003946"
"TNFSF13B","0.1404466904801"
"TNFSF14","0.138502396478601"
"TNFSF15","0.14050132892359"
"TNFSF18","0.1404466904801"
"TNFSF4","0.138570028552732"
"TNFSF8","0.139641811412295"
"TNFSF9","0.138723243955604"
"TNIK","0.139189591451924"
"TNIP1","0.139969414762829"
"TNIP2","0.138240024192235"
"TNIP3","0.139641811412295"
"TNK1","0.137566778458767"
"TNK2","0.138570028552732"
"TNK2-AS1","0.137566778458767"
"TNKS","0.138570028552732"
"TNKS1BP1","0.137307896872609"
"TNKS2","0.141584967128044"
"TNKS2-AS1","0.140907921174175"
"TNMD","0.137668060615058"
"TNN","0.139432840982689"
"TNNC1","0.138502396478601"
"TNNC2","0.139951990020358"
"TNNI1","0.138570028552732"
"TNNI2","0.14050132892359"
"TNNI3","0.139969414762829"
"TNNI3K","0.142943907398819"
"TNNT1","0.141265342866281"
"TNNT2","0.138043972878045"
"TNNT3","0.141584967128044"
"TNPO1","0.139189591451924"
"TNPO2","0.141547465176753"
"TNPO3","0.140324751767075"
"TNR","0.137307896872609"
"TNRC18","0.14267294550743"
"TNRC6A","0.138502396478601"
"TNRC6B","0.1404466904801"
"TNRC6C","0.142416175115327"
"TNS1","0.138210806641845"
"TNS2","0.140832357807878"
"TNS3","0.138240024192235"
"TNS4","0.142755865463628"
"TNXB","0.141265342866281"
"TOB1","0.139969414762829"
"TOB2","0.138502396478601"
"TOE1","0.139590499942248"
"TOLLIP","0.139641811412295"
"TOLLIP-AS1","0.140324751767075"
"TOM1","0.139590499942248"
"TOM1L1","0.135841566020161"
"TOM1L2","0.139641811412295"
"TOMM20","0.134036144849626"
"TOMM20L","0.139590499942248"
"TOMM22","0.138381164642937"
"TOMM34","0.130254316535104"
"TOMM40","0.139424497906789"
"TOMM40L","0.141046910544452"
"TOMM5","0.137668060615058"
"TOMM7","0.138570028552732"
"TOMM70A","0.137307896872609"
"TONSL","0.138240024192235"
"TONSL-AS1","0.138502396478601"
"TOP1","0.137129936065905"
"TOP1MT","0.140907921174175"
"TOP2A","0.1404466904801"
"TOP2B","0.14077143003946"
"TOP3A","0.142943907398819"
"TOP3B","0.137386945008175"
"TOPAZ1","0.13675715837446"
"TOPBP1","0.137129936065905"
"TOPORS","0.143659014767694"
"TOPORS-AS1","0.136674339490393"
"TOR1A","0.137547096638124"
"TOR1AIP1","0.140324751767075"
"TOR1AIP2","0.137566778458767"
"TOR1B","0.143025796982653"
"TOR2A","0.139590499942248"
"TOR3A","0.138570028552732"
"TOR4A","0.138570028552732"
"TOX","0.142755865463628"
"TOX2","0.138736606073815"
"TOX3","0.138570028552732"
"TOX4","0.144761375906666"
"TP53","0.139590499942248"
"TP53AIP1","0.14077143003946"
"TP53BP1","0.139189591451924"
"TP53BP2","0.139290526714405"
"TP53I11","0.137668060615058"
"TP53I13","0.139189591451924"
"TP53I3","0.138502396478601"
"TP53INP1","0.138502396478601"
"TP53INP2","0.139189591451924"
"TP53RK","0.143200677790922"
"TP53TG1","0.140324751767075"
"TP53TG3","0.138570028552732"
"TP53TG3D","0.14050132892359"
"TP53TG5","0.142943907398819"
"TP63","0.138736606073815"
"TP73","0.137129936065905"
"TP73-AS1","0.142755865463628"
"TPBG","0.142943907398819"
"TPBGL","0.136278485979987"
"TPCN1","0.138381164642937"
"TPCN2","0.138043972878045"
"TPD52","0.137386945008175"
"TPD52L1","0.138669680820195"
"TPD52L2","0.139189591451924"
"TPD52L3","0.138355808223737"
"TPGS1","0.137566778458767"
"TPGS2","0.138240024192235"
"TPH1","0.136674339490393"
"TPH2","0.138736606073815"
"TPI1","0.141676070860001"
"TPK1","0.140324751767075"
"TPM1","0.137386945008175"
"TPM2","0.138570028552732"
"TPM3","0.140907921174175"
"TPM4","0.138043972878045"
"TPMT","0.139590499942248"
"TPO","0.139189591451924"
"TPP1","0.14077143003946"
"TPP2","0.134544071992696"
"TPPP","0.134809174208099"
"TPPP2","0.141265342866281"
"TPPP3","0.134894631494907"
"TPR","0.138570028552732"
"TPRA1","0.137566778458767"
"TPRG1","0.138570028552732"
"TPRG1-AS1","0.138043972878045"
"TPRG1-AS2","0.139189591451924"
"TPRG1L","0.141265342866281"
"TPRKB","0.13675715837446"
"TPRN","0.140324751767075"
"TPRXL","0.139424497906789"
"TPSAB1","0.137307896872609"
"TPSB2","0.138570028552732"
"TPSD1","0.141686007286559"
"TPSG1","0.139641811412295"
"TPST1","0.138381164642937"
"TPST2","0.138463801801433"
"TPT1","0.139641811412295"
"TPT1-AS1","0.141057234844552"
"TPTE","0.141265342866281"
"TPTE2","0.139590499942248"
"TPTEP1","0.139153793275341"
"TPX2","0.137668060615058"
"TRA2A","0.139641811412295"
"TRA2B","0.134809174208099"
"TRABD","0.142063539611299"
"TRABD2A","0.139969414762829"
"TRABD2B","0.138502396478601"
"TRAC","0.139189591451924"
"TRADD","0.138240024192235"
"TRAF1","0.139969414762829"
"TRAF2","0.135043207909735"
"TRAF3","0.14077143003946"
"TRAF3IP1","0.139590499942248"
"TRAF3IP2","0.141265342866281"
"TRAF3IP2-AS1","0.1404466904801"
"TRAF3IP3","0.138381164642937"
"TRAF4","0.139969414762829"
"TRAF5","0.137386945008175"
"TRAF6","0.141265342866281"
"TRAF7","0.139189591451924"
"TRAFD1","0.138043972878045"
"TRAIP","0.136674339490393"
"TRAK1","0.14050132892359"
"TRAK2","0.137668060615058"
"TRAM1","0.14050132892359"
"TRAM1L1","0.137129936065905"
"TRAM2","0.135586275994451"
"TRAM2-AS1","0.141534762310524"
"TRANK1","0.137129936065905"
"TRAP1","0.139189591451924"
"TRAPPC1","0.135841566020161"
"TRAPPC10","0.137977026775034"
"TRAPPC11","0.137566778458767"
"TRAPPC12","0.138381164642937"
"TRAPPC12-AS1","0.137129936065905"
"TRAPPC13","0.138240024192235"
"TRAPPC2","0.140324751767075"
"TRAPPC2L","0.138381164642937"
"TRAPPC2P1","0.140757620228164"
"TRAPPC3","0.138381164642937"
"TRAPPC3L","0.138502396478601"
"TRAPPC4","0.137977026775034"
"TRAPPC5","0.137307896872609"
"TRAPPC6A","0.136450516858199"
"TRAPPC6B","0.138570028552732"
"TRAPPC8","0.134544071992696"
"TRAPPC9","0.136450516858199"
"TRAT1","0.140907921174175"
"TRAV1-1","0.137386945008175"
"TRAV1-2","0.137307896872609"
"TRAV10","0.14050132892359"
"TRAV11","0.137977026775034"
"TRAV12-1","0.136674339490393"
"TRAV12-2","0.137566778458767"
"TRAV12-3","0.138381164642937"
"TRAV13-1","0.139590499942248"
"TRAV13-2","0.14050132892359"
"TRAV14DV4","0.138381164642937"
"TRAV15","0.137566778458767"
"TRAV16","0.142122218934064"
"TRAV17","0.138502396478601"
"TRAV18","0.142529078543619"
"TRAV19","0.139641811412295"
"TRAV2","0.139969414762829"
"TRAV20","0.139590499942248"
"TRAV21","0.137668060615058"
"TRAV22","0.139424497906789"
"TRAV23DV6","0.139641811412295"
"TRAV24","0.137566778458767"
"TRAV25","0.139590499942248"
"TRAV26-1","0.139424497906789"
"TRAV26-2","0.139556854854755"
"TRAV27","0.138736606073815"
"TRAV29DV5","0.137668060615058"
"TRAV3","0.139189591451924"
"TRAV30","0.139424497906789"
"TRAV33","0.139189591451924"
"TRAV34","0.138736606073815"
"TRAV35","0.137386945008175"
"TRAV36DV7","0.132780010867904"
"TRAV37","0.13675715837446"
"TRAV38-1","0.139969414762829"
"TRAV38-2DV8","0.137977026775034"
"TRAV39","0.137566778458767"
"TRAV4","0.138736606073815"
"TRAV40","0.137386945008175"
"TRAV41","0.138381164642937"
"TRAV5","0.137668060615058"
"TRAV6","0.138217708824564"
"TRAV8-1","0.137566778458767"
"TRAV8-2","0.137668060615058"
"TRAV8-3","0.134894631494907"
"TRAV8-4","0.139641811412295"
"TRAV8-5","0.141584967128044"
"TRAV8-6","0.138502396478601"
"TRAV9-1","0.137668060615058"
"TRAV9-2","0.140488119913989"
"TRBC1","0.141265342866281"
"TRBC2","0.141584967128044"
"TRBV1","0.139641811412295"
"TRBV10-1","0.142789213180496"
"TRBV10-2","0.137307896872609"
"TRBV10-3","0.137566778458767"
"TRBV11-1","0.134544071992696"
"TRBV11-2","0.139590499942248"
"TRBV11-3","0.138381164642937"
"TRBV12-1","0.136674339490393"
"TRBV12-2","0.139590499942248"
"TRBV12-3","0.138240024192235"
"TRBV12-4","0.138240024192235"
"TRBV12-5","0.138736606073815"
"TRBV13","0.139138519650967"
"TRBV14","0.135266250062868"
"TRBV15","0.138570028552732"
"TRBV16","0.138736606073815"
"TRBV18","0.139590499942248"
"TRBV19","0.137566778458767"
"TRBV2","0.135043207909735"
"TRBV20-1","0.14077143003946"
"TRBV21-1","0.141336581116331"
"TRBV21OR9-2","0.136674339490393"
"TRBV22-1","0.138381164642937"
"TRBV23-1","0.139189591451924"
"TRBV24-1","0.137386945008175"
"TRBV25-1","0.138240024192235"
"TRBV26OR9-2","0.138570028552732"
"TRBV27","0.13675715837446"
"TRBV28","0.138240024192235"
"TRBV29-1","0.1404466904801"
"TRBV3-1","0.137977026775034"
"TRBV30","0.138570028552732"
"TRBV4-1","0.138570028552732"
"TRBV4-2","0.139590499942248"
"TRBV5-1","0.143345012649035"
"TRBV5-4","0.143025796982653"
"TRBV5-5","0.139590499942248"
"TRBV5-6","0.139424497906789"
"TRBV6-1","0.143200677790922"
"TRBV6-2","0.140907921174175"
"TRBV6-4","0.1404466904801"
"TRBV6-5","0.140907921174175"
"TRBV6-6","0.136674339490393"
"TRBV6-8","0.139189591451924"
"TRBV7-1","0.137668060615058"
"TRBV7-2","0.138736606073815"
"TRBV7-3","0.139641811412295"
"TRBV7-4","0.144309537648955"
"TRBV7-6","0.143872744932527"
"TRBV7-7","0.135928500223136"
"TRBV7-9","0.14050132892359"
"TRBV8-1","0.140216349815496"
"TRBV8-2","0.137129936065905"
"TRBV9","0.142560969983136"
"TRBVB","0.139641811412295"
"TRDC","0.142560969983136"
"TRDMT1","0.138381164642937"
"TRDN","0.14050132892359"
"TRDV1","0.140907921174175"
"TRDV2","0.139590499942248"
"TRDV3","0.141265342866281"
"TREH","0.144152537516289"
"TREM1","0.138570028552732"
"TREM2","0.138502396478601"
"TREML1","0.138502396478601"
"TREML2","0.142560969983136"
"TREML4","0.140081550083208"
"TRERF1","0.143872744932527"
"TRERNA1","0.135586275994451"
"TREX1","0.143200677790922"
"TREX2","0.142560969983136"
"TRG-AS1","0.138240024192235"
"TRGC1","0.137668060615058"
"TRGC2","0.139641811412295"
"TRGV1","0.138141639566965"
"TRGV10","0.144309537648955"
"TRGV11","0.138736606073815"
"TRGV2","0.140081550083208"
"TRGV3","0.138502396478601"
"TRGV4","0.143872744932527"
"TRGV5","0.139424497906789"
"TRGV6","0.142524029732821"
"TRGV7","0.138381164642937"
"TRGV8","0.141265342866281"
"TRGV9","0.137386945008175"
"TRGVA","0.138381164642937"
"TRGVB","0.142560969983136"
"TRH","0.140362130207201"
"TRHDE","0.144981925467436"
"TRHR","0.142560969983136"
"TRIAP1","0.138570028552732"
"TRIB1","0.138381164642937"
"TRIB2","0.1404466904801"
"TRIB3","0.141545069642464"
"TRIL","0.138141639566965"
"TRIM10","0.137566778458767"
"TRIM11","0.139424497906789"
"TRIM13","0.14308085262347"
"TRIM14","0.136674339490393"
"TRIM15","0.140757620228164"
"TRIM16","0.14308692438595"
"TRIM16L","0.1404466904801"
"TRIM17","0.138381164642937"
"TRIM2","0.139590499942248"
"TRIM21","0.139590499942248"
"TRIM22","0.139424497906789"
"TRIM23","0.137668060615058"
"TRIM24","0.138141639566965"
"TRIM25","0.14050132892359"
"TRIM26","0.140081550083208"
"TRIM27","0.14077143003946"
"TRIM28","0.140757620228164"
"TRIM29","0.14468026979978"
"TRIM3","0.14403061520776"
"TRIM31","0.138355808223737"
"TRIM31-AS1","0.140907921174175"
"TRIM32","0.140907921174175"
"TRIM33","0.139641811412295"
"TRIM34","0.139189591451924"
"TRIM35","0.143155017623153"
"TRIM36","0.143171456361771"
"TRIM37","0.143025796982653"
"TRIM38","0.14050132892359"
"TRIM39","0.138355808223737"
"TRIM39-RPP21","0.139641811412295"
"TRIM4","0.145243335809573"
"TRIM40","0.137668060615058"
"TRIM41","0.143200677790922"
"TRIM43","0.139590499942248"
"TRIM44","0.143200677790922"
"TRIM45","0.139556854854755"
"TRIM46","0.137386945008175"
"TRIM47","0.143200677790922"
"TRIM48","0.145289108190158"
"TRIM49","0.14050132892359"
"TRIM49C","0.139641811412295"
"TRIM5","0.143200677790922"
"TRIM50","0.144981925467436"
"TRIM51","0.143736775893847"
"TRIM52","0.140362130207201"
"TRIM54","0.1404466904801"
"TRIM55","0.140757620228164"
"TRIM56","0.140907921174175"
"TRIM58","0.146208283360806"
"TRIM59","0.139424497906789"
"TRIM6","0.142560969983136"
"TRIM60","0.143208983250131"
"TRIM61","0.140907921174175"
"TRIM62","0.140907921174175"
"TRIM63","0.143659014767694"
"TRIM65","0.138570028552732"
"TRIM66","0.140081550083208"
"TRIM67","0.145684874371041"
"TRIM68","0.144981925467436"
"TRIM69","0.139641811412295"
"TRIM7","0.140081550083208"
"TRIM71","0.139590499942248"
"TRIM72","0.14050132892359"
"TRIM73","0.145432592146991"
"TRIM74","0.140081550083208"
"TRIM8","0.144309537648955"
"TRIM9","0.1404466904801"
"TRIML1","0.139189591451924"
"TRIML2","0.145322928375362"
"TRIO","0.143659014767694"
"TRIOBP","0.145243335809573"
"TRIP10","0.144309537648955"
"TRIP11","0.141265342866281"
"TRIP12","0.139189591451924"
"TRIP13","0.138736606073815"
"TRIP4","0.146098979501729"
"TRIP6","0.144981925467436"
"TRIQK","0.143025796982653"
"TRIT1","0.142631743661348"
"TRMO","0.137566778458767"
"TRMT1","0.142560969983136"
"TRMT10A","0.140757620228164"
"TRMT10B","0.145199084224743"
"TRMT10C","0.143872744932527"
"TRMT11","0.143025796982653"
"TRMT112","0.145189257144054"
"TRMT12","0.143608584906962"
"TRMT13","0.139590499942248"
"TRMT1L","0.139290526714405"
"TRMT2A","0.140362130207201"
"TRMT2B","0.143608584906962"
"TRMT44","0.142560969983136"
"TRMT5","0.146510641546751"
"TRMT6","0.138570028552732"
"TRMT61A","0.144309537648955"
"TRMT61B","0.140907921174175"
"TRMU","0.145189257144054"
"TRNAU1AP","0.145289108190158"
"TRNP1","0.142560969983136"
"TRNT1","0.140907921174175"
"TRO","0.14468026979978"
"TROAP","0.145189257144054"
"TROVE2","0.145982909263259"
"TRPA1","0.143200677790922"
"TRPC1","0.140907921174175"
"TRPC3","0.141265342866281"
"TRPC4","0.147113801479378"
"TRPC4AP","0.138736606073815"
"TRPC5OS","0.142560969983136"
"TRPC6","0.139641811412295"
"TRPC7-AS1","0.137566778458767"
"TRPM1","0.139641811412295"
"TRPM2","0.141265342866281"
"TRPM2-AS","0.141265342866281"
"TRPM3","0.14468026979978"
"TRPM4","0.145289108190158"
"TRPM5","0.145189257144054"
"TRPM6","0.140081550083208"
"TRPM7","0.140362130207201"
"TRPM8","0.14077143003946"
"TRPS1","0.140907921174175"
"TRPT1","0.140907921174175"
"TRPV1","0.140757620228164"
"TRPV2","0.143025796982653"
"TRPV3","0.143025796982653"
"TRPV4","0.14077143003946"
"TRPV5","0.143200677790922"
"TRPV6","0.141265342866281"
"TRRAP","0.145189257144054"
"TRUB1","0.14565271673984"
"TRUB2","0.138502396478601"
"TSACC","0.138736606073815"
"TSC1","0.144981925467436"
"TSC2","0.139189591451924"
"TSC22D1","0.145334459419121"
"TSC22D1-AS1","0.140362130207201"
"TSC22D2","0.139232108642841"
"TSC22D3","0.142560969983136"
"TSC22D4","0.14398293016345"
"TSEN15","0.141248322632996"
"TSEN2","0.143025796982653"
"TSEN34","0.14077143003946"
"TSEN54","0.145322928375362"
"TSFM","0.139405330260014"
"TSG101","0.143200677790922"
"TSGA10","0.138355808223737"
"TSGA10IP","0.138915229447522"
"TSGA13","0.1404466904801"
"TSHR","0.143659014767694"
"TSHZ1","0.143025796982653"
"TSHZ2","0.139641811412295"
"TSHZ3","0.139739249233137"
"TSIX","0.139451753778691"
"TSKS","0.143872744932527"
"TSKU","0.140907921174175"
"TSLP","0.138915229447522"
"TSN","0.137307896872609"
"TSNARE1","0.144981925467436"
"TSNAX","0.139739249233137"
"TSNAX-DISC1","0.139739249233137"
"TSNAXIP1","0.1404466904801"
"TSPAN1","0.140907921174175"
"TSPAN10","0.145334459419121"
"TSPAN11","0.140757620228164"
"TSPAN12","0.14050132892359"
"TSPAN13","0.144309537648955"
"TSPAN14","0.139739249233137"
"TSPAN15","0.145243335809573"
"TSPAN16","0.139313876258546"
"TSPAN17","0.143025796982653"
"TSPAN18","0.1404466904801"
"TSPAN19","0.140757620228164"
"TSPAN2","0.139405330260014"
"TSPAN3","0.143025796982653"
"TSPAN31","0.14468026979978"
"TSPAN32","0.14468026979978"
"TSPAN33","0.142447502830196"
"TSPAN4","0.138502396478601"
"TSPAN5","0.139590499942248"
"TSPAN6","0.139641811412295"
"TSPAN7","0.138915229447522"
"TSPAN8","0.14077143003946"
"TSPAN9","0.140113230191557"
"TSPEAR","0.138355808223737"
"TSPEAR-AS1","0.139739249233137"
"TSPEAR-AS2","0.145289108190158"
"TSPO","0.139405330260014"
"TSPO2","0.143659014767694"
"TSPY2","0.138141639566965"
"TSPYL1","0.1404466904801"
"TSPYL2","0.142518276508408"
"TSPYL4","0.140907921174175"
"TSPYL5","0.138141639566965"
"TSPYL6","0.140113230191557"
"TSR1","0.1404466904801"
"TSR2","0.1404466904801"
"TSR3","0.140362130207201"
"TSSC1","0.140113230191557"
"TSSC4","0.144309537648955"
"TSSK1B","0.146098979501729"
"TSSK2","0.144981925467436"
"TSSK3","0.138964790186928"
"TSSK4","0.140808680928021"
"TSSK6","0.136450516858199"
"TST","0.140822490739317"
"TSTA3","0.144981925467436"
"TSTD1","0.140362130207201"
"TSTD2","0.138034208982591"
"TSTD3","0.143659014767694"
"TTBK1","0.144309537648955"
"TTBK2","0.145189257144054"
"TTC1","0.140362130207201"
"TTC12","0.14468026979978"
"TTC13","0.144981925467436"
"TTC14","0.137881226356295"
"TTC16","0.138570028552732"
"TTC17","0.140822490739317"
"TTC19","0.143872744932527"
"TTC21A","0.145322928375362"
"TTC21B","0.143200677790922"
"TTC22","0.137566778458767"
"TTC23","0.138141639566965"
"TTC23L","0.140362130207201"
"TTC24","0.139405330260014"
"TTC25","0.14479519609187"
"TTC26","0.144981925467436"
"TTC27","0.144543312352766"
"TTC28","0.140362130207201"
"TTC29","0.140113230191557"
"TTC3","0.145504509539551"
"TTC3-AS1","0.143211378784421"
"TTC30A","0.144309537648955"
"TTC30B","0.139590499942248"
"TTC31","0.142447502830196"
"TTC32","0.137881226356295"
"TTC33","0.143872744932527"
"TTC34","0.139405330260014"
"TTC36","0.14565271673984"
"TTC37","0.146510641546751"
"TTC38","0.143872744932527"
"TTC39A","0.144981925467436"
"TTC39A-AS1","0.142447502830196"
"TTC39B","0.145289108190158"
"TTC39C","0.14565271673984"
"TTC39C-AS1","0.143200677790922"
"TTC4","0.14050132892359"
"TTC5","0.146975945256189"
"TTC6","0.139739249233137"
"TTC7A","0.138502396478601"
"TTC7B","0.138355808223737"
"TTC8","0.139405330260014"
"TTC9","0.140113230191557"
"TTC9B","0.140113230191557"
"TTC9C","0.143025796982653"
"TTF1","0.144543312352766"
"TTF2","0.14594333810707"
"TTI1","0.14079547191842"
"TTI2","0.140362130207201"
"TTK","0.143659014767694"
"TTL","0.143659014767694"
"TTLL1","0.143872744932527"
"TTLL10","0.144981925467436"
"TTLL10-AS1","0.143872744932527"
"TTLL11","0.139405330260014"
"TTLL11-IT1","0.143200677790922"
"TTLL12","0.14079547191842"
"TTLL2","0.143200677790922"
"TTLL3","0.140808680928021"
"TTLL4","0.14565271673984"
"TTLL5","0.144309537648955"
"TTLL6","0.144876513902393"
"TTLL7","0.142447502830196"
"TTLL9","0.143200677790922"
"TTN","0.143659014767694"
"TTN-AS1","0.145189257144054"
"TTPA","0.14468026979978"
"TTPAL","0.143872744932527"
"TTR","0.14594333810707"
"TTTY10","0.14468026979978"
"TTTY14","0.145334459419121"
"TTTY15","0.138964790186928"
"TTTY5","0.144981925467436"
"TTTY7","0.143200677790922"
"TTTY9B","0.145334459419121"
"TTYH1","0.139590499942248"
"TTYH2","0.14594333810707"
"TTYH3","0.14050132892359"
"TUB","0.145243335809573"
"TUBA1A","0.1404466904801"
"TUBA1B","0.146510641546751"
"TUBA1C","0.143200677790922"
"TUBA3C","0.138964790186928"
"TUBA3D","0.143146089937036"
"TUBA3E","0.145289108190158"
"TUBA4A","0.145189257144054"
"TUBA4B","0.146098979501729"
"TUBA8","0.143872744932527"
"TUBAL3","0.1404466904801"
"TUBB","0.139739249233137"
"TUBB1","0.14050132892359"
"TUBB2A","0.142447502830196"
"TUBB2B","0.143659014767694"
"TUBB3","0.144981925467436"
"TUBB4A","0.142447502830196"
"TUBB4B","0.143200677790922"
"TUBB6","0.138570028552732"
"TUBB8","0.1404466904801"
"TUBD1","0.140822490739317"
"TUBE1","0.139641811412295"
"TUBG1","0.145334459419121"
"TUBG2","0.143025796982653"
"TUBGCP2","0.146217352853728"
"TUBGCP3","0.14565271673984"
"TUBGCP4","0.1404466904801"
"TUBGCP5","0.145243335809573"
"TUBGCP6","0.14565271673984"
"TUFM","0.14594333810707"
"TUFT1","0.140362130207201"
"TUG1","0.145334459419121"
"TULP1","0.144981925467436"
"TULP2","0.145189257144054"
"TULP3","0.147678946778891"
"TULP4","0.144074488228096"
"TUNAR","0.145334459419121"
"TUSC1","0.138573392565877"
"TUSC2","0.139451753778691"
"TUSC3","0.145322928375362"
"TUSC5","0.145243335809573"
"TUSC7","0.146510641546751"
"TUSC8","0.14050132892359"
"TUT1","0.146887855504883"
"TVP23A","0.145243335809573"
"TVP23B","0.143421416152511"
"TVP23C","0.14371578426798"
"TVP23C-CDRT4","0.146098979501729"
"TWF1","0.144309537648955"
"TWF2","0.145189257144054"
"TWIST1","0.14371578426798"
"TWIST2","0.144981925467436"
"TWISTNB","0.143200677790922"
"TWSG1","0.143025796982653"
"TXK","0.140362130207201"
"TXLNA","0.144069988480758"
"TXLNB","0.140113230191557"
"TXLNG","0.1404466904801"
"TXN","0.146510641546751"
"TXN2","0.139590499942248"
"TXNDC11","0.145334459419121"
"TXNDC12","0.140362130207201"
"TXNDC12-AS1","0.143872744932527"
"TXNDC15","0.145334459419121"
"TXNDC16","0.142447502830196"
"TXNDC17","0.14594333810707"
"TXNDC2","0.142447502830196"
"TXNDC5","0.143200677790922"
"TXNDC8","0.147113801479378"
"TXNDC9","0.143025796982653"
"TXNIP","0.144543312352766"
"TXNL1","0.143025796982653"
"TXNL4A","0.139590499942248"
"TXNL4B","0.145289108190158"
"TXNRD1","0.139590499942248"
"TXNRD2","0.144543312352766"
"TXNRD3","0.140808680928021"
"TYK2","0.146186037819036"
"TYMP","0.148345070764723"
"TYMS","0.144981925467436"
"TYR","0.137760985784319"
"TYRO3","0.143025796982653"
"TYROBP","0.143872744932527"
"TYRP1","0.139590499942248"
"TYSND1","0.147113801479378"
"TYW1","0.143200677790922"
"TYW1B","0.14050132892359"
"TYW3","0.143200677790922"
"TYW5","0.140362130207201"
"U2AF1","0.143659014767694"
"U2AF1L4","0.14050132892359"
"U2AF1L5","0.14371578426798"
"U2AF2","0.1404466904801"
"U2SURP","0.145308762813021"
"U47924.27","0.145189257144054"
"U47924.29","0.140362130207201"
"U47924.31","0.144543312352766"
"U47924.32","0.145243335809573"
"U51244.2","0.145289108190158"
"U51561.1","0.145322928375362"
"U52111.14","0.145289108190158"
"U66059.58","0.1404466904801"
"U73166.2","0.143421416152511"
"U82695.5","0.148317909770619"
"U82695.9","0.143025796982653"
"U91319.1","0.146586069195886"
"U91324.1","0.14371578426798"
"U91328.19","0.143659014767694"
"U91328.21","0.145334459419121"
"U91328.22","0.143872744932527"
"U95743.1","0.143421416152511"
"UACA","0.142447502830196"
"UAP1","0.142447502830196"
"UAP1L1","0.144543312352766"
"UBA1","0.143421416152511"
"UBA2","0.146217352853728"
"UBA3","0.14050132892359"
"UBA5","0.143872744932527"
"UBA52","0.145322928375362"
"UBA6","0.146217352853728"
"UBA6-AS1","0.145289108190158"
"UBA7","0.139405330260014"
"UBAC1","0.139405330260014"
"UBAC2","0.14594333810707"
"UBAC2-AS1","0.144543312352766"
"UBALD1","0.1404466904801"
"UBALD2","0.145243335809573"
"UBAP1","0.147678946778891"
"UBAP1L","0.146161847929624"
"UBAP2","0.140362130207201"
"UBAP2L","0.139451753778691"
"UBASH3A","0.146161847929624"
"UBASH3B","0.146037283211147"
"UBB","0.147678946778891"
"UBC","0.143421416152511"
"UBD","0.144105803262788"
"UBE2A","0.139405330260014"
"UBE2B","0.143967590131918"
"UBE2C","0.144543312352766"
"UBE2D1","0.14565271673984"
"UBE2D2","0.146098979501729"
"UBE2D3","0.140113230191557"
"UBE2D4","0.14371578426798"
"UBE2E1","0.14050132892359"
"UBE2E1-AS1","0.144051090518072"
"UBE2E2","0.14565271673984"
"UBE2E2-AS1","0.144981925467436"
"UBE2E3","0.144701117858914"
"UBE2F","0.140079152587411"
"UBE2F-SCLY","0.1438676008284"
"UBE2G1","0.142958618380931"
"UBE2G2","0.14051563068441"
"UBE2H","0.143057867774243"
"UBE2I","0.143159098768009"
"UBE2J1","0.140822654722492"
"UBE2J2","0.144761375906666"
"UBE2K","0.146685543118154"
"UBE2L3","0.142447502830196"
"UBE2L6","0.143421416152511"
"UBE2M","0.145571247218237"
"UBE2N","0.143025796982653"
"UBE2O","0.139590499942248"
"UBE2Q1","0.145243335809573"
"UBE2Q1-AS1","0.14682990340797"
"UBE2Q2","0.145322928375362"
"UBE2Q2L","0.143987429910788"
"UBE2QL1","0.147334309504019"
"UBE2R2","0.146685543118154"
"UBE2R2-AS1","0.145189257144054"
"UBE2S","0.144543312352766"
"UBE2T","0.143211378784421"
"UBE2U","0.143157718820346"
"UBE2V1","0.143421416152511"
"UBE2V2","0.144981925467436"
"UBE2W","0.144543312352766"
"UBE2Z","0.140113230191557"
"UBE3A","0.14050132892359"
"UBE3B","0.143787276266076"
"UBE3C","0.1404466904801"
"UBE3D","0.143932717166072"
"UBE4A","0.145199084224743"
"UBE4B","0.14320307004931"
"UBFD1","0.143100435114927"
"UBIAD1","0.14594333810707"
"UBL3","0.138540034237534"
"UBL4A","0.145300196659411"
"UBL4B","0.140362130207201"
"UBL5","0.143486454404184"
"UBL7","0.144543312352766"
"UBL7-AS1","0.144029925893019"
"UBLCP1","0.14051563068441"
"UBN1","0.142870375876496"
"UBN2","0.140362130207201"
"UBOX5","0.143067694854932"
"UBOX5-AS1","0.146684081614029"
"UBP1","0.140822654722492"
"UBQLN1","0.14050132892359"
"UBQLN2","0.140822654722492"
"UBQLN4","0.142865876129158"
"UBQLNL","0.140822654722492"
"UBR1","0.143025796982653"
"UBR2","0.143136367052058"
"UBR3","0.143779508499717"
"UBR4","0.143768900867731"
"UBR5","0.14050132892359"
"UBR5-AS1","0.143465979093871"
"UBR7","0.144981925467436"
"UBTD1","0.143872744932527"
"UBTD2","0.143188051984488"
"UBTF","0.144543312352766"
"UBTFL1","0.1434782795005"
"UBXN1","0.14403791105776"
"UBXN10","0.143421416152511"
"UBXN10-AS1","0.146789738524822"
"UBXN11","0.143521327370029"
"UBXN2A","0.1404466904801"
"UBXN2B","0.1404466904801"
"UBXN4","0.14050132892359"
"UBXN6","0.145300196659411"
"UBXN7","0.143177086564851"
"UBXN7-AS1","0.1404466904801"
"UBXN8","0.14391224185576"
"UCHL1","0.14050132892359"
"UCHL1-AS1","0.143200677790922"
"UCHL3","0.14051563068441"
"UCHL5","0.143156666039705"
"UCK1","0.139590499942248"
"UCK2","0.142669566090606"
"UCKL1","0.140362130207201"
"UCKL1-AS1","0.14051563068441"
"UCMA","0.143200677790922"
"UCN","0.143148491136022"
"UCN2","0.143779508499717"
"UCN3","0.145327907878167"
"UCP1","0.143827288768792"
"UCP2","0.143163827572617"
"UCP3","0.14281566313178"
"UEVLD","0.138540034237534"
"UFC1","0.143170629811768"
"UFD1L","0.145199084224743"
"UFL1","0.144715603526081"
"UFL1-AS1","0.143156666039705"
"UFM1","0.144761375906666"
"UFSP1","0.143421416152511"
"UFSP2","0.1404466904801"
"UG0898H09","0.143421416152511"
"UGCG","0.143208301691333"
"UGDH","0.14050132892359"
"UGDH-AS1","0.143706416241776"
"UGGT1","0.143200677790922"
"UGGT2","0.143113614575239"
"UGP2","0.144752144627404"
"UGT1A1","0.143793545394133"
"UGT1A10","0.144725438152597"
"UGT1A6","0.140501820873114"
"UGT1A7","0.139590499942248"
"UGT1A8","0.144053523246375"
"UGT1A9","0.14512332462208"
"UGT2A1","0.139590499942248"
"UGT2B10","0.144543312352766"
"UGT2B11","0.139451753778691"
"UGT2B15","0.145243335809573"
"UGT2B17","0.145243335809573"
"UGT2B28","0.145189257144054"
"UGT2B4","0.140113230191557"
"UGT2B7","0.146808431255723"
"UGT3A1","0.145189257144054"
"UGT3A2","0.1431688072896"
"UGT8","0.142536114594899"
"UHMK1","0.143025796982653"
"UHRF1","0.13973685173734"
"UHRF1BP1","0.138864157646564"
"UHRF1BP1L","0.139451753778691"
"UHRF2","0.138540034237534"
"UIMC1","0.144454193183945"
"ULBP1","0.141367816789153"
"ULBP2","0.143755911146361"
"ULBP3","0.14081930284532"
"ULK1","0.143168197083465"
"ULK2","0.142865876129158"
"ULK3","0.143793545394133"
"ULK4","0.141367816789153"
"UMAD1","0.143998719104145"
"UMODL1","0.143156021674921"
"UMPS","0.145243335809573"
"UNC119","0.144772464375919"
"UNC119B","0.143755911146361"
"UNC13A","0.143932717166072"
"UNC13B","0.144543312352766"
"UNC13C","0.145243335809573"
"UNC13D","0.144926482764486"
"UNC45A","0.143178397578127"
"UNC45B","0.141367816789153"
"UNC50","0.145243335809573"
"UNC5A","0.141367816789153"
"UNC5B","0.140113230191557"
"UNC5B-AS1","0.14594333810707"
"UNC5C","0.143203801943996"
"UNC5CL","0.14391953770576"
"UNC5D","0.145334459419121"
"UNC79","0.140822654722492"
"UNC80","0.140822654722492"
"UNC93A","0.142935352183599"
"UNC93B1","0.144543312352766"
"UNCX","0.143421416152511"
"UNG","0.144053523246375"
"UNK","0.146386240889518"
"UNKL","0.145962217042914"
"UNQ6494","0.140113230191557"
"UPB1","0.13973685173734"
"UPF1","0.142536114594899"
"UPF2","0.142935352183599"
"UPF3A","0.143177086564851"
"UPF3B","0.142536114594899"
"UPK1A","0.143488887132487"
"UPK1A-AS1","0.145189257144054"
"UPK1B","0.145300196659411"
"UPK2","0.143736775893847"
"UPK3A","0.138964790186928"
"UPK3B","0.144981925467436"
"UPK3BL","0.142536114594899"
"UPP1","0.145279876910895"
"UPP2","0.146098979501729"
"UPRT","0.146362284126775"
"UQCC1","0.143421416152511"
"UQCC2","0.145189257144054"
"UQCC3","0.145300196659411"
"UQCR10","0.145334459419121"
"UQCR11","0.145300196659411"
"UQCRB","0.143793545394133"
"UQCRC1","0.145189257144054"
"UQCRC2","0.14565271673984"
"UQCRFS1","0.143793545394133"
"UQCRH","0.140501820873114"
"UQCRHL","0.148344548480631"
"UQCRQ","0.144997752141099"
"URAD","0.14565271673984"
"URB1","0.145279876910895"
"URB1-AS1","0.146429288759047"
"URB2","0.141367816789153"
"URGCP","0.140362130207201"
"URGCP-MRPS24","0.144981925467436"
"URI1","0.145322928375362"
"URM1","0.144069988480758"
"UROC1","0.144772464375919"
"UROD","0.144949971872025"
"UROS","0.141367816789153"
"USB1","0.145300196659411"
"USE1","0.145334459419121"
"USF1","0.144957739638383"
"USF2","0.144543312352766"
"USF3","0.146014497059327"
"USH1C","0.145243335809573"
"USH1G","0.146685543118154"
"USH2A","0.147018579607949"
"USHBP1","0.144944119096631"
"USMG5","0.143793545394133"
"USO1","0.144718173122136"
"USP1","0.146992828896209"
"USP10","0.143473274943872"
"USP11","0.143793545394133"
"USP12","0.144543312352766"
"USP12-AS2","0.14594333810707"
"USP13","0.148242876979304"
"USP14","0.143486454404184"
"USP15","0.144061291012734"
"USP16","0.147352627135689"
"USP18","0.145279876910895"
"USP19","0.144981925467436"
"USP2","0.143166866534367"
"USP2-AS1","0.145658305535545"
"USP20","0.143025796982653"
"USP21","0.143211378784421"
"USP22","0.147065587964046"
"USP24","0.145504509539551"
"USP25","0.145509264396144"
"USP26","0.143421416152511"
"USP27X","0.150796287458843"
"USP27X-AS1","0.145189257144054"
"USP28","0.146692838968154"
"USP29","0.143211378784421"
"USP3","0.144772464375919"
"USP3-AS1","0.14733852014606"
"USP30","0.143200677790922"
"USP30-AS1","0.143811948737259"
"USP31","0.146586069195886"
"USP32","0.143521327370029"
"USP33","0.145938727935376"
"USP34","0.144016355436289"
"USP35","0.145243335809573"
"USP36","0.144715603526081"
"USP37","0.143793545394133"
"USP38","0.147049596665527"
"USP39","0.14493435968341"
"USP4","0.148242876979304"
"USP40","0.143811948737259"
"USP41","0.144767043119152"
"USP42","0.14594333810707"
"USP43","0.14565271673984"
"USP44","0.145946604854299"
"USP45","0.145334459419121"
"USP46","0.143159098768009"
"USP46-AS1","0.144997752141099"
"USP47","0.146685543118154"
"USP48","0.145322928375362"
"USP49","0.144949971872025"
"USP5","0.143166866534367"
"USP50","0.143541167148899"
"USP51","0.143143486579393"
"USP53","0.143177086564851"
"USP54","0.145189257144054"
"USP6","0.144997752141099"
"USP6NL","0.141367816789153"
"USP7","0.144981925467436"
"USP8","0.142536114594899"
"USP9X","0.140113230191557"
"USP9Y","0.145279876910895"
"USPL1","0.143200677790922"
"UST","0.144022208211683"
"UTAT33","0.143421416152511"
"UTF1","0.142935352183599"
"UTP11L","0.142536114594899"
"UTP14A","0.143541167148899"
"UTP14C","0.145489547542643"
"UTP15","0.143967590131918"
"UTP18","0.145504509539551"
"UTP20","0.13973685173734"
"UTP23","0.144944119096631"
"UTP3","0.143773655724323"
"UTP4","0.145189257144054"
"UTP6","0.145334459419121"
"UTRN","0.145189257144054"
"UTS2","0.145491628063999"
"UTS2B","0.14594333810707"
"UTS2R","0.139584110726656"
"UTY","0.142536114594899"
"UVRAG","0.145279876910895"
"UVSSA","0.144756466135072"
"UXS1","0.142536114594899"
"UXT","0.147113801479378"
"UXT-AS1","0.144543312352766"
"VAC14","0.14595636426752"
"VAC14-AS1","0.145319851282274"
"VAMP1","0.147678946778891"
"VAMP2","0.1461404606715"
"VAMP3","0.146812267075825"
"VAMP4","0.146098979501729"
"VAMP5","0.145279876910895"
"VAMP7","0.146989867988613"
"VAMP8","0.146217352853728"
"VANGL1","0.145279876910895"
"VANGL2","0.14594333810707"
"VAPA","0.145243335809573"
"VAPB","0.143148487541084"
"VARS","0.143203801943996"
"VARS2","0.140822654722492"
"VASH1","0.143200677790922"
"VASH2","0.146702598381376"
"VASN","0.145319851282274"
"VASP","0.145279876910895"
"VAT1","0.146098979501729"
"VAT1L","0.143486454404184"
"VAV1","0.143793545394133"
"VAV2","0.147000835029987"
"VAV3","0.145689620570237"
"VAV3-AS1","0.14594333810707"
"VAX1","0.140822654722492"
"VAX2","0.140113230191557"
"VBP1","0.145243335809573"
"VCAM1","0.145243335809573"
"VCAN","0.146231903719982"
"VCAN-AS1","0.145279876910895"
"VCL","0.142935352183599"
"VCP","0.145189257144054"
"VCPIP1","0.14594333810707"
"VCPKMT","0.145199084224743"
"VCX","0.14594333810707"
"VCX2","0.145199084224743"
"VCX3A","0.145105606421182"
"VCX3B","0.143200677790922"
"VDAC1","0.145199084224743"
"VDAC2","0.145319851282274"
"VDAC3","0.146989867988613"
"VDR","0.146992828896209"
"VEGFA","0.145324830785079"
"VEGFB","0.145334459419121"
"VEGFC","0.140307722325514"
"VENTX","0.146716218923128"
"VENTXP1","0.14558216236498"
"VEPH1","0.14594333810707"
"VEZF1","0.145065593918466"
"VEZT","0.146466992234725"
"VGF","0.147113801479378"
"VGLL1","0.143222909828181"
"VGLL2","0.145334459419121"
"VGLL3","0.143793545394133"
"VGLL4","0.143987429910788"
"VHL","0.146697843524783"
"VHLL","0.143200677790922"
"VIL1","0.144776305913942"
"VILL","0.145034902819309"
"VIM","0.142935352183599"
"VIM-AS1","0.140388927490735"
"VIMP","0.145189257144054"
"VIP","0.14565271673984"
"VIPAS39","0.146436875608897"
"VIPR1","0.143168327319955"
"VIPR1-AS1","0.140388927490735"
"VIPR2","0.145279876910895"
"VIT","0.146887855504883"
"VKORC1","0.145319851282274"
"VKORC1L1","0.145319851282274"
"VLDLR","0.141367816789153"
"VLDLR-AS1","0.14622214430676"
"VMA21","0.144944119096631"
"VMAC","0.144543312352766"
"VMO1","0.14622214430676"
"VMP1","0.146098979501729"
"VN1R1","0.147013824751357"
"VN1R2","0.145319851282274"
"VN1R4","0.143827288768792"
"VNN1","0.147151214495399"
"VNN2","0.148344548480631"
"VNN3","0.143793545394133"
"VOPP1","0.145055393423804"
"VPRBP","0.14702199965504"
"VPREB1","0.145279876910895"
"VPREB3","0.145076915256058"
"VPS11","0.147057602799305"
"VPS13A","0.148394452435109"
"VPS13A-AS1","0.145076915256058"
"VPS13B","0.147315243075992"
"VPS13C","0.147839334577784"
"VPS13D","0.145557489893796"
"VPS16","0.147113801479378"
"VPS18","0.147251199351316"
"VPS25","0.145334459419121"
"VPS26A","0.146290036511788"
"VPS26B","0.146716218923128"
"VPS28","0.144997752141099"
"VPS29","0.144731793663888"
"VPS33A","0.140822654722492"
"VPS33B","0.145557489893796"
"VPS35","0.145319851282274"
"VPS36","0.14383178851613"
"VPS37A","0.146186037819036"
"VPS37B","0.14650757921077"
"VPS37C","0.145334459419121"
"VPS37D","0.145065593918466"
"VPS39","0.144949971872025"
"VPS41","0.150912992975832"
"VPS45","0.146212186866481"
"VPS4A","0.145065593918466"
"VPS4B","0.14565271673984"
"VPS50","0.146186037819036"
"VPS51","0.150081313655864"
"VPS52","0.14398293016345"
"VPS53","0.144695006458427"
"VPS54","0.146360123221391"
"VPS72","0.143218410080843"
"VPS8","0.149922326147655"
"VPS9D1","0.147839334577784"
"VPS9D1-AS1","0.147221655759461"
"VRK1","0.146449191309709"
"VRK2","0.147713551734791"
"VRK3","0.150145556407109"
"VRTN","0.14993132091349"
"VSIG1","0.14398293016345"
"VSIG10","0.148623628549049"
"VSIG10L","0.14670845115677"
"VSIG2","0.147846645721967"
"VSIG4","0.14565271673984"
"VSIG8","0.140362130207201"
"VSNL1","0.150403962420773"
"VSTM1","0.145243335809573"
"VSTM2A","0.146217352853728"
"VSTM2B","0.140307722325514"
"VSTM2L","0.150408367161016"
"VSTM4","0.147221655759461"
"VSTM5","0.147221655759461"
"VSX1","0.140822654722492"
"VSX2","0.14594333810707"
"VTA1","0.149446632445803"
"VTCN1","0.147025396104181"
"VTI1A","0.148473002779084"
"VTI1B","0.146740891394312"
"VTN","0.147408664726587"
"VWA1","0.148872280764123"
"VWA2","0.146512078958108"
"VWA3A","0.148966755132723"
"VWA3B","0.146693923475969"
"VWA5A","0.146887855504883"
"VWA5B1","0.148717297476522"
"VWA5B2","0.145243335809573"
"VWA7","0.14594333810707"
"VWA8","0.147157828628523"
"VWA8-AS1","0.147713551734791"
"VWA9","0.144981925467436"
"VWC2","0.14565271673984"
"VWC2L","0.149167562708465"
"VWCE","0.148872280764123"
"VWDE","0.149704559966883"
"VWF","0.146716218923128"
"WAC","0.146899973742028"
"WAC-AS1","0.146186037819036"
"WAPL","0.147826330091215"
"WARS","0.14565271673984"
"WARS2","0.148298683025158"
"WARS2-IT1","0.14594333810707"
"WAS","0.14594333810707"
"WASF1","0.145196061432886"
"WASF2","0.147221655759461"
"WASF3","0.14565271673984"
"WASF3-AS1","0.143793545394133"
"WASH1","0.145076915256058"
"WASIR1","0.147075347377267"
"WASIR2","0.144543312352766"
"WASL","0.145196061432886"
"WBP1","0.14300612586181"
"WBP11","0.142536114594899"
"WBP1L","0.149167562708465"
"WBP2","0.148745525226336"
"WBP2NL","0.147117816125807"
"WBP4","0.145279876910895"
"WBP5","0.14300612586181"
"WBSCR16","0.146186037819036"
"WBSCR17","0.144949971872025"
"WBSCR22","0.145076915256058"
"WBSCR27","0.147185198994326"
"WBSCR28","0.144085963483917"
"WDFY1","0.146237756495376"
"WDFY2","0.145105606421182"
"WDFY3","0.143793545394133"
"WDFY3-AS1","0.14300612586181"
"WDFY4","0.144783924403749"
"WDHD1","0.145196061432886"
"WDPCP","0.145334459419121"
"WDR1","0.147113801479378"
"WDR11","0.150085882022332"
"WDR11-AS1","0.147221655759461"
"WDR12","0.146492239179238"
"WDR13","0.150912992975832"
"WDR17","0.144981925467436"
"WDR18","0.145334459419121"
"WDR19","0.145334459419121"
"WDR20","0.145969984809273"
"WDR24","0.145279876910895"
"WDR25","0.147185198994326"
"WDR26","0.146217352853728"
"WDR27","0.146988120912496"
"WDR3","0.145334459419121"
"WDR31","0.149919186199399"
"WDR33","0.148126046650267"
"WDR34","0.148250630599001"
"WDR35","0.146186037819036"
"WDR36","0.148126046650267"
"WDR37","0.147049596665527"
"WDR38","0.148966755132723"
"WDR4","0.143793545394133"
"WDR41","0.146982593330736"
"WDR43","0.139584110726656"
"WDR44","0.148126046650267"
"WDR45","0.145196061432886"
"WDR45B","0.145243335809573"
"WDR46","0.145334459419121"
"WDR47","0.145837805611587"
"WDR48","0.14642051477034"
"WDR49","0.147276950063056"
"WDR5","0.144981925467436"
"WDR53","0.145837805611587"
"WDR54","0.150804528598303"
"WDR55","0.146270196732917"
"WDR59","0.146467566708054"
"WDR5B","0.150407284202964"
"WDR6","0.14509026638965"
"WDR60","0.149245029760014"
"WDR61","0.146245524261734"
"WDR62","0.146887855504883"
"WDR63","0.145279876910895"
"WDR64","0.143793545394133"
"WDR66","0.148872280764123"
"WDR7","0.145076915256058"
"WDR70","0.146887855504883"
"WDR72","0.147846645721967"
"WDR73","0.14707855661004"
"WDR74","0.147713551734791"
"WDR75","0.145243335809573"
"WDR76","0.145319851282274"
"WDR77","0.14700726580192"
"WDR78","0.143200677790922"
"WDR81","0.140822654722492"
"WDR82","0.146467566708054"
"WDR83","0.147713551734791"
"WDR83OS","0.145334459419121"
"WDR86","0.145969984809273"
"WDR87","0.146827521031088"
"WDR88","0.147113801479378"
"WDR89","0.148250630599001"
"WDR90","0.145837805611587"
"WDR91","0.145962217042914"
"WDR92","0.146492239179238"
"WDR93","0.146756231425844"
"WDR97","0.145597502396513"
"WDSUB1","0.146740891394312"
"WDTC1","0.147290570604808"
"WDYHV1","0.14650757921077"
"WEE1","0.14685883606578"
"WEE2","0.147713551734791"
"WEE2-AS1","0.145196061432886"
"WFDC1","0.144543312352766"
"WFDC10A","0.143793545394133"
"WFDC10B","0.148872280764123"
"WFDC11","0.148872280764123"
"WFDC12","0.148623628549049"
"WFDC13","0.149138655171731"
"WFDC2","0.14685883606578"
"WFDC3","0.144543312352766"
"WFDC5","0.145076915256058"
"WFDC6","0.14685883606578"
"WFDC8","0.145837805611587"
"WFDC9","0.145243335809573"
"WFIKKN1","0.146098979501729"
"WFIKKN2","0.147067839456636"
"WFS1","0.147437281695907"
"WHAMM","0.149717549688253"
"WHSC1","0.147713551734791"
"WHSC1L1","0.150420350857508"
"WI2-1959D15.1","0.14685883606578"
"WI2-2373I1.2","0.147873233362263"
"WI2-80269A6.1","0.149775937589314"
"WI2-85898F10.1","0.148401586102729"
"WI2-85898F10.2","0.14685883606578"
"WI2-87327B8.2","0.147973616310457"
"WIF1","0.147846645721967"
"WIPF1","0.14685883606578"
"WIPF2","0.150146342863672"
"WIPF3","0.14685883606578"
"WIPI1","0.145279876910895"
"WIPI2","0.149446632445803"
"WISP1","0.148963430535595"
"WISP2","0.149540054096398"
"WISP3","0.148401586102729"
"WIZ","0.147113801479378"
"WLS","0.145189257144054"
"WNK1","0.143217186972924"
"WNK2","0.148206498784194"
"WNK3","0.145076915256058"
"WNK4","0.147713551734791"
"WNT1","0.145076915256058"
"WNT10A","0.145837805611587"
"WNT10B","0.14685883606578"
"WNT11","0.14810733847638"
"WNT16","0.145823518766759"
"WNT2","0.140822654722492"
"WNT2B","0.144981925467436"
"WNT3","0.144981925467436"
"WNT3A","0.147812206291722"
"WNT4","0.146098979501729"
"WNT5A","0.145319851282274"
"WNT5A-AS1","0.143098915754731"
"WNT5B","0.145243335809573"
"WNT6","0.142665901635639"
"WNT7A","0.147113801479378"
"WNT7B","0.143793545394133"
"WNT8B","0.144543312352766"
"WNT9A","0.144543312352766"
"WNT9B","0.146019071823484"
"WRAP53","0.145279876910895"
"WRAP73","0.143098915754731"
"WRB","0.148255635155629"
"WRN","0.145319851282274"
"WRNIP1","0.145319851282274"
"WSB1","0.146827521031088"
"WSB2","0.145837805611587"
"WSCD1","0.145196061432886"
"WSCD2","0.146330483325315"
"WT1","0.145334459419121"
"WT1-AS","0.143736775893847"
"WTAP","0.143217186972924"
"WTIP","0.14300612586181"
"WWC1","0.145076915256058"
"WWC2","0.145243335809573"
"WWC2-AS1","0.14398293016345"
"WWC2-AS2","0.146827521031088"
"WWC3","0.14685883606578"
"WWC3-AS1","0.148095275808584"
"WWOX","0.146245524261734"
"WWP1","0.147221655759461"
"WWP2","0.145065593918466"
"WWTR1","0.145279876910895"
"WWTR1-AS1","0.145279876910895"
"XAB2","0.145334459419121"
"XACT","0.145243335809573"
"XAF1","0.147839334577784"
"XAGE1A","0.14300612586181"
"XAGE1B","0.140822654722492"
"XAGE2","0.148401586102729"
"XAGE3","0.145279876910895"
"XAGE5","0.146704726306323"
"XBP1","0.145837805611587"
"XCL1","0.144787455985645"
"XCL2","0.141367816789153"
"XCR1","0.147113801479378"
"XDH","0.143387495473781"
"XG","0.145324830785079"
"XIAP","0.148623628549049"
"XIAP-AS1","0.146075109414382"
"XIRP1","0.147185198994326"
"XIRP2","0.139129913647396"
"XIST","0.146098979501729"
"XK","0.14708712502665"
"XKR3","0.146090449445915"
"XKR4","0.145196061432886"
"XKR5","0.147315243075992"
"XKR6","0.147713551734791"
"XKR7","0.147119344576158"
"XKR8","0.145324830785079"
"XKR9","0.145243335809573"
"XKRX","0.143217186972924"
"XPA","0.140501820873114"
"XPC","0.144543312352766"
"XPNPEP1","0.147113801479378"
"XPNPEP2","0.140501820873114"
"XPNPEP3","0.144543312352766"
"XPO1","0.145205888513574"
"XPO4","0.14300612586181"
"XPO5","0.147113801479378"
"XPO6","0.147221655759461"
"XPO7","0.146098979501729"
"XPOT","0.14650757921077"
"XPR1","0.145837805611587"
"XRCC1","0.148623628549049"
"XRCC2","0.144981925467436"
"XRCC3","0.140822654722492"
"XRCC4","0.148114724780461"
"XRCC5","0.147678146043728"
"XRCC6","0.145837805611587"
"XRCC6BP1","0.147678146043728"
"XRN1","0.149235393914436"
"XRN2","0.148206498784194"
"XRRA1","0.144981925467436"
"XX-C00717C00720L.1","0.145324830785079"
"XX-C2158C12.1","0.145614276748965"
"XX-C2158C12.2","0.145279876910895"
"XX-C2158C6.1","0.145324830785079"
"XX-C2158C6.3","0.149138655171731"
"XX-C283C717.1","0.147713551734791"
"XX-CR54.1","0.148872280764123"
"XX-DJ76P10--A.2","0.148623628549049"
"XX-FW80269A6.1","0.14810733847638"
"XX-FW83128A1.2","0.148206498784194"
"XX-FW83563B9.5","0.145324830785079"
"XXYLT1","0.142536114594899"
"XXYLT1-AS2","0.148206498784194"
"XXbac-B135H6.15","0.144981925467436"
"XXbac-B135H6.18","0.145243335809573"
"XXbac-B33L19.4","0.14810733847638"
"XXbac-B33L19.6","0.146697843524783"
"XXbac-B444P24.14","0.143793545394133"
"XXbac-B444P24.8","0.14685883606578"
"XXbac-B476C20.9","0.147113801479378"
"XXbac-BCX196D17.5","0.147678146043728"
"XXbac-BPG13B8.10","0.147221655759461"
"XXbac-BPG154L12.4","0.140822654722492"
"XXbac-BPG154L12.5","0.147713551734791"
"XXbac-BPG157A10.21","0.147713551734791"
"XXbac-BPG170G13.32","0.148206498784194"
"XXbac-BPG181B23.7","0.145279876910895"
"XXbac-BPG181M17.6","0.145196061432886"
"XXbac-BPG246D15.9","0.148043567400262"
"XXbac-BPG248L24.13","0.146098979501729"
"XXbac-BPG249D20.9","0.150535422488619"
"XXbac-BPG252P9.10","0.147713551734791"
"XXbac-BPG252P9.9","0.142536114594899"
"XXbac-BPG258E24.10","0.149446632445803"
"XXbac-BPG27H4.8","0.150202994376561"
"XXbac-BPG294E21.9","0.147713551734791"
"XXbac-BPG299F13.17","0.145196061432886"
"XXbac-BPG308J9.3","0.144981925467436"
"XXbac-BPG308K3.5","0.14685883606578"
"XXbac-BPG32J3.19","0.145279876910895"
"XXbac-BPG32J3.22","0.147713551734791"
"XXbac-BPG55C20.7","0.140113230191557"
"XXbac-BPGBPG55C20.1","0.147221655759461"
"XXbac-BPGBPG55C20.2","0.144981925467436"
"XXbac-BPGBPG55C20.3","0.140501820873114"
"XXcos-LUCA11.5","0.139288715029328"
"XXyac-YM21GA2.3","0.148623628549049"
"XXyac-YM21GA2.4","0.145837805611587"
"XXyac-YM21GA2.7","0.143793545394133"
"XXyac-YR29IB3.1","0.144981925467436"
"XXyac-YRM2039.3","0.147113801479378"
"XXyac-YX155B6.5","0.144767043119152"
"XXyac-YX155B6.7","0.145279876910895"
"XXyac-YX65C7-A.2","0.146827521031088"
"XXyac-YX65C7-A.3","0.14810733847638"
"XYLB","0.145243335809573"
"XYLT1","0.140822654722492"
"XYLT2","0.145837805611587"
"YAE1D1","0.148126046650267"
"YAF2","0.145196061432886"
"YAP1","0.145076915256058"
"YARS","0.14685883606578"
"YARS2","0.145639976982054"
"YBEY","0.145243335809573"
"YBX1","0.147578985735915"
"YBX2","0.140388927490735"
"YBX3","0.146050436943199"
"YDJC","0.145279876910895"
"YEATS2","0.148623628549049"
"YEATS2-AS1","0.139421153382088"
"YEATS4","0.147113801479378"
"YES1","0.145279876910895"
"YIF1A","0.145324830785079"
"YIF1B","0.143793545394133"
"YIPF1","0.143217186972924"
"YIPF2","0.145837805611587"
"YIPF3","0.13973685173734"
"YIPF4","0.141367816789153"
"YIPF5","0.144543312352766"
"YIPF6","0.147713551734791"
"YIPF7","0.147113801479378"
"YJEFN3","0.140193622042156"
"YKT6","0.148832291910181"
"YLPM1","0.143793545394133"
"YME1L1","0.145076915256058"
"YOD1","0.142536114594899"
"YPEL1","0.146098979501729"
"YPEL2","0.145279876910895"
"YPEL3","0.145076915256058"
"YPEL4","0.140307722325514"
"YPEL5","0.145105606421182"
"YRDC","0.146693303018996"
"YTHDC1","0.143421416152511"
"YTHDC2","0.147221655759461"
"YTHDF1","0.145837805611587"
"YTHDF2","0.145324830785079"
"YTHDF3","0.143793545394133"
"YTHDF3-AS1","0.141367816789153"
"YWHAB","0.140822654722492"
"YWHAE","0.14685883606578"
"YWHAG","0.145837805611587"
"YWHAH","0.146098979501729"
"YWHAQ","0.14300612586181"
"YWHAZ","0.143967590131918"
"YY1","0.142536114594899"
"YY1AP1","0.140388927490735"
"YY2","0.14685883606578"
"Z69666.2","0.145243335809573"
"Z69720.2","0.140307722325514"
"Z82214.3","0.145196061432886"
"Z83001.1","0.144543312352766"
"Z83844.1","0.145837805611587"
"Z83851.4","0.147113801479378"
"Z99756.1","0.147117816125807"
"ZACN","0.145279876910895"
"ZADH2","0.147113801479378"
"ZAN","0.146098979501729"
"ZAP70","0.143098915754731"
"ZAR1","0.147221655759461"
"ZAR1L","0.147113801479378"
"ZBBX","0.145837805611587"
"ZBED1","0.145837805611587"
"ZBED2","0.148924158326041"
"ZBED3","0.146870954302925"
"ZBED3-AS1","0.145597502396513"
"ZBED4","0.145196061432886"
"ZBED5","0.14700726580192"
"ZBED5-AS1","0.146827521031088"
"ZBED6","0.148832291910181"
"ZBED6CL","0.145324830785079"
"ZBED8","0.145279876910895"
"ZBED9","0.14810733847638"
"ZBP1","0.147318091447708"
"ZBTB1","0.147713551734791"
"ZBTB10","0.139584110726656"
"ZBTB11","0.145279876910895"
"ZBTB11-AS1","0.143793545394133"
"ZBTB12","0.143421416152511"
"ZBTB14","0.143421416152511"
"ZBTB16","0.148623628549049"
"ZBTB17","0.149011701355933"
"ZBTB18","0.145076915256058"
"ZBTB2","0.14685883606578"
"ZBTB20","0.148206498784194"
"ZBTB20-AS1","0.147330583107524"
"ZBTB20-AS2","0.143098915754731"
"ZBTB20-AS3","0.143421416152511"
"ZBTB20-AS4","0.147713551734791"
"ZBTB21","0.146676230069186"
"ZBTB22","0.143793545394133"
"ZBTB24","0.145243335809573"
"ZBTB25","0.148401586102729"
"ZBTB26","0.148623628549049"
"ZBTB3","0.145076915256058"
"ZBTB32","0.145837805611587"
"ZBTB33","0.147713551734791"
"ZBTB34","0.146098979501729"
"ZBTB37","0.147259205485094"
"ZBTB38","0.148832291910181"
"ZBTB39","0.145076915256058"
"ZBTB4","0.14810733847638"
"ZBTB40","0.145076915256058"
"ZBTB41","0.14810733847638"
"ZBTB42","0.145309452871122"
"ZBTB43","0.145324830785079"
"ZBTB44","0.147330583107524"
"ZBTB45","0.148924158326041"
"ZBTB46","0.143157415444008"
"ZBTB46-AS1","0.145837805611587"
"ZBTB47","0.148206498784194"
"ZBTB48","0.146585448738913"
"ZBTB49","0.145196061432886"
"ZBTB5","0.146827521031088"
"ZBTB6","0.140822654722492"
"ZBTB7A","0.145243335809573"
"ZBTB7B","0.143793545394133"
"ZBTB7C","0.144767043119152"
"ZBTB8A","0.143217186972924"
"ZBTB8B","0.148206498784194"
"ZBTB8OS","0.145076915256058"
"ZBTB9","0.1404466904801"
"ZC2HC1A","0.145324830785079"
"ZC2HC1C","0.145837805611587"
"ZC3H10","0.146827521031088"
"ZC3H11A","0.147221655759461"
"ZC3H12A","0.143793545394133"
"ZC3H12B","0.143421416152511"
"ZC3H12C","0.144543312352766"
"ZC3H12D","0.144981925467436"
"ZC3H13","0.145597502396513"
"ZC3H14","0.146090449445915"
"ZC3H15","0.139584110726656"
"ZC3H18","0.143793545394133"
"ZC3H3","0.142536114594899"
"ZC3H4","0.143793545394133"
"ZC3H6","0.145184559363116"
"ZC3H7A","0.149138655171731"
"ZC3H7B","0.145837805611587"
"ZC3H8","0.14810733847638"
"ZC3HAV1","0.147870025676941"
"ZC3HAV1L","0.148401586102729"
"ZC3HC1","0.140822654722492"
"ZC4H2","0.145837805611587"
"ZCCHC10","0.145076915256058"
"ZCCHC11","0.145076915256058"
"ZCCHC12","0.146075109414382"
"ZCCHC14","0.145279876910895"
"ZCCHC16","0.14558216236498"
"ZCCHC17","0.143793545394133"
"ZCCHC18","0.147113801479378"
"ZCCHC2","0.145076915256058"
"ZCCHC24","0.147185198994326"
"ZCCHC3","0.146090449445915"
"ZCCHC4","0.144543312352766"
"ZCCHC5","0.145994657280456"
"ZCCHC6","0.145279876910895"
"ZCCHC7","0.146038944326394"
"ZCCHC8","0.145279876910895"
"ZCCHC9","0.145279876910895"
"ZCRB1","0.145196061432886"
"ZCWPW1","0.147221655759461"
"ZCWPW2","0.143793545394133"
"ZDBF2","0.141367816789153"
"ZDHHC1","0.142536114594899"
"ZDHHC11","0.147713551734791"
"ZDHHC11B","0.147113801479378"
"ZDHHC12","0.144981925467436"
"ZDHHC13","0.147713551734791"
"ZDHHC14","0.147113801479378"
"ZDHHC15","0.143793545394133"
"ZDHHC16","0.141367816789153"
"ZDHHC17","0.14700726580192"
"ZDHHC18","0.148623628549049"
"ZDHHC19","0.140388927490735"
"ZDHHC2","0.140501820873114"
"ZDHHC20","0.142715429181646"
"ZDHHC21","0.145205888513574"
"ZDHHC22","0.144767043119152"
"ZDHHC23","0.145279876910895"
"ZDHHC24","0.143387495473781"
"ZDHHC3","0.145324830785079"
"ZDHHC4","0.140307722325514"
"ZDHHC5","0.143793545394133"
"ZDHHC6","0.146827521031088"
"ZDHHC7","0.148924158326041"
"ZDHHC8","0.145837805611587"
"ZDHHC9","0.140388927490735"
"ZEB1","0.140822654722492"
"ZEB1-AS1","0.14700726580192"
"ZEB2","0.139336901488901"
"ZEB2-AS1","0.144981925467436"
"ZER1","0.144543312352766"
"ZFAND1","0.147048640974284"
"ZFAND2A","0.147713551734791"
"ZFAND2B","0.148709377387704"
"ZFAND3","0.143832770275185"
"ZFAND4","0.143387495473781"
"ZFAND5","0.140388927490735"
"ZFAND6","0.144543312352766"
"ZFAS1","0.141367816789153"
"ZFAT","0.143832770275185"
"ZFAT-AS1","0.142536114594899"
"ZFC3H1","0.14447741732004"
"ZFHX2","0.142536114594899"
"ZFHX3","0.140388927490735"
"ZFHX4","0.140388927490735"
"ZFHX4-AS1","0.147221655759461"
"ZFP1","0.145324830785079"
"ZFP14","0.143595860295955"
"ZFP2","0.144949971872025"
"ZFP28","0.143505170116939"
"ZFP3","0.1404466904801"
"ZFP30","0.1404466904801"
"ZFP36","0.143055653407818"
"ZFP36L1","0.140307722325514"
"ZFP36L2","0.1404466904801"
"ZFP37","0.145324830785079"
"ZFP41","0.139584110726656"
"ZFP42","0.143595860295955"
"ZFP57","0.143595860295955"
"ZFP62","0.144543312352766"
"ZFP64","0.143595860295955"
"ZFP69","0.142536114594899"
"ZFP69B","0.144543312352766"
"ZFP82","0.141367816789153"
"ZFP90","0.145279876910895"
"ZFP91","0.138515200718481"
"ZFP92","0.139772035512959"
"ZFPL1","0.139421153382088"
"ZFPM1","0.140181281870033"
"ZFPM2","0.145837805611587"
"ZFR","0.138964790186928"
"ZFR2","0.143595860295955"
"ZFX","0.143832770275185"
"ZFX-AS1","0.140822654722492"
"ZFY","0.143387495473781"
"ZFY-AS1","0.145837805611587"
"ZFYVE1","0.145279876910895"
"ZFYVE16","0.143387495473781"
"ZFYVE19","0.145076915256058"
"ZFYVE21","0.143832770275185"
"ZFYVE26","0.143055653407818"
"ZFYVE27","0.138141639566965"
"ZFYVE28","0.143832770275185"
"ZFYVE9","0.143832770275185"
"ZG16","0.141367816789153"
"ZG16B","0.13997545310074"
"ZGLP1","0.140428554519538"
"ZGPAT","0.143055653407818"
"ZGRF1","0.138515200718481"
"ZHX1","0.140822654722492"
"ZHX1-C8orf76","0.145196061432886"
"ZHX2","0.145324830785079"
"ZHX3","0.14471147169281"
"ZIC1","0.143055653407818"
"ZIC2","0.145196061432886"
"ZIC3","0.147113801479378"
"ZIC4","0.145324830785079"
"ZIC4-AS1","0.145196061432886"
"ZIC5","0.143208781446801"
"ZIK1","0.145324830785079"
"ZIM2","0.144543312352766"
"ZIM2-AS1","0.145324830785079"
"ZIM3","0.143595860295955"
"ZKSCAN1","0.142274490285566"
"ZKSCAN2","0.145243335809573"
"ZKSCAN3","0.145076915256058"
"ZKSCAN4","0.14278913071796"
"ZKSCAN5","0.140261673720633"
"ZKSCAN7","0.142778601562469"
"ZKSCAN8","0.144548562515593"
"ZMAT1","0.13973685173734"
"ZMAT2","0.140428554519538"
"ZMAT3","0.146619578556297"
"ZMAT4","0.146027978519447"
"ZMAT5","0.143595860295955"
"ZMIZ1","0.141251556309713"
"ZMIZ1-AS1","0.140501820873114"
"ZMIZ2","0.140501820873114"
"ZMPSTE24","0.143055653407818"
"ZMYM1","0.141265530104184"
"ZMYM2","0.139129913647396"
"ZMYM3","0.143387495473781"
"ZMYM4","0.143087273968578"
"ZMYM4-AS1","0.144504171470714"
"ZMYM5","0.143387495473781"
"ZMYM6","0.143595860295955"
"ZMYM6NB","0.140307722325514"
"ZMYND10","0.145043135494715"
"ZMYND10-AS1","0.13973685173734"
"ZMYND11","0.140501820873114"
"ZMYND12","0.139275882792334"
"ZMYND15","0.14307950620222"
"ZMYND19","0.145279876910895"
"ZMYND8","0.140181281870033"
"ZNF10","0.14503252421118"
"ZNF100","0.147873233362263"
"ZNF101","0.144543312352766"
"ZNF106","0.145076915256058"
"ZNF107","0.143595860295955"
"ZNF112","0.145324830785079"
"ZNF114","0.13997545310074"
"ZNF117","0.140428554519538"
"ZNF12","0.146016421246914"
"ZNF121","0.145196061432886"
"ZNF124","0.13997545310074"
"ZNF131","0.144438192438987"
"ZNF132","0.140501820873114"
"ZNF133","0.142536114594899"
"ZNF134","0.141265530104184"
"ZNF135","0.146022510437708"
"ZNF136","0.143193441415268"
"ZNF138","0.141265530104184"
"ZNF14","0.145243335809573"
"ZNF140","0.146740169979556"
"ZNF141","0.144785389575361"
"ZNF142","0.14490999093228"
"ZNF143","0.142994179258735"
"ZNF146","0.139421153382088"
"ZNF148","0.145076915256058"
"ZNF154","0.146075109414382"
"ZNF155","0.143387495473781"
"ZNF157","0.146827521031088"
"ZNF16","0.14503252421118"
"ZNF160","0.143111946439762"
"ZNF165","0.140501820873114"
"ZNF169","0.146237756495376"
"ZNF17","0.140307722325514"
"ZNF174","0.14490999093228"
"ZNF175","0.140193990765981"
"ZNF177","0.147426555396104"
"ZNF18","0.144543312352766"
"ZNF180","0.145324830785079"
"ZNF181","0.14503252421118"
"ZNF182","0.146827521031088"
"ZNF184","0.14490999093228"
"ZNF185","0.146027978519447"
"ZNF189","0.140181281870033"
"ZNF19","0.140181281870033"
"ZNF195","0.145196061432886"
"ZNF197","0.143832770275185"
"ZNF197-AS1","0.141251556309713"
"ZNF2","0.145076915256058"
"ZNF20","0.139421153382088"
"ZNF200","0.140181281870033"
"ZNF202","0.139366515567085"
"ZNF205","0.146245524261734"
"ZNF207","0.143595860295955"
"ZNF208","0.145837805611587"
"ZNF211","0.143193441415268"
"ZNF212","0.144543312352766"
"ZNF213","0.144982412109567"
"ZNF213-AS1","0.145279876910895"
"ZNF214","0.145243335809573"
"ZNF215","0.144946247021578"
"ZNF217","0.14509026638965"
"ZNF219","0.14466770869242"
"ZNF22","0.145196061432886"
"ZNF221","0.146756603868242"
"ZNF222","0.144997752141099"
"ZNF223","0.143094933553706"
"ZNF224","0.14503252421118"
"ZNF225","0.146827521031088"
"ZNF226","0.143387495473781"
"ZNF227","0.145324830785079"
"ZNF229","0.144543312352766"
"ZNF23","0.146693303018996"
"ZNF230","0.148401586102729"
"ZNF232","0.14503252421118"
"ZNF233","0.145837805611587"
"ZNF234","0.147113801479378"
"ZNF235","0.148206498784194"
"ZNF236","0.147464174005685"
"ZNF239","0.145837805611587"
"ZNF24","0.145243335809573"
"ZNF248","0.147873233362263"
"ZNF25","0.140307722325514"
"ZNF250","0.145243335809573"
"ZNF251","0.147776134562774"
"ZNF252P-AS1","0.145837805611587"
"ZNF253","0.143414128187838"
"ZNF254","0.146827521031088"
"ZNF256","0.139421153382088"
"ZNF257","0.143832770275185"
"ZNF26","0.147411575029011"
"ZNF260","0.145964369811688"
"ZNF263","0.147852828821403"
"ZNF264","0.143832770275185"
"ZNF266","0.146839639268233"
"ZNF267","0.148206498784194"
"ZNF268","0.145076915256058"
"ZNF273","0.145076915256058"
"ZNF274","0.148206498784194"
"ZNF275","0.148128199419041"
"ZNF276","0.145243335809573"
"ZNF277","0.144960081071918"
"ZNF28","0.143595860295955"
"ZNF280A","0.145279876910895"
"ZNF280B","0.142274490285566"
"ZNF280C","0.145324830785079"
"ZNF280D","0.145324830785079"
"ZNF281","0.143080012094607"
"ZNF282","0.146270196732917"
"ZNF283","0.144960081071918"
"ZNF284","0.144982412109567"
"ZNF285","0.143414128187838"
"ZNF286A","0.145313742315826"
"ZNF286B","0.147061164612918"
"ZNF287","0.145076915256058"
"ZNF292","0.143832770275185"
"ZNF295-AS1","0.147075483964718"
"ZNF296","0.145644745192963"
"ZNF3","0.146299168290623"
"ZNF30","0.146021308220938"
"ZNF30-AS1","0.143161001177726"
"ZNF300","0.147113801479378"
"ZNF302","0.146456074091249"
"ZNF304","0.142274490285566"
"ZNF311","0.145076915256058"
"ZNF316","0.147221655759461"
"ZNF317","0.148128199419041"
"ZNF318","0.143094933553706"
"ZNF319","0.14503252421118"
"ZNF32","0.147119344576158"
"ZNF32-AS1","0.147221655759461"
"ZNF32-AS2","0.147221655759461"
"ZNF32-AS3","0.145243335809573"
"ZNF320","0.14278913071796"
"ZNF322","0.143832770275185"
"ZNF324","0.147678146043728"
"ZNF324B","0.147221655759461"
"ZNF326","0.13973685173734"
"ZNF329","0.139421153382088"
"ZNF330","0.145105606421182"
"ZNF331","0.146827521031088"
"ZNF333","0.145196061432886"
"ZNF334","0.143195323078904"
"ZNF335","0.145076915256058"
"ZNF337","0.146245524261734"
"ZNF337-AS1","0.140181281870033"
"ZNF33A","0.14503252421118"
"ZNF33B","0.143595860295955"
"ZNF34","0.145324830785079"
"ZNF341","0.145313742315826"
"ZNF341-AS1","0.145324830785079"
"ZNF343","0.145076915256058"
"ZNF345","0.147221655759461"
"ZNF346","0.147047966953727"
"ZNF347","0.146664737452381"
"ZNF35","0.147036999912353"
"ZNF350","0.145837805611587"
"ZNF350-AS1","0.148206498784194"
"ZNF354A","0.143094933553706"
"ZNF354B","0.146660292245023"
"ZNF354C","0.143653817265102"
"ZNF358","0.147361533831652"
"ZNF362","0.146459798941696"
"ZNF365","0.144528902875211"
"ZNF366","0.140501820873114"
"ZNF367","0.146660292245023"
"ZNF37A","0.145324830785079"
"ZNF382","0.143195323078904"
"ZNF383","0.142994179258735"
"ZNF384","0.14503252421118"
"ZNF385A","0.147319345800138"
"ZNF385B","0.144926374518669"
"ZNF385C","0.145243335809573"
"ZNF385D","0.143595860295955"
"ZNF385D-AS1","0.145076915256058"
"ZNF391","0.146690664642578"
"ZNF394","0.144944038125894"
"ZNF395","0.146672410482167"
"ZNF396","0.147231668261537"
"ZNF397","0.145279876910895"
"ZNF398","0.143832770275185"
"ZNF404","0.145960644961241"
"ZNF407","0.143148487541084"
"ZNF408","0.145076915256058"
"ZNF41","0.143595860295955"
"ZNF410","0.145279876910895"
"ZNF414","0.145076915256058"
"ZNF415","0.145243335809573"
"ZNF416","0.142994179258735"
"ZNF417","0.144650031370556"
"ZNF418","0.1470552146764"
"ZNF419","0.147113801479378"
"ZNF420","0.147113801479378"
"ZNF423","0.145964369811688"
"ZNF425","0.143832770275185"
"ZNF426","0.144949971872025"
"ZNF428","0.147326491294342"
"ZNF429","0.141265530104184"
"ZNF43","0.146245524261734"
"ZNF430","0.144960081071918"
"ZNF431","0.143595860295955"
"ZNF432","0.147233069643746"
"ZNF433","0.146467566708054"
"ZNF436","0.143595860295955"
"ZNF436-AS1","0.146653771645435"
"ZNF438","0.14503252421118"
"ZNF439","0.145953762179701"
"ZNF44","0.145189257144054"
"ZNF440","0.144960081071918"
"ZNF441","0.147221655759461"
"ZNF442","0.145279876910895"
"ZNF443","0.14503252421118"
"ZNF444","0.145324830785079"
"ZNF445","0.147015203054839"
"ZNF446","0.146660292245023"
"ZNF449","0.147015203054839"
"ZNF45","0.144960081071918"
"ZNF451","0.140428554519538"
"ZNF454","0.148832291910181"
"ZNF460","0.148206498784194"
"ZNF461","0.146245524261734"
"ZNF462","0.146400851682839"
"ZNF467","0.146664737452381"
"ZNF468","0.145076915256058"
"ZNF469","0.143414128187838"
"ZNF470","0.147015203054839"
"ZNF471","0.144650031370556"
"ZNF473","0.147117816125807"
"ZNF474","0.146668462302828"
"ZNF479","0.148128199419041"
"ZNF48","0.144650031370556"
"ZNF480","0.144650031370556"
"ZNF483","0.146400851682839"
"ZNF484","0.144650031370556"
"ZNF485","0.146400851682839"
"ZNF486","0.145076915256058"
"ZNF487","0.146633897908098"
"ZNF488","0.142994179258735"
"ZNF490","0.141265530104184"
"ZNF491","0.147221655759461"
"ZNF492","0.144650031370556"
"ZNF493","0.147113801479378"
"ZNF496","0.143595860295955"
"ZNF497","0.144960081071918"
"ZNF500","0.145279876910895"
"ZNF501","0.146400851682839"
"ZNF502","0.147113801479378"
"ZNF503","0.143832770275185"
"ZNF503-AS1","0.147067839456636"
"ZNF503-AS2","0.147113801479378"
"ZNF506","0.145243335809573"
"ZNF507","0.143195323078904"
"ZNF510","0.145243335809573"
"ZNF511","0.146456074091249"
"ZNF512","0.145076915256058"
"ZNF512B","0.147015203054839"
"ZNF513","0.149216659490288"
"ZNF514","0.144944038125894"
"ZNF516","0.143094933553706"
"ZNF517","0.145276601217332"
"ZNF518A","0.145065593918466"
"ZNF518B","0.140181281870033"
"ZNF519","0.14724823844372"
"ZNF521","0.143595860295955"
"ZNF524","0.139584110726656"
"ZNF525","0.145076915256058"
"ZNF526","0.146400851682839"
"ZNF527","0.147015203054839"
"ZNF528","0.14503252421118"
"ZNF529","0.143832770275185"
"ZNF529-AS1","0.145429988990406"
"ZNF530","0.147015203054839"
"ZNF532","0.143414128187838"
"ZNF534","0.146660292245023"
"ZNF536","0.14509026638965"
"ZNF540","0.146042669176841"
"ZNF541","0.144944038125894"
"ZNF543","0.1470309428252"
"ZNF544","0.147079332073441"
"ZNF546","0.144960081071918"
"ZNF547","0.147110048359449"
"ZNF548","0.144944038125894"
"ZNF549","0.145324830785079"
"ZNF550","0.148623628549049"
"ZNF551","0.145189257144054"
"ZNF552","0.147597543448206"
"ZNF554","0.147071564307083"
"ZNF555","0.147597543448206"
"ZNF556","0.1446335983725"
"ZNF557","0.146032061544854"
"ZNF558","0.147889895473722"
"ZNF559","0.14047047590295"
"ZNF559-ZNF177","0.14503252421118"
"ZNF560","0.139584110726656"
"ZNF561","0.147113801479378"
"ZNF562","0.143832770275185"
"ZNF563","0.14503252421118"
"ZNF564","0.149235393914436"
"ZNF565","0.148206498784194"
"ZNF566","0.144960081071918"
"ZNF567","0.147356065749913"
"ZNF568","0.145196061432886"
"ZNF569","0.1446335983725"
"ZNF57","0.145189257144054"
"ZNF570","0.145324830785079"
"ZNF571","0.143967407092143"
"ZNF571-AS1","0.147889895473722"
"ZNF572","0.143195323078904"
"ZNF573","0.143414128187838"
"ZNF574","0.144650031370556"
"ZNF575","0.147221655759461"
"ZNF576","0.145737654577421"
"ZNF577","0.147113801479378"
"ZNF578","0.1446335983725"
"ZNF579","0.146237756495376"
"ZNF580","0.144944038125894"
"ZNF581","0.146946805289005"
"ZNF582","0.147889895473722"
"ZNF582-AS1","0.148623628549049"
"ZNF583","0.147113801479378"
"ZNF584","0.145276601217332"
"ZNF585A","0.144960081071918"
"ZNF585B","0.144895009058752"
"ZNF586","0.146917386150837"
"ZNF587","0.147420140321854"
"ZNF587B","0.143195323078904"
"ZNF589","0.145266215037434"
"ZNF592","0.143832770275185"
"ZNF593","0.148206498784194"
"ZNF594","0.145239153921334"
"ZNF595","0.144960081071918"
"ZNF596","0.147870594985846"
"ZNF597","0.146794137353033"
"ZNF598","0.144944038125894"
"ZNF599","0.147015203054839"
"ZNF600","0.14653469679085"
"ZNF605","0.147431733768144"
"ZNF606","0.144960081071918"
"ZNF607","0.144960081071918"
"ZNF608","0.148128199419041"
"ZNF609","0.147015203054839"
"ZNF610","0.147113801479378"
"ZNF611","0.147221655759461"
"ZNF613","0.145737654577421"
"ZNF614","0.145737654577421"
"ZNF615","0.145310466622263"
"ZNF616","0.14653469679085"
"ZNF618","0.145758506103911"
"ZNF619","0.14653469679085"
"ZNF620","0.1470552146764"
"ZNF621","0.144944038125894"
"ZNF622","0.147272195206463"
"ZNF623","0.1446335983725"
"ZNF624","0.146657854670841"
"ZNF625","0.145196061432886"
"ZNF625-ZNF20","0.147071564307083"
"ZNF626","0.145076915256058"
"ZNF627","0.145324830785079"
"ZNF628","0.145737654577421"
"ZNF629","0.146019071823484"
"ZNF630","0.144650031370556"
"ZNF638","0.145076915256058"
"ZNF639","0.146214159142019"
"ZNF641","0.140181281870033"
"ZNF644","0.146633897908098"
"ZNF645","0.143832770275185"
"ZNF646","0.143414128187838"
"ZNF648","0.143832770275185"
"ZNF649","0.145324830785079"
"ZNF649-AS1","0.144944038125894"
"ZNF652","0.144957739638383"
"ZNF653","0.139772035512959"
"ZNF654","0.147358904356839"
"ZNF655","0.146676770113109"
"ZNF658","0.145737654577421"
"ZNF66","0.145726065866369"
"ZNF660","0.145324830785079"
"ZNF662","0.145076915256058"
"ZNF664","0.14629771965221"
"ZNF665","0.145960644961241"
"ZNF667","0.144982412109567"
"ZNF667-AS1","0.14629771965221"
"ZNF668","0.147069426877565"
"ZNF669","0.146145778996227"
"ZNF670","0.145758506103911"
"ZNF670-ZNF695","0.144895009058752"
"ZNF671","0.146676770113109"
"ZNF672","0.14743165800946"
"ZNF674","0.145972137578046"
"ZNF674-AS1","0.147361533831652"
"ZNF675","0.1446335983725"
"ZNF676","0.145766728535327"
"ZNF677","0.145423106208866"
"ZNF678","0.144895009058752"
"ZNF679","0.146050436943199"
"ZNF680","0.145737654577421"
"ZNF681","0.143195323078904"
"ZNF682","0.145310466622263"
"ZNF683","0.146027978519447"
"ZNF684","0.146657854670841"
"ZNF687","0.144944038125894"
"ZNF688","0.146676770113109"
"ZNF689","0.144895009058752"
"ZNF69","0.144895009058752"
"ZNF691","0.146467566708054"
"ZNF692","0.145324830785079"
"ZNF695","0.145737654577421"
"ZNF696","0.144949971872025"
"ZNF697","0.145076915256058"
"ZNF699","0.147060956675097"
"ZNF7","0.145466154078395"
"ZNF70","0.147015203054839"
"ZNF700","0.142506627325839"
"ZNF701","0.145276601217332"
"ZNF703","0.14494556393821"
"ZNF704","0.143832770275185"
"ZNF705A","0.145737654577421"
"ZNF705G","0.145076915256058"
"ZNF706","0.145324830785079"
"ZNF707","0.146214159142019"
"ZNF708","0.142506627325839"
"ZNF709","0.147015203054839"
"ZNF71","0.14503252421118"
"ZNF710","0.145076915256058"
"ZNF711","0.142994179258735"
"ZNF713","0.145189257144054"
"ZNF714","0.14503252421118"
"ZNF716","0.145423106208866"
"ZNF717","0.14629771965221"
"ZNF718","0.143581592736427"
"ZNF720","0.143161001177726"
"ZNF721","0.145938121881761"
"ZNF724P","0.144895009058752"
"ZNF726","0.143832770275185"
"ZNF727","0.144851373447486"
"ZNF728","0.145324830785079"
"ZNF729","0.14503252421118"
"ZNF730","0.146920874464514"
"ZNF732","0.144014291103682"
"ZNF736","0.145429988990406"
"ZNF737","0.148005163567908"
"ZNF738","0.146170352944677"
"ZNF74","0.144982412109567"
"ZNF740","0.147113801479378"
"ZNF746","0.146227148863389"
"ZNF747","0.143094933553706"
"ZNF749","0.145276601217332"
"ZNF750","0.146456074091249"
"ZNF75A","0.146409297094543"
"ZNF75D","0.144960081071918"
"ZNF76","0.143414128187838"
"ZNF761","0.146397337405292"
"ZNF763","0.148012428730832"
"ZNF764","0.145196061432886"
"ZNF765","0.140875827561599"
"ZNF766","0.14642209459871"
"ZNF768","0.146223065837983"
"ZNF77","0.144038963574866"
"ZNF770","0.144944038125894"
"ZNF771","0.146923791603412"
"ZNF772","0.14509026638965"
"ZNF773","0.146690664642578"
"ZNF774","0.145276601217332"
"ZNF775","0.145737654577421"
"ZNF776","0.145076915256058"
"ZNF777","0.143414128187838"
"ZNF778","0.144895009058752"
"ZNF780A","0.144855537054053"
"ZNF780B","0.1470309428252"
"ZNF781","0.146170352944677"
"ZNF782","0.146170352944677"
"ZNF783","0.147067839456636"
"ZNF784","0.143573824970068"
"ZNF785","0.144923723942099"
"ZNF786","0.147063297501404"
"ZNF787","0.146170352944677"
"ZNF788","0.147382680888618"
"ZNF789","0.144895009058752"
"ZNF79","0.145964369811688"
"ZNF790","0.145276601217332"
"ZNF790-AS1","0.146397337405292"
"ZNF791","0.145433713840853"
"ZNF792","0.147095357702056"
"ZNF793","0.146397337405292"
"ZNF793-AS1","0.147597543448206"
"ZNF799","0.143193441415268"
"ZNF8","0.145737654577421"
"ZNF80","0.14503252421118"
"ZNF800","0.145324830785079"
"ZNF804A","0.139714614826237"
"ZNF804B","0.14047047590295"
"ZNF805","0.147075483964718"
"ZNF808","0.144895009058752"
"ZNF81","0.145076915256058"
"ZNF812P","0.146690664642578"
"ZNF813","0.140875827561599"
"ZNF814","0.142506627325839"
"ZNF816","0.145076915256058"
"ZNF816-ZNF321P","0.14691434750362"
"ZNF821","0.144895009058752"
"ZNF823","0.145324830785079"
"ZNF827","0.144545924139176"
"ZNF829","0.145076915256058"
"ZNF83","0.142211853037202"
"ZNF830","0.144793839668197"
"ZNF831","0.143195323078904"
"ZNF835","0.146634314543932"
"ZNF836","0.143145211847521"
"ZNF837","0.145737654577421"
"ZNF839","0.145276601217332"
"ZNF84","0.144748783714583"
"ZNF841","0.145737654577421"
"ZNF843","0.145076915256058"
"ZNF844","0.14503252421118"
"ZNF845","0.143064672063074"
"ZNF846","0.14047047590295"
"ZNF85","0.143414128187838"
"ZNF850","0.143145211847521"
"ZNF852","0.145196061432886"
"ZNF853","0.145639361827795"
"ZNF860","0.144960081071918"
"ZNF862","0.144944038125894"
"ZNF865","0.145054101301661"
"ZNF878","0.14047047590295"
"ZNF879","0.145324830785079"
"ZNF880","0.144855537054053"
"ZNF883","0.145196061432886"
"ZNF888","0.14503252421118"
"ZNF891","0.144944038125894"
"ZNF90","0.143195323078904"
"ZNF91","0.145276601217332"
"ZNF92","0.145196061432886"
"ZNF93","0.144564481352572"
"ZNF98","0.145239153921334"
"ZNF99","0.146936210675293"
"ZNFX1","0.146397337405292"
"ZNHIT1","0.143195323078904"
"ZNHIT2","0.144241275564297"
"ZNHIT3","0.146147404442414"
"ZNHIT6","0.144895009058752"
"ZNRD1","0.146170352944677"
"ZNRD1-AS1","0.146397337405292"
"ZNRF1","0.145324830785079"
"ZNRF2","0.144855537054053"
"ZNRF3","0.144944038125894"
"ZNRF3-AS1","0.147015203054839"
"ZNRF4","0.145196061432886"
"ZP1","0.145076915256058"
"ZP2","0.146170352944677"
"ZP3","0.147221655759461"
"ZPBP","0.14474561010045"
"ZPBP2","0.143094933553706"
"ZPLD1","0.145196061432886"
"ZPR1","0.142506627325839"
"ZRANB1","0.147889895473722"
"ZRANB2","0.143832770275185"
"ZRANB2-AS1","0.147384585325365"
"ZRANB3","0.144233908353107"
"ZRSR1","0.144564481352572"
"ZRSR2","0.147329976475009"
"ZSCAN1","0.146926980637146"
"ZSCAN10","0.142994179258735"
"ZSCAN12","0.146170352944677"
"ZSCAN16","0.14503252421118"
"ZSCAN16-AS1","0.145866346288409"
"ZSCAN18","0.144944038125894"
"ZSCAN2","0.146170352944677"
"ZSCAN20","0.145726366109111"
"ZSCAN21","0.146170352944677"
"ZSCAN22","0.143595860295955"
"ZSCAN23","0.144960081071918"
"ZSCAN25","0.14503252421118"
"ZSCAN26","0.145722341015922"
"ZSCAN29","0.142506627325839"
"ZSCAN30","0.145725544111886"
"ZSCAN31","0.146170352944677"
"ZSCAN32","0.146397337405292"
"ZSCAN4","0.143414128187838"
"ZSCAN5A","0.147597543448206"
"ZSCAN5B","0.147060995479922"
"ZSCAN9","0.147113801479378"
"ZSWIM1","0.147037048997832"
"ZSWIM2","0.143094933553706"
"ZSWIM3","0.144665070316003"
"ZSWIM4","0.145196061432886"
"ZSWIM5","0.145276601217332"
"ZSWIM6","0.147015203054839"
"ZSWIM7","0.146140521660874"
"ZSWIM8","0.145726366109111"
"ZUFSP","0.144944038125894"
"ZW10","0.143595860295955"
"ZWILCH","0.146397337405292"
"ZWINT","0.145726366109111"
"ZXDA","0.146950888314411"
"ZXDB","0.144038963574866"
"ZXDC","0.145239153921334"
"ZYG11A","0.145196061432886"
"ZYG11B","0.145429988990406"
"ZYX","0.144940086272191"
"ZZEF1","0.146271309426912"
"ZZZ3","0.146170352944677"
"bP-21264C1.2","0.145276601217332"
"bP-2189O9.3","0.146467566708054"
