"id.time3","level_3"
"A1BG","0.14948514330276"
"A1BG-AS1","0.150274611047687"
"A1CF","0.151209699763843"
"A2M","0.152457616233038"
"A2M-AS1","0.152870508898218"
"A2ML1","0.148705450719367"
"A2ML1-AS1","0.149835737011514"
"A2ML1-AS2","0.15192582328737"
"A4GALT","0.15192582328737"
"A4GNT","0.152215294630394"
"AAAS","0.150564727384074"
"AACS","0.150564727384074"
"AADAC","0.153577881390479"
"AADACL2","0.15192582328737"
"AADACL2-AS1","0.148951708599353"
"AADACL3","0.151500542547708"
"AADACL4","0.15192582328737"
"AADAT","0.149986455652108"
"AAED1","0.149813631920417"
"AAGAB","0.149598725111793"
"AAK1","0.150122629796143"
"AAMDC","0.150548049499139"
"AAMP","0.151606887956614"
"AANAT","0.150564727384074"
"AAR2","0.151368497672031"
"AARD","0.15192582328737"
"AARS","0.150524362581243"
"AARS2","0.151166240043794"
"AARSD1","0.150122629796143"
"AASDH","0.151368497672031"
"AASDHPPT","0.151500542547708"
"AASS","0.151274697835988"
"AATBC","0.151761849785314"
"AATF","0.149600963557382"
"AATK","0.15385874863559"
"AATK-AS1","0.152019276762665"
"AB015752.3","0.152064718376468"
"AB019440.50","0.151274697835988"
"ABALON","0.153656478478467"
"ABAT","0.15030590260663"
"ABC12-49244600F4.4","0.153656478478467"
"ABC7-42404400C24.1","0.150542606222099"
"ABCA1","0.15030590260663"
"ABCA10","0.152393250225978"
"ABCA12","0.15192582328737"
"ABCA13","0.152870508898218"
"ABCA2","0.152749536827529"
"ABCA3","0.151980402171169"
"ABCA4","0.152304701262292"
"ABCA5","0.15311076815169"
"ABCA6","0.151386799039241"
"ABCA7","0.150122629796143"
"ABCA8","0.151386799039241"
"ABCA9","0.152304701262292"
"ABCA9-AS1","0.153054149933489"
"ABCB1","0.152064718376468"
"ABCB10","0.151606887956614"
"ABCB11","0.151500542547708"
"ABCB4","0.150122629796143"
"ABCB5","0.15311076815169"
"ABCB6","0.148728451649781"
"ABCB7","0.151274697835988"
"ABCB8","0.152393250225978"
"ABCB9","0.150987475801965"
"ABCC1","0.151980402171169"
"ABCC10","0.151980402171169"
"ABCC11","0.15385874863559"
"ABCC12","0.151606887956614"
"ABCC2","0.149835737011514"
"ABCC3","0.151264603865474"
"ABCC4","0.150564727384074"
"ABCC5","0.152432861260041"
"ABCC5-AS1","0.14882192746809"
"ABCC6","0.150564727384074"
"ABCC8","0.150524362581243"
"ABCC9","0.150564727384074"
"ABCD1","0.148951708599353"
"ABCD2","0.149986455652108"
"ABCD3","0.151713664466843"
"ABCD4","0.151500542547708"
"ABCE1","0.151386799039241"
"ABCF1","0.152248854891321"
"ABCF2","0.151713664466843"
"ABCF3","0.151713664466843"
"ABCG1","0.152930564800807"
"ABCG2","0.151274697835988"
"ABCG4","0.149835737011514"
"ABCG5","0.150548049499139"
"ABCG8","0.1496116615457"
"ABHD1","0.152457616233038"
"ABHD10","0.152868480392843"
"ABHD11","0.151274697835988"
"ABHD11-AS1","0.152457616233038"
"ABHD12","0.14882192746809"
"ABHD12B","0.149813631920417"
"ABHD13","0.151980402171169"
"ABHD14A","0.151166240043794"
"ABHD14A-ACY1","0.152879188207048"
"ABHD14B","0.15192582328737"
"ABHD15","0.150524362581243"
"ABHD15-AS1","0.152879188207048"
"ABHD16A","0.15192582328737"
"ABHD16B","0.150122629796143"
"ABHD17A","0.152304701262292"
"ABHD17B","0.152304701262292"
"ABHD17C","0.150548049499139"
"ABHD18","0.152064718376468"
"ABHD2","0.151386799039241"
"ABHD3","0.150548049499139"
"ABHD4","0.151274697835988"
"ABHD5","0.150542606222099"
"ABHD6","0.152457616233038"
"ABHD8","0.153656478478467"
"ABI1","0.150542606222099"
"ABI2","0.150524362581243"
"ABI3","0.151166240043794"
"ABI3BP","0.149835737011514"
"ABL1","0.151368497672031"
"ABL2","0.151980402171169"
"ABLIM1","0.150122629796143"
"ABLIM2","0.149103798871864"
"ABLIM3","0.150548049499139"
"ABO","0.149986455652108"
"ABR","0.15030590260663"
"ABRA","0.150122629796143"
"ABRACL","0.152176311919746"
"ABT1","0.151274697835988"
"ABTB1","0.151274697835988"
"ABTB2","0.152176311919746"
"AC000032.2","0.14974455430417"
"AC000035.3","0.150548049499139"
"AC000036.4","0.150447529565813"
"AC000067.1","0.152879188207048"
"AC000068.10","0.150548049499139"
"AC000068.5","0.152879188207048"
"AC000068.9","0.151386799039241"
"AC000111.6","0.149835737011514"
"AC000124.1","0.151500542547708"
"AC000403.4","0.150548049499139"
"AC001226.7","0.15192582328737"
"AC002064.5","0.151980402171169"
"AC002066.1","0.151606887956614"
"AC002076.10","0.149998984178676"
"AC002115.5","0.151980402171169"
"AC002115.9","0.149835737011514"
"AC002116.7","0.150987475801965"
"AC002117.1","0.14882192746809"
"AC002128.5","0.152064718376468"
"AC002306.1","0.1496116615457"
"AC002310.12","0.150447529565813"
"AC002310.13","0.150122629796143"
"AC002310.7","0.148506036125004"
"AC002331.1","0.153724990326193"
"AC002383.2","0.151386799039241"
"AC002398.11","0.149986455652108"
"AC002398.12","0.152304701262292"
"AC002398.13","0.151500542547708"
"AC002429.5","0.151209699763843"
"AC002451.3","0.15030590260663"
"AC002454.1","0.151500542547708"
"AC002456.2","0.150524362581243"
"AC002463.3","0.152393250225978"
"AC002467.7","0.153656478478467"
"AC002480.2","0.151209699763843"
"AC002480.3","0.151166240043794"
"AC002480.4","0.15192582328737"
"AC002511.2","0.152248854891321"
"AC002511.3","0.151713664466843"
"AC002539.1","0.152064718376468"
"AC002550.5","0.15030590260663"
"AC002550.6","0.151209699763843"
"AC003002.6","0.152901190543718"
"AC003005.2","0.152937673523544"
"AC003075.4","0.149813631920417"
"AC003084.2","0.150987475801965"
"AC003088.1","0.150987475801965"
"AC003090.1","0.151606887956614"
"AC003092.1","0.152937673523544"
"AC003092.2","0.151761849785314"
"AC003101.1","0.15030590260663"
"AC003956.1","0.152393250225978"
"AC003958.2","0.150548049499139"
"AC003984.1","0.150564727384074"
"AC003986.5","0.151713664466843"
"AC003986.6","0.151606887956614"
"AC003986.7","0.15030590260663"
"AC003991.3","0.15030590260663"
"AC004012.1","0.152393250225978"
"AC004019.13","0.152937673523544"
"AC004053.1","0.151761849785314"
"AC004066.3","0.153707109835551"
"AC004067.5","0.151166240043794"
"AC004069.2","0.150548049499139"
"AC004076.5","0.150564727384074"
"AC004076.7","0.151067402584456"
"AC004076.9","0.15030590260663"
"AC004112.4","0.149051353470145"
"AC004156.3","0.150447529565813"
"AC004158.1","0.152176311919746"
"AC004158.3","0.152457616233038"
"AC004160.4","0.151761849785314"
"AC004221.2","0.152749536827529"
"AC004231.2","0.152019276762665"
"AC004237.1","0.151067402584456"
"AC004257.1","0.150809563700532"
"AC004381.6","0.151386799039241"
"AC004381.7","0.152879188207048"
"AC004448.2","0.151067402584456"
"AC004448.5","0.152901190543718"
"AC004449.6","0.151713664466843"
"AC004471.10","0.151274697835988"
"AC004471.9","0.151500542547708"
"AC004490.1","0.15328866929788"
"AC004510.3","0.152997702597429"
"AC004540.4","0.148308154899935"
"AC004540.5","0.150524362581243"
"AC004549.6","0.151606887956614"
"AC004556.1","0.151166240043794"
"AC004593.3","0.152019276762665"
"AC004603.4","0.149453049337807"
"AC004623.2","0.151386799039241"
"AC004637.1","0.151274697835988"
"AC004692.4","0.152304701262292"
"AC004702.2","0.15030590260663"
"AC004754.3","0.150564727384074"
"AC004775.5","0.15192582328737"
"AC004791.2","0.150809563700532"
"AC004813.1","0.15328866929788"
"AC004824.2","0.151067402584456"
"AC004837.5","0.152304701262292"
"AC004854.4","0.151067402584456"
"AC004862.6","0.149986455652108"
"AC004870.3","0.150809563700532"
"AC004878.2","0.151067402584456"
"AC004878.8","0.152248854891321"
"AC004893.11","0.148884095934045"
"AC004895.4","0.150122629796143"
"AC004901.1","0.152064718376468"
"AC004906.3","0.149103798871864"
"AC004920.3","0.151500542547708"
"AC004941.3","0.152248854891321"
"AC004947.2","0.151500542547708"
"AC004951.6","0.150129312315345"
"AC004988.1","0.152393250225978"
"AC005009.1","0.15014365306412"
"AC005009.2","0.149813631920417"
"AC005013.5","0.151078901953117"
"AC005019.3","0.14974455430417"
"AC005037.3","0.151980402171169"
"AC005042.4","0.152373212420945"
"AC005076.5","0.149598725111793"
"AC005082.12","0.152248854891321"
"AC005104.3","0.151166240043794"
"AC005150.1","0.151274697835988"
"AC005152.3","0.150923988589006"
"AC005162.5","0.149453049337807"
"AC005197.2","0.151500542547708"
"AC005220.3","0.151274697835988"
"AC005224.2","0.1496116615457"
"AC005235.1","0.149854749038717"
"AC005237.4","0.15030590260663"
"AC005253.2","0.151078901953117"
"AC005253.4","0.151274697835988"
"AC005256.1","0.148951708599353"
"AC005262.2","0.15192582328737"
"AC005264.2","0.15030590260663"
"AC005276.1","0.151166240043794"
"AC005281.1","0.149835737011514"
"AC005281.2","0.149103798871864"
"AC005301.8","0.14974455430417"
"AC005304.1","0.15030590260663"
"AC005307.1","0.151606887956614"
"AC005307.3","0.152064718376468"
"AC005324.6","0.152868480392843"
"AC005329.7","0.151209699763843"
"AC005330.2","0.150542606222099"
"AC005339.2","0.152018512168106"
"AC005355.1","0.151386799039241"
"AC005355.2","0.152019276762665"
"AC005358.3","0.149813631920417"
"AC005363.11","0.151980402171169"
"AC005387.2","0.151761849785314"
"AC005387.3","0.151106936009983"
"AC005477.1","0.149453049337807"
"AC005480.1","0.150548049499139"
"AC005481.5","0.151713664466843"
"AC005487.2","0.15030590260663"
"AC005498.3","0.150080330328936"
"AC005498.4","0.152879188207048"
"AC005522.7","0.1496116615457"
"AC005523.2","0.150471308783321"
"AC005523.3","0.150122629796143"
"AC005534.8","0.150427900676335"
"AC005537.2","0.150809563700532"
"AC005540.3","0.151166240043794"
"AC005546.2","0.150923988589006"
"AC005550.3","0.150524362581243"
"AC005592.1","0.15030590260663"
"AC005592.2","0.152304701262292"
"AC005592.3","0.152019276762665"
"AC005597.1","0.152248854891321"
"AC005606.14","0.151713664466843"
"AC005606.15","0.150542606222099"
"AC005609.16","0.150471308783321"
"AC005609.17","0.149835737011514"
"AC005609.18","0.152176311919746"
"AC005609.20","0.152868480392843"
"AC005614.3","0.151274697835988"
"AC005616.1","0.152019276762665"
"AC005616.2","0.152393250225978"
"AC005618.6","0.150517819618083"
"AC005618.9","0.151500542547708"
"AC005624.2","0.151166240043794"
"AC005625.1","0.149598725111793"
"AC005703.2","0.151500542547708"
"AC005703.3","0.151713664466843"
"AC005740.5","0.151209699763843"
"AC005740.6","0.152457616233038"
"AC005754.7","0.151952075353223"
"AC005754.8","0.151209699763843"
"AC005757.6","0.152393250225978"
"AC005775.2","0.150427900676335"
"AC005779.2","0.15311076815169"
"AC005780.1","0.152304701262292"
"AC005786.5","0.151274697835988"
"AC005786.7","0.151209699763843"
"AC005808.3","0.150804507731548"
"AC005863.1","0.151606887956614"
"AC005932.1","0.152457616233038"
"AC005944.2","0.151386799039241"
"AC005954.4","0.151713664466843"
"AC006004.1","0.150427900676335"
"AC006019.4","0.152248854891321"
"AC006026.2","0.152064718376468"
"AC006041.1","0.150809563700532"
"AC006042.6","0.151761849785314"
"AC006042.7","0.151713664466843"
"AC006116.12","0.1496116615457"
"AC006116.17","0.152304701262292"
"AC006116.21","0.151606887956614"
"AC006126.3","0.151713664466843"
"AC006126.4","0.152019276762665"
"AC006129.1","0.150564727384074"
"AC006129.2","0.151606887956614"
"AC006145.4","0.151209699763843"
"AC006159.4","0.149103798871864"
"AC006160.5","0.148596984126293"
"AC006262.10","0.151386799039241"
"AC006262.4","0.15192582328737"
"AC006262.5","0.152304701262292"
"AC006272.1","0.150427900676335"
"AC006272.2","0.152248854891321"
"AC006273.4","0.152176311919746"
"AC006273.5","0.152176311919746"
"AC006277.2","0.151274697835988"
"AC006296.1","0.151209699763843"
"AC006296.2","0.152064718376468"
"AC006369.2","0.150524362581243"
"AC006369.3","0.15192582328737"
"AC006372.4","0.149835737011514"
"AC006372.5","0.151980402171169"
"AC006372.6","0.150471308783321"
"AC006373.1","0.150122629796143"
"AC006378.2","0.149854749038717"
"AC006380.3","0.152879188207048"
"AC006449.2","0.152019276762665"
"AC006460.2","0.151138600439855"
"AC006482.1","0.151166240043794"
"AC006486.9","0.153656478478467"
"AC006547.13","0.152304701262292"
"AC006547.15","0.151209699763843"
"AC006547.8","0.150809563700532"
"AC006552.1","0.150548049499139"
"AC006942.4","0.152879188207048"
"AC006946.15","0.151980402171169"
"AC006946.16","0.150506251249832"
"AC006946.17","0.151606887956614"
"AC006994.2","0.151500542547708"
"AC006994.3","0.151166240043794"
"AC007009.1","0.152457616233038"
"AC007036.6","0.15192582328737"
"AC007038.7","0.150427900676335"
"AC007040.11","0.150923988589006"
"AC007040.6","0.150564727384074"
"AC007040.8","0.151500542547708"
"AC007050.17","0.149835737011514"
"AC007064.24","0.151386799039241"
"AC007078.4","0.151386799039241"
"AC007091.1","0.152064718376468"
"AC007098.1","0.15030590260663"
"AC007099.1","0.150064447870818"
"AC007126.1","0.150826042200633"
"AC007128.1","0.152064718376468"
"AC007131.1","0.149598725111793"
"AC007131.2","0.149422240784653"
"AC007161.5","0.151166240043794"
"AC007163.3","0.152304701262292"
"AC007163.6","0.150427900676335"
"AC007182.6","0.150548049499139"
"AC007192.4","0.152749536827529"
"AC007192.6","0.150229700516773"
"AC007193.10","0.149016141313558"
"AC007193.8","0.15030590260663"
"AC007193.9","0.150542606222099"
"AC007204.2","0.150059955029963"
"AC007228.11","0.152927436650546"
"AC007228.5","0.15192582328737"
"AC007228.9","0.151500542547708"
"AC007246.3","0.152393250225978"
"AC007249.3","0.150923988589006"
"AC007250.4","0.152868480392843"
"AC007255.8","0.150100790956263"
"AC007271.3","0.150100790956263"
"AC007277.3","0.150809563700532"
"AC007285.6","0.152248854891321"
"AC007292.3","0.151713664466843"
"AC007292.4","0.150427900676335"
"AC007292.6","0.148506036125004"
"AC007292.7","0.150791021130725"
"AC007308.7","0.152868480392843"
"AC007319.1","0.150548049499139"
"AC007325.1","0.149827394096092"
"AC007325.2","0.151606887956614"
"AC007325.4","0.151274697835988"
"AC007326.10","0.1496116615457"
"AC007349.4","0.151713664466843"
"AC007349.5","0.151469275935693"
"AC007349.7","0.151274697835988"
"AC007362.3","0.15045540210359"
"AC007364.1","0.152248854891321"
"AC007365.1","0.150548049499139"
"AC007365.3","0.149813631920417"
"AC007381.3","0.151166240043794"
"AC007383.3","0.150524362581243"
"AC007383.4","0.150524362581243"
"AC007386.2","0.149103798871864"
"AC007386.4","0.152868480392843"
"AC007389.3","0.149835737011514"
"AC007391.2","0.151166240043794"
"AC007392.3","0.152176311919746"
"AC007392.4","0.152248854891321"
"AC007403.2","0.151166240043794"
"AC007405.4","0.150542606222099"
"AC007405.6","0.152749536827529"
"AC007405.8","0.152304701262292"
"AC007422.1","0.150323842041744"
"AC007463.2","0.150122629796143"
"AC007556.3","0.151761849785314"
"AC007563.3","0.151761849785314"
"AC007563.5","0.150906710248096"
"AC007566.10","0.152901190543718"
"AC007620.3","0.151761849785314"
"AC007731.1","0.151347455156683"
"AC007740.1","0.150524362581243"
"AC007743.1","0.152432861260041"
"AC007750.5","0.150542606222099"
"AC007773.2","0.151001752499961"
"AC007796.1","0.151606887956614"
"AC007879.1","0.150439255154762"
"AC007879.2","0.151274697835988"
"AC007879.3","0.151209699763843"
"AC007879.4","0.150524362581243"
"AC007879.5","0.150923988589006"
"AC007879.6","0.151713664466843"
"AC007879.7","0.152807878820591"
"AC007880.1","0.152393250225978"
"AC007906.1","0.151713664466843"
"AC007950.1","0.151500542547708"
"AC007950.2","0.150127037063091"
"AC007966.1","0.150542606222099"
"AC008060.7","0.151347455156683"
"AC008063.2","0.151606887956614"
"AC008063.3","0.151980402171169"
"AC008067.2","0.150844061806514"
"AC008069.1","0.151274697835988"
"AC008073.7","0.148951708599353"
"AC008073.9","0.152457616233038"
"AC008074.1","0.150142152653379"
"AC008074.3","0.151078901953117"
"AC008074.4","0.151500542547708"
"AC008079.10","0.152901190543718"
"AC008079.9","0.152393250225978"
"AC008088.4","0.150809563700532"
"AC008132.15","0.152176311919746"
"AC008154.4","0.151606887956614"
"AC008154.5","0.152176311919746"
"AC008268.1","0.151606887956614"
"AC008269.2","0.151166240043794"
"AC008271.1","0.152944052651575"
"AC008277.1","0.149103798871864"
"AC008278.2","0.150564727384074"
"AC008440.10","0.151404951023736"
"AC008440.5","0.151500542547708"
"AC008522.1","0.150809563700532"
"AC008592.4","0.150548049499139"
"AC008592.7","0.150542606222099"
"AC008592.8","0.152393250225978"
"AC008686.1","0.152645845890247"
"AC008691.1","0.151928117071048"
"AC008697.1","0.152304701262292"
"AC008703.1","0.152944052651575"
"AC008746.12","0.151274697835988"
"AC008746.3","0.149016141313558"
"AC008753.4","0.1496116615457"
"AC008753.6","0.150862686341383"
"AC008781.7","0.15192582328737"
"AC008937.2","0.149986455652108"
"AC008937.3","0.151980402171169"
"AC008940.1","0.151347455156683"
"AC008991.1","0.151209699763843"
"AC009005.2","0.152019276762665"
"AC009014.3","0.15030590260663"
"AC009022.1","0.151980402171169"
"AC009060.2","0.152901190543718"
"AC009060.3","0.151606887956614"
"AC009065.4","0.151500542547708"
"AC009095.4","0.150151870634505"
"AC009110.1","0.15192582328737"
"AC009120.10","0.152807878820591"
"AC009120.11","0.151196521955334"
"AC009120.4","0.150923988589006"
"AC009120.5","0.152645845890247"
"AC009133.12","0.151500542547708"
"AC009133.15","0.151166240043794"
"AC009133.17","0.152457616233038"
"AC009133.21","0.150923988589006"
"AC009158.1","0.152064718376468"
"AC009227.2","0.150548049499139"
"AC009228.1","0.151347455156683"
"AC009229.6","0.152944052651575"
"AC009236.2","0.152457616233038"
"AC009262.2","0.150564727384074"
"AC009264.1","0.151404951023736"
"AC009276.4","0.150471308783321"
"AC009299.2","0.151713664466843"
"AC009299.3","0.152304701262292"
"AC009303.1","0.150612361233286"
"AC009312.1","0.151404951023736"
"AC009313.1","0.152645845890247"
"AC009336.19","0.151347455156683"
"AC009365.4","0.151761849785314"
"AC009403.2","0.151500542547708"
"AC009404.2","0.151606887956614"
"AC009410.1","0.151500542547708"
"AC009473.1","0.152248854891321"
"AC009478.1","0.151078901953117"
"AC009480.3","0.152064718376468"
"AC009487.4","0.150542606222099"
"AC009495.2","0.151761849785314"
"AC009495.3","0.148675653483354"
"AC009495.4","0.152944052651575"
"AC009501.4","0.151166240043794"
"AC009502.4","0.152393250225978"
"AC009505.2","0.151209699763843"
"AC009505.4","0.152645845890247"
"AC009506.1","0.151166240043794"
"AC009508.1","0.152868480392843"
"AC009518.4","0.148705450719367"
"AC009518.8","0.152019276762665"
"AC009542.2","0.152901190543718"
"AC009784.3","0.153091952373004"
"AC009892.10","0.151347455156683"
"AC009948.5","0.151274697835988"
"AC009950.2","0.152879188207048"
"AC009955.8","0.151980402171169"
"AC009961.3","0.150427900676335"
"AC010082.2","0.151078901953117"
"AC010084.1","0.151404951023736"
"AC010091.1","0.152064718376468"
"AC010096.1","0.151761849785314"
"AC010127.3","0.15192582328737"
"AC010132.10","0.150548049499139"
"AC010136.2","0.15192582328737"
"AC010149.4","0.150879158363269"
"AC010226.4","0.152019276762665"
"AC010287.1","0.150471308783321"
"AC010468.2","0.150542606222099"
"AC010504.2","0.151761849785314"
"AC010524.2","0.152176311919746"
"AC010524.4","0.150548049499139"
"AC010525.4","0.152879188207048"
"AC010547.9","0.152944052651575"
"AC010641.1","0.152019276762665"
"AC010642.1","0.151058349048134"
"AC010649.1","0.15281006544504"
"AC010729.2","0.15281006544504"
"AC010731.4","0.152879188207048"
"AC010745.4","0.15311076815169"
"AC010746.3","0.153436988296208"
"AC010761.10","0.152836103371531"
"AC010761.13","0.152176311919746"
"AC010761.14","0.151761849785314"
"AC010761.6","0.152868480392843"
"AC010761.8","0.151648783647907"
"AC010761.9","0.149835737011514"
"AC010883.5","0.152393250225978"
"AC010884.1","0.151347455156683"
"AC010890.1","0.150548049499139"
"AC010894.3","0.153434837246212"
"AC010894.5","0.150548049499139"
"AC010907.2","0.152393250225978"
"AC010907.5","0.150548049499139"
"AC010967.2","0.15307089581844"
"AC010969.1","0.151078901953117"
"AC010974.3","0.151404951023736"
"AC010976.2","0.152304701262292"
"AC010983.1","0.151761849785314"
"AC010987.5","0.150809563700532"
"AC010987.6","0.151404951023736"
"AC011043.1","0.152927436650546"
"AC011239.1","0.152901190543718"
"AC011247.3","0.151761849785314"
"AC011284.3","0.152944052651575"
"AC011286.1","0.15307089581844"
"AC011288.2","0.152457616233038"
"AC011290.4","0.152652405763592"
"AC011294.3","0.152645845890247"
"AC011298.2","0.153605466068298"
"AC011343.1","0.15281006544504"
"AC011513.4","0.152248854891321"
"AC011516.2","0.151404951023736"
"AC011523.2","0.153352083212756"
"AC011524.1","0.152937673523544"
"AC011525.2","0.150471308783321"
"AC011625.1","0.152868480392843"
"AC011648.1","0.152248854891321"
"AC011718.2","0.15192582328737"
"AC011738.4","0.151980402171169"
"AC011747.3","0.152645845890247"
"AC011747.4","0.152901190543718"
"AC011752.1","0.152710747756655"
"AC011893.3","0.152248854891321"
"AC011899.10","0.15192582328737"
"AC011899.9","0.151687380096813"
"AC011995.3","0.150777672783482"
"AC011997.1","0.152879188207048"
"AC012005.3","0.152901190543718"
"AC012005.4","0.152064718376468"
"AC012065.4","0.152176311919746"
"AC012074.2","0.152304701262292"
"AC012075.2","0.152304701262292"
"AC012123.1","0.150524362581243"
"AC012307.2","0.15311076815169"
"AC012314.20","0.152807878820591"
"AC012314.8","0.152901190543718"
"AC012322.1","0.152645845890247"
"AC012354.6","0.151282516352601"
"AC012358.7","0.151980402171169"
"AC012358.8","0.151708734701885"
"AC012360.4","0.153436988296208"
"AC012360.6","0.152710747756655"
"AC012363.4","0.151708734701885"
"AC012368.1","0.15281006544504"
"AC012370.3","0.152997702597429"
"AC012442.6","0.152645845890247"
"AC012445.1","0.151980402171169"
"AC012456.4","0.152064718376468"
"AC012462.1","0.152879188207048"
"AC012462.2","0.152393250225978"
"AC012462.3","0.152248854891321"
"AC012485.2","0.152645845890247"
"AC012494.1","0.152645845890247"
"AC012499.1","0.152304701262292"
"AC012506.3","0.152457616233038"
"AC012506.4","0.153352083212756"
"AC012507.3","0.151404951023736"
"AC012507.4","0.150923988589006"
"AC012513.6","0.152944052651575"
"AC012531.25","0.153724990326193"
"AC012593.1","0.152248854891321"
"AC012594.1","0.152901190543718"
"AC012668.2","0.151078901953117"
"AC012668.3","0.151404951023736"
"AC013264.2","0.150524362581243"
"AC013275.2","0.152927436650546"
"AC013401.1","0.150548049499139"
"AC013401.2","0.152710747756655"
"AC013402.5","0.15328866929788"
"AC013436.6","0.152927436650546"
"AC013448.1","0.152868480392843"
"AC013448.2","0.15281006544504"
"AC013461.1","0.150122629796143"
"AC013463.2","0.153656478478467"
"AC013472.4","0.15311076815169"
"AC015688.3","0.150895832226609"
"AC015691.13","0.152064718376468"
"AC015849.12","0.152064718376468"
"AC015849.16","0.152901190543718"
"AC015849.19","0.152901190543718"
"AC015849.2","0.152868480392843"
"AC015922.6","0.150796940705418"
"AC015933.2","0.152927436650546"
"AC015936.3","0.151980402171169"
"AC015969.3","0.152879188207048"
"AC015971.2","0.152176311919746"
"AC015987.1","0.152901190543718"
"AC016549.1","0.15281006544504"
"AC016577.1","0.152901190543718"
"AC016582.2","0.152944052651575"
"AC016629.3","0.152393250225978"
"AC016644.1","0.152879188207048"
"AC016683.5","0.150564727384074"
"AC016700.2","0.151166240043794"
"AC016700.5","0.15117041189739"
"AC016722.3","0.151404951023736"
"AC016722.4","0.151347455156683"
"AC016723.4","0.152868480392843"
"AC016735.1","0.152920327927809"
"AC016735.2","0.152944052651575"
"AC016735.3","0.152868480392843"
"AC016738.3","0.15311076815169"
"AC016738.4","0.152176311919746"
"AC016745.3","0.150524362581243"
"AC016751.2","0.152304701262292"
"AC016751.3","0.150543557849876"
"AC016768.1","0.151209699763843"
"AC016831.7","0.152248854891321"
"AC016907.3","0.151500542547708"
"AC016910.1","0.149902222393775"
"AC016912.3","0.152304701262292"
"AC016995.3","0.15281006544504"
"AC016999.2","0.152176311919746"
"AC017002.1","0.152248854891321"
"AC017002.2","0.151347455156683"
"AC017006.2","0.15192582328737"
"AC017006.3","0.152304701262292"
"AC017028.10","0.152944052651575"
"AC017060.1","0.150893771566057"
"AC017074.1","0.150867352492869"
"AC017074.2","0.149066546369801"
"AC017101.10","0.152064718376468"
"AC017104.2","0.151166240043794"
"AC018359.1","0.150910249989962"
"AC018462.2","0.151209699763843"
"AC018643.4","0.15025615548221"
"AC018647.3","0.152645845890247"
"AC018693.6","0.152393250225978"
"AC018717.1","0.150564727384074"
"AC018730.4","0.152645845890247"
"AC018737.3","0.151708734701885"
"AC018742.1","0.151980402171169"
"AC018755.17","0.151329153789473"
"AC018766.4","0.152868480392843"
"AC018766.6","0.152868480392843"
"AC018799.1","0.148728451649781"
"AC018816.3","0.15192582328737"
"AC018832.1","0.152710747756655"
"AC018878.3","0.151274697835988"
"AC018890.4","0.150809563700532"
"AC018890.6","0.152393250225978"
"AC019048.1","0.150564727384074"
"AC019055.1","0.150246329701376"
"AC019117.1","0.15108345008326"
"AC019117.2","0.150122629796143"
"AC019118.3","0.152457616233038"
"AC019172.2","0.151500542547708"
"AC019181.2","0.151166240043794"
"AC019186.1","0.151209699763843"
"AC019206.1","0.152879188207048"
"AC019349.5","0.154097444193256"
"AC020571.3","0.152879188207048"
"AC020594.5","0.151500542547708"
"AC020743.2","0.152064718376468"
"AC020743.3","0.152304701262292"
"AC020956.3","0.15328866929788"
"AC021106.1","0.152064718376468"
"AC021188.4","0.152997702597429"
"AC021218.2","0.152457616233038"
"AC021224.1","0.15015846879067"
"AC022007.5","0.15281006544504"
"AC022154.7","0.151980402171169"
"AC022182.1","0.151404951023736"
"AC022182.3","0.150336705388726"
"AC022201.4","0.15307089581844"
"AC022201.5","0.15056321740609"
"AC022816.2","0.152393250225978"
"AC023115.2","0.152304701262292"
"AC023115.4","0.152944052651575"
"AC023128.1","0.150548049499139"
"AC023137.2","0.150471308783321"
"AC023347.1","0.151036554232393"
"AC023469.1","0.151484064796249"
"AC023481.1","0.151181793065741"
"AC023491.2","0.152997702597429"
"AC023590.1","0.152019276762665"
"AC023669.1","0.150524362581243"
"AC024028.1","0.152176311919746"
"AC024084.1","0.150336705388726"
"AC024560.2","0.151708734701885"
"AC024592.12","0.150923988589006"
"AC024592.9","0.151100871046542"
"AC024704.2","0.151347455156683"
"AC025016.1","0.150923988589006"
"AC025165.8","0.151274697835988"
"AC025171.1","0.15311076815169"
"AC025263.3","0.151078901953117"
"AC025335.1","0.152927436650546"
"AC025442.3","0.151166240043794"
"AC025811.3","0.152176311919746"
"AC026150.8","0.15192582328737"
"AC026167.1","0.152064718376468"
"AC026188.1","0.152645845890247"
"AC026202.3","0.152997702597429"
"AC026248.1","0.152944052651575"
"AC026471.6","0.15281006544504"
"AC026904.1","0.151404951023736"
"AC027119.1","0.150591484356379"
"AC027601.1","0.150471308783321"
"AC034187.2","0.151078901953117"
"AC034228.2","0.151500542547708"
"AC034228.3","0.152019276762665"
"AC034228.4","0.15192582328737"
"AC034243.1","0.152457616233038"
"AC037459.4","0.151209699763843"
"AC046143.3","0.151761806812759"
"AC053503.4","0.152393250225978"
"AC053503.6","0.15192582328737"
"AC055733.1","0.152632642212225"
"AC055764.1","0.15311076815169"
"AC058791.1","0.151209699763843"
"AC060834.3","0.151500542547708"
"AC061961.2","0.150548049499139"
"AC061992.2","0.151274697835988"
"AC062017.1","0.150524362581243"
"AC062020.1","0.150908337914508"
"AC062028.1","0.151347455156683"
"AC062029.1","0.150246329701376"
"AC062031.1","0.152064718376468"
"AC064834.1","0.152927436650546"
"AC064834.2","0.151166240043794"
"AC064834.3","0.152304701262292"
"AC064865.1","0.151980402171169"
"AC067945.2","0.151708734701885"
"AC067956.1","0.152927436650546"
"AC067959.1","0.150336705388726"
"AC067961.1","0.151648438679119"
"AC067968.3","0.151166240043794"
"AC067969.2","0.152064718376468"
"AC068134.6","0.152997702597429"
"AC068134.8","0.15307089581844"
"AC068138.1","0.151500542547708"
"AC068196.1","0.150542606222099"
"AC068282.3","0.152064718376468"
"AC068490.2","0.150923988589006"
"AC068491.2","0.152710747756655"
"AC068492.1","0.150923988589006"
"AC068499.10","0.152176311919746"
"AC068533.7","0.153436988296208"
"AC068535.2","0.151347455156683"
"AC068538.4","0.151264603865474"
"AC068580.6","0.152868480392843"
"AC068580.7","0.150564727384074"
"AC068831.10","0.15307089581844"
"AC068831.15","0.152710747756655"
"AC068831.16","0.152905961976847"
"AC068831.3","0.150923988589006"
"AC068831.6","0.151708734701885"
"AC068858.1","0.152997702597429"
"AC069063.2","0.152868480392843"
"AC069257.8","0.151487427920188"
"AC069277.2","0.153605466068298"
"AC069363.1","0.15281006544504"
"AC069368.3","0.150809563700532"
"AC069394.1","0.151274697835988"
"AC069513.4","0.151347455156683"
"AC072062.1","0.151980402171169"
"AC072062.3","0.152457616233038"
"AC073046.25","0.152905961976847"
"AC073072.5","0.150336705388726"
"AC073115.6","0.15307089581844"
"AC073115.7","0.151500542547708"
"AC073130.3","0.151722121839222"
"AC073133.1","0.152710747756655"
"AC073133.2","0.152710747756655"
"AC073254.1","0.15281006544504"
"AC073257.2","0.152927436650546"
"AC073283.4","0.15290051437526"
"AC073283.7","0.15311076815169"
"AC073284.4","0.152868480392843"
"AC073316.1","0.151500542547708"
"AC073316.2","0.15281006544504"
"AC073321.4","0.15281006544504"
"AC073333.8","0.152944052651575"
"AC073342.12","0.152997702597429"
"AC073343.13","0.152927436650546"
"AC073409.1","0.149986455652108"
"AC073610.5","0.152997702597429"
"AC073628.1","0.15192582328737"
"AC073635.5","0.151196521955334"
"AC073636.1","0.151238389613915"
"AC073641.2","0.152645845890247"
"AC073657.1","0.150524362581243"
"AC073834.3","0.151210995916555"
"AC073842.19","0.152393250225978"
"AC073928.2","0.15192582328737"
"AC073934.6","0.150548049499139"
"AC073957.15","0.150548049499139"
"AC073987.1","0.151196521955334"
"AC074011.2","0.151210995916555"
"AC074117.10","0.151274697835988"
"AC074183.4","0.151500542547708"
"AC074212.6","0.152165399159249"
"AC074289.1","0.152944052651575"
"AC074363.1","0.152457616233038"
"AC074366.3","0.152868480392843"
"AC074389.5","0.151797408474276"
"AC074391.1","0.15290051437526"
"AC078883.3","0.152393250225978"
"AC078883.4","0.152710747756655"
"AC078941.1","0.152304701262292"
"AC079117.1","0.15307089581844"
"AC079135.1","0.152248854891321"
"AC079145.4","0.150524362581243"
"AC079305.10","0.15229170702541"
"AC079305.11","0.150809563700532"
"AC079305.8","0.151078901953117"
"AC079354.3","0.152019276762665"
"AC079354.5","0.152735333154761"
"AC079466.1","0.150847953115587"
"AC079584.2","0.150542606222099"
"AC079586.1","0.152176311919746"
"AC079610.2","0.15311076815169"
"AC079630.2","0.152868480392843"
"AC079630.4","0.150471308783321"
"AC079742.4","0.151347455156683"
"AC079767.4","0.152645845890247"
"AC079776.1","0.151980402171169"
"AC079776.3","0.151199555394611"
"AC079779.5","0.150923988589006"
"AC079779.6","0.153708737501963"
"AC079779.7","0.152019276762665"
"AC079790.2","0.151404951023736"
"AC079807.2","0.151332586476717"
"AC079807.4","0.152393250225978"
"AC079922.3","0.15290051437526"
"AC079988.3","0.153656478478467"
"AC080094.1","0.150856078891012"
"AC083843.1","0.153352083212756"
"AC083843.2","0.151078901953117"
"AC083949.1","0.151980402171169"
"AC084082.3","0.152919651759351"
"AC084149.1","0.152997702597429"
"AC084149.2","0.152944052651575"
"AC084219.4","0.15328866929788"
"AC084809.2","0.151980402171169"
"AC084809.3","0.151980402171169"
"AC087294.2","0.152393250225978"
"AC087430.1","0.150336705388726"
"AC087491.2","0.152589165206428"
"AC087501.1","0.151654708812189"
"AC090154.1","0.151980402171169"
"AC090286.4","0.15281006544504"
"AC090498.1","0.150809563700532"
"AC090505.1","0.151078901953117"
"AC090505.4","0.153352083212756"
"AC090505.6","0.150122629796143"
"AC090587.5","0.151274697835988"
"AC090616.2","0.152304701262292"
"AC090617.1","0.150883591229699"
"AC090952.5","0.151980402171169"
"AC091132.1","0.151708734701885"
"AC091133.1","0.15192582328737"
"AC091153.4","0.150104818844816"
"AC091177.1","0.152064718376468"
"AC091199.1","0.151347455156683"
"AC091493.2","0.152019276762665"
"AC091633.3","0.151500542547708"
"AC091729.7","0.151404951023736"
"AC091729.8","0.152393250225978"
"AC091729.9","0.151196521955334"
"AC091770.3","0.15281006544504"
"AC091801.1","0.152927436650546"
"AC091814.2","0.15030224278881"
"AC091814.3","0.151347455156683"
"AC091878.1","0.152457616233038"
"AC091962.3","0.149986455652108"
"AC092155.4","0.151500542547708"
"AC092159.2","0.150923988589006"
"AC092162.1","0.152064718376468"
"AC092171.2","0.150923988589006"
"AC092171.4","0.150471308783321"
"AC092192.1","0.1496116615457"
"AC092198.1","0.152019276762665"
"AC092295.4","0.150524362581243"
"AC092301.3","0.152176311919746"
"AC092316.1","0.151500542547708"
"AC092415.1","0.151708734701885"
"AC092431.3","0.15307089581844"
"AC092484.1","0.152868480392843"
"AC092535.3","0.150123446210131"
"AC092580.3","0.151500542547708"
"AC092580.4","0.152176311919746"
"AC092597.3","0.150100114787805"
"AC092614.2","0.152868480392843"
"AC092620.3","0.151286624318934"
"AC092625.1","0.152064718376468"
"AC092652.1","0.150988560982694"
"AC092667.2","0.152457616233038"
"AC092669.3","0.15192582328737"
"AC092669.6","0.152944052651575"
"AC092675.3","0.151015474035632"
"AC092687.5","0.151980402171169"
"AC092718.1","0.150450740521446"
"AC092835.2","0.150246329701376"
"AC092839.3","0.150129312315345"
"AC092839.4","0.152064718376468"
"AC092881.1","0.153436988296208"
"AC093063.3","0.152176311919746"
"AC093110.3","0.152710747756655"
"AC093159.1","0.150759758808614"
"AC093323.3","0.151347455156683"
"AC093326.1","0.151347455156683"
"AC093326.3","0.1499103481692"
"AC093375.1","0.15290051437526"
"AC093381.2","0.150564727384074"
"AC093382.1","0.150609195011392"
"AC093388.3","0.152248854891321"
"AC093390.1","0.149016141313558"
"AC093495.4","0.151404951023736"
"AC093585.6","0.149598725111793"
"AC093590.1","0.151404951023736"
"AC093609.1","0.151078901953117"
"AC093620.5","0.151347455156683"
"AC093627.10","0.151500542547708"
"AC093627.12","0.152019276762665"
"AC093627.7","0.150564727384074"
"AC093627.8","0.149986455652108"
"AC093627.9","0.151078901953117"
"AC093642.3","0.149817901875995"
"AC093642.4","0.149351684856824"
"AC093642.6","0.149902222393775"
"AC093673.5","0.151500542547708"
"AC093690.1","0.15192582328737"
"AC093702.1","0.151708734701885"
"AC093732.1","0.150542606222099"
"AC093802.1","0.14948514330276"
"AC093818.1","0.150809563700532"
"AC093822.1","0.150246329701376"
"AC093901.1","0.15009198901238"
"AC093911.1","0.150923988589006"
"AC096558.1","0.149986455652108"
"AC096574.5","0.151708734701885"
"AC096579.13","0.152064718376468"
"AC096649.2","0.152393250225978"
"AC096649.3","0.151347455156683"
"AC096669.3","0.152019276762665"
"AC096670.3","0.151196521955334"
"AC096772.6","0.149982272160224"
"AC097381.1","0.15192582328737"
"AC097467.2","0.150072721090444"
"AC097468.4","0.152011243665204"
"AC097495.2","0.151196521955334"
"AC097495.3","0.149896007420425"
"AC097499.1","0.150923988589006"
"AC097662.2","0.150119425588653"
"AC097713.4","0.152393250225978"
"AC097721.2","0.151404951023736"
"AC097724.3","0.151404951023736"
"AC098617.1","0.151000599533898"
"AC098820.2","0.152019276762665"
"AC098820.4","0.150555920661291"
"AC098823.3","0.151078901953117"
"AC098828.2","0.149256193013588"
"AC098872.3","0.151708734701885"
"AC098973.1","0.149103798871864"
"AC098973.2","0.149793408405466"
"AC099342.1","0.150732845755676"
"AC099344.2","0.149602864918029"
"AC099344.3","0.151078901953117"
"AC099552.4","0.152176311919746"
"AC099684.1","0.150063341229053"
"AC099754.1","0.152019276762665"
"AC099850.1","0.149240091313546"
"AC100802.3","0.149125423699915"
"AC100830.3","0.150548049499139"
"AC100830.4","0.150524362581243"
"AC100830.5","0.150246329701376"
"AC100848.1","0.151274697835988"
"AC102948.2","0.150524362581243"
"AC102953.4","0.151500542547708"
"AC102953.6","0.152064718376468"
"AC103563.8","0.150524362581243"
"AC103563.9","0.152393250225978"
"AC104024.1","0.151980402171169"
"AC104024.2","0.151404951023736"
"AC104076.3","0.151500542547708"
"AC104088.1","0.151708734701885"
"AC104134.2","0.150490402273058"
"AC104135.2","0.151500542547708"
"AC104389.1","0.150524362581243"
"AC104532.2","0.149568623163055"
"AC104532.3","0.152393250225978"
"AC104532.4","0.150427900676335"
"AC104534.2","0.149986455652108"
"AC104534.3","0.151078901953117"
"AC104653.1","0.149098030002555"
"AC104654.1","0.14934851863493"
"AC104654.2","0.15154935079987"
"AC104655.3","0.15192582328737"
"AC104667.3","0.150542606222099"
"AC104695.4","0.152710747756655"
"AC104699.1","0.151404951023736"
"AC104777.1","0.151980402171169"
"AC104777.2","0.151078901953117"
"AC104777.3","0.15022651389202"
"AC104794.4","0.150809563700532"
"AC104809.2","0.150233722672233"
"AC104820.2","0.152632642212225"
"AC104984.4","0.150118911287666"
"AC105052.2","0.149985438382118"
"AC105053.3","0.150524362581243"
"AC105339.1","0.152304701262292"
"AC105393.1","0.150923988589006"
"AC105393.2","0.152176311919746"
"AC105398.3","0.15192582328737"
"AC105402.4","0.15022651389202"
"AC105760.2","0.150524362581243"
"AC105760.3","0.152176311919746"
"AC106053.1","0.15192582328737"
"AC106786.1","0.150524362581243"
"AC106801.1","0.149155775108247"
"AC106873.4","0.150427900676335"
"AC106900.6","0.150040687108027"
"AC107057.1","0.151078901953117"
"AC107079.1","0.149579050565548"
"AC107081.5","0.150809563700532"
"AC107218.3","0.151274697835988"
"AC108004.2","0.152019276762665"
"AC108004.3","0.151196521955334"
"AC108051.2","0.150460744700118"
"AC108051.3","0.152632642212225"
"AC108066.1","0.149882954471839"
"AC108142.1","0.152710747756655"
"AC108448.3","0.15015846879067"
"AC108463.1","0.15026638622527"
"AC108488.4","0.150579992160579"
"AC108868.5","0.150246268755518"
"AC108868.6","0.151500542547708"
"AC108925.1","0.152019276762665"
"AC108938.5","0.151347455156683"
"AC109333.10","0.150197303009974"
"AC109486.1","0.150119425588653"
"AC109642.1","0.15281006544504"
"AC109826.1","0.152944052651575"
"AC109829.1","0.15281006544504"
"AC110615.1","0.151714425399234"
"AC110769.3","0.152710747756655"
"AC110781.3","0.150809563700532"
"AC112518.3","0.152807878820591"
"AC112715.2","0.151980402171169"
"AC112721.1","0.152304701262292"
"AC112721.2","0.150457578478224"
"AC113189.5","0.150253772016061"
"AC113331.9","0.151078901953117"
"AC113404.1","0.149565456941162"
"AC113617.1","0.151776660724732"
"AC114271.2","0.152944052651575"
"AC114730.11","0.149972892298833"
"AC114730.2","0.152019276762665"
"AC114730.3","0.150210314057022"
"AC114730.5","0.151078901953117"
"AC114730.7","0.152064718376468"
"AC114730.8","0.152064718376468"
"AC114763.1","0.150548049499139"
"AC114765.1","0.152710747756655"
"AC114765.2","0.152643507966415"
"AC114776.3","0.150246329701376"
"AC114803.3","0.151708734701885"
"AC114808.2","0.151196521955334"
"AC114814.3","0.152997702597429"
"AC114814.4","0.150864355575542"
"AC115522.3","0.150887298113132"
"AC116035.1","0.152304701262292"
"AC116366.5","0.151500542547708"
"AC116366.6","0.150851741366334"
"AC116609.1","0.153436988296208"
"AC116609.2","0.149465468756515"
"AC116614.1","0.151980402171169"
"AC118754.4","0.152019276762665"
"AC122136.2","0.152997702597429"
"AC123023.1","0.151196521955334"
"AC123512.2","0.151697537127014"
"AC123512.3","0.151274697835988"
"AC123886.2","0.151500542547708"
"AC124057.5","0.153656478478467"
"AC124861.1","0.150243102533625"
"AC124944.3","0.151288918830376"
"AC124944.5","0.150189177234549"
"AC125421.1","0.152304701262292"
"AC128709.3","0.150548049499139"
"AC128709.4","0.15192582328737"
"AC129492.1","0.151719827266073"
"AC129492.6","0.150599815150001"
"AC129778.2","0.152019276762665"
"AC130469.2","0.151105850092682"
"AC131056.3","0.151196521955334"
"AC131056.5","0.152997702597429"
"AC131097.4","0.152176311919746"
"AC131263.1","0.150848155740545"
"AC133528.2","0.151186902849079"
"AC133633.1","0.15063377043798"
"AC133644.2","0.152944052651575"
"AC133680.1","0.152632642212225"
"AC133785.1","0.15281006544504"
"AC135050.5","0.150851741366334"
"AC135178.7","0.152927436650546"
"AC136352.5","0.152304701262292"
"AC136612.1","0.15311076815169"
"AC136616.1","0.150872423611398"
"AC136616.2","0.151980402171169"
"AC137932.4","0.150830892728839"
"AC137932.5","0.152944052651575"
"AC137932.6","0.151078901953117"
"AC137934.1","0.151404951023736"
"AC138035.2","0.151196521955334"
"AC138647.1","0.15307089581844"
"AC138969.4","0.152393250225978"
"AC139099.4","0.15307089581844"
"AC139099.5","0.152393250225978"
"AC139099.6","0.152868480392843"
"AC139100.3","0.151783067725501"
"AC139887.4","0.152304701262292"
"AC140481.4","0.151093304009397"
"AC140542.2","0.15281006544504"
"AC140725.4","0.15192582328737"
"AC140912.1","0.150905212088001"
"AC141272.1","0.150830892728839"
"AC141928.1","0.152019276762665"
"AC142119.1","0.150524362581243"
"AC142293.3","0.152710747756655"
"AC142472.6","0.151722096477565"
"AC142528.1","0.150127037063091"
"AC144449.1","0.152248854891321"
"AC144450.1","0.15311076815169"
"AC144450.2","0.15311076815169"
"AC144568.2","0.150564727384074"
"AC144652.1","0.150887298113132"
"AC144831.1","0.152710747756655"
"AC144831.3","0.151411587146347"
"AC144835.1","0.152248854891321"
"AC144836.1","0.152393250225978"
"AC145110.1","0.152411264060239"
"AC145123.2","0.150526356971554"
"AC145124.2","0.152927436650546"
"AC145212.2","0.152710747756655"
"AC145212.4","0.152944052651575"
"AC145343.2","0.152632642212225"
"AC147651.1","0.152019276762665"
"AC147651.4","0.152019276762665"
"AC159540.1","0.150880944217147"
"AC159540.2","0.152651479943025"
"AC195454.1","0.151980402171169"
"AC226118.1","0.151708734701885"
"AC233755.1","0.150471308783321"
"AC233755.2","0.1510333880105"
"AC234582.1","0.1496116615457"
"AC234582.2","0.152710747756655"
"AC240274.1","0.150471308783321"
"AC241377.2","0.15290051437526"
"AC241585.2","0.152019276762665"
"AC243756.1","0.150542606222099"
"AC245100.1","0.153009233410511"
"AC253572.1","0.15307089581844"
"ACAA1","0.152868480392843"
"ACAA2","0.151980402171169"
"ACACA","0.152632642212225"
"ACACB","0.150542458671596"
"ACAD10","0.15281006544504"
"ACAD11","0.151064570882784"
"ACAD8","0.152411264060239"
"ACAD9","0.152248854891321"
"ACADL","0.151654708812189"
"ACADM","0.151031501473289"
"ACADS","0.150887298113132"
"ACADSB","0.150923988589006"
"ACADVL","0.150880944217147"
"ACAN","0.152304701262292"
"ACAP1","0.151700475619263"
"ACAP2","0.150923988589006"
"ACAP3","0.152868480392843"
"ACAT1","0.152997702597429"
"ACAT2","0.152304701262292"
"ACBD3","0.152393250225978"
"ACBD4","0.152632642212225"
"ACBD5","0.153350984034476"
"ACBD6","0.151347455156683"
"ACBD7","0.150243102533625"
"ACCS","0.150536243698246"
"ACD","0.151433805890053"
"ACE","0.152944052651575"
"ACE2","0.151652041252306"
"ACER1","0.15281006544504"
"ACER2","0.150895832226609"
"ACER3","0.150830892728839"
"ACHE","0.151663916787792"
"ACIN1","0.153350984034476"
"ACKR1","0.151196521955334"
"ACKR2","0.151078901953117"
"ACKR3","0.152227932559095"
"ACKR4","0.151500542547708"
"ACLY","0.150856851149671"
"ACMSD","0.150206592941636"
"ACO1","0.150636588708753"
"ACO2","0.15192582328737"
"ACOT1","0.151980402171169"
"ACOT11","0.151980402171169"
"ACOT12","0.151091243348845"
"ACOT13","0.152868480392843"
"ACOT2","0.151024008149109"
"ACOT4","0.151698832379416"
"ACOT6","0.150059955029963"
"ACOT7","0.152248854891321"
"ACOT8","0.152868480392843"
"ACOT9","0.15281006544504"
"ACOX1","0.153021333277866"
"ACOX2","0.151009294943024"
"ACOX3","0.15088411043904"
"ACOXL","0.150220933690411"
"ACP1","0.150236017604062"
"ACP2","0.150523190749661"
"ACP5","0.150435957619923"
"ACP6","0.151311852516387"
"ACP7","0.151211471218667"
"ACPP","0.150448198616833"
"ACPT","0.151415176971898"
"ACR","0.152997702597429"
"ACRBP","0.151697537127014"
"ACRC","0.151196521955334"
"ACRV1","0.15047684640016"
"ACSBG1","0.15299429030643"
"ACSBG2","0.151201616055163"
"ACSF2","0.152371391726989"
"ACSF3","0.152393250225978"
"ACSL1","0.152927436650546"
"ACSL3","0.150404304128123"
"ACSL4","0.150212807914986"
"ACSL5","0.150009665857585"
"ACSL6","0.151078901953117"
"ACSM1","0.153021333277866"
"ACSM2A","0.152393250225978"
"ACSM2B","0.151748736271865"
"ACSM3","0.152944052651575"
"ACSM4","0.153021333277866"
"ACSM5","0.153021333277866"
"ACSM6","0.152019276762665"
"ACSS1","0.15030224278881"
"ACSS2","0.153021333277866"
"ACSS3","0.151980402171169"
"ACTA1","0.152344703113859"
"ACTA2","0.150908337914508"
"ACTA2-AS1","0.151650914080065"
"ACTB","0.150526356971554"
"ACTBL2","0.15328537176304"
"ACTC1","0.153021333277866"
"ACTG1","0.150905299024047"
"ACTG2","0.151761806812759"
"ACTL10","0.152944052651575"
"ACTL6A","0.153861181295316"
"ACTL6B","0.150923988589006"
"ACTL7B","0.15281006544504"
"ACTL8","0.151347299682802"
"ACTN1","0.150523277685707"
"ACTN1-AS1","0.150830892728839"
"ACTN2","0.151081063012487"
"ACTN3","0.150484972175585"
"ACTN4","0.152064718376468"
"ACTR10","0.152176311919746"
"ACTR1A","0.15057640653479"
"ACTR1B","0.151644528475831"
"ACTR2","0.152019276762665"
"ACTR3","0.152042916378706"
"ACTR3B","0.150220933690411"
"ACTR3C","0.152064718376468"
"ACTR5","0.150514194100329"
"ACTR6","0.15281006544504"
"ACTR8","0.152304701262292"
"ACTRT1","0.150817244671708"
"ACTRT2","0.150196706214944"
"ACTRT3","0.151285497146694"
"ACVR1","0.152304701262292"
"ACVR1B","0.150129312315345"
"ACVR1C","0.150780839005376"
"ACVR2A","0.151722121839222"
"ACVR2B","0.149424227828399"
"ACVR2B-AS1","0.151073481019976"
"ACVRL1","0.151274697835988"
"ACY1","0.152607887239229"
"ACY3","0.152997702597429"
"ACYP1","0.151347455156683"
"ACYP2","0.151712716616173"
"AD000671.6","0.15146615082138"
"AD001527.7","0.153436988296208"
"ADA","0.151016799368895"
"ADAD2","0.152710747756655"
"ADAL","0.150810771218783"
"ADAM10","0.150612361233286"
"ADAM11","0.150766232261538"
"ADAM12","0.150766232261538"
"ADAM15","0.150514194100329"
"ADAM17","0.150768676134151"
"ADAM18","0.150184160131659"
"ADAM19","0.152628096417047"
"ADAM2","0.15192582328737"
"ADAM20","0.152019276762665"
"ADAM20P1","0.152248854891321"
"ADAM21","0.152064718376468"
"ADAM22","0.151347455156683"
"ADAM23","0.15192582328737"
"ADAM28","0.150622247959978"
"ADAM29","0.150212807914986"
"ADAM30","0.151708734701885"
"ADAM32","0.150812096552047"
"ADAM33","0.150043518239631"
"ADAM8","0.151585097759997"
"ADAM9","0.151597261509783"
"ADAMDEC1","0.15009198901238"
"ADAMTS1","0.152514566477"
"ADAMTS10","0.15009198901238"
"ADAMTS12","0.151193081941686"
"ADAMTS13","0.151102770806835"
"ADAMTS14","0.15016999624866"
"ADAMTS15","0.150053740056612"
"ADAMTS16","0.150599815150001"
"ADAMTS17","0.15168431259439"
"ADAMTS18","0.151078901953117"
"ADAMTS19","0.150059955029963"
"ADAMTS2","0.150129148160664"
"ADAMTS20","0.15192582328737"
"ADAMTS3","0.152607887239229"
"ADAMTS4","0.150448198616833"
"ADAMTS5","0.151067402584456"
"ADAMTS6","0.151211082852601"
"ADAMTS7","0.150184160131659"
"ADAMTS8","0.152176311919746"
"ADAMTS9","0.15047684640016"
"ADAMTS9-AS1","0.150830892728839"
"ADAMTS9-AS2","0.152927436650546"
"ADAMTSL1","0.150799482342838"
"ADAMTSL2","0.15281006544504"
"ADAMTSL3","0.150457665414271"
"ADAMTSL4","0.152109946378567"
"ADAMTSL5","0.150628462933328"
"ADAP1","0.15173190178891"
"ADAP2","0.152176311919746"
"ADAR","0.150587574153091"
"ADARB1","0.152064718376468"
"ADARB2","0.152160187921331"
"ADARB2-AS1","0.152997702597429"
"ADAT1","0.151338765569325"
"ADAT2","0.150127037063091"
"ADAT3","0.15281006544504"
"ADCK1","0.151980402171169"
"ADCK2","0.152248854891321"
"ADCK3","0.15290051437526"
"ADCK4","0.151451276319646"
"ADCK5","0.151404951023736"
"ADCY1","0.152997702597429"
"ADCY10","0.15281006544504"
"ADCY2","0.152248854891321"
"ADCY3","0.150524362581243"
"ADCY4","0.151404951023736"
"ADCY5","0.151459971728773"
"ADCY6","0.151668822127463"
"ADCY7","0.152201010283809"
"ADCY8","0.152248854891321"
"ADCY9","0.152248854891321"
"ADCYAP1","0.150245371103341"
"ADCYAP1R1","0.151186902849079"
"ADD1","0.15290051437526"
"ADD2","0.152607887239229"
"ADD3","0.151024391361169"
"ADGB","0.151121951792724"
"ADGRA1","0.150107262717428"
"ADGRA1-AS1","0.151752819320131"
"ADGRA2","0.152095421578923"
"ADGRA3","0.153605466068298"
"ADGRB1","0.151347455156683"
"ADGRB2","0.152354149126372"
"ADGRB3","0.151146160394167"
"ADGRD1","0.151980402171169"
"ADGRD2","0.151253062266835"
"ADGRE1","0.152304701262292"
"ADGRE2","0.151057856842983"
"ADGRE3","0.152126727253724"
"ADGRE5","0.152710747756655"
"ADGRF1","0.150542458671596"
"ADGRF2","0.150526356971554"
"ADGRF3","0.151260654259109"
"ADGRF4","0.149850161646825"
"ADGRF5","0.150469827548639"
"ADGRG1","0.15281006544504"
"ADGRG2","0.151340090902588"
"ADGRG3","0.1502454844015"
"ADGRG4","0.150550584447021"
"ADGRG5","0.150193626929097"
"ADGRG6","0.151980402171169"
"ADGRG7","0.150790725732068"
"ADGRL1","0.152248854891321"
"ADGRL2","0.15192582328737"
"ADGRL3","0.150564727384074"
"ADGRL4","0.152168761845565"
"ADGRV1","0.151091427610787"
"ADH1A","0.152997702597429"
"ADH1B","0.151078901953117"
"ADH1C","0.150107262717428"
"ADH4","0.153350984034476"
"ADH5","0.152868480392843"
"ADH6","0.151454861945435"
"ADH7","0.150600198362061"
"ADHFE1","0.150812717111158"
"ADI1","0.151258394648438"
"ADIG","0.153350984034476"
"ADIPOQ","0.152321829186415"
"ADIPOQ-AS1","0.15281006544504"
"ADIPOR1","0.150738831845662"
"ADIPOR2","0.152937673523544"
"ADIRF","0.150859039345512"
"ADK","0.15192582328737"
"ADM","0.151787233909486"
"ADM2","0.152304701262292"
"ADM5","0.152927436650546"
"ADNP","0.151500542547708"
"ADNP-AS1","0.152868480392843"
"ADNP2","0.150523277685707"
"ADO","0.150059955029963"
"ADORA1","0.151116590427124"
"ADORA2A","0.153073190750269"
"ADORA2A-AS1","0.150175626018182"
"ADORA2B","0.153073190750269"
"ADORA3","0.150511934489659"
"ADPGK","0.152304701262292"
"ADPGK-AS1","0.152836103371531"
"ADPRH","0.150536243698246"
"ADPRHL1","0.150158653052612"
"ADPRHL2","0.151980402171169"
"ADPRM","0.151708734701885"
"ADRA1A","0.152304701262292"
"ADRA1B","0.15063377043798"
"ADRA1D","0.153054149933489"
"ADRA2A","0.150507222667167"
"ADRA2B","0.150810771218783"
"ADRA2C","0.14999532510881"
"ADRB1","0.15192582328737"
"ADRB2","0.15290051437526"
"ADRB3","0.151199739656553"
"ADRBK1","0.15192582328737"
"ADRBK2","0.150088387105729"
"ADRM1","0.152304701262292"
"ADSL","0.151323891067591"
"ADSS","0.15076641652348"
"ADSSL1","0.152019276762665"
"ADTRP","0.150078022507429"
"AE000658.22","0.151211471218667"
"AE000658.31","0.152081305371352"
"AE000661.50","0.149902222393775"
"AE000662.92","0.152593603194533"
"AE000662.93","0.150506602108056"
"AEBP1","0.150153320671009"
"AEBP2","0.151132705513139"
"AEN","0.15030224278881"
"AES","0.151037848348401"
"AF001548.5","0.150866621338024"
"AF001548.6","0.150428375627411"
"AF001550.7","0.150184543343719"
"AF003625.3","0.150544359489005"
"AF003626.1","0.149871698211837"
"AF011889.2","0.151980402171169"
"AF011889.5","0.150100291284265"
"AF015262.2","0.151274697835988"
"AF015720.3","0.150507222667167"
"AF038458.5","0.151404951023736"
"AF064858.10","0.150987526753877"
"AF064858.11","0.150597938751391"
"AF064858.6","0.150795896717049"
"AF064858.7","0.150085774039029"
"AF064858.8","0.152593603194533"
"AF064860.7","0.151500542547708"
"AF067845.1","0.151500542547708"
"AF067845.2","0.152344279949736"
"AF111168.2","0.152011243665204"
"AF121898.3","0.151204815386052"
"AF124730.4","0.152248854891321"
"AF127577.10","0.152607887239229"
"AF127577.12","0.150234141205451"
"AF127577.8","0.152045074967252"
"AF127936.3","0.15063377043798"
"AF127936.5","0.15117288292855"
"AF127936.7","0.150804592126176"
"AF127936.9","0.151204815386052"
"AF129408.17","0.150460744700118"
"AF131215.6","0.151897579908152"
"AF131215.8","0.152176311919746"
"AF131216.1","0.151196521955334"
"AF131216.5","0.150227483490585"
"AF131216.6","0.150106879505368"
"AF131217.1","0.15290051437526"
"AF146191.4","0.150799482342838"
"AF165138.7","0.152944052651575"
"AF178030.2","0.151709601993368"
"AF186192.1","0.152019276762665"
"AF186192.6","0.151689308000962"
"AF196970.3","0.150870328221457"
"AF196972.9","0.15281006544504"
"AF212831.2","0.151078590803313"
"AF213884.2","0.151835668276443"
"AF230666.2","0.15290051437526"
"AF240627.2","0.150271718606873"
"AF241725.6","0.151009294943024"
"AFAP1","0.151347299682802"
"AFAP1-AS1","0.151445951808243"
"AFAP1L1","0.150197303009974"
"AFAP1L2","0.151761806812759"
"AFF1","0.152710747756655"
"AFF2","0.150258450414038"
"AFF3","0.151245557840964"
"AFF4","0.15281006544504"
"AFG3L2","0.152244548560124"
"AFM","0.153073190750269"
"AFMID","0.152607887239229"
"AFP","0.151323891067591"
"AFTPH","0.151788401310395"
"AGA","0.151980402171169"
"AGAP1","0.152868480392843"
"AGAP14P","0.151980402171169"
"AGAP2","0.151698832379416"
"AGAP2-AS1","0.150628462933328"
"AGAP3","0.152771673051678"
"AGAP4","0.15290051437526"
"AGAP5","0.151086715788295"
"AGAP6","0.153436988296208"
"AGAP9","0.151060781707861"
"AGBL1","0.15080706433535"
"AGBL1-AS1","0.151947005922964"
"AGBL2","0.150206592941636"
"AGBL3","0.152019276762665"
"AGBL4","0.152019276762665"
"AGBL5","0.152019276762665"
"AGBL5-AS1","0.15177825301153"
"AGER","0.152944052651575"
"AGFG1","0.151663916787792"
"AGFG2","0.151186191413763"
"AGGF1","0.15081930533226"
"AGK","0.152045074967252"
"AGL","0.150189177234549"
"AGMAT","0.150812717111158"
"AGMO","0.150550584447021"
"AGO1","0.15290051437526"
"AGO2","0.152607887239229"
"AGO3","0.15175822118697"
"AGO4","0.151644528475831"
"AGPAT1","0.150511934489659"
"AGPAT2","0.152019276762665"
"AGPAT3","0.151712386823577"
"AGPAT4","0.151980402171169"
"AGPAT5","0.151462443937947"
"AGPS","0.152019276762665"
"AGR2","0.150780839005376"
"AGR3","0.152069083333893"
"AGRN","0.152927436650546"
"AGRP","0.151786106737245"
"AGT","0.14999532510881"
"AGTPBP1","0.150264665387388"
"AGTR1","0.15290051437526"
"AGTR2","0.152944052651575"
"AGTRAP","0.150513810888269"
"AGXT","0.151121951792724"
"AGXT2","0.150768676134151"
"AHCTF1","0.150513810888269"
"AHCY","0.151285497146694"
"AHCYL1","0.151628036346128"
"AHCYL2","0.150923988589006"
"AHDC1","0.151015474035632"
"AHI1","0.149453049337807"
"AHNAK","0.152045074967252"
"AHNAK2","0.151689308000962"
"AHR","0.152304701262292"
"AHRR","0.151347455156683"
"AHSA1","0.152248854891321"
"AHSA2","0.151009294943024"
"AHSG","0.152997702597429"
"AHSP","0.150283061802921"
"AICDA","0.152868480392843"
"AIDA","0.151251736933572"
"AIF1","0.15047684640016"
"AIF1L","0.150866621338024"
"AIFM1","0.152069083333893"
"AIFM2","0.150790725732068"
"AIFM3","0.152304701262292"
"AIG1","0.152649732545889"
"AIM1","0.152304701262292"
"AIM1L","0.150184543343719"
"AIM2","0.150842380939703"
"AIMP1","0.150871653554721"
"AIMP2","0.152570200140748"
"AIP","0.15086414912885"
"AIPL1","0.152997702597429"
"AIRE","0.151000599533898"
"AIRN","0.152868480392843"
"AJ003147.8","0.152585867671589"
"AJ003147.9","0.151715708415849"
"AJ006998.2","0.149770714093022"
"AJ009632.3","0.150054807115576"
"AJ011932.1","0.151454070327944"
"AJ239322.1","0.150859039345512"
"AJAP1","0.150031307246636"
"AJUBA","0.152710747756655"
"AK1","0.15290051437526"
"AK2","0.150524362581243"
"AK3","0.15290051437526"
"AK4","0.150248563687346"
"AK5","0.151503903600345"
"AK6","0.15021619461464"
"AK7","0.151500542547708"
"AK8","0.150233722672233"
"AK9","0.150248563687346"
"AKAP1","0.151980402171169"
"AKAP10","0.151651784730603"
"AKAP11","0.15192582328737"
"AKAP12","0.149361571583516"
"AKAP13","0.151980402171169"
"AKAP14","0.150184160131659"
"AKAP17A","0.151404951023736"
"AKAP2","0.150609281947439"
"AKAP3","0.153350984034476"
"AKAP4","0.152593603194533"
"AKAP5","0.152045074967252"
"AKAP6","0.151419785969524"
"AKAP7","0.15281006544504"
"AKAP8","0.152139450757264"
"AKAP8L","0.150197303009974"
"AKAP9","0.150248563687346"
"AKIP1","0.15081930533226"
"AKIRIN1","0.151347455156683"
"AKIRIN2","0.151078901953117"
"AKNA","0.151500542547708"
"AKNAD1","0.15047684640016"
"AKR1A1","0.151078901953117"
"AKR1B1","0.15192582328737"
"AKR1B10","0.152019276762665"
"AKR1B15","0.15281006544504"
"AKR1C1","0.151500317974556"
"AKR1C2","0.152997702597429"
"AKR1C3","0.151324055357124"
"AKR1C4","0.152248854891321"
"AKR1D1","0.15290051437526"
"AKR1E2","0.150987526753877"
"AKR7A2","0.15016999624866"
"AKR7A3","0.152176311919746"
"AKT1","0.151461924053659"
"AKT1S1","0.150830892728839"
"AKT2","0.151699703029954"
"AKT3","0.152248854891321"
"AKTIP","0.152927436650546"
"AL008723.1","0.149886120693733"
"AL021546.6","0.151500542547708"
"AL022341.3","0.150506602108056"
"AL022344.5","0.150127037063091"
"AL022344.7","0.152373686658817"
"AL022476.2","0.151274697835988"
"AL022578.1","0.152019276762665"
"AL023806.1","0.152868480392843"
"AL035610.2","0.152019276762665"
"AL049794.1","0.1499103481692"
"AL109761.5","0.151078901953117"
"AL109767.1","0.150212807914986"
"AL109927.1","0.152045074967252"
"AL121578.2","0.151720772274346"
"AL121656.5","0.153004587392914"
"AL122127.25","0.152176311919746"
"AL132709.8","0.151414165415364"
"AL133245.2","0.150876985936324"
"AL133249.1","0.15029602781546"
"AL133493.2","0.152710747756655"
"AL157359.3","0.15290051437526"
"AL157902.3","0.152176311919746"
"AL161668.5","0.151274697835988"
"AL162151.4","0.151044504181016"
"AL162759.1","0.150599815150001"
"AL163953.2","0.151347455156683"
"AL354822.1","0.151318566556188"
"AL354828.1","0.15281006544504"
"AL354828.2","0.15290051437526"
"AL356289.1","0.150135527288695"
"AL356585.2","0.151274697835988"
"AL357140.1","0.150212807914986"
"AL358852.1","0.150184543343719"
"AL360294.1","0.150129312315345"
"AL365181.2","0.151236862431838"
"AL365202.1","0.15192582328737"
"AL450992.2","0.150830892728839"
"AL513523.2","0.15281006544504"
"AL589743.1","0.153436988296208"
"AL590235.1","0.152321829186415"
"AL591806.1","0.150173075534507"
"AL591893.1","0.151073481019976"
"AL592183.1","0.15192582328737"
"AL592528.1","0.152710747756655"
"AL645728.1","0.15290051437526"
"AL672294.1","0.150264665387388"
"AL773572.7","0.151375947466129"
"AL928654.7","0.151748393918614"
"AL928742.12","0.152850595770711"
"AL928768.3","0.15290051437526"
"ALAD","0.15192582328737"
"ALAS1","0.151509013383683"
"ALAS2","0.150810771218783"
"ALB","0.15328537176304"
"ALCAM","0.151980402171169"
"ALDH16A1","0.152045074967252"
"ALDH18A1","0.151347455156683"
"ALDH1A1","0.152019276762665"
"ALDH1A2","0.153605466068298"
"ALDH1A3","0.15290051437526"
"ALDH1B1","0.152944052651575"
"ALDH1L1","0.152756411578645"
"ALDH1L1-AS1","0.153605466068298"
"ALDH1L1-AS2","0.153021333277866"
"ALDH1L2","0.153605466068298"
"ALDH2","0.15311076815169"
"ALDH3A1","0.151671336887001"
"ALDH3A2","0.151347455156683"
"ALDH3B1","0.152710747756655"
"ALDH3B2","0.151211082852601"
"ALDH4A1","0.152710747756655"
"ALDH5A1","0.151841321052251"
"ALDH6A1","0.152944052651575"
"ALDH7A1","0.153350984034476"
"ALDH8A1","0.152997702597429"
"ALDH9A1","0.153605466068298"
"ALDOA","0.15146615082138"
"ALDOB","0.153021333277866"
"ALDOC","0.151196521955334"
"ALG1","0.150907510118261"
"ALG10","0.153021333277866"
"ALG10B","0.152710747756655"
"ALG11","0.151329153789473"
"ALG12","0.151297044605801"
"ALG13","0.152756411578645"
"ALG13-AS1","0.151404951023736"
"ALG14","0.153656478478467"
"ALG1L","0.152248854891321"
"ALG1L2","0.150805066480843"
"ALG2","0.150542458671596"
"ALG3","0.152944052651575"
"ALG5","0.152593603194533"
"ALG6","0.152927436650546"
"ALG8","0.150542458671596"
"ALG9","0.15290051437526"
"ALK","0.150193626929097"
"ALKBH1","0.151347455156683"
"ALKBH2","0.152248854891321"
"ALKBH3","0.151036554232393"
"ALKBH3-AS1","0.152593603194533"
"ALKBH4","0.15282455784422"
"ALKBH5","0.15328537176304"
"ALKBH6","0.150612361233286"
"ALKBH7","0.152176311919746"
"ALKBH8","0.150189177234549"
"ALLC","0.152045074967252"
"ALMS1","0.152919651759351"
"ALOX12","0.152927436650546"
"ALOX12-AS1","0.152710747756655"
"ALOX12B","0.151661870089563"
"ALOX15","0.153278352911519"
"ALOX15B","0.152997702597429"
"ALOX5","0.15081968854432"
"ALOX5AP","0.153073190750269"
"ALOXE3","0.152248854891321"
"ALPI","0.151776611147402"
"ALPK1","0.15290051437526"
"ALPK2","0.153073190750269"
"ALPK3","0.152593603194533"
"ALPL","0.152248854891321"
"ALPP","0.152176311919746"
"ALPPL2","0.150796940705418"
"ALS2","0.153436988296208"
"ALS2CL","0.150628462933328"
"ALS2CR11","0.15192582328737"
"ALS2CR12","0.151347455156683"
"ALX1","0.152176311919746"
"ALX3","0.152593603194533"
"ALX4","0.152944052651575"
"ALYREF","0.15290051437526"
"AMACR","0.151500542547708"
"AMBN","0.151196521955334"
"AMBP","0.152019276762665"
"AMBRA1","0.15063377043798"
"AMD1","0.152045074967252"
"AMDHD1","0.150870328221457"
"AMDHD2","0.150536243698246"
"AMELX","0.152248854891321"
"AMELY","0.15307089581844"
"AMER1","0.152927436650546"
"AMER2","0.151500542547708"
"AMER3","0.15290051437526"
"AMFR","0.152927436650546"
"AMH","0.151472808536247"
"AMHR2","0.151404951023736"
"AMIGO1","0.150484972175585"
"AMIGO2","0.153436988296208"
"AMIGO3","0.15084466647366"
"AMMECR1","0.152944052651575"
"AMMECR1L","0.152927436650546"
"AMN","0.152045074967252"
"AMN1","0.152997702597429"
"AMOT","0.151404951023736"
"AMOTL1","0.152593603194533"
"AMOTL2","0.152710747756655"
"AMPD1","0.152045074967252"
"AMPD2","0.152019276762665"
"AMPD3","0.151681242403067"
"AMPH","0.152868480392843"
"AMT","0.152997702597429"
"AMTN","0.15282455784422"
"AMY1A","0.152927436650546"
"AMY1B","0.153350984034476"
"AMY1C","0.150830892728839"
"AMY2A","0.151347299682802"
"AMY2B","0.152927436650546"
"AMZ1","0.151980402171169"
"AMZ2","0.152756411578645"
"ANAPC1","0.152710747756655"
"ANAPC10","0.151372660824202"
"ANAPC11","0.15146615082138"
"ANAPC13","0.152176311919746"
"ANAPC15","0.153073190750269"
"ANAPC16","0.15328537176304"
"ANAPC2","0.151980402171169"
"ANAPC4","0.15328537176304"
"ANAPC5","0.152069083333893"
"ANAPC7","0.153672866959648"
"ANG","0.153721048525378"
"ANGEL1","0.152997702597429"
"ANGEL2","0.152176311919746"
"ANGPT1","0.153656478478467"
"ANGPT2","0.153073190750269"
"ANGPT4","0.15282455784422"
"ANGPTL1","0.152997702597429"
"ANGPTL2","0.152868480392843"
"ANGPTL3","0.15135676648024"
"ANGPTL4","0.151036554232393"
"ANGPTL5","0.153672866959648"
"ANGPTL6","0.153861181295316"
"ANGPTL7","0.151813503083923"
"ANGPTL8","0.153930477155604"
"ANHX","0.151404951023736"
"ANK1","0.152176311919746"
"ANK2","0.153605466068298"
"ANK3","0.151708734701885"
"ANKAR","0.152997702597429"
"ANKDD1A","0.152944052651575"
"ANKDD1B","0.153672866959648"
"ANKEF1","0.15403878920137"
"ANKFN1","0.151329153789473"
"ANKFY1","0.151536272673052"
"ANKH","0.153350984034476"
"ANKHD1","0.153350984034476"
"ANKHD1-EIF4EBP3","0.153656478478467"
"ANKIB1","0.153605466068298"
"ANKK1","0.152932046133445"
"ANKLE1","0.153021333277866"
"ANKLE2","0.153436988296208"
"ANKMY1","0.152868480392843"
"ANKMY2","0.152927436650546"
"ANKRA2","0.152997702597429"
"ANKRD1","0.152944052651575"
"ANKRD10","0.153721048525378"
"ANKRD11","0.151297044605801"
"ANKRD12","0.15063377043798"
"ANKRD13A","0.151841321052251"
"ANKRD13B","0.152248854891321"
"ANKRD13C","0.152944052651575"
"ANKRD13D","0.15403878920137"
"ANKRD16","0.152045074967252"
"ANKRD17","0.151188601438627"
"ANKRD18A","0.152997702597429"
"ANKRD18B","0.151769388805271"
"ANKRD2","0.152997702597429"
"ANKRD20A1","0.151521850191157"
"ANKRD20A2","0.152927436650546"
"ANKRD20A3","0.153605466068298"
"ANKRD20A4","0.152756411578645"
"ANKRD22","0.151105850092682"
"ANKRD23","0.152248854891321"
"ANKRD24","0.151813503083923"
"ANKRD26","0.153721048525378"
"ANKRD27","0.151659993690953"
"ANKRD28","0.15174592170944"
"ANKRD29","0.152944052651575"
"ANKRD30A","0.15307089581844"
"ANKRD30B","0.152756411578645"
"ANKRD30BL","0.152927436650546"
"ANKRD31","0.151347455156683"
"ANKRD33","0.150158653052612"
"ANKRD33B","0.151627463900132"
"ANKRD33B-AS1","0.150810771218783"
"ANKRD34A","0.153021333277866"
"ANKRD34B","0.153021333277866"
"ANKRD34C","0.153445347067243"
"ANKRD35","0.150548049499139"
"ANKRD36","0.153930477155604"
"ANKRD36B","0.151404951023736"
"ANKRD36C","0.151500542547708"
"ANKRD37","0.15282455784422"
"ANKRD39","0.152045074967252"
"ANKRD40","0.15299429030643"
"ANKRD42","0.15108476989592"
"ANKRD44","0.151500542547708"
"ANKRD45","0.152019276762665"
"ANKRD46","0.15192582328737"
"ANKRD49","0.153350984034476"
"ANKRD50","0.152045074967252"
"ANKRD52","0.152927436650546"
"ANKRD53","0.151345423284191"
"ANKRD54","0.15311076815169"
"ANKRD55","0.153073190750269"
"ANKRD6","0.151500542547708"
"ANKRD60","0.15311076815169"
"ANKRD61","0.152997702597429"
"ANKRD62","0.152593603194533"
"ANKRD63","0.151102770806835"
"ANKRD65","0.152248854891321"
"ANKRD66","0.151188601438627"
"ANKRD7","0.153073190750269"
"ANKRD9","0.152997702597429"
"ANKS1A","0.153073190750269"
"ANKS1B","0.153672866959648"
"ANKS3","0.152868480392843"
"ANKS4B","0.150427900676335"
"ANKS6","0.150524362581243"
"ANKUB1","0.151078901953117"
"ANKZF1","0.153350984034476"
"ANLN","0.15282455784422"
"ANO1","0.15192582328737"
"ANO1-AS1","0.150923988589006"
"ANO1-AS2","0.152593603194533"
"ANO10","0.153278352911519"
"ANO2","0.15311076815169"
"ANO3","0.152944052651575"
"ANO4","0.152927436650546"
"ANO5","0.153436988296208"
"ANO6","0.153350984034476"
"ANO7","0.151404951023736"
"ANO8","0.152019276762665"
"ANO9","0.152176311919746"
"ANOS1","0.15290051437526"
"ANP32A","0.153021333277866"
"ANP32B","0.15311076815169"
"ANP32D","0.150050877159717"
"ANP32E","0.152927436650546"
"ANPEP","0.153073190750269"
"ANTXR1","0.151975144907229"
"ANTXR2","0.151980402171169"
"ANTXRL","0.152176311919746"
"ANXA1","0.150480709423184"
"ANXA10","0.152927436650546"
"ANXA11","0.153671517611177"
"ANXA13","0.15282455784422"
"ANXA2","0.150890059069748"
"ANXA2R","0.152927436650546"
"ANXA3","0.153073190750269"
"ANXA4","0.151053614153319"
"ANXA5","0.15311076815169"
"ANXA6","0.152176311919746"
"ANXA7","0.152624984817404"
"ANXA8","0.152373686658817"
"ANXA8L1","0.15328537176304"
"ANXA9","0.151655281868461"
"AOAH","0.152710747756655"
"AOC1","0.151053614153319"
"AOC2","0.151127341583231"
"AOC3","0.152710747756655"
"AOX1","0.15311076815169"
"AP000146.2","0.153433738067932"
"AP000221.1","0.151482955032008"
"AP000223.42","0.152248854891321"
"AP000230.1","0.153786617795319"
"AP000233.2","0.152927436650546"
"AP000233.4","0.152045074967252"
"AP000251.3","0.152411264060239"
"AP000253.1","0.153786617795319"
"AP000254.8","0.151706128395071"
"AP000255.6","0.153073190750269"
"AP000265.1","0.152756411578645"
"AP000266.7","0.151188601438627"
"AP000275.65","0.150307632579317"
"AP000281.2","0.150923988589006"
"AP000282.2","0.152593603194533"
"AP000289.6","0.152997702597429"
"AP000295.10","0.150780839005376"
"AP000295.9","0.153073190750269"
"AP000302.58","0.153721048525378"
"AP000304.12","0.151078901953117"
"AP000318.2","0.152710747756655"
"AP000320.6","0.152868480392843"
"AP000343.2","0.15311076815169"
"AP000344.3","0.151217153562121"
"AP000345.1","0.151347455156683"
"AP000349.2","0.152944052651575"
"AP000350.10","0.152045074967252"
"AP000350.5","0.15060911100501"
"AP000355.2","0.152248854891321"
"AP000402.3","0.153397940101805"
"AP000431.2","0.152019276762665"
"AP000432.2","0.152019276762665"
"AP000438.2","0.152868480392843"
"AP000439.1","0.152868480392843"
"AP000439.2","0.154184472829009"
"AP000439.3","0.15328537176304"
"AP000442.1","0.15328537176304"
"AP000442.4","0.152925049154969"
"AP000459.7","0.152710747756655"
"AP000462.2","0.151798782988827"
"AP000462.3","0.151980402171169"
"AP000472.2","0.15328537176304"
"AP000472.3","0.15063377043798"
"AP000473.5","0.153433738067932"
"AP000473.6","0.15282455784422"
"AP000473.8","0.15311076815169"
"AP000476.1","0.152891835066429"
"AP000477.3","0.153073190750269"
"AP000487.4","0.153200925666252"
"AP000487.5","0.152997702597429"
"AP000487.6","0.152868480392843"
"AP000569.9","0.151662130897703"
"AP000593.7","0.152176311919746"
"AP000640.10","0.153721048525378"
"AP000654.4","0.151484151732295"
"AP000679.2","0.154184472829009"
"AP000687.1","0.152756411578645"
"AP000688.11","0.152997702597429"
"AP000688.15","0.152045074967252"
"AP000688.29","0.15192582328737"
"AP000692.10","0.151705179254528"
"AP000695.4","0.15362455324642"
"AP000695.6","0.152176311919746"
"AP000696.2","0.153021333277866"
"AP000704.5","0.151708734701885"
"AP000708.1","0.15328537176304"
"AP000721.4","0.152927436650546"
"AP000769.1","0.151754046694422"
"AP000769.7","0.152868480392843"
"AP000797.3","0.153930477155604"
"AP000797.4","0.151110457196043"
"AP000857.3","0.152930750881042"
"AP000866.1","0.150194567025056"
"AP000892.4","0.152176311919746"
"AP000936.4","0.152019276762665"
"AP000962.2","0.15146615082138"
"AP000997.1","0.15328537176304"
"AP000997.2","0.15216294909205"
"AP001046.5","0.1502454844015"
"AP001046.6","0.15328537176304"
"AP001048.4","0.15328537176304"
"AP001055.6","0.153930477155604"
"AP001056.1","0.152019276762665"
"AP001057.1","0.151214162138448"
"AP001058.3","0.153786617795319"
"AP001059.5","0.151236239655413"
"AP001059.6","0.151508722508691"
"AP001059.7","0.152593603194533"
"AP001062.7","0.152927436650546"
"AP001062.9","0.151487231018142"
"AP001063.1","0.151980402171169"
"AP001065.15","0.151679023276209"
"AP001136.2","0.151482955032008"
"AP001171.1","0.152997702597429"
"AP001172.2","0.152927436650546"
"AP001189.4","0.151500542547708"
"AP001257.1","0.150830892728839"
"AP001258.4","0.153721048525378"
"AP001347.6","0.15192582328737"
"AP001372.2","0.15328537176304"
"AP001412.1","0.152927436650546"
"AP001432.14","0.15311076815169"
"AP001434.2","0.15328537176304"
"AP001437.1","0.153930477155604"
"AP001439.2","0.153721048525378"
"AP001462.6","0.151704182502696"
"AP001468.58","0.151980402171169"
"AP001469.5","0.151708734701885"
"AP001469.7","0.15282455784422"
"AP001469.9","0.152868480392843"
"AP001471.1","0.153021333277866"
"AP001476.2","0.152997702597429"
"AP001476.3","0.152045074967252"
"AP001476.4","0.15176963971424"
"AP001505.10","0.150524362581243"
"AP001596.6","0.152579645825779"
"AP001601.2","0.153073190750269"
"AP001604.3","0.151980402171169"
"AP001610.5","0.152944052651575"
"AP001610.9","0.151347455156683"
"AP001615.9","0.150821417674047"
"AP001619.3","0.151102770806835"
"AP001625.6","0.152710747756655"
"AP001626.1","0.153786617795319"
"AP001626.2","0.152019276762665"
"AP001627.1","0.153721048525378"
"AP001628.6","0.153721048525378"
"AP001628.7","0.152868480392843"
"AP001630.5","0.152868480392843"
"AP001891.1","0.15311076815169"
"AP002856.4","0.152593603194533"
"AP002856.5","0.153230973064153"
"AP002856.7","0.152927436650546"
"AP002884.2","0.153021544433927"
"AP002954.3","0.152069083333893"
"AP002954.4","0.153021333277866"
"AP003025.2","0.152868480392843"
"AP003068.23","0.151110457196043"
"AP003068.9","0.152019276762665"
"AP003419.16","0.151404951023736"
"AP003774.1","0.152927436650546"
"AP003774.4","0.151034479848932"
"AP003774.5","0.150547136156049"
"AP003774.6","0.152411264060239"
"AP003900.6","0.152248854891321"
"AP004372.1","0.151980402171169"
"AP004550.1","0.153433738067932"
"AP005242.1","0.151769019155128"
"AP005273.1","0.15290051437526"
"AP005530.1","0.15362455324642"
"AP005530.2","0.150983482222945"
"AP006216.10","0.151053614153319"
"AP006216.5","0.15328537176304"
"AP006222.2","0.152997702597429"
"AP006285.2","0.151740858244422"
"AP006285.6","0.15311076815169"
"AP006547.3","0.152997702597429"
"AP006621.5","0.152944052651575"
"AP006621.6","0.152927436650546"
"AP006621.8","0.15311076815169"
"AP006621.9","0.151708734701885"
"AP006748.1","0.152160611085454"
"AP1AR","0.152069083333893"
"AP1B1","0.152176311919746"
"AP1G1","0.150465351803479"
"AP1G2","0.152069083333893"
"AP1M1","0.153073190750269"
"AP1M2","0.153721048525378"
"AP1S1","0.15192582328737"
"AP1S2","0.150923988589006"
"AP1S3","0.152045074967252"
"AP2A1","0.15192582328737"
"AP2A2","0.150548049499139"
"AP2B1","0.152069083333893"
"AP2M1","0.15175342613531"
"AP2S1","0.151211082852601"
"AP3B1","0.150940910535635"
"AP3B2","0.153021333277866"
"AP3D1","0.152176311919746"
"AP3M1","0.150548049499139"
"AP3M2","0.152927436650546"
"AP3S1","0.150140917079202"
"AP3S2","0.152756411578645"
"AP4B1","0.151500542547708"
"AP4B1-AS1","0.152710747756655"
"AP4E1","0.151242329337974"
"AP4M1","0.151340090902588"
"AP4S1","0.151627463900132"
"AP5B1","0.152019276762665"
"AP5M1","0.151500542547708"
"AP5S1","0.151719863357765"
"AP5Z1","0.151347560490942"
"APAF1","0.151980402171169"
"APBA1","0.151719863357765"
"APBA2","0.152997702597429"
"APBA3","0.152710747756655"
"APBB1","0.15282455784422"
"APBB1IP","0.152997702597429"
"APBB2","0.152176311919746"
"APBB3","0.150931502940037"
"APC","0.151105850092682"
"APC2","0.15282455784422"
"APCDD1","0.151236239655413"
"APCDD1L","0.15151519247629"
"APCS","0.152045074967252"
"APEH","0.152997702597429"
"APELA","0.153021333277866"
"APEX1","0.15290051437526"
"APEX2","0.152944052651575"
"APH1A","0.151975144907229"
"APH1B","0.153278352911519"
"API5","0.152868480392843"
"APIP","0.152593603194533"
"APITD1","0.151462794704197"
"APITD1-CORT","0.151217153562121"
"APLF","0.150246329701376"
"APLN","0.150524362581243"
"APLNR","0.151052532451638"
"APLP1","0.15311076815169"
"APLP2","0.150021422271847"
"APMAP","0.151260531855189"
"APOA1","0.150775222426516"
"APOA1-AS","0.151719863357765"
"APOA1BP","0.152868480392843"
"APOA2","0.151034479848932"
"APOA4","0.151671945058414"
"APOA5","0.15290051437526"
"APOB","0.152997702597429"
"APOBEC1","0.150248563687346"
"APOBEC2","0.152047985808965"
"APOBEC3A","0.152868480392843"
"APOBEC3B","0.152756411578645"
"APOBEC3B-AS1","0.151980402171169"
"APOBEC3C","0.15282455784422"
"APOBEC3D","0.152756411578645"
"APOBEC3F","0.150893342176609"
"APOBEC3G","0.151199739656553"
"APOBEC3H","0.150439664503356"
"APOBEC4","0.152593603194533"
"APOBR","0.150893342176609"
"APOC1","0.152997702597429"
"APOC2","0.153073190750269"
"APOC3","0.15311076815169"
"APOC4","0.152868480392843"
"APOC4-APOC2","0.151708734701885"
"APOD","0.151188601438627"
"APOE","0.152891835066429"
"APOF","0.151167209865733"
"APOH","0.152069083333893"
"APOL1","0.151086095229184"
"APOL2","0.152756411578645"
"APOL3","0.151980402171169"
"APOL4","0.151188601438627"
"APOL5","0.151032372123827"
"APOL6","0.151708734701885"
"APOLD1","0.150290748192129"
"APOM","0.152248854891321"
"APOO","0.150065344820469"
"APOOL","0.152069083333893"
"APOPT1","0.15192582328737"
"APP","0.151500542547708"
"APPBP2","0.151347455156683"
"APPL1","0.152019276762665"
"APPL2","0.151086095229184"
"APRT","0.149602864918029"
"APTR","0.150201313318305"
"APTX","0.15290051437526"
"AQP1","0.150236278412202"
"AQP10","0.151034479848932"
"AQP11","0.150149753942228"
"AQP12B","0.150865933670096"
"AQP2","0.15192582328737"
"AQP3","0.152018512168106"
"AQP4","0.152019276762665"
"AQP4-AS1","0.152927436650546"
"AQP5","0.15192582328737"
"AQP6","0.15063377043798"
"AQP7","0.15016999624866"
"AQP8","0.152045074967252"
"AQP9","0.152937673523544"
"AQR","0.151404951023736"
"AR","0.152248854891321"
"ARAF","0.151708734701885"
"ARAP1","0.150218139344487"
"ARAP1-AS1","0.152248854891321"
"ARAP1-AS2","0.150780850307204"
"ARAP2","0.151500542547708"
"ARAP3","0.149928705229876"
"ARC","0.152176311919746"
"ARCN1","0.15066832258596"
"AREG","0.149445719318948"
"AREL1","0.151980402171169"
"ARF1","0.152176311919746"
"ARF3","0.15159568985524"
"ARF4","0.149424227828399"
"ARF4-AS1","0.150541109260729"
"ARF5","0.150024098466422"
"ARF6","0.15192582328737"
"ARFGAP1","0.15192582328737"
"ARFGAP2","0.149871698211837"
"ARFGAP3","0.151500542547708"
"ARFGEF1","0.151236239655413"
"ARFGEF2","0.152019276762665"
"ARFGEF3","0.150088387105729"
"ARFIP1","0.152045074967252"
"ARFIP2","0.149839168421017"
"ARFRP1","0.151280179809673"
"ARG1","0.152027093003379"
"ARG2","0.152176311919746"
"ARGLU1","0.15102312636096"
"ARHGAP1","0.152019276762665"
"ARHGAP10","0.151199339161478"
"ARHGAP11A","0.149931784515723"
"ARHGAP11B","0.151006661880603"
"ARHGAP12","0.150050877159717"
"ARHGAP15","0.152018512168106"
"ARHGAP17","0.150072808026491"
"ARHGAP18","0.151000296512275"
"ARHGAP19","0.152069083333893"
"ARHGAP19-SLIT1","0.152593603194533"
"ARHGAP20","0.15290051437526"
"ARHGAP21","0.150099730301777"
"ARHGAP22","0.15282455784422"
"ARHGAP23","0.152997702597429"
"ARHGAP24","0.15146615082138"
"ARHGAP25","0.152593603194533"
"ARHGAP26","0.149421148542552"
"ARHGAP26-AS1","0.15192582328737"
"ARHGAP27","0.151188601438627"
"ARHGAP28","0.151193081941686"
"ARHGAP29","0.152868480392843"
"ARHGAP30","0.15192582328737"
"ARHGAP31","0.152944052651575"
"ARHGAP31-AS1","0.151347455156683"
"ARHGAP32","0.152176311919746"
"ARHGAP33","0.150234141205451"
"ARHGAP35","0.151188601438627"
"ARHGAP36","0.152710747756655"
"ARHGAP39","0.151404951023736"
"ARHGAP4","0.15282455784422"
"ARHGAP40","0.152019276762665"
"ARHGAP42","0.15290051437526"
"ARHGAP44","0.153433738067932"
"ARHGAP5","0.151489320400336"
"ARHGAP5-AS1","0.150589976700623"
"ARHGAP6","0.151708734701885"
"ARHGAP8","0.152227932559095"
"ARHGAP9","0.152868480392843"
"ARHGDIA","0.150443405775733"
"ARHGDIB","0.150441610395731"
"ARHGDIG","0.151236239655413"
"ARHGEF1","0.151404951023736"
"ARHGEF10","0.151980402171169"
"ARHGEF10L","0.153073190750269"
"ARHGEF11","0.152248854891321"
"ARHGEF12","0.152710747756655"
"ARHGEF15","0.152593603194533"
"ARHGEF16","0.151975144907229"
"ARHGEF17","0.151980402171169"
"ARHGEF18","0.152710747756655"
"ARHGEF19","0.152873950444298"
"ARHGEF2","0.152944052651575"
"ARHGEF25","0.15290051437526"
"ARHGEF26","0.151093564817537"
"ARHGEF28","0.151487427920188"
"ARHGEF3","0.152927436650546"
"ARHGEF3-AS1","0.152756411578645"
"ARHGEF33","0.152959290919718"
"ARHGEF35","0.150218197705493"
"ARHGEF37","0.150542606222099"
"ARHGEF38","0.150940910535635"
"ARHGEF39","0.1502454844015"
"ARHGEF4","0.152069083333893"
"ARHGEF40","0.151980402171169"
"ARHGEF5","0.151217153562121"
"ARHGEF6","0.15146252726116"
"ARHGEF7","0.151500542547708"
"ARHGEF7-AS1","0.151980402171169"
"ARHGEF7-AS2","0.153073190750269"
"ARHGEF9","0.15403878920137"
"ARID1A","0.151708734701885"
"ARID1B","0.15119440727495"
"ARID2","0.151347455156683"
"ARID3A","0.153092464961792"
"ARID3B","0.15282455784422"
"ARID3C","0.153073190750269"
"ARID4A","0.15192582328737"
"ARID4B","0.152045074967252"
"ARID5A","0.15317873712479"
"ARID5B","0.152927436650546"
"ARIH1","0.152176311919746"
"ARIH2","0.152045074967252"
"ARIH2OS","0.149769583050437"
"ARL1","0.152248854891321"
"ARL10","0.151791096599619"
"ARL11","0.152593603194533"
"ARL13A","0.152710747756655"
"ARL13B","0.15282455784422"
"ARL14","0.15290051437526"
"ARL14EP","0.152019276762665"
"ARL14EPL","0.152754224954197"
"ARL15","0.151715449567858"
"ARL16","0.150721591008591"
"ARL17A","0.152176311919746"
"ARL17B","0.150901028565817"
"ARL2","0.153433738067932"
"ARL2BP","0.151188601438627"
"ARL3","0.152367151834099"
"ARL4A","0.151794175885466"
"ARL4C","0.15282455784422"
"ARL4D","0.151500542547708"
"ARL5A","0.15192582328737"
"ARL5B","0.15282455784422"
"ARL5C","0.153073190750269"
"ARL6","0.151404951023736"
"ARL6IP1","0.152225271412973"
"ARL6IP4","0.153433738067932"
"ARL6IP5","0.153278352911519"
"ARL6IP6","0.151500542547708"
"ARL8A","0.15365879501117"
"ARL8B","0.150966597835757"
"ARL9","0.153021333277866"
"ARMC1","0.152756411578645"
"ARMC10","0.152868480392843"
"ARMC12","0.15362455324642"
"ARMC2","0.152215294630394"
"ARMC2-AS1","0.153021333277866"
"ARMC3","0.152944052651575"
"ARMC4","0.151195027834061"
"ARMC5","0.15311076815169"
"ARMC6","0.153339285109919"
"ARMC7","0.151482955032008"
"ARMC8","0.153021333277866"
"ARMC9","0.153567298268275"
"ARMCX1","0.152927436650546"
"ARMCX2","0.15328537176304"
"ARMCX3","0.151280179809673"
"ARMCX3-AS1","0.151211082852601"
"ARMCX4","0.152710747756655"
"ARMCX5","0.15282455784422"
"ARMCX6","0.152104618140517"
"ARMS2","0.151338765569325"
"ARMT1","0.151053614153319"
"ARNT","0.15282455784422"
"ARNT2","0.153003928905407"
"ARNTL","0.150747278308714"
"ARNTL2","0.152756411578645"
"ARNTL2-AS1","0.150116346302806"
"ARPC1A","0.152710747756655"
"ARPC1B","0.152593603194533"
"ARPC2","0.152176311919746"
"ARPC3","0.153003928905407"
"ARPC4","0.15063377043798"
"ARPC4-TTLL3","0.152248854891321"
"ARPC5","0.150596825729865"
"ARPC5L","0.152927436650546"
"ARPIN","0.15282455784422"
"ARPP19","0.152045074967252"
"ARPP21","0.151708734701885"
"ARRB1","0.150947568250501"
"ARRB2","0.153930477155604"
"ARRDC1","0.15290051437526"
"ARRDC1-AS1","0.152248854891321"
"ARRDC2","0.15282455784422"
"ARRDC3","0.15290051437526"
"ARRDC3-AS1","0.150270055177895"
"ARRDC4","0.150253170790708"
"ARRDC5","0.151533193387205"
"ARSA","0.151500542547708"
"ARSB","0.152756411578645"
"ARSD","0.150471308783321"
"ARSD-AS1","0.150831088662401"
"ARSE","0.153003928905407"
"ARSF","0.151039191671424"
"ARSG","0.151199739656553"
"ARSH","0.153073190750269"
"ARSI","0.151236239655413"
"ARSJ","0.154184472829009"
"ARSK","0.151347455156683"
"ART1","0.15129849985442"
"ART3","0.15365879501117"
"ART4","0.152710747756655"
"ART5","0.152710747756655"
"ARTN","0.151335142009105"
"ARV1","0.152248854891321"
"ARVCF","0.15210488786961"
"ARX","0.150893342176609"
"AS3MT","0.152868480392843"
"ASAH1","0.150739591919506"
"ASAH2","0.151708734701885"
"ASAH2B","0.150261437331786"
"ASAP1","0.15328537176304"
"ASAP2","0.150747278308714"
"ASAP3","0.151980402171169"
"ASB1","0.149444544298962"
"ASB10","0.150606031719163"
"ASB11","0.152227932559095"
"ASB12","0.150613718108371"
"ASB13","0.153003928905407"
"ASB14","0.15290051437526"
"ASB15","0.152944052651575"
"ASB16","0.153157754846956"
"ASB16-AS1","0.15311076815169"
"ASB17","0.150876666598957"
"ASB18","0.151839375159876"
"ASB2","0.15210488786961"
"ASB3","0.15290051437526"
"ASB4","0.153021333277866"
"ASB5","0.153010813700892"
"ASB6","0.151440278745426"
"ASB7","0.152248854891321"
"ASB8","0.151280179809673"
"ASB9","0.152069083333893"
"ASCC1","0.152045074967252"
"ASCC2","0.151347455156683"
"ASCC3","0.152593603194533"
"ASCL1","0.151500542547708"
"ASCL2","0.152019276762665"
"ASCL3","0.152593603194533"
"ASCL4","0.150548049499139"
"ASCL5","0.150728248723458"
"ASF1A","0.151236239655413"
"ASF1B","0.151236239655413"
"ASGR1","0.150267006784381"
"ASGR2","0.152756411578645"
"ASH1L","0.152927436650546"
"ASH1L-AS1","0.151280179809673"
"ASH2L","0.150830892728839"
"ASIC1","0.152069083333893"
"ASIC2","0.152710747756655"
"ASIC3","0.152927436650546"
"ASIC4","0.15210488786961"
"ASIC5","0.15063377043798"
"ASIP","0.152248854891321"
"ASL","0.152069083333893"
"ASMT","0.151078901953117"
"ASMTL","0.152756411578645"
"ASMTL-AS1","0.152321829186415"
"ASNA1","0.153021333277866"
"ASNS","0.151191360505024"
"ASNSD1","0.152756411578645"
"ASPA","0.150446322218223"
"ASPDH","0.151078901953117"
"ASPG","0.151078901953117"
"ASPH","0.151980402171169"
"ASPHD1","0.152756411578645"
"ASPHD2","0.153003928905407"
"ASPM","0.152019276762665"
"ASPN","0.15063377043798"
"ASPRV1","0.150923988589006"
"ASPSCR1","0.152919651759351"
"ASRGL1","0.15192582328737"
"ASS1","0.152045074967252"
"ASTE1","0.152868480392843"
"ASTL","0.152248854891321"
"ASTN1","0.152593603194533"
"ASTN2","0.152593603194533"
"ASTN2-AS1","0.152248854891321"
"ASUN","0.151500542547708"
"ASXL1","0.150942856428009"
"ASXL2","0.152019276762665"
"ASXL3","0.15281006544504"
"ASZ1","0.152868480392843"
"ATAD1","0.152868480392843"
"ATAD2","0.151708734701885"
"ATAD2B","0.150855659438796"
"ATAD3A","0.152944052651575"
"ATAD3B","0.152927436650546"
"ATAD3C","0.151188601438627"
"ATAD5","0.151708734701885"
"ATAT1","0.152868480392843"
"ATCAY","0.151404951023736"
"ATE1","0.15290051437526"
"ATE1-AS1","0.150116813046603"
"ATF1","0.150742671205353"
"ATF2","0.150159546978986"
"ATF3","0.15192582328737"
"ATF4","0.153073190750269"
"ATF5","0.150728248723458"
"ATF6","0.152201010283809"
"ATF6B","0.15148656007251"
"ATF7","0.150823960400604"
"ATF7IP","0.152593603194533"
"ATF7IP2","0.152186064163961"
"ATG10","0.150875341265694"
"ATG10-AS1","0.151217153562121"
"ATG101","0.152248854891321"
"ATG12","0.15192582328737"
"ATG13","0.153021333277866"
"ATG14","0.151251736933572"
"ATG16L1","0.153433738067932"
"ATG16L2","0.153021333277866"
"ATG2A","0.153003928905407"
"ATG2B","0.151347455156683"
"ATG3","0.152069083333893"
"ATG4A","0.150877287158069"
"ATG4B","0.152248854891321"
"ATG4C","0.152927436650546"
"ATG4D","0.152045074967252"
"ATG5","0.151217153562121"
"ATG7","0.153721048525378"
"ATG9A","0.152315999538343"
"ATG9B","0.150443405775733"
"ATHL1","0.15063377043798"
"ATIC","0.152850595770711"
"ATL1","0.15210488786961"
"ATL2","0.153721048525378"
"ATL3","0.152868480392843"
"ATM","0.15365879501117"
"ATMIN","0.15290051437526"
"ATN1","0.15365879501117"
"ATOH1","0.150966597835757"
"ATOH7","0.15210488786961"
"ATOH8","0.154097444193256"
"ATOX1","0.151500542547708"
"ATP10A","0.153433738067932"
"ATP10B","0.153567298268275"
"ATP10D","0.151347455156683"
"ATP11A","0.151217153562121"
"ATP11A-AS1","0.152710747756655"
"ATP11AUN","0.153433738067932"
"ATP11B","0.151533193387205"
"ATP11C","0.153930477155604"
"ATP12A","0.152814847540004"
"ATP13A1","0.151347455156683"
"ATP13A2","0.151980402171169"
"ATP13A3","0.15311076815169"
"ATP13A4","0.152766073328131"
"ATP13A4-AS1","0.154360899735974"
"ATP13A5","0.15290051437526"
"ATP13A5-AS1","0.152927436650546"
"ATP1A1","0.152966143866507"
"ATP1A2","0.15192582328737"
"ATP1A3","0.152710747756655"
"ATP1A4","0.15290051437526"
"ATP1B1","0.15328537176304"
"ATP1B2","0.15282455784422"
"ATP1B3","0.151474945742997"
"ATP1B3-AS1","0.152710747756655"
"ATP1B4","0.152019276762665"
"ATP2A1","0.15210488786961"
"ATP2A1-AS1","0.152944052651575"
"ATP2A2","0.15459564176208"
"ATP2A3","0.153021333277866"
"ATP2B1","0.152868480392843"
"ATP2B2","0.151980402171169"
"ATP2B3","0.15282455784422"
"ATP2B4","0.152927436650546"
"ATP2C1","0.15290051437526"
"ATP2C2","0.153930477155604"
"ATP4A","0.151196521955334"
"ATP4B","0.151217153562121"
"ATP5A1","0.153721048525378"
"ATP5B","0.152248854891321"
"ATP5C1","0.153567298268275"
"ATP5D","0.152944052651575"
"ATP5E","0.151347455156683"
"ATP5EP2","0.15290051437526"
"ATP5F1","0.15282455784422"
"ATP5G1","0.152868480392843"
"ATP5G2","0.15290051437526"
"ATP5G3","0.153003928905407"
"ATP5H","0.153073190750269"
"ATP5I","0.152186064163961"
"ATP5J","0.152019276762665"
"ATP5J2","0.153433738067932"
"ATP5J2-PTCD1","0.152927436650546"
"ATP5L","0.153567298268275"
"ATP5L2","0.153567298268275"
"ATP5O","0.152966143866507"
"ATP5S","0.151980402171169"
"ATP5SL","0.152600163067878"
"ATP6AP1","0.150564727384074"
"ATP6AP1L","0.152248854891321"
"ATP6AP2","0.152756411578645"
"ATP6V0A1","0.151217153562121"
"ATP6V0A2","0.150524362581243"
"ATP6V0A4","0.153003928905407"
"ATP6V0B","0.152248854891321"
"ATP6V0C","0.152248854891321"
"ATP6V0D1","0.152944052651575"
"ATP6V0D2","0.150524362581243"
"ATP6V0E1","0.152710747756655"
"ATP6V0E2","0.15282455784422"
"ATP6V0E2-AS1","0.151347455156683"
"ATP6V1A","0.152944052651575"
"ATP6V1B1","0.152248854891321"
"ATP6V1B1-AS1","0.15192582328737"
"ATP6V1B2","0.150443405775733"
"ATP6V1C1","0.153021333277866"
"ATP6V1C2","0.152868480392843"
"ATP6V1D","0.152019276762665"
"ATP6V1E1","0.151236239655413"
"ATP6V1E2","0.151500542547708"
"ATP6V1F","0.152019276762665"
"ATP6V1G1","0.15328537176304"
"ATP6V1G2","0.153021333277866"
"ATP6V1G2-DDX39B","0.152868480392843"
"ATP6V1G3","0.152248854891321"
"ATP6V1H","0.152756411578645"
"ATP7A","0.152839495369293"
"ATP7B","0.152944052651575"
"ATP8A1","0.151500542547708"
"ATP8A2","0.15290051437526"
"ATP8B1","0.153721048525378"
"ATP8B2","0.15192582328737"
"ATP8B3","0.152815716553044"
"ATP8B4","0.152248854891321"
"ATP9A","0.152927436650546"
"ATP9B","0.152966143866507"
"ATPAF1","0.150548049499139"
"ATPAF2","0.15063377043798"
"ATPIF1","0.152927436650546"
"ATR","0.153003928905407"
"ATRAID","0.152839495369293"
"ATRIP","0.15365879501117"
"ATRN","0.152966143866507"
"ATRNL1","0.152944052651575"
"ATRX","0.152248854891321"
"ATXN1","0.150923988589006"
"ATXN10","0.151236239655413"
"ATXN1L","0.152593603194533"
"ATXN2","0.151188601438627"
"ATXN2L","0.151980402171169"
"ATXN3","0.151708734701885"
"ATXN7","0.152019276762665"
"ATXN7L1","0.151347455156683"
"ATXN7L2","0.152710747756655"
"ATXN7L3","0.152868480392843"
"ATXN7L3B","0.15290051437526"
"ATXN8OS","0.15459564176208"
"AUH","0.152019276762665"
"AUNIP","0.152248854891321"
"AUP1","0.154097444193256"
"AURKA","0.150548049499139"
"AURKAIP1","0.15328537176304"
"AURKB","0.152927436650546"
"AURKC","0.151708734701885"
"AUTS2","0.153721048525378"
"AVEN","0.151946481495811"
"AVIL","0.152815716553044"
"AVL9","0.150923988589006"
"AVP","0.151277424233695"
"AVPI1","0.15258060895765"
"AVPR1A","0.152756411578645"
"AVPR1B","0.151980402171169"
"AVPR2","0.150917912953005"
"AWAT1","0.15192582328737"
"AWAT2","0.150564727384074"
"AXDND1","0.153350025537586"
"AXIN1","0.152868480392843"
"AXIN2","0.151500542547708"
"AXL","0.15365879501117"
"AZGP1","0.152710747756655"
"AZI2","0.151708734701885"
"AZIN1","0.15258060895765"
"AZIN1-AS1","0.15063377043798"
"AZIN2","0.150830892728839"
"AZU1","0.150542606222099"
"B2M","0.153575174513883"
"B3GALNT1","0.152019276762665"
"B3GALNT2","0.152019276762665"
"B3GALT1","0.150471308783321"
"B3GALT2","0.152839495369293"
"B3GALT4","0.151280179809673"
"B3GALT5","0.152839495369293"
"B3GALT5-AS1","0.152045074967252"
"B3GALT6","0.15290051437526"
"B3GAT1","0.150471308783321"
"B3GAT2","0.153021333277866"
"B3GAT3","0.151217153562121"
"B3GLCT","0.151404951023736"
"B3GNT2","0.154097444193256"
"B3GNT3","0.151280179809673"
"B3GNT4","0.15311076815169"
"B3GNT5","0.151404951023736"
"B3GNT6","0.152754224954197"
"B3GNT7","0.152019276762665"
"B3GNT8","0.151078901953117"
"B3GNT9","0.152815716553044"
"B3GNTL1","0.150923988589006"
"B4GALNT1","0.153021333277866"
"B4GALNT2","0.151217153562121"
"B4GALNT3","0.151980402171169"
"B4GALNT4","0.151404951023736"
"B4GALT1","0.152868480392843"
"B4GALT1-AS1","0.151280179809673"
"B4GALT2","0.15192582328737"
"B4GALT3","0.150524362581243"
"B4GALT4","0.152710747756655"
"B4GALT5","0.153350025537586"
"B4GALT6","0.15192582328737"
"B4GALT7","0.151347455156683"
"B4GAT1","0.152045074967252"
"B9D1","0.151500542547708"
"B9D2","0.152927436650546"
"BAALC","0.150403078322003"
"BAALC-AS1","0.151280179809673"
"BAALC-AS2","0.15258060895765"
"BAAT","0.152045074967252"
"BABAM1","0.15258060895765"
"BACE1","0.152815716553044"
"BACE1-AS","0.151078901953117"
"BACE2","0.150923988589006"
"BACE2-IT1","0.152098340066538"
"BACH1","0.152868480392843"
"BACH1-AS1","0.152186064163961"
"BACH1-IT2","0.152868480392843"
"BACH2","0.150830892728839"
"BAD","0.150542606222099"
"BAG1","0.151188601438627"
"BAG2","0.153073190750269"
"BAG3","0.150923988589006"
"BAG4","0.152756411578645"
"BAG5","0.152839495369293"
"BAG6","0.152045074967252"
"BAHCC1","0.151188601438627"
"BAHD1","0.152944052651575"
"BAIAP2","0.152710747756655"
"BAIAP2-AS1","0.152944052651575"
"BAIAP2L1","0.152868480392843"
"BAIAP2L2","0.152045074967252"
"BAIAP3","0.151708734701885"
"BAK1","0.152944052651575"
"BAMBI","0.152186064163961"
"BANCR","0.151500542547708"
"BANF1","0.150403078322003"
"BANF2","0.153003928905407"
"BANK1","0.150443405775733"
"BANP","0.150923988589006"
"BAP1","0.152045074967252"
"BARD1","0.152756411578645"
"BARHL1","0.153786617795319"
"BARHL2","0.154184472829009"
"BARX1","0.152815716553044"
"BARX1-AS1","0.151404951023736"
"BARX2","0.152756411578645"
"BASP1","0.152556800940938"
"BATF","0.152919651759351"
"BATF2","0.152710747756655"
"BATF3","0.152839495369293"
"BAX","0.152868480392843"
"BAZ1A","0.153436668797244"
"BAZ1B","0.151980402171169"
"BAZ2A","0.151980402171169"
"BAZ2B","0.151500542547708"
"BBC3","0.150443405775733"
"BBIP1","0.152815716553044"
"BBOF1","0.153021333277866"
"BBOX1","0.150896421462456"
"BBOX1-AS1","0.150403078322003"
"BBS1","0.150447529565813"
"BBS10","0.152839495369293"
"BBS12","0.152710747756655"
"BBS2","0.151280179809673"
"BBS4","0.149243916345969"
"BBS5","0.152019276762665"
"BBS7","0.153350025537586"
"BBS9","0.15192582328737"
"BBX","0.151708734701885"
"BCAM","0.15192582328737"
"BCAN","0.153721048525378"
"BCAP29","0.152098340066538"
"BCAP31","0.15258060895765"
"BCAR1","0.150830892728839"
"BCAR3","0.152019276762665"
"BCAR4","0.152966143866507"
"BCAS1","0.152045074967252"
"BCAS2","0.15203237163494"
"BCAS3","0.152927436650546"
"BCAS4","0.152186064163961"
"BCAT1","0.151078901953117"
"BCAT2","0.151280179809673"
"BCCIP","0.15192582328737"
"BCDIN3D","0.151980402171169"
"BCDIN3D-AS1","0.15192582328737"
"BCHE","0.151078901953117"
"BCKDHA","0.152815716553044"
"BCKDHB","0.152045074967252"
"BCKDK","0.151404951023736"
"BCL10","0.150548049499139"
"BCL11A","0.151078901953117"
"BCL11B","0.153021333277866"
"BCL2","0.153575174513883"
"BCL2A1","0.151078901953117"
"BCL2L1","0.151708734701885"
"BCL2L10","0.152815716553044"
"BCL2L11","0.150542606222099"
"BCL2L12","0.152186064163961"
"BCL2L13","0.151260531855189"
"BCL2L14","0.152186064163961"
"BCL2L15","0.151404951023736"
"BCL2L2","0.152756411578645"
"BCL2L2-PABPN1","0.15192582328737"
"BCL3","0.150564727384074"
"BCL6","0.15290051437526"
"BCL6B","0.151347455156683"
"BCL7A","0.151280179809673"
"BCL7B","0.151500542547708"
"BCL7C","0.151280179809673"
"BCL9","0.150524362581243"
"BCL9L","0.153003928905407"
"BCLAF1","0.150524362581243"
"BCO1","0.150923988589006"
"BCO2","0.151500542547708"
"BCOR","0.15063377043798"
"BCORL1","0.152927436650546"
"BCR","0.15258060895765"
"BCS1L","0.151280179809673"
"BCYRN1","0.15056321740609"
"BDH1","0.15290051437526"
"BDH2","0.150471308783321"
"BDKRB1","0.150403078322003"
"BDKRB2","0.151980402171169"
"BDNF","0.151500542547708"
"BDNF-AS","0.15258060895765"
"BDP1","0.151188601438627"
"BEAN1","0.151188601438627"
"BEAN1-AS1","0.1496116615457"
"BECN1","0.15063377043798"
"BEGAIN","0.150354592638265"
"BEND2","0.150471308783321"
"BEND3","0.15063377043798"
"BEND4","0.15311076815169"
"BEND5","0.152019276762665"
"BEND6","0.151233599483177"
"BEND7","0.150524362581243"
"BEST1","0.152756411578645"
"BEST2","0.15258060895765"
"BEST3","0.152815716553044"
"BEST4","0.150524362581243"
"BET1","0.152098340066538"
"BET1L","0.151078901953117"
"BEX1","0.151500542547708"
"BEX2","0.151980402171169"
"BEX4","0.152710747756655"
"BEX5","0.151980402171169"
"BFAR","0.15311076815169"
"BFSP1","0.151078901953117"
"BFSP2","0.152966143866507"
"BFSP2-AS1","0.15192582328737"
"BGLAP","0.152815716553044"
"BGN","0.149924668263043"
"BHLHA15","0.150830892728839"
"BHLHB9","0.15192582328737"
"BHLHE22","0.150336705388726"
"BHLHE23","0.151188601438627"
"BHLHE40","0.151708734701885"
"BHLHE40-AS1","0.152756411578645"
"BHLHE41","0.152868480392843"
"BHMG1","0.152756411578645"
"BHMT","0.151233599483177"
"BHMT2","0.150564727384074"
"BICC1","0.153073190750269"
"BICD1","0.150246329701376"
"BICD2","0.15192582328737"
"BID","0.152019276762665"
"BIK","0.151347455156683"
"BIN1","0.150542606222099"
"BIN2","0.150524362581243"
"BIN3","0.150443405775733"
"BIRC2","0.150923988589006"
"BIRC3","0.152045074967252"
"BIRC5","0.15192582328737"
"BIRC6","0.152839495369293"
"BIRC6-AS2","0.150542606222099"
"BIRC7","0.152098340066538"
"BISPR","0.152186064163961"
"BIVM","0.150246329701376"
"BLACAT1","0.15192582328737"
"BLACE","0.152045074967252"
"BLCAP","0.152868480392843"
"BLID","0.150830892728839"
"BLK","0.151500542547708"
"BLM","0.150354592638265"
"BLMH","0.150246329701376"
"BLNK","0.150401107936457"
"BLOC1S1","0.15311076815169"
"BLOC1S2","0.150548049499139"
"BLOC1S3","0.14949692014956"
"BLOC1S4","0.150130003809611"
"BLOC1S5","0.152927436650546"
"BLOC1S6","0.151233599483177"
"BLVRA","0.151487427920188"
"BLVRB","0.150524362581243"
"BLZF1","0.151233599483177"
"BMF","0.150403078322003"
"BMI1","0.15063377043798"
"BMP1","0.150830892728839"
"BMP15","0.149924668263043"
"BMP2","0.1496116615457"
"BMP2K","0.152019276762665"
"BMP3","0.151188601438627"
"BMP4","0.150548049499139"
"BMP5","0.150050877159717"
"BMP6","0.152815716553044"
"BMP7","0.150354592638265"
"BMP7-AS1","0.15063377043798"
"BMP8A","0.150564727384074"
"BMP8B","0.151280179809673"
"BMPER","0.151078901953117"
"BMPR1A","0.14949692014956"
"BMPR1B","0.151980402171169"
"BMPR1B-AS1","0.152019276762665"
"BMPR2","0.150354592638265"
"BMS1","0.150564727384074"
"BMS1P14","0.151188601438627"
"BMX","0.152186064163961"
"BNC1","0.150548049499139"
"BNC2","0.151347455156683"
"BNIP1","0.15063377043798"
"BNIP2","0.150546889965213"
"BNIP3","0.150542606222099"
"BNIP3L","0.151500542547708"
"BNIPL","0.14860999170591"
"BOC","0.152019276762665"
"BOD1","0.150050877159717"
"BOD1L1","0.150830892728839"
"BOD1L2","0.151188601438627"
"BOK","0.150542606222099"
"BOK-AS1","0.151708734701885"
"BOLA1","0.150471308783321"
"BOLA2","0.149579050565548"
"BOLA2B","0.151233599483177"
"BOLA3","0.151980402171169"
"BOLA3-AS1","0.150923988589006"
"BOLL","0.150401107936457"
"BOP1","0.152761429479544"
"BORA","0.146876334622334"
"BORCS5","0.1496116615457"
"BORCS6","0.150130003809611"
"BORCS7","0.151078901953117"
"BORCS8","0.149066546369801"
"BORCS8-MEF2B","0.150443405775733"
"BPGM","0.149223673921595"
"BPHL","0.151708734701885"
"BPI","0.149924668263043"
"BPIFA1","0.153003928905407"
"BPIFA2","0.150564727384074"
"BPIFA3","0.151500542547708"
"BPIFB1","0.150542606222099"
"BPIFB2","0.150548049499139"
"BPIFB4","0.151078901953117"
"BPIFB6","0.150830892728839"
"BPIFC","0.153003928905407"
"BPNT1","0.150443405775733"
"BPTF","0.14949692014956"
"BRAF","0.150471308783321"
"BRAP","0.150524362581243"
"BRAT1","0.149924668263043"
"BRCA1","0.152868480392843"
"BRCA2","0.151980402171169"
"BRCC3","0.152727988083799"
"BRD1","0.152045074967252"
"BRD2","0.150403078322003"
"BRD3","0.152761429479544"
"BRD4","0.152045074967252"
"BRD7","0.150548049499139"
"BRD8","0.149924668263043"
"BRD9","0.151233599483177"
"BRDT","0.151404951023736"
"BRE","0.150330794232089"
"BRF1","0.149235411307124"
"BRF2","0.148830178319804"
"BRI3","0.150330794232089"
"BRI3BP","0.151188601438627"
"BRICD5","0.149579050565548"
"BRINP1","0.148728451649781"
"BRINP2","0.150542606222099"
"BRINP3","0.151404951023736"
"BRIP1","0.150403078322003"
"BRIX1","0.150443405775733"
"BRK1","0.151280179809673"
"BRMS1","0.151188601438627"
"BRMS1L","0.150403078322003"
"BROX","0.152098340066538"
"BRPF1","0.150050877159717"
"BRPF3","0.150471308783321"
"BRS3","0.151708734701885"
"BRSK1","0.150050877159717"
"BRSK2","0.149579050565548"
"BRWD1","0.151980402171169"
"BRWD1-AS1","0.148705450719367"
"BRWD1-AS2","0.150050877159717"
"BRWD3","0.14949692014956"
"BSCL2","0.150172002457962"
"BSDC1","0.150246329701376"
"BSG","0.151233599483177"
"BSN","0.15192582328737"
"BSN-AS1","0.151078901953117"
"BSN-AS2","0.148575102942344"
"BSND","0.15063377043798"
"BSPRY","0.150330794232089"
"BST1","0.150050877159717"
"BST2","0.150246329701376"
"BTAF1","0.151078901953117"
"BTBD1","0.150542606222099"
"BTBD10","0.150524362581243"
"BTBD11","0.150564727384074"
"BTBD16","0.151404951023736"
"BTBD17","0.147239925096102"
"BTBD18","0.15063377043798"
"BTBD19","0.151980402171169"
"BTBD2","0.150354592638265"
"BTBD3","0.150246329701376"
"BTBD6","0.151347455156683"
"BTBD7","0.150130003809611"
"BTBD8","0.148997287298321"
"BTBD9","0.150443405775733"
"BTBD9-AS1","0.150548049499139"
"BTC","0.150246329701376"
"BTD","0.150246329701376"
"BTF3","0.150830892728839"
"BTF3L4","0.151110812654651"
"BTG1","0.150923988589006"
"BTG2","0.151031220062269"
"BTG3","0.150564727384074"
"BTG4","0.151031220062269"
"BTK","0.1496116615457"
"BTLA","0.150471308783321"
"BTN1A1","0.149066546369801"
"BTN2A1","0.151500542547708"
"BTN2A2","0.147021182749795"
"BTN3A1","0.151188601438627"
"BTN3A2","0.14712189326918"
"BTN3A3","0.150542606222099"
"BTNL2","0.150830892728839"
"BTNL3","0.150564727384074"
"BTNL8","0.150130003809611"
"BTNL9","0.151500542547708"
"BTRC","0.150564727384074"
"BUB1","0.152045074967252"
"BUB1B","0.15063377043798"
"BUB1B-PAK6","0.150564727384074"
"BUB3","0.152045074967252"
"BUD13","0.151500542547708"
"BUD31","0.151280179809673"
"BVES","0.151404951023736"
"BVES-AS1","0.151347455156683"
"BX004987.4","0.150130003809611"
"BX255923.3","0.150548049499139"
"BX322557.13","0.149579050565548"
"BX322559.3","0.151708734701885"
"BX470102.3","0.150443405775733"
"BYSL","0.152019276762665"
"BZRAP1","0.150246329701376"
"BZRAP1-AS1","0.151031220062269"
"BZW1","0.150471308783321"
"BZW2","0.149602864918029"
"C10orf10","0.150923988589006"
"C10orf105","0.149924668263043"
"C10orf107","0.150524362581243"
"C10orf11","0.150130003809611"
"C10orf111","0.150246329701376"
"C10orf113","0.151031220062269"
"C10orf12","0.151280179809673"
"C10orf126","0.149235411307124"
"C10orf128","0.151031220062269"
"C10orf131","0.150330794232089"
"C10orf142","0.150830892728839"
"C10orf2","0.1496116615457"
"C10orf25","0.1487308528488"
"C10orf35","0.152045074967252"
"C10orf53","0.151280179809673"
"C10orf54","0.149924668263043"
"C10orf55","0.150524362581243"
"C10orf62","0.150354592638265"
"C10orf67","0.151188601438627"
"C10orf71","0.151280179809673"
"C10orf71-AS1","0.150548049499139"
"C10orf76","0.151404951023736"
"C10orf82","0.150330794232089"
"C10orf88","0.15063377043798"
"C10orf90","0.151110812654651"
"C10orf91","0.150354592638265"
"C10orf95","0.150564727384074"
"C10orf99","0.150246329701376"
"C11orf1","0.152944052651575"
"C11orf16","0.1496116615457"
"C11orf21","0.151233599483177"
"C11orf24","0.151980402171169"
"C11orf31","0.150865390834822"
"C11orf44","0.150471308783321"
"C11orf45","0.151188601438627"
"C11orf49","0.150524362581243"
"C11orf52","0.151031220062269"
"C11orf53","0.150830892728839"
"C11orf54","0.152019276762665"
"C11orf57","0.151404951023736"
"C11orf58","0.148728451649781"
"C11orf63","0.15192582328737"
"C11orf65","0.150542606222099"
"C11orf68","0.150471308783321"
"C11orf70","0.152019276762665"
"C11orf71","0.149579050565548"
"C11orf72","0.148997287298321"
"C11orf73","0.150542606222099"
"C11orf74","0.150888346999086"
"C11orf80","0.1496116615457"
"C11orf84","0.149235411307124"
"C11orf85","0.148728451649781"
"C11orf86","0.151347455156683"
"C11orf87","0.148575102942344"
"C11orf88","0.150923988589006"
"C11orf91","0.150403078322003"
"C11orf94","0.150130003809611"
"C11orf95","0.150923988589006"
"C11orf96","0.151280179809673"
"C11orf97","0.149444544298962"
"C11orf98","0.151500542547708"
"C12orf10","0.150354592638265"
"C12orf29","0.149924668263043"
"C12orf4","0.151347455156683"
"C12orf40","0.150564727384074"
"C12orf42","0.150830892728839"
"C12orf43","0.1496116615457"
"C12orf45","0.147498641808885"
"C12orf49","0.148884095934045"
"C12orf50","0.149602864918029"
"C12orf54","0.149235411307124"
"C12orf56","0.14860999170591"
"C12orf57","0.151031220062269"
"C12orf60","0.150246329701376"
"C12orf65","0.151110812654651"
"C12orf66","0.150246329701376"
"C12orf71","0.149924668263043"
"C12orf73","0.150564727384074"
"C12orf74","0.148830178319804"
"C12orf75","0.15063377043798"
"C12orf76","0.151280179809673"
"C12orf77","0.150246329701376"
"C12orf80","0.150524362581243"
"C14orf1","0.150050877159717"
"C14orf105","0.150471308783321"
"C14orf119","0.151233599483177"
"C14orf132","0.150330794232089"
"C14orf142","0.148884095934045"
"C14orf159","0.151172707475011"
"C14orf166","0.14949692014956"
"C14orf169","0.148997287298321"
"C14orf178","0.149579050565548"
"C14orf180","0.150542606222099"
"C14orf2","0.150050877159717"
"C14orf28","0.149924668263043"
"C14orf37","0.150923988589006"
"C14orf39","0.151031220062269"
"C14orf79","0.148728451649781"
"C14orf80","0.150050877159717"
"C14orf93","0.150050877159717"
"C15orf32","0.149579050565548"
"C15orf38-AP3S2","0.14949692014956"
"C15orf39","0.151681242403067"
"C15orf40","0.14712189326918"
"C15orf41","0.150357142002439"
"C15orf43","0.149066546369801"
"C15orf48","0.150354592638265"
"C15orf52","0.150050877159717"
"C15orf53","0.151334635763158"
"C15orf54","0.148759630201746"
"C15orf57","0.148728451649781"
"C15orf59","0.150524362581243"
"C15orf59-AS1","0.150564727384074"
"C15orf61","0.150471308783321"
"C15orf62","0.148884095934045"
"C15orf65","0.149066546369801"
"C16orf13","0.1496116615457"
"C16orf45","0.150050298410286"
"C16orf46","0.151188601438627"
"C16orf47","0.151031220062269"
"C16orf52","0.150330794232089"
"C16orf54","0.151334635763158"
"C16orf58","0.151031220062269"
"C16orf59","0.151233599483177"
"C16orf62","0.15063377043798"
"C16orf70","0.151110812654651"
"C16orf71","0.149066546369801"
"C16orf72","0.150050298410286"
"C16orf74","0.150058058256707"
"C16orf78","0.1496116615457"
"C16orf86","0.150403078322003"
"C16orf87","0.150058058256707"
"C16orf89","0.149602864918029"
"C16orf90","0.15258060895765"
"C16orf91","0.149235411307124"
"C16orf95","0.150471308783321"
"C16orf96","0.150564727384074"
"C17orf100","0.149066546369801"
"C17orf105","0.148997287298321"
"C17orf107","0.1496116615457"
"C17orf47","0.149066546369801"
"C17orf49","0.148884095934045"
"C17orf50","0.148728451649781"
"C17orf51","0.14949692014956"
"C17orf53","0.150403078322003"
"C17orf58","0.150330794232089"
"C17orf62","0.148997287298321"
"C17orf64","0.148759630201746"
"C17orf67","0.151233599483177"
"C17orf74","0.151188601438627"
"C17orf75","0.150354592638265"
"C17orf77","0.150058058256707"
"C17orf78","0.148830178319804"
"C17orf80","0.151110812654651"
"C17orf82","0.15063377043798"
"C17orf89","0.150542606222099"
"C17orf96","0.148724728709836"
"C17orf97","0.1496116615457"
"C17orf98","0.152727988083799"
"C17orf99","0.150923988589006"
"C18orf21","0.148302091163658"
"C18orf25","0.148705450719367"
"C18orf32","0.151951557537157"
"C18orf42","0.146399723425281"
"C18orf54","0.151404951023736"
"C18orf63","0.14860999170591"
"C18orf65","0.14860999170591"
"C18orf8","0.151110812654651"
"C19orf12","0.150564727384074"
"C19orf18","0.148884095934045"
"C19orf24","0.148997287298321"
"C19orf25","0.149924668263043"
"C19orf33","0.150050298410286"
"C19orf35","0.150564727384074"
"C19orf38","0.150542606222099"
"C19orf43","0.15063377043798"
"C19orf44","0.149235411307124"
"C19orf45","0.150130003809611"
"C19orf47","0.150058058256707"
"C19orf48","0.150130003809611"
"C19orf52","0.148759630201746"
"C19orf53","0.147315674796285"
"C19orf54","0.150548049499139"
"C19orf57","0.15063377043798"
"C19orf60","0.14712189326918"
"C19orf66","0.150524362581243"
"C19orf67","0.150246329701376"
"C19orf68","0.148675653483354"
"C19orf70","0.150130003809611"
"C19orf71","0.150923988589006"
"C19orf73","0.149235411307124"
"C19orf81","0.150130003809611"
"C19orf84","0.149602864918029"
"C1D","0.148705450719367"
"C1GALT1","0.150354592638265"
"C1GALT1C1","0.150330794232089"
"C1GALT1C1L","0.15063377043798"
"C1QA","0.148997287298321"
"C1QB","0.150330794232089"
"C1QBP","0.149602864918029"
"C1QC","0.150130003809611"
"C1QL1","0.148675653483354"
"C1QL2","0.148997287298321"
"C1QL3","0.14860999170591"
"C1QL4","0.151188601438627"
"C1QTNF1","0.148675653483354"
"C1QTNF1-AS1","0.150050298410286"
"C1QTNF2","0.147498641808885"
"C1QTNF3","0.148884095934045"
"C1QTNF3-AMACR","0.148759630201746"
"C1QTNF4","0.150923988589006"
"C1QTNF5","0.146685326550127"
"C1QTNF6","0.149579050565548"
"C1QTNF7","0.152018512168106"
"C1QTNF8","0.148884095934045"
"C1QTNF9","0.151404951023736"
"C1QTNF9B","0.149235411307124"
"C1QTNF9B-AS1","0.148575102942344"
"C1R","0.14949692014956"
"C1RL","0.148705450719367"
"C1RL-AS1","0.149579050565548"
"C1S","0.1496116615457"
"C1orf100","0.149235411307124"
"C1orf101","0.148830178319804"
"C1orf105","0.150830892728839"
"C1orf106","0.150354592638265"
"C1orf109","0.152018512168106"
"C1orf111","0.150524362581243"
"C1orf112","0.148302091163658"
"C1orf115","0.148705450719367"
"C1orf116","0.150830892728839"
"C1orf122","0.15063377043798"
"C1orf123","0.150130003809611"
"C1orf127","0.150564727384074"
"C1orf131","0.151951557537157"
"C1orf132","0.152710747756655"
"C1orf137","0.150923988589006"
"C1orf140","0.150542606222099"
"C1orf141","0.148884095934045"
"C1orf143","0.150130003809611"
"C1orf145","0.151846170736364"
"C1orf147","0.148728451649781"
"C1orf158","0.148302091163658"
"C1orf159","0.149579050565548"
"C1orf162","0.148884095934045"
"C1orf167","0.149924668263043"
"C1orf168","0.150246329701376"
"C1orf174","0.150330794232089"
"C1orf185","0.149602864918029"
"C1orf186","0.152710747756655"
"C1orf189","0.150564727384074"
"C1orf194","0.151110812654651"
"C1orf195","0.151110812654651"
"C1orf198","0.148884095934045"
"C1orf204","0.150443405775733"
"C1orf21","0.15056321740609"
"C1orf210","0.148884095934045"
"C1orf216","0.150246329701376"
"C1orf220","0.150403078322003"
"C1orf226","0.15063377043798"
"C1orf228","0.150246329701376"
"C1orf229","0.151188601438627"
"C1orf233","0.148884095934045"
"C1orf234","0.150354592638265"
"C1orf27","0.150403078322003"
"C1orf35","0.150564727384074"
"C1orf43","0.152018512168106"
"C1orf50","0.149602864918029"
"C1orf52","0.151334635763158"
"C1orf53","0.150830892728839"
"C1orf54","0.150403078322003"
"C1orf56","0.148302091163658"
"C1orf61","0.151110812654651"
"C1orf64","0.148575102942344"
"C1orf74","0.148728451649781"
"C1orf87","0.149235411307124"
"C1orf94","0.150443405775733"
"C1orf95","0.152761429479544"
"C2","0.150354592638265"
"C2-AS1","0.149066546369801"
"C20orf141","0.150330794232089"
"C20orf144","0.146399723425281"
"C20orf166-AS1","0.151031220062269"
"C20orf194","0.150403078322003"
"C20orf195","0.150246329701376"
"C20orf196","0.150130003809611"
"C20orf197","0.150354592638265"
"C20orf202","0.149924668263043"
"C20orf203","0.148675653483354"
"C20orf24","0.149924668263043"
"C20orf27","0.150330794232089"
"C20orf85","0.148997287298321"
"C20orf96","0.148759630201746"
"C21orf2","0.151243422355539"
"C21orf33","0.150443405775733"
"C21orf58","0.150403078322003"
"C21orf59","0.148884095934045"
"C21orf62","0.149579050565548"
"C21orf62-AS1","0.152806242054762"
"C21orf91","0.149924668263043"
"C21orf91-OT1","0.150130003809611"
"C22orf15","0.150403078322003"
"C22orf23","0.149235411307124"
"C22orf29","0.150246329701376"
"C22orf31","0.150471308783321"
"C22orf34","0.148705450719367"
"C22orf39","0.148997287298321"
"C22orf42","0.148830178319804"
"C22orf46","0.148884095934045"
"C2CD2","0.148997287298321"
"C2CD2L","0.150542606222099"
"C2CD3","0.150050298410286"
"C2CD4A","0.150443405775733"
"C2CD4B","0.14949692014956"
"C2CD4C","0.150923988589006"
"C2CD4D","0.148759630201746"
"C2CD5","0.148759630201746"
"C2orf15","0.150354592638265"
"C2orf16","0.149235411307124"
"C2orf27B","0.14949692014956"
"C2orf40","0.150923988589006"
"C2orf42","0.150542606222099"
"C2orf44","0.150471308783321"
"C2orf47","0.15063377043798"
"C2orf48","0.150443405775733"
"C2orf49","0.150524362581243"
"C2orf50","0.150130003809611"
"C2orf54","0.150058058256707"
"C2orf61","0.149235411307124"
"C2orf66","0.14949692014956"
"C2orf68","0.151110812654651"
"C2orf69","0.14949692014956"
"C2orf70","0.150548049499139"
"C2orf71","0.150471308783321"
"C2orf72","0.150354592638265"
"C2orf73","0.150130003809611"
"C2orf74","0.152186064163961"
"C2orf76","0.149066546369801"
"C2orf78","0.151188601438627"
"C2orf80","0.151681242403067"
"C2orf81","0.146936097689719"
"C2orf82","0.148997287298321"
"C2orf83","0.148997287298321"
"C2orf88","0.150354592638265"
"C2orf91","0.150564727384074"
"C3","0.151188601438627"
"C3AR1","0.149579050565548"
"C3orf14","0.150548049499139"
"C3orf17","0.148997287298321"
"C3orf18","0.150354592638265"
"C3orf20","0.148759630201746"
"C3orf22","0.150354592638265"
"C3orf30","0.152839495369293"
"C3orf33","0.147239925096102"
"C3orf35","0.151233599483177"
"C3orf36","0.14949692014956"
"C3orf38","0.150246329701376"
"C3orf49","0.150471308783321"
"C3orf52","0.150330794232089"
"C3orf56","0.150548049499139"
"C3orf58","0.150246329701376"
"C3orf62","0.149602864918029"
"C3orf67","0.150548049499139"
"C3orf67-AS1","0.150058058256707"
"C3orf70","0.152186064163961"
"C3orf79","0.150246329701376"
"C3orf80","0.146204496307243"
"C3orf84","0.150923988589006"
"C4A","0.151233599483177"
"C4B","0.150403078322003"
"C4BPA","0.150524362581243"
"C4BPB","0.150542606222099"
"C4orf17","0.150524362581243"
"C4orf19","0.150050298410286"
"C4orf22","0.150443405775733"
"C4orf26","0.150050298410286"
"C4orf27","0.146965209188761"
"C4orf3","0.14949692014956"
"C4orf32","0.150246329701376"
"C4orf33","0.150130003809611"
"C4orf36","0.150524362581243"
"C4orf45","0.150330794232089"
"C4orf46","0.150058058256707"
"C4orf47","0.150830892728839"
"C4orf48","0.148997287298321"
"C4orf50","0.151110812654651"
"C4orf51","0.149235411307124"
"C5","0.150354592638265"
"C5AR1","0.150354592638265"
"C5AR2","0.148997287298321"
"C5orf15","0.151031220062269"
"C5orf17","0.148705450719367"
"C5orf22","0.151951557537157"
"C5orf24","0.150564727384074"
"C5orf28","0.149579050565548"
"C5orf30","0.150524362581243"
"C5orf34","0.149579050565548"
"C5orf38","0.149066546369801"
"C5orf42","0.150542606222099"
"C5orf45","0.152098340066538"
"C5orf46","0.150923988589006"
"C5orf47","0.150471308783321"
"C5orf49","0.149066546369801"
"C5orf51","0.148575102942344"
"C5orf52","0.150130003809611"
"C5orf56","0.150564727384074"
"C5orf63","0.150564727384074"
"C5orf66","0.149923922114514"
"C5orf66-AS1","0.150246329701376"
"C5orf66-AS2","0.149235411307124"
"C5orf67","0.149066546369801"
"C6","0.152018512168106"
"C6orf1","0.149579050565548"
"C6orf10","0.150058058256707"
"C6orf106","0.150354592638265"
"C6orf118","0.148997287298321"
"C6orf120","0.148759630201746"
"C6orf132","0.151110812654651"
"C6orf136","0.148302091163658"
"C6orf141","0.150050298410286"
"C6orf15","0.147498641808885"
"C6orf163","0.148302091163658"
"C6orf201","0.14949692014956"
"C6orf203","0.149066546369801"
"C6orf222","0.150542606222099"
"C6orf223","0.150246329701376"
"C6orf226","0.150471308783321"
"C6orf229","0.149244388861366"
"C6orf25","0.151335202671972"
"C6orf3","0.150058058256707"
"C6orf47","0.145652522575556"
"C6orf47-AS1","0.150403078322003"
"C6orf48","0.147315674796285"
"C6orf52","0.150471308783321"
"C6orf58","0.150542606222099"
"C6orf62","0.150330794232089"
"C6orf89","0.147379206958462"
"C6orf99","0.148863330178597"
"C7","0.151233599483177"
"C7orf25","0.149579050565548"
"C7orf26","0.148302091163658"
"C7orf31","0.151233599483177"
"C7orf33","0.150330794232089"
"C7orf34","0.148863330178597"
"C7orf43","0.149066546369801"
"C7orf49","0.150130003809611"
"C7orf50","0.148863330178597"
"C7orf55","0.149509339568269"
"C7orf55-LUC7L2","0.149602864918029"
"C7orf57","0.148675653483354"
"C7orf60","0.150443405775733"
"C7orf61","0.148705450719367"
"C7orf62","0.150830892728839"
"C7orf65","0.150299991449992"
"C7orf69","0.148575102942344"
"C7orf71","0.146859460198719"
"C7orf72","0.148665876954445"
"C7orf73","0.148759630201746"
"C7orf77","0.149244388861366"
"C8A","0.14712189326918"
"C8B","0.150471308783321"
"C8G","0.147239925096102"
"C8orf22","0.149066546369801"
"C8orf33","0.148302091163658"
"C8orf34","0.147315674796285"
"C8orf34-AS1","0.146859460198719"
"C8orf37","0.150548049499139"
"C8orf37-AS1","0.149923922114514"
"C8orf4","0.148302091163658"
"C8orf44","0.150471308783321"
"C8orf44-SGK3","0.146293318005242"
"C8orf46","0.148705450719367"
"C8orf48","0.150524362581243"
"C8orf49","0.148728451649781"
"C8orf58","0.148759630201746"
"C8orf59","0.149105216418055"
"C8orf74","0.148997287298321"
"C8orf76","0.148863330178597"
"C8orf82","0.147021182749795"
"C8orf86","0.149579050565548"
"C8orf87","0.150542606222099"
"C8orf88","0.149579050565548"
"C8orf89","0.149105216418055"
"C9","0.150542606222099"
"C9orf106","0.151031220062269"
"C9orf114","0.148705450719367"
"C9orf116","0.148759630201746"
"C9orf129","0.148675653483354"
"C9orf131","0.150443405775733"
"C9orf135","0.149579050565548"
"C9orf135-AS1","0.150471308783321"
"C9orf139","0.149923922114514"
"C9orf142","0.150517819618083"
"C9orf147","0.149923922114514"
"C9orf152","0.147315674796285"
"C9orf153","0.146521498755435"
"C9orf16","0.150058058256707"
"C9orf163","0.149579050565548"
"C9orf170","0.149579050565548"
"C9orf172","0.146965209188761"
"C9orf173","0.150517819618083"
"C9orf173-AS1","0.148863330178597"
"C9orf24","0.149923922114514"
"C9orf3","0.150443405775733"
"C9orf40","0.150050298410286"
"C9orf41-AS1","0.148728451649781"
"C9orf43","0.150058058256707"
"C9orf47","0.150830892728839"
"C9orf50","0.150564727384074"
"C9orf57","0.14949692014956"
"C9orf64","0.15063377043798"
"C9orf66","0.150830892728839"
"C9orf69","0.152966143866507"
"C9orf72","0.150524362581243"
"C9orf78","0.149579050565548"
"C9orf84","0.15063377043798"
"C9orf85","0.146399723425281"
"C9orf9","0.148863330178597"
"C9orf91","0.150058058256707"
"C9orf92","0.150058058256707"
"CA1","0.147333951464434"
"CA10","0.150330794232089"
"CA11","0.151243422355539"
"CA12","0.148997287298321"
"CA13","0.146685326550127"
"CA14","0.150268756238015"
"CA2","0.150548049499139"
"CA3","0.149105216418055"
"CA3-AS1","0.150268756238015"
"CA4","0.14860999170591"
"CA5A","0.149244388861366"
"CA5B","0.148575102942344"
"CA6","0.14949692014956"
"CA7","0.15063377043798"
"CA8","0.149579050565548"
"CA9","0.149244388861366"
"CAAP1","0.149509339568269"
"CAB39","0.150354592638265"
"CAB39L","0.150330794232089"
"CABIN1","0.151233599483177"
"CABLES1","0.150564727384074"
"CABLES2","0.148575102942344"
"CABP1","0.150330794232089"
"CABP4","0.15192582328737"
"CABP5","0.148863330178597"
"CABP7","0.150524362581243"
"CABYR","0.148863330178597"
"CACFD1","0.148863330178597"
"CACHD1","0.149032499454908"
"CACNA1A","0.150524362581243"
"CACNA1B","0.151188601438627"
"CACNA1C","0.150354592638265"
"CACNA1C-AS1","0.151031220062269"
"CACNA1C-AS2","0.15063377043798"
"CACNA1D","0.150130003809611"
"CACNA1E","0.150403078322003"
"CACNA1F","0.148516063648628"
"CACNA1G","0.150542606222099"
"CACNA1G-AS1","0.15063377043798"
"CACNA1H","0.14949692014956"
"CACNA1I","0.149579050565548"
"CACNA1S","0.151031220062269"
"CACNA2D1","0.148863330178597"
"CACNA2D2","0.14849938611812"
"CACNA2D3","0.150354592638265"
"CACNA2D3-AS1","0.14860999170591"
"CACNA2D4","0.150923988589006"
"CACNB1","0.150058058256707"
"CACNB2","0.148705450719367"
"CACNB3","0.150548049499139"
"CACNB4","0.148863330178597"
"CACNG1","0.151110812654651"
"CACNG2","0.150443405775733"
"CACNG3","0.150548049499139"
"CACNG4","0.151243422355539"
"CACNG6","0.148705450719367"
"CACNG7","0.149602864918029"
"CACNG8","0.151404951023736"
"CACTIN","0.149923922114514"
"CACTIN-AS1","0.151031220062269"
"CACUL1","0.148863330178597"
"CACYBP","0.150354592638265"
"CAD","0.149923922114514"
"CADM1","0.148575102942344"
"CADM2","0.150590372519576"
"CADM2-AS1","0.150830892728839"
"CADM3","0.14949692014956"
"CADM3-AS1","0.148575102942344"
"CADM4","0.150640633493487"
"CADPS","0.150130003809611"
"CADPS2","0.150443405775733"
"CAGE1","0.150130003809611"
"CAHM","0.150564727384074"
"CALB1","0.150471308783321"
"CALB2","0.152186064163961"
"CALCA","0.150058058256707"
"CALCB","0.150471308783321"
"CALCOCO1","0.151233599483177"
"CALCOCO2","0.148759630201746"
"CALCR","0.150050298410286"
"CALCRL","0.148863330178597"
"CALD1","0.150564727384074"
"CALHM1","0.148675653483354"
"CALHM2","0.148675653483354"
"CALHM3","0.149579050565548"
"CALM1","0.150640633493487"
"CALM2","0.149059432117633"
"CALM3","0.151110812654651"
"CALML3","0.151110812654651"
"CALML3-AS1","0.149244388861366"
"CALML4","0.146936097689719"
"CALML5","0.150590372519576"
"CALML6","0.150330794232089"
"CALN1","0.14949692014956"
"CALR","0.150050298410286"
"CALR3","0.150524362581243"
"CALU","0.150403078322003"
"CALY","0.150923988589006"
"CAMK1","0.150471308783321"
"CAMK1D","0.150542606222099"
"CAMK1G","0.150050298410286"
"CAMK2A","0.150268756238015"
"CAMK2B","0.150443405775733"
"CAMK2D","0.150923988589006"
"CAMK2G","0.150542606222099"
"CAMK2N1","0.151110812654651"
"CAMK2N2","0.149579050565548"
"CAMK4","0.150354592638265"
"CAMKK1","0.150221200965002"
"CAMKK2","0.149244388861366"
"CAMKMT","0.14949692014956"
"CAMKV","0.14849938611812"
"CAMLG","0.149602864918029"
"CAMP","0.149244388861366"
"CAMSAP1","0.150050298410286"
"CAMSAP2","0.148675653483354"
"CAMSAP3","0.150403078322003"
"CAMTA1","0.150590372519576"
"CAMTA2","0.150564727384074"
"CAND1","0.149579050565548"
"CAND2","0.151243422355539"
"CANT1","0.147379206958462"
"CANX","0.150443405775733"
"CAP1","0.150058058256707"
"CAP2","0.150130003809611"
"CAPG","0.150354592638265"
"CAPN1","0.151188601438627"
"CAPN10","0.150268756238015"
"CAPN10-AS1","0.150564727384074"
"CAPN11","0.150640633493487"
"CAPN12","0.151233599483177"
"CAPN13","0.149244388861366"
"CAPN14","0.151850035124686"
"CAPN15","0.151404951023736"
"CAPN2","0.150268756238015"
"CAPN3","0.149602864918029"
"CAPN5","0.148759630201746"
"CAPN6","0.14860999170591"
"CAPN7","0.148675653483354"
"CAPN8","0.151243422355539"
"CAPN9","0.150268756238015"
"CAPNS1","0.150330794232089"
"CAPNS2","0.149579050565548"
"CAPRIN1","0.151031220062269"
"CAPRIN2","0.150564727384074"
"CAPS","0.150471308783321"
"CAPS2","0.151741371089211"
"CAPSL","0.150443405775733"
"CAPZA1","0.150330794232089"
"CAPZA2","0.149244388861366"
"CAPZA3","0.149059432117633"
"CAPZB","0.150923988589006"
"CARD10","0.150058058256707"
"CARD11","0.149579050565548"
"CARD14","0.149602864918029"
"CARD16","0.149059432117633"
"CARD17","0.148728451649781"
"CARD18","0.150221200965002"
"CARD19","0.150830892728839"
"CARD6","0.150268756238015"
"CARD8","0.151850035124686"
"CARD8-AS1","0.149059432117633"
"CARD9","0.150564727384074"
"CARF","0.149602864918029"
"CARHSP1","0.150354592638265"
"CARKD","0.149923922114514"
"CARM1","0.150590372519576"
"CARMN","0.151951557537157"
"CARNMT1","0.150542606222099"
"CARNS1","0.151233599483177"
"CARS","0.151188601438627"
"CARS-AS1","0.150564727384074"
"CARS2","0.149602864918029"
"CASC1","0.150548049499139"
"CASC10","0.150548049499139"
"CASC11","0.148728451649781"
"CASC15","0.150221200965002"
"CASC16","0.150221200965002"
"CASC17","0.150058058256707"
"CASC18","0.148863330178597"
"CASC19","0.150268756238015"
"CASC2","0.151031220062269"
"CASC20","0.150050298410286"
"CASC21","0.150524362581243"
"CASC22","0.150403078322003"
"CASC3","0.150129810893134"
"CASC4","0.149059432117633"
"CASC5","0.149059432117633"
"CASC6","0.151031220062269"
"CASC8","0.151335202671972"
"CASC9","0.150330794232089"
"CASD1","0.150830892728839"
"CASK","0.150524362581243"
"CASK-AS1","0.151110812654651"
"CASKIN1","0.150221200965002"
"CASKIN2","0.150542606222099"
"CASP1","0.149598725111793"
"CASP10","0.150197283419527"
"CASP14","0.152045074967252"
"CASP2","0.150130003809611"
"CASP3","0.150443405775733"
"CASP4","0.150548049499139"
"CASP5","0.150564727384074"
"CASP6","0.150564727384074"
"CASP7","0.150590372519576"
"CASP8","0.150548049499139"
"CASP8AP2","0.151031220062269"
"CASP9","0.150443405775733"
"CASQ1","0.150542606222099"
"CASQ2","0.150542606222099"
"CASR","0.150268756238015"
"CASS4","0.152045074967252"
"CAST","0.150878144080203"
"CASZ1","0.150542606222099"
"CAT","0.150590372519576"
"CATIP","0.148675653483354"
"CATIP-AS2","0.15258060895765"
"CATSPER1","0.150640633493487"
"CATSPER2","0.150403078322003"
"CATSPER3","0.150130003809611"
"CATSPER4","0.151598451709687"
"CATSPERB","0.150058058256707"
"CATSPERD","0.14949692014956"
"CATSPERG","0.150130003809611"
"CAV1","0.150130003809611"
"CAV2","0.150564727384074"
"CAV3","0.148759630201746"
"CBARP","0.151031220062269"
"CBFA2T2","0.150354592638265"
"CBFA2T3","0.149579050565548"
"CBFB","0.150403078322003"
"CBL","0.149244388861366"
"CBLB","0.151031220062269"
"CBLC","0.150268756238015"
"CBLL1","0.150443405775733"
"CBLN1","0.148575102942344"
"CBLN2","0.150443405775733"
"CBLN3","0.148675653483354"
"CBLN4","0.150542606222099"
"CBR1","0.150330794232089"
"CBR3","0.151741371089211"
"CBR4","0.151188601438627"
"CBS","0.148575102942344"
"CBSL","0.150443405775733"
"CBWD1","0.150443405775733"
"CBWD2","0.150268756238015"
"CBWD3","0.150130003809611"
"CBWD5","0.150221200965002"
"CBWD7","0.152186064163961"
"CBX1","0.150471308783321"
"CBX2","0.151335202671972"
"CBX3","0.150830892728839"
"CBX4","0.149923922114514"
"CBX5","0.149923922114514"
"CBX6","0.15290051437526"
"CBX7","0.150443405775733"
"CBX8","0.150443405775733"
"CBY1","0.150923988589006"
"CBY3","0.148753204204923"
"CC2D1A","0.151335202671972"
"CC2D1B","0.150640633493487"
"CC2D2A","0.151335202671972"
"CC2D2B","0.152045074967252"
"CCAR1","0.150058058256707"
"CCAR2","0.149059432117633"
"CCAT1","0.149923922114514"
"CCAT2","0.150548049499139"
"CCBE1","0.151110812654651"
"CCBL1","0.149923922114514"
"CCBL2","0.149579050565548"
"CCDC102A","0.150050298410286"
"CCDC102B","0.149059432117633"
"CCDC103","0.149579050565548"
"CCDC106","0.150403078322003"
"CCDC107","0.151780561151971"
"CCDC109B","0.151404951023736"
"CCDC110","0.148863330178597"
"CCDC112","0.152018512168106"
"CCDC113","0.150443405775733"
"CCDC114","0.148759630201746"
"CCDC115","0.150268756238015"
"CCDC116","0.151780561151971"
"CCDC117","0.148759630201746"
"CCDC12","0.150640633493487"
"CCDC120","0.150640633493487"
"CCDC121","0.149244388861366"
"CCDC122","0.149509339568269"
"CCDC124","0.149923922114514"
"CCDC125","0.150640633493487"
"CCDC126","0.150443405775733"
"CCDC127","0.151850035124686"
"CCDC129","0.149509339568269"
"CCDC13","0.150542606222099"
"CCDC13-AS1","0.151404951023736"
"CCDC130","0.148705450719367"
"CCDC134","0.148863330178597"
"CCDC136","0.152966143866507"
"CCDC137","0.150221200965002"
"CCDC138","0.150058058256707"
"CCDC14","0.150130003809611"
"CCDC140","0.150443405775733"
"CCDC141","0.150058058256707"
"CCDC142","0.150050298410286"
"CCDC144A","0.152098340066538"
"CCDC144NL","0.150268756238015"
"CCDC144NL-AS1","0.151110812654651"
"CCDC146","0.150403078322003"
"CCDC148","0.151188601438627"
"CCDC149","0.150923988589006"
"CCDC15","0.150524362581243"
"CCDC150","0.150130003809611"
"CCDC151","0.147257659751265"
"CCDC152","0.150330794232089"
"CCDC153","0.149509339568269"
"CCDC154","0.150830892728839"
"CCDC155","0.150130003809611"
"CCDC157","0.147941245158756"
"CCDC158","0.148575102942344"
"CCDC159","0.14849938611812"
"CCDC160","0.148728451649781"
"CCDC163P","0.151188601438627"
"CCDC166","0.149244388861366"
"CCDC167","0.14860999170591"
"CCDC168","0.149923922114514"
"CCDC169","0.150524362581243"
"CCDC169-SOHLH2","0.149923922114514"
"CCDC17","0.150221200965002"
"CCDC170","0.150524362581243"
"CCDC171","0.150221200965002"
"CCDC172","0.150058058256707"
"CCDC173","0.150564727384074"
"CCDC174","0.150923988589006"
"CCDC175","0.147379206958462"
"CCDC177","0.149923922114514"
"CCDC178","0.148863330178597"
"CCDC179","0.150221200965002"
"CCDC18","0.150830892728839"
"CCDC180","0.150268756238015"
"CCDC181","0.151850035124686"
"CCDC182","0.146867117191902"
"CCDC183","0.150221200965002"
"CCDC183-AS1","0.148728451649781"
"CCDC184","0.150330794232089"
"CCDC185","0.149923922114514"
"CCDC186","0.148242448367197"
"CCDC187","0.151110812654651"
"CCDC188","0.150443405775733"
"CCDC189","0.149509339568269"
"CCDC190","0.149923922114514"
"CCDC191","0.150130003809611"
"CCDC22","0.148863330178597"
"CCDC24","0.150524362581243"
"CCDC25","0.150443405775733"
"CCDC26","0.151031220062269"
"CCDC27","0.150268756238015"
"CCDC28A","0.151404951023736"
"CCDC28B","0.151243422355539"
"CCDC3","0.148516063648628"
"CCDC30","0.150058058256707"
"CCDC33","0.150403078322003"
"CCDC34","0.151752964254177"
"CCDC36","0.150058058256707"
"CCDC37-AS1","0.147941245158756"
"CCDC38","0.150542606222099"
"CCDC39","0.151188601438627"
"CCDC40","0.150058058256707"
"CCDC42","0.15063377043798"
"CCDC43","0.150330794232089"
"CCDC47","0.148863330178597"
"CCDC50","0.150590372519576"
"CCDC51","0.150524362581243"
"CCDC53","0.150050298410286"
"CCDC54","0.150058058256707"
"CCDC57","0.150590372519576"
"CCDC58","0.150330794232089"
"CCDC59","0.150564727384074"
"CCDC6","0.150527102610511"
"CCDC60","0.150403078322003"
"CCDC61","0.150443405775733"
"CCDC62","0.150590372519576"
"CCDC63","0.151243422355539"
"CCDC64","0.14860999170591"
"CCDC64B","0.150542606222099"
"CCDC65","0.150268756238015"
"CCDC66","0.150354592638265"
"CCDC67","0.151404951023736"
"CCDC68","0.151335202671972"
"CCDC69","0.151031220062269"
"CCDC7","0.14860999170591"
"CCDC70","0.150830892728839"
"CCDC71","0.150564727384074"
"CCDC71L","0.150218785090629"
"CCDC73","0.150403078322003"
"CCDC74A","0.150471308783321"
"CCDC74B","0.150471308783321"
"CCDC77","0.150564727384074"
"CCDC78","0.150471308783321"
"CCDC79","0.149923922114514"
"CCDC8","0.150548049499139"
"CCDC80","0.151850035124686"
"CCDC81","0.150268756238015"
"CCDC82","0.151233599483177"
"CCDC83","0.151929687675692"
"CCDC84","0.150050877159717"
"CCDC85A","0.150548049499139"
"CCDC85B","0.150058058256707"
"CCDC85C","0.150058058256707"
"CCDC86","0.149602864918029"
"CCDC87","0.150548049499139"
"CCDC88A","0.150471308783321"
"CCDC88B","0.150403078322003"
"CCDC88C","0.150058058256707"
"CCDC89","0.151752964254177"
"CCDC9","0.149923922114514"
"CCDC90B","0.150640633493487"
"CCDC91","0.152045074967252"
"CCDC92","0.150058058256707"
"CCDC93","0.152186064163961"
"CCDC94","0.150354592638265"
"CCDC96","0.152815716553044"
"CCDC97","0.151031220062269"
"CCER1","0.146117336829436"
"CCER2","0.150130003809611"
"CCHCR1","0.150354592638265"
"CCIN","0.149509339568269"
"CCK","0.151188601438627"
"CCKAR","0.150403078322003"
"CCKBR","0.150403078322003"
"CCL1","0.150524362581243"
"CCL11","0.151233599483177"
"CCL13","0.151031220062269"
"CCL14","0.148575102942344"
"CCL15","0.150354592638265"
"CCL15-CCL14","0.151850035124686"
"CCL16","0.150524362581243"
"CCL17","0.148863330178597"
"CCL18","0.150923988589006"
"CCL19","0.14849938611812"
"CCL2","0.150403078322003"
"CCL20","0.150542606222099"
"CCL21","0.150354592638265"
"CCL22","0.150050298410286"
"CCL23","0.150443405775733"
"CCL24","0.150268756238015"
"CCL25","0.150923988589006"
"CCL26","0.150218785090629"
"CCL27","0.149509339568269"
"CCL28","0.150548049499139"
"CCL3","0.150923988589006"
"CCL3L3","0.150330794232089"
"CCL4","0.151110812654651"
"CCL4L2","0.146408324621579"
"CCL5","0.150330794232089"
"CCL7","0.150471308783321"
"CCL8","0.150218785090629"
"CCM2","0.149917363932432"
"CCM2L","0.150471308783321"
"CCNA1","0.150268756238015"
"CCNA2","0.149923922114514"
"CCNB1","0.151110812654651"
"CCNB1IP1","0.150242822210183"
"CCNB2","0.150058058256707"
"CCNB3","0.150403078322003"
"CCNC","0.151752964254177"
"CCND1","0.151110812654651"
"CCND2","0.150050298410286"
"CCND2-AS1","0.150354592638265"
"CCND2-AS2","0.150242822210183"
"CCND3","0.150542606222099"
"CCNDBP1","0.149059432117633"
"CCNE1","0.150354592638265"
"CCNE2","0.148863330178597"
"CCNF","0.150548049499139"
"CCNG1","0.147729380673663"
"CCNG2","0.150564727384074"
"CCNH","0.151188601438627"
"CCNI","0.148060103275947"
"CCNI2","0.150354592638265"
"CCNJ","0.148871791335561"
"CCNJL","0.150218785090629"
"CCNK","0.148728451649781"
"CCNL1","0.150330794232089"
"CCNL2","0.150330794232089"
"CCNO","0.148060103275947"
"CCNT1","0.150590372519576"
"CCNT2","0.148675653483354"
"CCNT2-AS1","0.150058058256707"
"CCNY","0.14849938611812"
"CCNYL1","0.146685326550127"
"CCP110","0.150471308783321"
"CCPG1","0.149602864918029"
"CCR1","0.146936097689719"
"CCR10","0.150130003809611"
"CCR2","0.150590372519576"
"CCR3","0.150403078322003"
"CCR4","0.146965209188761"
"CCR5","0.150218785090629"
"CCR6","0.148705450719367"
"CCR7","0.149509339568269"
"CCR8","0.147257659751265"
"CCR9","0.146524365820868"
"CCRL2","0.149244388861366"
"CCS","0.150218785090629"
"CCSAP","0.150268756238015"
"CCSER1","0.148575102942344"
"CCSER2","0.148871791335561"
"CCT2","0.150640633493487"
"CCT3","0.150542606222099"
"CCT4","0.148728451649781"
"CCT5","0.150050298410286"
"CCT6A","0.147379206958462"
"CCT6B","0.150268756238015"
"CCT7","0.150471308783321"
"CCT8","0.150524362581243"
"CCT8L2","0.150542606222099"
"CCZ1","0.148793264524353"
"CCZ1B","0.150058058256707"
"CD101","0.148871791335561"
"CD109","0.146685326550127"
"CD14","0.149923922114514"
"CD151","0.148675653483354"
"CD160","0.147021182749795"
"CD163","0.150590372519576"
"CD163L1","0.149059432117633"
"CD164","0.150130003809611"
"CD164L2","0.148575102942344"
"CD177","0.147620381812607"
"CD180","0.149244388861366"
"CD19","0.148728451649781"
"CD1A","0.148871791335561"
"CD1B","0.150443405775733"
"CD1C","0.146685326550127"
"CD1D","0.148759630201746"
"CD1E","0.148759630201746"
"CD2","0.149244388861366"
"CD200","0.146214205865223"
"CD200R1","0.148705450719367"
"CD200R1L","0.150830892728839"
"CD207","0.150923988589006"
"CD209","0.148871791335561"
"CD22","0.146524365820868"
"CD226","0.146076998697957"
"CD24","0.148871791335561"
"CD244","0.148793264524353"
"CD247","0.150242822210183"
"CD248","0.147498641808885"
"CD27","0.150471308783321"
"CD274","0.151110812654651"
"CD276","0.150330794232089"
"CD28","0.151031220062269"
"CD2AP","0.149244388861366"
"CD2BP2","0.151243422355539"
"CD300A","0.150058058256707"
"CD300C","0.150268756238015"
"CD300E","0.150524362581243"
"CD300LB","0.150050298410286"
"CD300LD","0.148759630201746"
"CD300LF","0.147257659751265"
"CD300LG","0.146936097689719"
"CD302","0.151031220062269"
"CD320","0.150130003809611"
"CD33","0.148871791335561"
"CD34","0.148759630201746"
"CD36","0.150058058256707"
"CD37","0.149059432117633"
"CD38","0.148728451649781"
"CD3D","0.147620381812607"
"CD3E","0.150443405775733"
"CD3EAP","0.150130003809611"
"CD3G","0.150401107936457"
"CD4","0.148753204204923"
"CD40","0.148728451649781"
"CD40LG","0.148871791335561"
"CD44","0.14849938611812"
"CD46","0.150050298410286"
"CD47","0.149923922114514"
"CD48","0.150218785090629"
"CD5","0.150058058256707"
"CD52","0.149602864918029"
"CD53","0.149923922114514"
"CD55","0.150330794232089"
"CD58","0.148261486539889"
"CD59","0.149509339568269"
"CD5L","0.151188601438627"
"CD6","0.150330794232089"
"CD63","0.149244388861366"
"CD68","0.150130003809611"
"CD69","0.148759630201746"
"CD7","0.150218785090629"
"CD70","0.149509339568269"
"CD72","0.150268756238015"
"CD74","0.149923922114514"
"CD79A","0.150242822210183"
"CD79B","0.150830892728839"
"CD80","0.150542606222099"
"CD81","0.148724728709836"
"CD81-AS1","0.150050298410286"
"CD82","0.150443405775733"
"CD83","0.150471308783321"
"CD84","0.148665876954445"
"CD86","0.150590372519576"
"CD8A","0.150443405775733"
"CD8B","0.148871791335561"
"CD9","0.148575102942344"
"CD93","0.148575102942344"
"CD96","0.147257659751265"
"CD99","0.149602864918029"
"CD99L2","0.148665876954445"
"CDA","0.151031220062269"
"CDADC1","0.14878501367264"
"CDAN1","0.150330794232089"
"CDC123","0.148724728709836"
"CDC14A","0.147620381812607"
"CDC14B","0.151188601438627"
"CDC16","0.150218785090629"
"CDC20","0.148871791335561"
"CDC20B","0.150218785090629"
"CDC23","0.151404951023736"
"CDC25A","0.151188601438627"
"CDC25B","0.147729380673663"
"CDC25C","0.148575102942344"
"CDC26","0.150058058256707"
"CDC27","0.150923988589006"
"CDC34","0.149923922114514"
"CDC37","0.149059432117633"
"CDC37L1","0.147021182749795"
"CDC37L1-AS1","0.150401107936457"
"CDC40","0.149602864918029"
"CDC42","0.149602864918029"
"CDC42BPA","0.147729380673663"
"CDC42BPB","0.146685326550127"
"CDC42BPG","0.149923922114514"
"CDC42EP1","0.148793264524353"
"CDC42EP2","0.148871791335561"
"CDC42EP3","0.150218785090629"
"CDC42EP4","0.148060103275947"
"CDC42EP5","0.148060103275947"
"CDC42SE1","0.148665876954445"
"CDC42SE2","0.147941245158756"
"CDC45","0.150640633493487"
"CDC5L","0.146685326550127"
"CDC6","0.149923922114514"
"CDC7","0.147379206958462"
"CDC73","0.150330794232089"
"CDCA2","0.149059432117633"
"CDCA3","0.147729380673663"
"CDCA4","0.150050298410286"
"CDCA5","0.148871791335561"
"CDCA7","0.149059432117633"
"CDCA7L","0.150130003809611"
"CDCA8","0.149923922114514"
"CDCP1","0.150640633493487"
"CDCP2","0.150524362581243"
"CDH1","0.148871791335561"
"CDH10","0.148665876954445"
"CDH11","0.150130003809611"
"CDH12","0.151031220062269"
"CDH13","0.150050298410286"
"CDH15","0.151110812654651"
"CDH16","0.148759630201746"
"CDH17","0.150524362581243"
"CDH18","0.148793264524353"
"CDH19","0.147498641808885"
"CDH2","0.149602864918029"
"CDH20","0.148759630201746"
"CDH22","0.147379206958462"
"CDH23","0.148871791335561"
"CDH24","0.147620381812607"
"CDH26","0.148060103275947"
"CDH3","0.150401107936457"
"CDH4","0.147498641808885"
"CDH5","0.150218785090629"
"CDH6","0.14849938611812"
"CDH7","0.146117336829436"
"CDH8","0.14849938611812"
"CDH9","0.148724728709836"
"CDHR1","0.15056321740609"
"CDHR2","0.149923922114514"
"CDHR3","0.151235300209618"
"CDHR4","0.150268756238015"
"CDHR5","0.150443405775733"
"CDIP1","0.150268756238015"
"CDIPT","0.148871791335561"
"CDIPT-AS1","0.149923922114514"
"CDK1","0.149602864918029"
"CDK10","0.148793264524353"
"CDK11A","0.150344121554133"
"CDK11B","0.150050298410286"
"CDK12","0.150524362581243"
"CDK13","0.148871791335561"
"CDK14","0.149059432117633"
"CDK15","0.149059432117633"
"CDK16","0.148871791335561"
"CDK17","0.14849938611812"
"CDK18","0.146936097689719"
"CDK19","0.145339586626957"
"CDK2","0.150344121554133"
"CDK20","0.150590372519576"
"CDK2AP1","0.148665876954445"
"CDK2AP2","0.149059432117633"
"CDK3","0.148724728709836"
"CDK4","0.146936097689719"
"CDK5","0.148871791335561"
"CDK5R1","0.150058058256707"
"CDK5R2","0.147257659751265"
"CDK5RAP1","0.148724728709836"
"CDK5RAP2","0.148793264524353"
"CDK5RAP3","0.148516063648628"
"CDK6","0.150524362581243"
"CDK7","0.146214205865223"
"CDK8","0.150058058256707"
"CDK9","0.149018209180034"
"CDKAL1","0.149923922114514"
"CDKL1","0.150317114449606"
"CDKL2","0.149602864918029"
"CDKL3","0.147941245158756"
"CDKL4","0.146524365820868"
"CDKL5","0.14849938611812"
"CDKN1A","0.150590372519576"
"CDKN1B","0.150344121554133"
"CDKN1C","0.150317114449606"
"CDKN2A","0.148575102942344"
"CDKN2A-AS1","0.148871791335561"
"CDKN2AIP","0.149509339568269"
"CDKN2AIPNL","0.150268756238015"
"CDKN2B","0.149509339568269"
"CDKN2B-AS1","0.148793264524353"
"CDKN2C","0.148261486539889"
"CDKN2D","0.148575102942344"
"CDKN3","0.150218785090629"
"CDNF","0.149529014114514"
"CDO1","0.150218785090629"
"CDON","0.149509339568269"
"CDPF1","0.147941245158756"
"CDR1","0.150443405775733"
"CDR1-AS","0.148060103275947"
"CDR2","0.150058058256707"
"CDR2L","0.146936097689719"
"CDRT1","0.146867117191902"
"CDRT15","0.149509339568269"
"CDRT15L2","0.146214205865223"
"CDRT4","0.147379206958462"
"CDS1","0.150218785090629"
"CDS2","0.147498641808885"
"CDSN","0.148665876954445"
"CDT1","0.149059432117633"
"CDV3","0.148793264524353"
"CDX1","0.146214205865223"
"CDX2","0.147021182749795"
"CDY2A","0.145489475801227"
"CDYL","0.149059432117633"
"CDYL2","0.147257659751265"
"CEACAM1","0.150527102610511"
"CEACAM16","0.148261486539889"
"CEACAM19","0.148793264524353"
"CEACAM20","0.150242822210183"
"CEACAM21","0.150050298410286"
"CEACAM3","0.146076998697957"
"CEACAM4","0.150058058256707"
"CEACAM5","0.149244388861366"
"CEACAM6","0.150218785090629"
"CEACAM7","0.150308738204148"
"CEACAM8","0.150923988589006"
"CEBPA","0.145700047983563"
"CEBPA-AS1","0.150268756238015"
"CEBPB","0.148871791335561"
"CEBPB-AS1","0.149244388861366"
"CEBPD","0.14464255360205"
"CEBPE","0.148759630201746"
"CEBPG","0.14849938611812"
"CEBPZ","0.148759630201746"
"CEBPZOS","0.150471308783321"
"CECR1","0.147379206958462"
"CECR2","0.149244388861366"
"CECR3","0.150317114449606"
"CECR5","0.150078888021315"
"CECR5-AS1","0.147941245158756"
"CECR6","0.148665876954445"
"CECR7","0.148871791335561"
"CEL","0.148759630201746"
"CELA1","0.151243422355539"
"CELA2A","0.148724728709836"
"CELA2B","0.149923922114514"
"CELA3A","0.148759630201746"
"CELA3B","0.148793264524353"
"CELF1","0.146755171180142"
"CELF2","0.147620381812607"
"CELF2-AS1","0.150050298410286"
"CELF2-AS2","0.14849938611812"
"CELF3","0.146685326550127"
"CELF4","0.147021182749795"
"CELF5","0.145319947263283"
"CELF6","0.147379206958462"
"CELSR1","0.148871791335561"
"CELSR2","0.148575102942344"
"CELSR3","0.146685326550127"
"CELSR3-AS1","0.147620381812607"
"CEMIP","0.148665876954445"
"CEMP1","0.149244388861366"
"CEND1","0.145489475801227"
"CENPA","0.14849938611812"
"CENPB","0.146965209188761"
"CENPBD1","0.146867117191902"
"CENPC","0.148261486539889"
"CENPE","0.14849938611812"
"CENPF","0.150242822210183"
"CENPH","0.145006058167162"
"CENPI","0.149602864918029"
"CENPJ","0.150218785090629"
"CENPK","0.146685326550127"
"CENPL","0.149602864918029"
"CENPM","0.146867117191902"
"CENPN","0.146214205865223"
"CENPO","0.14849938611812"
"CENPP","0.147257659751265"
"CENPQ","0.144783282573996"
"CENPT","0.150050298410286"
"CENPU","0.150058058256707"
"CENPV","0.147729380673663"
"CENPW","0.146867117191902"
"CEP104","0.149059432117633"
"CEP112","0.148871791335561"
"CEP120","0.147021182749795"
"CEP126","0.146524365820868"
"CEP128","0.146936097689719"
"CEP131","0.148724728709836"
"CEP135","0.147498641808885"
"CEP152","0.149602864918029"
"CEP162","0.147620381812607"
"CEP164","0.148871791335561"
"CEP170","0.149059432117633"
"CEP170B","0.146685326550127"
"CEP19","0.148665876954445"
"CEP192","0.149923922114514"
"CEP250","0.147729380673663"
"CEP290","0.14849938611812"
"CEP295","0.149244388861366"
"CEP295NL","0.147379206958462"
"CEP350","0.147941245158756"
"CEP41","0.150218785090629"
"CEP44","0.150218785090629"
"CEP55","0.148871791335561"
"CEP57","0.150136882758987"
"CEP57L1","0.148261486539889"
"CEP63","0.144647481224375"
"CEP68","0.147015280860295"
"CEP70","0.148793264524353"
"CEP72","0.149923922114514"
"CEP76","0.147700282875836"
"CEP78","0.148665876954445"
"CEP83","0.148261486539889"
"CEP83-AS1","0.146965209188761"
"CEP85","0.150058058256707"
"CEP85L","0.148759630201746"
"CEP89","0.149244388861366"
"CEP95","0.149059432117633"
"CEP97","0.148261486539889"
"CEPT1","0.147379206958462"
"CER1","0.148261486539889"
"CERCAM","0.14849938611812"
"CERK","0.149059432117633"
"CERKL","0.146965209188761"
"CERS1","0.148261486539889"
"CERS2","0.148724728709836"
"CERS3","0.147729380673663"
"CERS3-AS1","0.148759630201746"
"CERS4","0.148060103275947"
"CERS5","0.148759630201746"
"CERS6","0.149602864918029"
"CES1","0.148665876954445"
"CES2","0.149945465405485"
"CES3","0.146867117191902"
"CES4A","0.145959559906997"
"CES5A","0.146117336829436"
"CETN2","0.149938907223404"
"CETN3","0.148665876954445"
"CETP","0.147379206958462"
"CFAP100","0.147498641808885"
"CFAP126","0.145959559906997"
"CFAP157","0.144783282573996"
"CFAP161","0.147729380673663"
"CFAP20","0.144691490106272"
"CFAP206","0.148261486539889"
"CFAP221","0.148575102942344"
"CFAP36","0.145959559906997"
"CFAP43","0.147015280860295"
"CFAP44","0.148575102942344"
"CFAP45","0.149602864918029"
"CFAP46","0.148767529529574"
"CFAP47","0.146936097689719"
"CFAP52","0.148575102942344"
"CFAP53","0.146117336829436"
"CFAP54","0.147498641808885"
"CFAP57","0.146936097689719"
"CFAP58","0.146407134473332"
"CFAP58-AS1","0.146117336829436"
"CFAP61","0.148793264524353"
"CFAP65","0.149059432117633"
"CFAP69","0.150443405775733"
"CFAP70","0.148060103275947"
"CFAP73","0.148575102942344"
"CFAP74","0.147498641808885"
"CFAP77","0.14849938611812"
"CFAP97","0.148871791335561"
"CFAP99","0.149945465405485"
"CFB","0.146867117191902"
"CFC1","0.146867117191902"
"CFD","0.147941245158756"
"CFDP1","0.145571465772699"
"CFH","0.147021182749795"
"CFHR1","0.147941245158756"
"CFHR3","0.146524365820868"
"CFHR4","0.148665876954445"
"CFHR5","0.150218785090629"
"CFI","0.146867117191902"
"CFL1","0.146117336829436"
"CFL2","0.147729380673663"
"CFLAR","0.146524365820868"
"CFLAR-AS1","0.149509339568269"
"CFP","0.147379206958462"
"CFTR","0.146685326550127"
"CGA","0.147620381812607"
"CGB","0.148665876954445"
"CGB2","0.146867117191902"
"CGB5","0.147021182749795"
"CGB7","0.147941245158756"
"CGB8","0.149602864918029"
"CGGBP1","0.148261486539889"
"CGN","0.150136882758987"
"CGNL1","0.147257659751265"
"CGREF1","0.147021182749795"
"CGRRF1","0.146965209188761"
"CH17-118O6.3","0.146708297529677"
"CH17-125A10.2","0.14849938611812"
"CH17-132F21.5","0.146524365820868"
"CH17-140K24.2","0.149509339568269"
"CH17-140K24.3","0.146936097689719"
"CH17-140K24.5","0.147379206958462"
"CH17-140K24.6","0.148793264524353"
"CH17-174L20.1","0.150344121554133"
"CH17-189H20.1","0.145652522575556"
"CH17-212P11.4","0.148575102942344"
"CH17-212P11.5","0.148665876954445"
"CH17-224D4.1","0.148759630201746"
"CH17-224D4.2","0.146076998697957"
"CH17-262H11.1","0.145571465772699"
"CH17-264L24.1","0.146524365820868"
"CH17-270A2.1","0.150242822210183"
"CH17-270A2.2","0.151031220062269"
"CH17-302M23.1","0.148759630201746"
"CH17-340M24.3","0.148575102942344"
"CH17-353B19.1","0.145959559906997"
"CH17-360D5.2","0.147729380673663"
"CH17-360D5.3","0.148665876954445"
"CH17-373J23.1","0.148575102942344"
"CH17-408M7.1","0.149509339568269"
"CH17-437K3.1","0.146965209188761"
"CH17-80A12.1","0.148759630201746"
"CH25H","0.150058058256707"
"CH507-145C22.1","0.150078888021315"
"CH507-154B10.1","0.151188601438627"
"CH507-154B10.2","0.147729380673663"
"CH507-210P18.1","0.149509339568269"
"CH507-210P18.4","0.146755171180142"
"CH507-216K13.2","0.148660317777608"
"CH507-236L23.1","0.148871791335561"
"CH507-24F1.1","0.145700047983563"
"CH507-24F1.2","0.148724728709836"
"CH507-254M2.1","0.147379206958462"
"CH507-254M2.3","0.150923988589006"
"CH507-338C24.1","0.149764052871586"
"CH507-39O4.2","0.145571465772699"
"CH507-42P11.5","0.147729380673663"
"CH507-42P11.6","0.148724728709836"
"CH507-42P11.7","0.146524365820868"
"CH507-42P11.8","0.147379206958462"
"CH507-513H4.1","0.150136882758987"
"CH507-513H4.3","0.146462949771193"
"CH507-513H4.4","0.148759630201746"
"CH507-513H4.5","0.148665876954445"
"CH507-513H4.6","0.149945465405485"
"CH507-528H12.1","0.150218785090629"
"CH507-9B2.1","0.149602864918029"
"CH507-9B2.3","0.150136882758987"
"CH507-9B2.5","0.147941245158756"
"CH507-9B2.8","0.146117336829436"
"CH507-9B2.9","0.148665876954445"
"CHAC1","0.146685326550127"
"CHAC2","0.148793264524353"
"CHAD","0.147257659751265"
"CHADL","0.146117336829436"
"CHAF1A","0.149059432117633"
"CHAF1B","0.150527102610511"
"CHAMP1","0.146936097689719"
"CHAT","0.148665876954445"
"CHCHD1","0.147021182749795"
"CHCHD10","0.148060103275947"
"CHCHD2","0.147620381812607"
"CHCHD3","0.148793264524353"
"CHCHD4","0.149059432117633"
"CHCHD5","0.151243422355539"
"CHCHD6","0.148575102942344"
"CHCHD7","0.148261486539889"
"CHD1","0.150830892728839"
"CHD1L","0.150058058256707"
"CHD2","0.146755171180142"
"CHD3","0.145641315981208"
"CHD4","0.146407134473332"
"CHD5","0.148724728709836"
"CHD6","0.150527102610511"
"CHD7","0.147941245158756"
"CHD8","0.146462949771193"
"CHD9","0.148060103275947"
"CHDH","0.147379206958462"
"CHEK1","0.148793264524353"
"CHEK2","0.14849938611812"
"CHERP","0.145700047983563"
"CHFR","0.145700047983563"
"CHGA","0.148261486539889"
"CHGB","0.147379206958462"
"CHI3L1","0.145959559906997"
"CHI3L2","0.146214205865223"
"CHIA","0.144750846221147"
"CHIC1","0.144783282573996"
"CHIC2","0.146867117191902"
"CHID1","0.148724728709836"
"CHIT1","0.148871791335561"
"CHKA","0.148724728709836"
"CHKB","0.148793264524353"
"CHKB-AS1","0.148060103275947"
"CHKB-CPT1B","0.149602864918029"
"CHL1","0.148871791335561"
"CHL1-AS1","0.147257659751265"
"CHM","0.146965209188761"
"CHML","0.149945465405485"
"CHMP1A","0.149059432117633"
"CHMP1B","0.14849938611812"
"CHMP2A","0.147941245158756"
"CHMP2B","0.147021182749795"
"CHMP3","0.149059432117633"
"CHMP4A","0.150242822210183"
"CHMP4B","0.146462949771193"
"CHMP4C","0.146685326550127"
"CHMP5","0.146462949771193"
"CHMP6","0.147941245158756"
"CHMP7","0.147257659751265"
"CHN1","0.147305944810365"
"CHN2","0.146117336829436"
"CHODL","0.150058058256707"
"CHODL-AS1","0.147498641808885"
"CHORDC1","0.148665876954445"
"CHP1","0.146936097689719"
"CHP2","0.146867117191902"
"CHPF","0.146407134473332"
"CHPF2","0.149244388861366"
"CHPT1","0.150242822210183"
"CHRAC1","0.148060103275947"
"CHRD","0.146462949771193"
"CHRDL1","0.150242822210183"
"CHRDL2","0.145006058167162"
"CHRFAM7A","0.146524365820868"
"CHRM1","0.149945465405485"
"CHRM2","0.147620381812607"
"CHRM3","0.146076998697957"
"CHRM3-AS1","0.148665876954445"
"CHRM3-AS2","0.145006058167162"
"CHRM4","0.148060103275947"
"CHRM5","0.146867117191902"
"CHRNA1","0.148665876954445"
"CHRNA10","0.146462949771193"
"CHRNA2","0.147620381812607"
"CHRNA3","0.150136882758987"
"CHRNA4","0.147257659751265"
"CHRNA5","0.148759630201746"
"CHRNA6","0.146965209188761"
"CHRNA7","0.150136882758987"
"CHRNA9","0.148261486539889"
"CHRNB1","0.149602864918029"
"CHRNB2","0.148871791335561"
"CHRNB3","0.148060103275947"
"CHRNB4","0.150268756238015"
"CHRND","0.146867117191902"
"CHRNE","0.148060103275947"
"CHRNG","0.150923988589006"
"CHST1","0.150078888021315"
"CHST10","0.148575102942344"
"CHST11","0.146106127371899"
"CHST12","0.147941245158756"
"CHST13","0.149509339568269"
"CHST14","0.149509339568269"
"CHST15","0.145652522575556"
"CHST2","0.146462949771193"
"CHST3","0.145571465772699"
"CHST4","0.148060103275947"
"CHST5","0.148759630201746"
"CHST6","0.146936097689719"
"CHST7","0.14849938611812"
"CHST8","0.146755171180142"
"CHST9","0.148759630201746"
"CHSY1","0.146936097689719"
"CHSY3","0.148793264524353"
"CHTF18","0.148793264524353"
"CHTF8","0.148060103275947"
"CHTOP","0.148793264524353"
"CHUK","0.148793264524353"
"CHURC1","0.150401107936457"
"CHURC1-FNTB","0.148759630201746"
"CIAO1","0.146524365820868"
"CIAPIN1","0.146117336829436"
"CIART","0.147941245158756"
"CIB1","0.145959559906997"
"CIB2","0.148759630201746"
"CIB3","0.147620381812607"
"CIB4","0.148793264524353"
"CIC","0.145247577282988"
"CIDEA","0.149938907223404"
"CIDEB","0.145571465772699"
"CIDEC","0.148261486539889"
"CIITA","0.146076998697957"
"CILP","0.146867117191902"
"CILP2","0.147498641808885"
"CINP","0.147498641808885"
"CIPC","0.148871791335561"
"CIR1","0.148575102942344"
"CIRBP","0.150443405775733"
"CIRBP-AS1","0.147914611471013"
"CISD1","0.149059432117633"
"CISD2","0.147941245158756"
"CISD3","0.146524365820868"
"CISH","0.145652522575556"
"CISTR","0.145489475801227"
"CIT","0.147941245158756"
"CITED1","0.146106127371899"
"CITED2","0.148724728709836"
"CITED4","0.147021182749795"
"CITF22-1A6.3","0.148060103275947"
"CITF22-49D8.1","0.147021182749795"
"CITF22-49E9.3","0.147620381812607"
"CITF22-92A6.1","0.148749481264978"
"CIZ1","0.145700047983563"
"CKAP2","0.150058058256707"
"CKAP2L","0.145861535919219"
"CKAP4","0.147620381812607"
"CKAP5","0.150058058256707"
"CKB","0.150058058256707"
"CKLF","0.145247577282988"
"CKLF-CMTM1","0.146867117191902"
"CKM","0.150064290173967"
"CKMT1A","0.146755171180142"
"CKMT1B","0.150242822210183"
"CKMT2","0.148665876954445"
"CKMT2-AS1","0.147941245158756"
"CKS1B","0.150317114449606"
"CKS2","0.145339586626957"
"CLASP1","0.148060103275947"
"CLASP2","0.147941245158756"
"CLASRP","0.148665876954445"
"CLC","0.147021182749795"
"CLCA1","0.150553992689913"
"CLCA2","0.146407134473332"
"CLCA4","0.147729380673663"
"CLCC1","0.146685326550127"
"CLCF1","0.14849938611812"
"CLCN1","0.148261486539889"
"CLCN2","0.145247577282988"
"CLCN3","0.14849938611812"
"CLCN4","0.150058058256707"
"CLCN5","0.149036076899552"
"CLCN6","0.148575102942344"
"CLCN7","0.146076998697957"
"CLCNKA","0.146867117191902"
"CLCNKB","0.146755171180142"
"CLDN1","0.147729380673663"
"CLDN10","0.145959559906997"
"CLDN10-AS1","0.147257659751265"
"CLDN11","0.148793264524353"
"CLDN12","0.147257659751265"
"CLDN14","0.150553992689913"
"CLDN15","0.148060103275947"
"CLDN16","0.148665876954445"
"CLDN17","0.149945465405485"
"CLDN18","0.148261486539889"
"CLDN19","0.148575102942344"
"CLDN2","0.149602864918029"
"CLDN20","0.149602864918029"
"CLDN22","0.146859460198719"
"CLDN23","0.146936097689719"
"CLDN25","0.147620381812607"
"CLDN3","0.150553992689913"
"CLDN34","0.14849938611812"
"CLDN4","0.147729380673663"
"CLDN5","0.147021182749795"
"CLDN6","0.147941245158756"
"CLDN7","0.146378081314063"
"CLDN8","0.14849938611812"
"CLDN9","0.146076998697957"
"CLDND1","0.147729380673663"
"CLDND2","0.147257659751265"
"CLEC10A","0.14849938611812"
"CLEC11A","0.147379206958462"
"CLEC12A","0.147620381812607"
"CLEC12B","0.146524365820868"
"CLEC14A","0.145247577282988"
"CLEC16A","0.147379206958462"
"CLEC17A","0.148749481264978"
"CLEC18A","0.149602864918029"
"CLEC18B","0.149244388861366"
"CLEC18C","0.146936097689719"
"CLEC19A","0.152186064163961"
"CLEC1A","0.149036076899552"
"CLEC1B","0.146524365820868"
"CLEC2A","0.148261486539889"
"CLEC2B","0.147941245158756"
"CLEC2D","0.146859460198719"
"CLEC2L","0.148060103275947"
"CLEC3A","0.148665876954445"
"CLEC3B","0.150136882758987"
"CLEC4A","0.148060103275947"
"CLEC4C","0.150058058256707"
"CLEC4D","0.150344121554133"
"CLEC4E","0.147941245158756"
"CLEC4F","0.148575102942344"
"CLEC4G","0.14849938611812"
"CLEC4M","0.14849938611812"
"CLEC5A","0.148060103275947"
"CLEC6A","0.150058058256707"
"CLEC7A","0.147379206958462"
"CLEC9A","0.149945465405485"
"CLECL1","0.146965209188761"
"CLGN","0.147021182749795"
"CLHC1","0.149577465553277"
"CLIC1","0.149036076899552"
"CLIC2","0.148060103275947"
"CLIC3","0.149244388861366"
"CLIC4","0.151031220062269"
"CLIC5","0.146936097689719"
"CLIC6","0.150064290173967"
"CLINT1","0.147941245158756"
"CLIP1","0.150218785090629"
"CLIP1-AS1","0.147498641808885"
"CLIP2","0.150268756238015"
"CLIP3","0.149244388861366"
"CLIP4","0.149577465553277"
"CLK1","0.149492165112747"
"CLK2","0.148575102942344"
"CLK3","0.150242822210183"
"CLK4","0.150064290173967"
"CLLU1","0.148575102942344"
"CLLU1OS","0.146524365820868"
"CLMN","0.148749481264978"
"CLMP","0.150136882758987"
"CLN3","0.147620381812607"
"CLN5","0.15006409725749"
"CLN6","0.146936097689719"
"CLN8","0.150344121554133"
"CLNK","0.150080901021576"
"CLNS1A","0.149244388861366"
"CLOCK","0.150344121554133"
"CLP1","0.149597140099522"
"CLPB","0.147941245158756"
"CLPP","0.150344121554133"
"CLPS","0.148575102942344"
"CLPSL1","0.148749481264978"
"CLPSL2","0.149577465553277"
"CLPTM1","0.149602864918029"
"CLPTM1L","0.147379206958462"
"CLPX","0.147379206958462"
"CLRN1","0.148665876954445"
"CLRN1-AS1","0.150136882758987"
"CLRN2","0.145247577282988"
"CLRN3","0.149577465553277"
"CLSPN","0.150344121554133"
"CLSTN1","0.148060103275947"
"CLSTN2","0.149492165112747"
"CLSTN2-AS1","0.149244388861366"
"CLSTN3","0.145700047983563"
"CLTA","0.151188601438627"
"CLTB","0.146755171180142"
"CLTC","0.150058058256707"
"CLTCL1","0.147941245158756"
"CLU","0.148793264524353"
"CLUAP1","0.149577465553277"
"CLUH","0.150242822210183"
"CLUL1","0.148793264524353"
"CLVS1","0.150058058256707"
"CLVS2","0.150136882758987"
"CLYBL","0.149602864918029"
"CLYBL-AS1","0.150242822210183"
"CMA1","0.148749481264978"
"CMAS","0.149602864918029"
"CMB9-22P13.1","0.148575102942344"
"CMB9-22P13.2","0.147729380673663"
"CMB9-55A18.1","0.149036076899552"
"CMBL","0.147620381812607"
"CMC1","0.146076998697957"
"CMC2","0.150344121554133"
"CMC4","0.149036076899552"
"CMIP","0.150136882758987"
"CMKLR1","0.150080901021576"
"CMP21-97G8.1","0.150136882758987"
"CMP21-97G8.2","0.150401107936457"
"CMPK1","0.148793264524353"
"CMPK2","0.150242822210183"
"CMSS1","0.145006058167162"
"CMTM1","0.148261486539889"
"CMTM2","0.150058058256707"
"CMTM3","0.147021182749795"
"CMTM4","0.147729380673663"
"CMTM5","0.149577465553277"
"CMTM6","0.146755171180142"
"CMTM7","0.147021182749795"
"CMTM8","0.147021182749795"
"CMTR1","0.146214205865223"
"CMTR2","0.150317114449606"
"CMYA5","0.150534456932767"
"CNBD1","0.146462949771193"
"CNBD2","0.147729380673663"
"CNBP","0.146936097689719"
"CNDP1","0.146936097689719"
"CNDP2","0.149945465405485"
"CNEP1R1","0.150401107936457"
"CNFN","0.149036076899552"
"CNGA1","0.148261486539889"
"CNGA3","0.149036076899552"
"CNGA4","0.147729380673663"
"CNGB1","0.149244388861366"
"CNGB3","0.150080901021576"
"CNIH1","0.144783282573996"
"CNIH2","0.148060103275947"
"CNIH3","0.146867117191902"
"CNIH4","0.146462949771193"
"CNKSR1","0.144450935417311"
"CNKSR2","0.146524365820868"
"CNKSR3","0.149492165112747"
"CNN1","0.14799835967683"
"CNN2","0.146462949771193"
"CNN3","0.148060103275947"
"CNNM1","0.147021182749795"
"CNNM2","0.149602864918029"
"CNNM3","0.149602864918029"
"CNNM4","0.148665876954445"
"CNOT1","0.148665876954445"
"CNOT10","0.148575102942344"
"CNOT11","0.150064290173967"
"CNOT2","0.147257659751265"
"CNOT3","0.149577465553277"
"CNOT4","0.149602864918029"
"CNOT6","0.146076998697957"
"CNOT6L","0.147729380673663"
"CNOT7","0.147257659751265"
"CNOT8","0.147379206958462"
"CNP","0.146407134473332"
"CNPPD1","0.148665876954445"
"CNPY1","0.146867117191902"
"CNPY2","0.148261486539889"
"CNPY3","0.149492165112747"
"CNPY4","0.149577465553277"
"CNR1","0.145523095584273"
"CNR2","0.148575102942344"
"CNRIP1","0.146685326550127"
"CNST","0.150080901021576"
"CNTD1","0.147257659751265"
"CNTD2","0.150401107936457"
"CNTF","0.148665876954445"
"CNTFR","0.148575102942344"
"CNTLN","0.150344121554133"
"CNTN1","0.147729380673663"
"CNTN2","0.150640633493487"
"CNTN3","0.150080901021576"
"CNTN4","0.146867117191902"
"CNTN4-AS1","0.150064290173967"
"CNTN5","0.148261486539889"
"CNTN6","0.148261486539889"
"CNTNAP1","0.148749481264978"
"CNTNAP2","0.147620381812607"
"CNTNAP3","0.150080901021576"
"CNTNAP3B","0.148261486539889"
"CNTNAP4","0.147620381812607"
"CNTNAP5","0.149036076899552"
"CNTRL","0.14849938611812"
"CNTROB","0.147941245158756"
"COA1","0.147379206958462"
"COA3","0.149244388861366"
"COA4","0.150401107936457"
"COA5","0.150080901021576"
"COA6","0.147941245158756"
"COA7","0.14704961968266"
"COASY","0.148261486539889"
"COBL","0.148261486539889"
"COBLL1","0.146685326550127"
"COCH","0.148575102942344"
"COG1","0.147941245158756"
"COG2","0.147498641808885"
"COG3","0.150080901021576"
"COG4","0.148575102942344"
"COG5","0.149036076899552"
"COG6","0.150497461591435"
"COG7","0.150401107936457"
"COG8","0.147261575209828"
"COIL","0.147620381812607"
"COL10A1","0.150344121554133"
"COL11A1","0.149945465405485"
"COL11A2","0.150344121554133"
"COL12A1","0.148060103275947"
"COL13A1","0.150587297614183"
"COL14A1","0.148060103275947"
"COL15A1","0.147379206958462"
"COL16A1","0.150587297614183"
"COL17A1","0.148665876954445"
"COL18A1","0.147729380673663"
"COL18A1-AS1","0.148793264524353"
"COL19A1","0.148749481264978"
"COL1A1","0.146965209188761"
"COL1A2","0.150064290173967"
"COL20A1","0.147941245158756"
"COL21A1","0.146407134473332"
"COL22A1","0.15020174649453"
"COL23A1","0.147261575209828"
"COL24A1","0.148749481264978"
"COL25A1","0.147379206958462"
"COL26A1","0.145700047983563"
"COL27A1","0.148774864735872"
"COL28A1","0.150344121554133"
"COL2A1","0.146936097689719"
"COL3A1","0.150830892728839"
"COL4A1","0.147261575209828"
"COL4A2","0.149244388861366"
"COL4A2-AS1","0.146685326550127"
"COL4A2-AS2","0.150064290173967"
"COL4A3","0.146214205865223"
"COL4A3BP","0.148060103275947"
"COL4A4","0.146462949771193"
"COL4A5","0.147729380673663"
"COL4A6","0.150268756238015"
"COL5A1","0.147729380673663"
"COL5A2","0.149602864918029"
"COL5A3","0.147941245158756"
"COL6A1","0.146462949771193"
"COL6A2","0.148793264524353"
"COL6A3","0.147729380673663"
"COL6A5","0.145300493138401"
"COL6A6","0.148749481264978"
"COL7A1","0.148261486539889"
"COL8A1","0.148749481264978"
"COL8A2","0.149577465553277"
"COL9A1","0.149602864918029"
"COL9A2","0.148516063648628"
"COL9A3","0.149244388861366"
"COLCA1","0.150058058256707"
"COLCA2","0.148575102942344"
"COLEC10","0.148060103275947"
"COLEC11","0.14704961968266"
"COLEC12","0.145006058167162"
"COLGALT1","0.146965209188761"
"COLGALT2","0.14704961968266"
"COLQ","0.147729380673663"
"COMMD1","0.151031220062269"
"COMMD10","0.14704961968266"
"COMMD2","0.144647481224375"
"COMMD3","0.148793264524353"
"COMMD4","0.15121296787639"
"COMMD5","0.149906565969891"
"COMMD6","0.146965209188761"
"COMMD7","0.14849938611812"
"COMMD8","0.148261486539889"
"COMMD9","0.149036076899552"
"COMP","0.147729380673663"
"COMT","0.147021182749795"
"COMTD1","0.146867117191902"
"COPA","0.14704961968266"
"COPB1","0.147498641808885"
"COPB2","0.147498641808885"
"COPE","0.146965209188761"
"COPG1","0.150044513028745"
"COPG2","0.149906565969891"
"COPRS","0.148575102942344"
"COPS2","0.149906565969891"
"COPS3","0.150640633493487"
"COPS4","0.151188601438627"
"COPS5","0.15020174649453"
"COPS6","0.147620381812607"
"COPS7A","0.148261486539889"
"COPS7B","0.150080901021576"
"COPS8","0.14872107631989"
"COPZ1","0.14849938611812"
"COPZ2","0.147021182749795"
"COQ10A","0.150268756238015"
"COQ10B","0.147498641808885"
"COQ2","0.14872107631989"
"COQ3","0.149492165112747"
"COQ4","0.149577465553277"
"COQ5","0.149166271788621"
"COQ6","0.146685326550127"
"COQ7","0.146755171180142"
"COQ9","0.149244388861366"
"CORIN","0.146936097689719"
"CORO1A","0.145700047983563"
"CORO1B","0.150443405775733"
"CORO1C","0.149906565969891"
"CORO2A","0.14704961968266"
"CORO2B","0.149577465553277"
"CORO6","0.147498641808885"
"CORO7","0.148261486539889"
"CORO7-PAM16","0.149236633880395"
"CORT","0.146965209188761"
"COTL1","0.149036076899552"
"COX10","0.148575102942344"
"COX11","0.146524365820868"
"COX14","0.147729380673663"
"COX15","0.149036076899552"
"COX16","0.152007129536511"
"COX17","0.148575102942344"
"COX18","0.147379206958462"
"COX19","0.147379206958462"
"COX20","0.148575102942344"
"COX4I1","0.150317114449606"
"COX4I2","0.150064290173967"
"COX5A","0.147261575209828"
"COX5B","0.149906565969891"
"COX6A1","0.14704961968266"
"COX6A2","0.147729380673663"
"COX6B1","0.14872107631989"
"COX6B2","0.146214205865223"
"COX6C","0.150044513028745"
"COX7A1","0.145334283090262"
"COX7A2","0.149236633880395"
"COX7A2L","0.149577465553277"
"COX7B","0.15020174649453"
"COX7B2","0.147729380673663"
"COX7C","0.146936097689719"
"COX8A","0.148575102942344"
"COX8C","0.14704961968266"
"CP","0.147941245158756"
"CPA1","0.146214205865223"
"CPA2","0.149577465553277"
"CPA3","0.149236633880395"
"CPA4","0.147379206958462"
"CPA5","0.144783282573996"
"CPA6","0.149577465553277"
"CPAMD8","0.149036076899552"
"CPB1","0.147941245158756"
"CPB2","0.146214205865223"
"CPB2-AS1","0.146214205865223"
"CPD","0.146965209188761"
"CPE","0.147021182749795"
"CPEB1","0.144126450362991"
"CPEB1-AS1","0.146936097689719"
"CPEB2","0.14872107631989"
"CPEB2-AS1","0.149492165112747"
"CPEB3","0.148261486539889"
"CPEB4","0.147498641808885"
"CPED1","0.144691490106272"
"CPLX1","0.147379206958462"
"CPLX2","0.14704961968266"
"CPLX3","0.150064290173967"
"CPLX4","0.147941245158756"
"CPM","0.149236633880395"
"CPN1","0.148793264524353"
"CPN2","0.149602864918029"
"CPNE1","0.146462949771193"
"CPNE2","0.146524365820868"
"CPNE3","0.149906565969891"
"CPNE4","0.148575102942344"
"CPNE5","0.149285202164065"
"CPNE6","0.147261575209828"
"CPNE7","0.147498641808885"
"CPNE8","0.146076998697957"
"CPNE9","0.14704961968266"
"CPO","0.148261486539889"
"CPOX","0.147498641808885"
"CPPED1","0.146036027203915"
"CPQ","0.146685326550127"
"CPS1","0.150044513028745"
"CPSF1","0.147261575209828"
"CPSF2","0.146685326550127"
"CPSF3","0.147379206958462"
"CPSF3L","0.147620381812607"
"CPSF4","0.145316403748485"
"CPSF4L","0.144709436718455"
"CPSF6","0.147379206958462"
"CPSF7","0.149577465553277"
"CPT1A","0.149285202164065"
"CPT1B","0.150044513028745"
"CPT1C","0.148793264524353"
"CPT2","0.14704961968266"
"CPTP","0.146002398831303"
"CPVL","0.146755171180142"
"CPXCR1","0.148261486539889"
"CPXM1","0.147498641808885"
"CPXM2","0.14704961968266"
"CPZ","0.148575102942344"
"CR1","0.146002398831303"
"CR1L","0.147498641808885"
"CR2","0.148060103275947"
"CR392000.1","0.146685326550127"
"CRABP1","0.146867117191902"
"CRABP2","0.146755171180142"
"CRACR2A","0.150058058256707"
"CRACR2B","0.150058058256707"
"CRADD","0.146117336829436"
"CRAMP1","0.14704961968266"
"CRAT","0.149036076899552"
"CRAT37","0.146524365820868"
"CRB1","0.147261575209828"
"CRB2","0.146685326550127"
"CRB3","0.147021182749795"
"CRBN","0.147261575209828"
"CRCP","0.146117336829436"
"CRCT1","0.146755171180142"
"CREB1","0.146965209188761"
"CREB3","0.14704961968266"
"CREB3L1","0.147261575209828"
"CREB3L2","0.148575102942344"
"CREB3L3","0.146524365820868"
"CREB3L4","0.149236633880395"
"CREB5","0.147941245158756"
"CREBBP","0.149236633880395"
"CREBL2","0.146117336829436"
"CREBRF","0.146524365820868"
"CREBZF","0.146407134473332"
"CREG1","0.147729380673663"
"CREG2","0.147729380673663"
"CRELD1","0.146002398831303"
"CRELD2","0.147729380673663"
"CREM","0.149492165112747"
"CRH","0.149285202164065"
"CRHBP","0.148715517143054"
"CRHR1","0.149236633880395"
"CRHR2","0.144691490106272"
"CRIM1","0.146685326550127"
"CRIP1","0.145339586626957"
"CRIP2","0.14704961968266"
"CRIP3","0.148261486539889"
"CRIPAK","0.146214205865223"
"CRIPT","0.148060103275947"
"CRISP1","0.148793264524353"
"CRISP2","0.150044513028745"
"CRISP3","0.146755171180142"
"CRISPLD1","0.150497461591435"
"CRISPLD2","0.147941245158756"
"CRK","0.149492165112747"
"CRKL","0.149036076899552"
"CRLF1","0.149236633880395"
"CRLF2","0.147021182749795"
"CRLF3","0.147941245158756"
"CRLS1","0.146965209188761"
"CRMP1","0.146708297529677"
"CRNDE","0.146524365820868"
"CRNKL1","0.150268756238015"
"CRNN","0.147379206958462"
"CROCC","0.150401107936457"
"CROCC2","0.145700047983563"
"CROT","0.150344121554133"
"CRP","0.146076998697957"
"CRTAC1","0.147498641808885"
"CRTAM","0.14704961968266"
"CRTAP","0.148060103275947"
"CRTC1","0.146965209188761"
"CRTC2","0.147729380673663"
"CRTC3","0.14849938611812"
"CRTC3-AS1","0.146965209188761"
"CRX","0.14872107631989"
"CRY1","0.149036076899552"
"CRY2","0.150317114449606"
"CRYAB","0.149236633880395"
"CRYBA1","0.146407134473332"
"CRYBA2","0.150064290173967"
"CRYBA4","0.150268756238015"
"CRYBB1","0.147729380673663"
"CRYBB2","0.148060103275947"
"CRYBB3","0.147498641808885"
"CRYBG3","0.147620381812607"
"CRYGA","0.149492165112747"
"CRYGB","0.146524365820868"
"CRYGC","0.149285202164065"
"CRYGD","0.147620381812607"
"CRYGN","0.148060103275947"
"CRYGS","0.144783282573996"
"CRYL1","0.147729380673663"
"CRYM","0.146965209188761"
"CRYM-AS1","0.151172707475011"
"CRYZ","0.146407134473332"
"CRYZL1","0.147941245158756"
"CS","0.150344121554133"
"CSAD","0.148575102942344"
"CSAG1","0.147498641808885"
"CSDC2","0.148060103275947"
"CSDE1","0.14872107631989"
"CSE1L","0.149236633880395"
"CSE1L-AS1","0.149285202164065"
"CSF1","0.148793264524353"
"CSF1R","0.150242822210183"
"CSF2","0.146407134473332"
"CSF2RA","0.147620381812607"
"CSF2RB","0.146755171180142"
"CSF3","0.150044513028745"
"CSF3R","0.14704961968266"
"CSGALNACT1","0.145319947263283"
"CSGALNACT2","0.147729380673663"
"CSH1","0.147941245158756"
"CSH2","0.14872107631989"
"CSHL1","0.146685326550127"
"CSK","0.150268756238015"
"CSMD1","0.14849938611812"
"CSMD2","0.149036076899552"
"CSMD2-AS1","0.146685326550127"
"CSMD3","0.146117336829436"
"CSN1S1","0.147729380673663"
"CSN2","0.15020174649453"
"CSN3","0.149036076899552"
"CSNK1A1","0.145652522575556"
"CSNK1A1L","0.146002398831303"
"CSNK1D","0.146867117191902"
"CSNK1E","0.14704961968266"
"CSNK1G1","0.146965209188761"
"CSNK1G2","0.147620381812607"
"CSNK1G2-AS1","0.148793264524353"
"CSNK1G3","0.147379206958462"
"CSNK2A1","0.147729380673663"
"CSNK2A2","0.146462949771193"
"CSNK2A3","0.146755171180142"
"CSNK2B","0.146755171180142"
"CSPG4","0.146407134473332"
"CSPG5","0.150058058256707"
"CSPP1","0.147620381812607"
"CSRNP1","0.145339586626957"
"CSRNP2","0.148575102942344"
"CSRNP3","0.146867117191902"
"CSRP1","0.147261575209828"
"CSRP2","0.147021182749795"
"CSRP2BP","0.149492165112747"
"CSRP3","0.148793264524353"
"CST1","0.146936097689719"
"CST11","0.14849938611812"
"CST2","0.146867117191902"
"CST3","0.149236633880395"
"CST4","0.150344121554133"
"CST5","0.145334283090262"
"CST6","0.148060103275947"
"CST7","0.148575102942344"
"CST8","0.14849938611812"
"CST9L","0.146462949771193"
"CSTA","0.150080901021576"
"CSTB","0.146117336829436"
"CSTF1","0.14704961968266"
"CSTF2","0.149577465553277"
"CSTF2T","0.148261486539889"
"CSTF3","0.146117336829436"
"CSTF3-AS1","0.149285202164065"
"CSTL1","0.147729380673663"
"CT45A1","0.150058058256707"
"CT45A10","0.148060103275947"
"CT45A2","0.14872107631989"
"CT45A5","0.146755171180142"
"CT45A9","0.150344121554133"
"CT55","0.147021182749795"
"CT62","0.149492165112747"
"CT83","0.147941245158756"
"CTA-126B4.7","0.149236633880395"
"CTA-14H9.5","0.145319947263283"
"CTA-150C2.13","0.149900007787809"
"CTA-204B4.2","0.149577465553277"
"CTA-212A2.2","0.146524365820868"
"CTA-212A2.3","0.150080901021576"
"CTA-212A2.4","0.149900007787809"
"CTA-212D2.2","0.14872107631989"
"CTA-217C2.2","0.150317114449606"
"CTA-221G9.11","0.148438604421036"
"CTA-221G9.12","0.14704961968266"
"CTA-221G9.7","0.146378081314063"
"CTA-223H9.9","0.14872107631989"
"CTA-228A9.3","0.147498641808885"
"CTA-228A9.4","0.149492165112747"
"CTA-243E7.1","0.148793264524353"
"CTA-243E7.2","0.145316403748485"
"CTA-243E7.3","0.14704961968266"
"CTA-243E7.4","0.146002398831303"
"CTA-246H3.12","0.146379990663405"
"CTA-250D10.19","0.150064290173967"
"CTA-254O6.1","0.146936097689719"
"CTA-268H5.14","0.146867117191902"
"CTA-276F8.1","0.149900007787809"
"CTA-280A3.2","0.146965209188761"
"CTA-280A3--B.2","0.146936097689719"
"CTA-286B10.7","0.146524365820868"
"CTA-286B10.8","0.147941245158756"
"CTA-292E10.6","0.147729380673663"
"CTA-293F17.1","0.149492165112747"
"CTA-29F11.1","0.146452711686303"
"CTA-305I2.1","0.147729380673663"
"CTA-31J9.2","0.146755171180142"
"CTA-331P3.1","0.148261486539889"
"CTA-339C12.1","0.14872107631989"
"CTA-342B11.1","0.14849938611812"
"CTA-342B11.2","0.148575102942344"
"CTA-363E19.2","0.14858437981745"
"CTA-363E6.2","0.150268756238015"
"CTA-363E6.5","0.14872107631989"
"CTA-363E6.6","0.146755171180142"
"CTA-363E6.7","0.148793264524353"
"CTA-373H7.7","0.146452711686303"
"CTA-384D8.31","0.150317114449606"
"CTA-384D8.33","0.148793264524353"
"CTA-384D8.34","0.14849938611812"
"CTA-384D8.35","0.149236633880395"
"CTA-384D8.36","0.148575102942344"
"CTA-390C10.9","0.150078888021315"
"CTA-392C11.1","0.147620381812607"
"CTA-392C11.2","0.150242822210183"
"CTA-392E5.1","0.149285202164065"
"CTA-397H3.3","0.150242822210183"
"CTA-398F10.1","0.149938907223404"
"CTA-398F10.2","0.149285202164065"
"CTA-407F11.7","0.14704961968266"
"CTA-407F11.8","0.146755171180142"
"CTA-445C9.14","0.14704961968266"
"CTA-503F6.2","0.146214205865223"
"CTA-796E4.3","0.149285202164065"
"CTA-796E4.4","0.148793264524353"
"CTA-797E19.2","0.146214205865223"
"CTA-833B7.2","0.147021182749795"
"CTA-929C8.7","0.149036076899552"
"CTA-929C8.8","0.148261486539889"
"CTA-972D3.2","0.149285202164065"
"CTA-984G1.5","0.148575102942344"
"CTA-989H11.1","0.149236633880395"
"CTA-992D9.10","0.147729380673663"
"CTA-992D9.11","0.148575102942344"
"CTA-992D9.7","0.146524365820868"
"CTA-992D9.8","0.14849938611812"
"CTAG1B","0.149285202164065"
"CTAG2","0.147729380673663"
"CTAGE1","0.146002398831303"
"CTAGE15","0.146076998697957"
"CTAGE4","0.147021182749795"
"CTAGE5","0.148793264524353"
"CTAGE6","0.149236633880395"
"CTAGE8","0.146214205865223"
"CTAGE9","0.14849938611812"
"CTB-102L5.4","0.148575102942344"
"CTB-107G13.1","0.148575102942344"
"CTB-108O6.2","0.14704961968266"
"CTB-111F10.1","0.150080901021576"
"CTB-113D17.1","0.14872107631989"
"CTB-113I20.2","0.146936097689719"
"CTB-113P19.1","0.147729380673663"
"CTB-113P19.3","0.149236633880395"
"CTB-113P19.4","0.147309860268927"
"CTB-113P19.5","0.150923988589006"
"CTB-1144G6.6","0.145339586626957"
"CTB-114C7.4","0.150044513028745"
"CTB-118N6.2","0.149036076899552"
"CTB-118P15.2","0.147729380673663"
"CTB-119C2.1","0.14872107631989"
"CTB-11I22.1","0.148060103275947"
"CTB-11I22.2","0.149474465102362"
"CTB-120L21.1","0.146867117191902"
"CTB-127C13.1","0.146936097689719"
"CTB-127M13.1","0.149236633880395"
"CTB-129O4.1","0.147498641808885"
"CTB-129P6.11","0.149285202164065"
"CTB-129P6.4","0.149900007787809"
"CTB-12A17.3","0.146936097689719"
"CTB-12O2.1","0.146936097689719"
"CTB-131K11.1","0.14704961968266"
"CTB-133G6.1","0.147745014789263"
"CTB-133G6.2","0.147729380673663"
"CTB-138E5.1","0.147620381812607"
"CTB-13F3.1","0.146468609125841"
"CTB-147C13.1","0.147498641808885"
"CTB-147C22.8","0.150058058256707"
"CTB-147C22.9","0.146901334683526"
"CTB-147N14.6","0.149900007787809"
"CTB-152G17.6","0.14704961968266"
"CTB-158D10.3","0.147729380673663"
"CTB-158E9.1","0.150587297614183"
"CTB-161C1.1","0.149236633880395"
"CTB-161M19.4","0.145728499408952"
"CTB-164N12.1","0.149036076899552"
"CTB-167B5.1","0.14849938611812"
"CTB-171A8.1","0.146379990663405"
"CTB-174D11.1","0.14849938611812"
"CTB-174D11.2","0.148060103275947"
"CTB-174O21.2","0.150044513028745"
"CTB-175E5.7","0.147729380673663"
"CTB-176F20.3","0.150242822210183"
"CTB-178M22.2","0.149900007787809"
"CTB-179K24.3","0.146965209188761"
"CTB-17P3.4","0.148575102942344"
"CTB-180A7.3","0.148793264524353"
"CTB-180A7.8","0.150242822210183"
"CTB-184G21.3","0.149285202164065"
"CTB-186G2.1","0.149236633880395"
"CTB-186G2.4","0.150058058256707"
"CTB-186H2.3","0.147498641808885"
"CTB-191K22.5","0.149285202164065"
"CTB-191K22.6","0.150317114449606"
"CTB-193M12.1","0.150396548008963"
"CTB-193M12.5","0.150897382208957"
"CTB-1I21.1","0.147309860268927"
"CTB-22K21.2","0.147620381812607"
"CTB-25B13.12","0.148060103275947"
"CTB-25B13.5","0.14872107631989"
"CTB-25B13.9","0.14849938611812"
"CTB-30L5.1","0.146867117191902"
"CTB-31N19.5","0.147620381812607"
"CTB-31O20.2","0.147021182749795"
"CTB-31O20.3","0.146524365820868"
"CTB-31O20.6","0.146002398831303"
"CTB-31O20.8","0.146685326550127"
"CTB-31O20.9","0.150080901021576"
"CTB-32O4.2","0.150242822210183"
"CTB-32O4.3","0.146524365820868"
"CTB-32O4.4","0.144709436718455"
"CTB-33G10.11","0.148438604421036"
"CTB-33G10.6","0.147620381812607"
"CTB-33O18.1","0.150317114449606"
"CTB-33O18.3","0.148261486539889"
"CTB-35F21.1","0.150058058256707"
"CTB-35F21.3","0.149900007787809"
"CTB-35F21.4","0.149577465553277"
"CTB-35F21.5","0.149036076899552"
"CTB-39G8.2","0.15020174649453"
"CTB-40H15.4","0.146953803358219"
"CTB-41I6.1","0.149471880108705"
"CTB-41I6.2","0.148516063648628"
"CTB-43E15.1","0.147941245158756"
"CTB-43E15.2","0.151335202671972"
"CTB-43P18.1","0.15020174649453"
"CTB-46B19.2","0.147309860268927"
"CTB-47B11.3","0.148793264524353"
"CTB-49A3.4","0.149554391094294"
"CTB-49A3.5","0.150317114449606"
"CTB-4E7.1","0.149938907223404"
"CTB-50L17.10","0.149577465553277"
"CTB-50L17.14","0.147498641808885"
"CTB-50L17.16","0.149236633880395"
"CTB-50L17.5","0.147729380673663"
"CTB-50L17.7","0.149036076899552"
"CTB-50L17.9","0.14872107631989"
"CTB-51J22.1","0.148575102942344"
"CTB-55O6.10","0.150401107936457"
"CTB-55O6.12","0.150058058256707"
"CTB-55O6.13","0.149027615742587"
"CTB-55O6.4","0.147729380673663"
"CTB-55O6.8","0.14872107631989"
"CTB-58E17.1","0.147729380673663"
"CTB-58E17.2","0.149474465102362"
"CTB-58E17.3","0.150344121554133"
"CTB-58E17.5","0.149900007787809"
"CTB-58E17.9","0.150064290173967"
"CTB-5E10.3","0.149474465102362"
"CTB-60B18.18","0.149900007787809"
"CTB-60B18.6","0.14849938611812"
"CTB-60E11.9","0.148575102942344"
"CTB-61M7.2","0.146867117191902"
"CTB-75G16.3","0.150751073588693"
"CTB-78F1.1","0.150268756238015"
"CTB-79E8.2","0.151224520998307"
"CTB-7E3.1","0.149036076899552"
"CTB-83J4.1","0.146002398831303"
"CTB-91J4.1","0.150268756238015"
"CTB-92J24.3","0.147309860268927"
"CTB-96E2.7","0.148793264524353"
"CTBP1","0.150344121554133"
"CTBP1-AS","0.149900007787809"
"CTBP1-AS2","0.146106127371899"
"CTBP2","0.150751073588693"
"CTBS","0.149900007787809"
"CTC-1337H24.3","0.150401107936457"
"CTC-1337H24.4","0.147498641808885"
"CTC-203F4.2","0.150044513028745"
"CTC-207P7.1","0.147021182749795"
"CTC-209H22.3","0.146867117191902"
"CTC-215O4.4","0.150455675299772"
"CTC-218B8.3","0.148575102942344"
"CTC-228N24.2","0.146685326550127"
"CTC-232P5.1","0.148793264524353"
"CTC-232P5.3","0.148793264524353"
"CTC-235G5.3","0.14872107631989"
"CTC-236F12.4","0.149554391094294"
"CTC-239J10.1","0.149285202164065"
"CTC-241F20.4","0.149900007787809"
"CTC-241N9.1","0.147498641808885"
"CTC-242N15.1","0.146936097689719"
"CTC-246B18.10","0.148793264524353"
"CTC-248O19.1","0.146452711686303"
"CTC-250I14.3","0.149036076899552"
"CTC-250I14.6","0.149577465553277"
"CTC-251D13.1","0.149236633880395"
"CTC-254B4.1","0.147729380673663"
"CTC-255N20.1","0.148793264524353"
"CTC-260E6.6","0.148060103275947"
"CTC-260F20.3","0.149036076899552"
"CTC-261N6.2","0.150344121554133"
"CTC-265F19.3","0.147309860268927"
"CTC-268N12.2","0.147309860268927"
"CTC-270D5.1","0.150064290173967"
"CTC-273B12.10","0.150455675299772"
"CTC-273B12.5","0.150064290173967"
"CTC-276P9.3","0.146965209188761"
"CTC-276P9.4","0.14872107631989"
"CTC-281F24.1","0.146214205865223"
"CTC-281F24.5","0.151224520998307"
"CTC-286N12.1","0.150455675299772"
"CTC-293G12.1","0.150058058256707"
"CTC-296K1.3","0.149900007787809"
"CTC-296K1.4","0.146867117191902"
"CTC-297N7.1","0.150044513028745"
"CTC-297N7.9","0.15020174649453"
"CTC-301O7.4","0.149577465553277"
"CTC-308K20.1","0.147941245158756"
"CTC-308K20.2","0.150064290173967"
"CTC-321K16.1","0.151752964254177"
"CTC-325H20.4","0.147021182749795"
"CTC-325J23.2","0.15020174649453"
"CTC-327F10.5","0.148261486539889"
"CTC-329D1.2","0.149900007787809"
"CTC-332L22.1","0.149036076899552"
"CTC-336P14.1","0.150401107936457"
"CTC-338M12.1","0.150058058256707"
"CTC-338M12.2","0.149036076899552"
"CTC-338M12.5","0.151850035124686"
"CTC-338M12.6","0.148261486539889"
"CTC-338M12.7","0.150064290173967"
"CTC-338M12.9","0.149554391094294"
"CTC-339F2.2","0.150497461591435"
"CTC-339O9.1","0.150497461591435"
"CTC-340A15.2","0.150064290173967"
"CTC-340D7.1","0.150587297614183"
"CTC-343N3.1","0.150242822210183"
"CTC-344H19.4","0.149554391094294"
"CTC-345K18.2","0.146936097689719"
"CTC-347C20.1","0.150640633493487"
"CTC-347C20.2","0.149474465102362"
"CTC-348L5.1","0.14872107631989"
"CTC-350I8.1","0.150317114449606"
"CTC-353G13.1","0.149577465553277"
"CTC-360G5.6","0.148288024334252"
"CTC-360G5.9","0.146524365820868"
"CTC-366B18.2","0.14815875483173"
"CTC-366B18.4","0.146685326550127"
"CTC-367F4.1","0.150640633493487"
"CTC-367J11.1","0.147498641808885"
"CTC-378H22.2","0.149474465102362"
"CTC-384G19.1","0.148575102942344"
"CTC-391G2.1","0.150064290173967"
"CTC-400I9.1","0.150044513028745"
"CTC-420A11.2","0.14872107631989"
"CTC-425F1.4","0.149474465102362"
"CTC-428G20.6","0.150401107936457"
"CTC-428H11.2","0.147620381812607"
"CTC-429P9.1","0.149577465553277"
"CTC-429P9.2","0.149554391094294"
"CTC-429P9.4","0.150058058256707"
"CTC-431G16.2","0.149577465553277"
"CTC-435M10.3","0.146953803358219"
"CTC-435M10.6","0.150080901021576"
"CTC-436K13.1","0.149285202164065"
"CTC-436K13.2","0.14849938611812"
"CTC-436K13.3","0.149900007787809"
"CTC-436K13.5","0.15020174649453"
"CTC-436K13.6","0.150751073588693"
"CTC-436P18.1","0.149577465553277"
"CTC-436P18.3","0.150497461591435"
"CTC-441N14.1","0.15020174649453"
"CTC-441N14.2","0.151850035124686"
"CTC-444N24.11","0.150317114449606"
"CTC-444N24.13","0.149036076899552"
"CTC-444N24.6","0.150058058256707"
"CTC-444N24.8","0.150064290173967"
"CTC-448D22.1","0.149036076899552"
"CTC-448F2.4","0.150993114313559"
"CTC-453G23.4","0.150317114449606"
"CTC-453G23.5","0.151102691024767"
"CTC-453G23.8","0.149236633880395"
"CTC-454I21.3","0.150080901021576"
"CTC-454I21.4","0.149285202164065"
"CTC-455F18.1","0.152098340066538"
"CTC-457E21.9","0.148575102942344"
"CTC-457L16.2","0.150401107936457"
"CTC-458G6.2","0.150044513028745"
"CTC-458G6.4","0.151224520998307"
"CTC-458I2.2","0.150044513028745"
"CTC-459F4.1","0.151752964254177"
"CTC-459F4.3","0.150064290173967"
"CTC-459M5.1","0.151172707475011"
"CTC-459M5.2","0.147498641808885"
"CTC-461F20.1","0.149474465102362"
"CTC-465D4.1","0.151335202671972"
"CTC-467M3.1","0.150268756238015"
"CTC-467M3.3","0.146452711686303"
"CTC-471C19.1","0.150317114449606"
"CTC-471J1.11","0.15020174649453"
"CTC-472C24.1","0.14849938611812"
"CTC-479C5.10","0.147309860268927"
"CTC-479C5.12","0.152447815372045"
"CTC-479C5.6","0.15020174649453"
"CTC-480C2.1","0.150344121554133"
"CTC-482H14.5","0.15020174649453"
"CTC-487M23.5","0.150268756238015"
"CTC-487M23.7","0.150640633493487"
"CTC-487M23.8","0.151224520998307"
"CTC-490E21.10","0.150268756238015"
"CTC-490E21.12","0.150497461591435"
"CTC-490E21.14","0.150455675299772"
"CTC-490G23.2","0.146965209188761"
"CTC-490G23.4","0.150544930057491"
"CTC-490G23.6","0.150993114313559"
"CTC-492K19.4","0.150064290173967"
"CTC-492K19.7","0.149900007787809"
"CTC-493L21.1","0.151243422355539"
"CTC-493L21.2","0.151172707475011"
"CTC-497E21.3","0.150401107936457"
"CTC-498J12.1","0.149285202164065"
"CTC-498J12.3","0.150640633493487"
"CTC-498M16.4","0.151240396193915"
"CTC-499B15.5","0.150640633493487"
"CTC-499B15.7","0.151850035124686"
"CTC-499J9.1","0.148060103275947"
"CTC-501O10.1","0.149900007787809"
"CTC-503J8.4","0.150317114449606"
"CTC-505O3.3","0.150587297614183"
"CTC-506B8.1","0.150344121554133"
"CTC-508F8.1","0.148288024334252"
"CTC-510F12.2","0.151172707475011"
"CTC-510F12.7","0.151335202671972"
"CTC-513N18.6","0.152815716553044"
"CTC-513N18.7","0.151238695467475"
"CTC-518B2.10","0.14849938611812"
"CTC-518B2.12","0.150268756238015"
"CTC-518B2.8","0.150080901021576"
"CTC-518B2.9","0.150640633493487"
"CTC-518P12.6","0.152710747756655"
"CTC-523E23.1","0.150080901021576"
"CTC-523E23.11","0.148288024334252"
"CTC-523E23.14","0.149577465553277"
"CTC-523E23.4","0.149577465553277"
"CTC-523E23.5","0.150268756238015"
"CTC-523E23.6","0.150587297614183"
"CTC-524C5.2","0.151172707475011"
"CTC-524C5.5","0.150317114449606"
"CTC-526N19.1","0.150544930057491"
"CTC-527H23.2","0.150317114449606"
"CTC-527H23.3","0.150242822210183"
"CTC-527H23.4","0.150058058256707"
"CTC-529G1.1","0.151224520998307"
"CTC-529I10.1","0.14872107631989"
"CTC-529I10.2","0.150640633493487"
"CTC-529L17.1","0.151172707475011"
"CTC-529L17.2","0.150401107936457"
"CTC-529P8.1","0.150317114449606"
"CTC-534A2.2","0.150751073588693"
"CTC-537E7.1","0.149474465102362"
"CTC-537E7.2","0.150401107936457"
"CTC-537E7.3","0.148575102942344"
"CTC-542B22.2","0.147309860268927"
"CTC-543D15.3","0.149900007787809"
"CTC-543D15.8","0.150344121554133"
"CTC-546K23.1","0.150242822210183"
"CTC-548K16.1","0.150064290173967"
"CTC-548K16.2","0.151878125025547"
"CTC-548K16.5","0.148060103275947"
"CTC-550B14.7","0.14872107631989"
"CTC-558O19.1","0.150455675299772"
"CTC-558O2.1","0.151554932612961"
"CTC-558O2.2","0.150751073588693"
"CTC-559E9.1","0.150268756238015"
"CTC-559E9.4","0.151172707475011"
"CTC-563A5.2","0.150058058256707"
"CTC-564N23.2","0.150058058256707"
"CTC-573N18.1","0.148060103275947"
"CTC-575N7.1","0.149236633880395"
"CTC-756D1.2","0.149036076899552"
"CTC-756D1.3","0.149577465553277"
"CTC-806A22.1","0.147729380673663"
"CTC1","0.151850035124686"
"CTCF","0.147941245158756"
"CTCFL","0.150317114449606"
"CTD-2001C12.1","0.15020174649453"
"CTD-2002J20.1","0.152098340066538"
"CTD-2003C8.2","0.152169640797627"
"CTD-2005H7.1","0.150317114449606"
"CTD-2005H7.2","0.149900007787809"
"CTD-2006C1.10","0.151172707475011"
"CTD-2006C1.13","0.149577465553277"
"CTD-2006H14.2","0.150080901021576"
"CTD-2006K23.1","0.150268756238015"
"CTD-2006K23.2","0.14872107631989"
"CTD-2007A10.1","0.150058058256707"
"CTD-2007H13.3","0.150401107936457"
"CTD-2007H18.1","0.150058058256707"
"CTD-2007L18.5","0.150268756238015"
"CTD-2008A1.3","0.150268756238015"
"CTD-2008L17.1","0.150751073588693"
"CTD-2008L17.2","0.150587297614183"
"CTD-2008P7.1","0.150438199814828"
"CTD-2008P7.10","0.149474465102362"
"CTD-2008P7.8","0.150242822210183"
"CTD-2008P7.9","0.14872107631989"
"CTD-2012J19.3","0.147729380673663"
"CTD-2012K14.2","0.148793264524353"
"CTD-2012K14.3","0.150497461591435"
"CTD-2012K14.4","0.147729380673663"
"CTD-2012K14.6","0.151243422355539"
"CTD-2012K14.7","0.149577465553277"
"CTD-2012K14.8","0.150268756238015"
"CTD-2013M15.1","0.150544930057491"
"CTD-2013N17.4","0.152447815372045"
"CTD-2013N17.7","0.14815875483173"
"CTD-2013N24.2","0.14849938611812"
"CTD-2014B16.3","0.14915851680765"
"CTD-2015G9.2","0.150544930057491"
"CTD-2015H3.1","0.150268756238015"
"CTD-2015H3.2","0.151850035124686"
"CTD-2015H6.3","0.145652522575556"
"CTD-2016O11.1","0.150268756238015"
"CTD-2017C7.1","0.147309860268927"
"CTD-2017C7.2","0.150455675299772"
"CTD-2017D11.1","0.14872107631989"
"CTD-2017F17.1","0.149236633880395"
"CTD-2017F17.2","0.15020174649453"
"CTD-2019O4.1","0.150401107936457"
"CTD-2020K17.1","0.150058058256707"
"CTD-2020K17.3","0.149236633880395"
"CTD-2020K17.4","0.147498641808885"
"CTD-2021H9.2","0.150751073588693"
"CTD-2021H9.3","0.150438199814828"
"CTD-2021J15.1","0.150455675299772"
"CTD-2023M8.1","0.147021182749795"
"CTD-2023N9.1","0.150751073588693"
"CTD-2023N9.2","0.151878125025547"
"CTD-2023N9.3","0.147729380673663"
"CTD-2024D23.1","0.149900007787809"
"CTD-2024I7.13","0.149036076899552"
"CTD-2024P10.1","0.149577465553277"
"CTD-2024P10.2","0.149577465553277"
"CTD-2026D20.2","0.151554932612961"
"CTD-2026G6.3","0.151224520998307"
"CTD-2026J24.1","0.148793264524353"
"CTD-2026K11.2","0.150497461591435"
"CTD-2026K11.3","0.149577465553277"
"CTD-2026K11.4","0.150344121554133"
"CTD-2026K11.5","0.149900007787809"
"CTD-2026K11.6","0.150044513028745"
"CTD-2027I19.3","0.150317114449606"
"CTD-2031P19.5","0.150640633493487"
"CTD-2033A16.1","0.147729380673663"
"CTD-2033A16.3","0.150080901021576"
"CTD-2033C11.1","0.150455675299772"
"CTD-2033D15.1","0.149474465102362"
"CTD-2033D15.3","0.150455675299772"
"CTD-2034I21.1","0.14872107631989"
"CTD-2034I21.2","0.150396548008963"
"CTD-2034I4.2","0.149285202164065"
"CTD-2035E11.3","0.150058058256707"
"CTD-2035E11.4","0.150640633493487"
"CTD-2035E11.5","0.149900007787809"
"CTD-2036P10.3","0.149474465102362"
"CTD-2036P10.5","0.149577465553277"
"CTD-2036P10.6","0.150058058256707"
"CTD-2037L6.2","0.149554391094294"
"CTD-2044J15.1","0.151243422355539"
"CTD-2047H16.4","0.150080901021576"
"CTD-2047H16.5","0.150993114313559"
"CTD-2049O4.1","0.146965209188761"
"CTD-2050B12.1","0.14872107631989"
"CTD-2050E21.2","0.151554932612961"
"CTD-2050N2.1","0.149554391094294"
"CTD-2054N24.2","0.150044513028745"
"CTD-2058B24.3","0.150064290173967"
"CTD-2060L22.1","0.149554391094294"
"CTD-2061E19.6","0.149474465102362"
"CTD-2062F14.3","0.151224520998307"
"CTD-2066L21.2","0.150993114313559"
"CTD-2066L21.3","0.149471880108705"
"CTD-2072I24.1","0.149036076899552"
"CTD-2076M15.1","0.150455675299772"
"CTD-2078B5.2","0.150344121554133"
"CTD-2081C10.1","0.151224520998307"
"CTD-2081C10.7","0.150344121554133"
"CTD-2083E4.6","0.146524365820868"
"CTD-2089N3.1","0.14872107631989"
"CTD-2089N3.2","0.149577465553277"
"CTD-2090I13.1","0.151243422355539"
"CTD-2091N23.1","0.148288024334252"
"CTD-2095E4.5","0.150058058256707"
"CTD-2104P17.2","0.147309860268927"
"CTD-2105E13.14","0.150640633493487"
"CTD-2105E13.15","0.147309860268927"
"CTD-2105E13.16","0.150242822210183"
"CTD-2105E13.6","0.148575102942344"
"CTD-2113L7.1","0.149577465553277"
"CTD-2116N17.1","0.149474465102362"
"CTD-2116N20.1","0.150640633493487"
"CTD-2117L12.1","0.152007129536511"
"CTD-2118P12.1","0.146452711686303"
"CTD-2126E3.3","0.15020174649453"
"CTD-2126E3.4","0.150544930057491"
"CTD-2128A3.2","0.148575102942344"
"CTD-2129N1.1","0.150064290173967"
"CTD-2130F23.2","0.148793264524353"
"CTD-2130O13.1","0.150587297614183"
"CTD-2132N18.3","0.150455675299772"
"CTD-2134A5.4","0.150080901021576"
"CTD-2135D7.2","0.150242822210183"
"CTD-2135D7.3","0.150993114313559"
"CTD-2135D7.5","0.150242822210183"
"CTD-2135J3.3","0.151224520998307"
"CTD-2139B15.2","0.148793264524353"
"CTD-2139B15.5","0.151243422355539"
"CTD-2140B24.6","0.150058058256707"
"CTD-2143L24.1","0.150242822210183"
"CTD-2144E22.5","0.150044513028745"
"CTD-2144E22.8","0.149236633880395"
"CTD-2145A24.4","0.149285202164065"
"CTD-2145A24.5","0.150640633493487"
"CTD-2147F2.1","0.149577465553277"
"CTD-2147F2.2","0.148793264524353"
"CTD-2152M20.2","0.147941245158756"
"CTD-2154B17.1","0.150401107936457"
"CTD-2154B17.4","0.150064290173967"
"CTD-2154H6.1","0.14872107631989"
"CTD-2154I11.2","0.149036076899552"
"CTD-2161F6.2","0.146936097689719"
"CTD-2162K18.3","0.150058058256707"
"CTD-2162K18.4","0.152007129536511"
"CTD-2165H16.4","0.147941245158756"
"CTD-2168K21.1","0.148288024334252"
"CTD-2168K21.2","0.151172707475011"
"CTD-2170G1.2","0.150344121554133"
"CTD-2171N6.1","0.150961122939424"
"CTD-2175A23.1","0.149554391094294"
"CTD-2176I21.2","0.150640633493487"
"CTD-2184C24.2","0.150344121554133"
"CTD-2184D3.3","0.149554391094294"
"CTD-2184D3.5","0.150064290173967"
"CTD-2184D3.6","0.147941245158756"
"CTD-2184D3.7","0.150044513028745"
"CTD-2185K10.1","0.151224520998307"
"CTD-2186M15.3","0.150317114449606"
"CTD-2187J20.1","0.149474465102362"
"CTD-2189E23.1","0.150993114313559"
"CTD-2189E23.2","0.150268756238015"
"CTD-2192J16.11","0.150317114449606"
"CTD-2192J16.20","0.147941245158756"
"CTD-2192J16.22","0.151172707475011"
"CTD-2192J16.26","0.149554391094294"
"CTD-2193G5.1","0.150064290173967"
"CTD-2193P3.2","0.149797936968877"
"CTD-2194A8.2","0.150587297614183"
"CTD-2194D22.1","0.150317114449606"
"CTD-2194D22.3","0.150317114449606"
"CTD-2195B23.3","0.149285202164065"
"CTD-2195M15.3","0.149236633880395"
"CTD-2195M15.4","0.14872107631989"
"CTD-2196E14.3","0.15020174649453"
"CTD-2196E14.5","0.150993114313559"
"CTD-2196P11.2","0.150317114449606"
"CTD-2199O4.1","0.14815875483173"
"CTD-2199O4.3","0.14872107631989"
"CTD-2199O4.6","0.150242822210183"
"CTD-2201E18.5","0.14997158998684"
"CTD-2201E9.1","0.150751073588693"
"CTD-2201E9.4","0.149797936968877"
"CTD-2201G3.1","0.148793264524353"
"CTD-2201I18.1","0.150455675299772"
"CTD-2203K17.1","0.14997158998684"
"CTD-2207O23.11","0.150080901021576"
"CTD-2207O23.12","0.14849938611812"
"CTD-2207O23.3","0.151238695467475"
"CTD-2207P18.1","0.149577465553277"
"CTD-2207P18.2","0.14704961968266"
"CTD-2210P24.3","0.150064290173967"
"CTD-2213F21.2","0.150080901021576"
"CTD-2213F21.3","0.14872107631989"
"CTD-2213F21.4","0.14704961968266"
"CTD-2215E18.1","0.148060103275947"
"CTD-2218K11.2","0.152858289999804"
"CTD-2223O18.1","0.150455675299772"
"CTD-2227C6.2","0.149554391094294"
"CTD-2227C6.3","0.149036076899552"
"CTD-2227E11.1","0.151856255164083"
"CTD-2227I18.1","0.150401107936457"
"CTD-2228A4.1","0.151172707475011"
"CTD-2231E14.4","0.15020174649453"
"CTD-2231E14.5","0.150058058256707"
"CTD-2231E14.8","0.147941245158756"
"CTD-2231H16.1","0.150080901021576"
"CTD-2232E5.2","0.14997158998684"
"CTD-2233C11.2","0.150751073588693"
"CTD-2234N14.1","0.146965209188761"
"CTD-2234N14.2","0.148060103275947"
"CTD-2235C13.2","0.150993114313559"
"CTD-2235C13.3","0.150058058256707"
"CTD-2236F14.1","0.150497461591435"
"CTD-2240E14.4","0.149554391094294"
"CTD-2240J17.1","0.147021182749795"
"CTD-2240J17.2","0.14997158998684"
"CTD-2240J17.3","0.150640633493487"
"CTD-2240J17.4","0.15020174649453"
"CTD-2245E15.3","0.149236633880395"
"CTD-2245F17.2","0.150242822210183"
"CTD-2245F17.3","0.150080901021576"
"CTD-2245F17.6","0.14872107631989"
"CTD-2246P4.1","0.150044513028745"
"CTD-2247C11.2","0.150344121554133"
"CTD-2249K22.1","0.14815875483173"
"CTD-2251F13.1","0.15020174649453"
"CTD-2256P15.1","0.150308738204148"
"CTD-2256P15.2","0.152211733072935"
"CTD-2256P15.4","0.150308738204148"
"CTD-2256P15.5","0.150401107936457"
"CTD-2260A17.1","0.149285202164065"
"CTD-2260A17.2","0.148288024334252"
"CTD-2260A17.3","0.148793264524353"
"CTD-2263F21.1","0.150344121554133"
"CTD-2265O21.3","0.148793264524353"
"CTD-2265O21.7","0.151818573838571"
"CTD-2267D19.3","0.152447815372045"
"CTD-2269F5.1","0.149797936968877"
"CTD-2270F17.1","0.149554391094294"
"CTD-2270L9.4","0.147729380673663"
"CTD-2270P14.5","0.150044513028745"
"CTD-2277K2.1","0.149285202164065"
"CTD-2278I10.1","0.149577465553277"
"CTD-2280E9.1","0.150497461591435"
"CTD-2281M20.1","0.150751073588693"
"CTD-2283N19.1","0.150993114313559"
"CTD-2287O16.4","0.14815875483173"
"CTD-2287O16.5","0.148575102942344"
"CTD-2288F12.1","0.14815875483173"
"CTD-2288O8.1","0.150544930057491"
"CTD-2291D10.1","0.14997158998684"
"CTD-2291D10.2","0.15020174649453"
"CTD-2291D10.4","0.150455675299772"
"CTD-2292M14.1","0.147498641808885"
"CTD-2292M16.7","0.14849938611812"
"CTD-2292M16.8","0.149797936968877"
"CTD-2292P10.2","0.152815716553044"
"CTD-2292P10.4","0.149577465553277"
"CTD-2293H3.2","0.15020174649453"
"CTD-2296D1.2","0.151224520998307"
"CTD-2296D1.5","0.149554391094294"
"CTD-2298J14.2","0.150242822210183"
"CTD-2302E22.2","0.150455675299772"
"CTD-2302E22.4","0.150242822210183"
"CTD-2302E22.6","0.149236633880395"
"CTD-2306A12.1","0.152098340066538"
"CTD-2306M5.1","0.150242822210183"
"CTD-2308B18.1","0.150242822210183"
"CTD-2308B18.3","0.150455675299772"
"CTD-2308L22.1","0.150640633493487"
"CTD-2308N23.2","0.14997158998684"
"CTD-2309H9.3","0.150242822210183"
"CTD-2309O5.3","0.15020174649453"
"CTD-2310F14.1","0.151238695467475"
"CTD-2311B13.2","0.150044513028745"
"CTD-2311M21.3","0.150455675299772"
"CTD-2311M21.4","0.147309860268927"
"CTD-2313F11.3","0.14872107631989"
"CTD-2313J17.6","0.150308738204148"
"CTD-2313J17.7","0.15020174649453"
"CTD-2313J23.1","0.148575102942344"
"CTD-2314B22.1","0.150587297614183"
"CTD-2314G24.2","0.149554391094294"
"CTD-2315E11.1","0.150080901021576"
"CTD-2316B1.2","0.150455675299772"
"CTD-2319I12.2","0.152678347034872"
"CTD-2320G14.2","0.150080901021576"
"CTD-2325A15.5","0.151850035124686"
"CTD-2325B11.1","0.149474465102362"
"CTD-2325M2.1","0.150308738204148"
"CTD-2325P2.3","0.150587297614183"
"CTD-2325P2.4","0.14741320009965"
"CTD-2329K10.1","0.149577465553277"
"CTD-2330J20.2","0.150242822210183"
"CTD-2330K9.2","0.150242822210183"
"CTD-2330K9.3","0.147021182749795"
"CTD-2331H12.7","0.149474465102362"
"CTD-2332E11.2","0.152858289999804"
"CTD-2334D19.1","0.147941245158756"
"CTD-2335O3.3","0.149797936968877"
"CTD-2336H13.2","0.150587297614183"
"CTD-2336O2.1","0.150993114313559"
"CTD-2336O2.3","0.150058058256707"
"CTD-2337A12.1","0.149554391094294"
"CTD-2337I7.1","0.149236633880395"
"CTD-2339F6.1","0.150308738204148"
"CTD-2340E1.2","0.150993114313559"
"CTD-2341M24.1","0.151243422355539"
"CTD-2342J14.6","0.14741320009965"
"CTD-2342N23.3","0.149036076899552"
"CTD-2349B8.1","0.150080901021576"
"CTD-2349P21.11","0.152211733072935"
"CTD-2349P21.12","0.149797936968877"
"CTD-2349P21.5","0.149474465102362"
"CTD-2349P21.6","0.150242822210183"
"CTD-2349P21.9","0.15020174649453"
"CTD-2350C19.2","0.150308738204148"
"CTD-2350J17.1","0.149285202164065"
"CTD-2353F22.1","0.150080901021576"
"CTD-2357A8.3","0.149474465102362"
"CTD-2358C21.3","0.150044513028745"
"CTD-2358C21.4","0.151238695467475"
"CTD-2358C21.5","0.150544930057491"
"CTD-2363C16.1","0.150401107936457"
"CTD-2363C16.2","0.150242822210183"
"CTD-2366F13.1","0.150640633493487"
"CTD-2366F13.2","0.150058058256707"
"CTD-2369P2.10","0.15020174649453"
"CTD-2369P2.4","0.14872107631989"
"CTD-2369P2.5","0.150058058256707"
"CTD-2369P2.8","0.149474465102362"
"CTD-2370N5.3","0.150455675299772"
"CTD-2371O3.2","0.152007129536511"
"CTD-2371O3.3","0.150544930057491"
"CTD-2373H9.5","0.150308738204148"
"CTD-2373N4.5","0.149036076899552"
"CTD-2374C24.1","0.14997158998684"
"CTD-2376I20.1","0.148575102942344"
"CTD-2376I4.1","0.146965209188761"
"CTD-2376I4.2","0.151102691024767"
"CTD-2377D24.6","0.150242822210183"
"CTD-2377O17.1","0.149577465553277"
"CTD-2378E12.1","0.149036076899552"
"CTD-2378E21.1","0.14799835967683"
"CTD-2380F24.1","0.150455675299772"
"CTD-2383I20.1","0.149346242606046"
"CTD-2383M3.1","0.147729380673663"
"CTD-2384A14.1","0.150064290173967"
"CTD-2384A14.2","0.146685326550127"
"CTD-2384B11.2","0.151238695467475"
"CTD-2385L22.1","0.147729380673663"
"CTD-2396E7.10","0.148575102942344"
"CTD-2396E7.11","0.150080901021576"
"CTD-2396E7.9","0.15020174649453"
"CTD-2410N18.3","0.14815875483173"
"CTD-2410N18.5","0.14872107631989"
"CTD-2501B8.1","0.150064290173967"
"CTD-2501E16.2","0.152193399511667"
"CTD-2501M5.1","0.150497461591435"
"CTD-2503I6.1","0.14815875483173"
"CTD-2503O16.4","0.147729380673663"
"CTD-2506J14.1","0.150993114313559"
"CTD-2506P8.6","0.146867117191902"
"CTD-2507G9.1","0.150064290173967"
"CTD-2509G16.2","0.150058058256707"
"CTD-2509G16.5","0.149797936968877"
"CTD-2510F5.6","0.149554391094294"
"CTD-2514K5.4","0.153113786871848"
"CTD-2515A14.1","0.151224520998307"
"CTD-2515H24.2","0.149554391094294"
"CTD-2515O10.5","0.149346242606046"
"CTD-2516F10.2","0.150497461591435"
"CTD-2516F10.4","0.150344121554133"
"CTD-2517M22.16","0.149554391094294"
"CTD-2517M22.17","0.149036076899552"
"CTD-2517O10.6","0.152098340066538"
"CTD-2520I13.1","0.149577465553277"
"CTD-2521M24.5","0.150587297614183"
"CTD-2521M24.6","0.150242822210183"
"CTD-2521M24.8","0.151243422355539"
"CTD-2523D13.2","0.150993114313559"
"CTD-2524L6.3","0.150064290173967"
"CTD-2525I3.2","0.149797936968877"
"CTD-2525I3.3","0.150751073588693"
"CTD-2525I3.5","0.150455675299772"
"CTD-2525I3.6","0.150344121554133"
"CTD-2526A2.2","0.150080901021576"
"CTD-2526M8.2","0.151238695467475"
"CTD-2527I21.14","0.150587297614183"
"CTD-2527I21.15","0.148288024334252"
"CTD-2527I21.7","0.150587297614183"
"CTD-2528A14.1","0.150401107936457"
"CTD-2528A14.3","0.149797936968877"
"CTD-2528A14.5","0.150242822210183"
"CTD-2528L19.4","0.150993114313559"
"CTD-2528L19.6","0.148288024334252"
"CTD-2529O21.2","0.148793264524353"
"CTD-2530H12.4","0.147620381812607"
"CTD-2530N21.4","0.14997158998684"
"CTD-2531D15.4","0.150344121554133"
"CTD-2531D15.5","0.150044513028745"
"CTD-2532D12.4","0.150344121554133"
"CTD-2532K18.2","0.150344121554133"
"CTD-2532N20.1","0.149797936968877"
"CTD-2533K21.4","0.149493950251804"
"CTD-2534I21.8","0.150044513028745"
"CTD-2534I21.9","0.150080901021576"
"CTD-2535I10.1","0.146106127371899"
"CTD-2536I1.3","0.150587297614183"
"CTD-2537I9.12","0.146685326550127"
"CTD-2537I9.16","0.151238695467475"
"CTD-2537I9.18","0.151338457822513"
"CTD-2537O9.1","0.149285202164065"
"CTD-2538C1.2","0.148060103275947"
"CTD-2538C1.3","0.150242822210183"
"CTD-2540B15.11","0.150308738204148"
"CTD-2540B15.12","0.144788462071653"
"CTD-2540B15.6","0.150751073588693"
"CTD-2540B15.7","0.14741320009965"
"CTD-2540B15.9","0.150058058256707"
"CTD-2540F13.2","0.148575102942344"
"CTD-2540L5.6","0.151172707475011"
"CTD-2540M10.1","0.148793264524353"
"CTD-2541J13.1","0.151172707475011"
"CTD-2541J13.2","0.150401107936457"
"CTD-2541M15.3","0.149577465553277"
"CTD-2542C24.8","0.151238695467475"
"CTD-2542L18.1","0.146708297529677"
"CTD-2544H17.1","0.150640633493487"
"CTD-2544H17.2","0.150058058256707"
"CTD-2544N14.3","0.146685326550127"
"CTD-2545M3.2","0.149577465553277"
"CTD-2545M3.6","0.148575102942344"
"CTD-2545M3.8","0.148793264524353"
"CTD-2547G23.4","0.14849938611812"
"CTD-2547H18.1","0.147941245158756"
"CTD-2547L16.1","0.148575102942344"
"CTD-2547L24.4","0.148288024334252"
"CTD-2550O8.5","0.148288024334252"
"CTD-2552K11.2","0.149236633880395"
"CTD-2553L13.10","0.148801655335098"
"CTD-2554C21.2","0.150044513028745"
"CTD-2554C21.3","0.151586422132348"
"CTD-2555A7.1","0.14704961968266"
"CTD-2555A7.2","0.152241026360062"
"CTD-2555A7.3","0.151172707475011"
"CTD-2555C10.3","0.150640633493487"
"CTD-2555I5.1","0.15020174649453"
"CTD-2555O16.1","0.148801655335098"
"CTD-2555O16.2","0.150242822210183"
"CTD-2555O16.4","0.148288024334252"
"CTD-2561B21.11","0.14997158998684"
"CTD-2561B21.5","0.149236633880395"
"CTD-2561B21.7","0.149554391094294"
"CTD-2562J15.4","0.14815875483173"
"CTD-2562J15.6","0.14849938611812"
"CTD-2562J17.4","0.149554391094294"
"CTD-2562J17.7","0.150044513028745"
"CTD-2566J3.1","0.147036200778783"
"CTD-2568A17.1","0.14849938611812"
"CTD-2568A17.8","0.150080901021576"
"CTD-2568P8.1","0.149036076899552"
"CTD-2571L23.8","0.151243422355539"
"CTD-2574D22.2","0.149036076899552"
"CTD-2574D22.7","0.149346242606046"
"CTD-2576D5.4","0.150080901021576"
"CTD-2583A14.10","0.151338457822513"
"CTD-2583A14.9","0.14979973732026"
"CTD-2583P5.1","0.150044513028745"
"CTD-2583P5.3","0.150064290173967"
"CTD-2586B10.1","0.150080901021576"
"CTD-2587H19.3","0.150078695104838"
"CTD-2587H24.10","0.150080901021576"
"CTD-2587H24.5","0.150455675299772"
"CTD-2587M2.1","0.148575102942344"
"CTD-2588C8.8","0.150751073588693"
"CTD-2588E21.1","0.150064290173967"
"CTD-2589H19.6","0.150044513028745"
"CTD-2589M5.4","0.148575102942344"
"CTD-2589M5.5","0.149036076899552"
"CTD-2591A6.2","0.150544930057491"
"CTD-2600O9.1","0.150064290173967"
"CTD-2600O9.2","0.151752964254177"
"CTD-2616J11.11","0.149346242606046"
"CTD-2616J11.14","0.148801655335098"
"CTD-2616J11.16","0.149577465553277"
"CTD-2616J11.2","0.150455675299772"
"CTD-2616J11.3","0.148288024334252"
"CTD-2616J11.9","0.150344121554133"
"CTD-2619J13.13","0.149797936968877"
"CTD-2619J13.14","0.150497461591435"
"CTD-2619J13.17","0.150044513028745"
"CTD-2619J13.19","0.14997158998684"
"CTD-2619J13.23","0.150587297614183"
"CTD-2619J13.27","0.150064290173967"
"CTD-2619J13.3","0.150401107936457"
"CTD-2619J13.9","0.151238695467475"
"CTD-2620I22.3","0.149346242606046"
"CTD-2621I17.6","0.149285202164065"
"CTD-2623N2.11","0.150058058256707"
"CTD-2623N2.5","0.150064290173967"
"CTD-2626G11.2","0.149285202164065"
"CTD-2630F21.1","0.148801655335098"
"CTD-2631K10.1","0.14997158998684"
"CTD-2636A23.2","0.150058058256707"
"CTD-2639E6.9","0.151586422132348"
"CTD-2647E9.3","0.150242822210183"
"CTD-2647L4.1","0.150544930057491"
"CTD-2647L4.5","0.151172707475011"
"CTD-2649C14.3","0.150497461591435"
"CTD-2650P22.1","0.149285202164065"
"CTD-2651B20.3","0.14741320009965"
"CTD-2653D5.1","0.148060103275947"
"CTD-2653M23.3","0.150587297614183"
"CTD-2655K5.1","0.150044513028745"
"CTD-2659N19.10","0.150308738204148"
"CTD-2659N19.2","0.147016165165226"
"CTD-2659N19.9","0.149554391094294"
"CTD-2666L21.1","0.148060103275947"
"CTD-3001H11.2","0.150751073588693"
"CTD-3007L5.1","0.149285202164065"
"CTD-3010D24.3","0.150064290173967"
"CTD-3012A18.1","0.147941245158756"
"CTD-3020H12.4","0.149258293495324"
"CTD-3022G6.1","0.150242822210183"
"CTD-3023L14.1","0.149493950251804"
"CTD-3025N20.3","0.14979221215037"
"CTD-3028N15.1","0.14849938611812"
"CTD-3028N15.3","0.146452711686303"
"CTD-3032H12.1","0.14997158998684"
"CTD-3032H12.2","0.151238695467475"
"CTD-3032J10.2","0.151752964254177"
"CTD-3032J10.3","0.149346242606046"
"CTD-3035D6.2","0.149236633880395"
"CTD-3035K23.6","0.148558139593461"
"CTD-3035K23.7","0.150344121554133"
"CTD-3037G24.3","0.150044513028745"
"CTD-3037G24.4","0.148575102942344"
"CTD-3037G24.5","0.149554391094294"
"CTD-3046C4.1","0.149346242606046"
"CTD-3051D23.1","0.148575102942344"
"CTD-3051D23.3","0.149285202164065"
"CTD-3051D23.4","0.150308738204148"
"CTD-3060P21.1","0.150080901021576"
"CTD-3064C13.1","0.148288024334252"
"CTD-3064H18.2","0.14849938611812"
"CTD-3064H18.4","0.148760951671675"
"CTD-3064M3.4","0.150640633493487"
"CTD-3064M3.7","0.146965209188761"
"CTD-3065B20.2","0.150242822210183"
"CTD-3065B20.3","0.14997158998684"
"CTD-3065J16.9","0.151818573838571"
"CTD-3073N11.9","0.150242822210183"
"CTD-3074O7.2","0.150044513028745"
"CTD-3074O7.5","0.152007129536511"
"CTD-3075F15.1","0.151224520998307"
"CTD-3076O17.1","0.150497461591435"
"CTD-3076O17.2","0.150544930057491"
"CTD-3080P12.3","0.151172707475011"
"CTD-3088G3.6","0.149285202164065"
"CTD-3088G3.8","0.150058058256707"
"CTD-3096M3.1","0.149346242606046"
"CTD-3096M3.2","0.149493950251804"
"CTD-3099C6.7","0.150058058256707"
"CTD-3105H18.14","0.148575102942344"
"CTD-3105H18.18","0.147016165165226"
"CTD-3105H18.7","0.150080901021576"
"CTD-3110H11.1","0.14979221215037"
"CTD-3113P16.11","0.149554391094294"
"CTD-3113P16.5","0.151224520998307"
"CTD-3116E22.7","0.148801655335098"
"CTD-3116E22.8","0.150587297614183"
"CTD-3118D11.2","0.152098340066538"
"CTD-3126B10.1","0.150308738204148"
"CTD-3126B10.4","0.149493950251804"
"CTD-3128G10.6","0.150497461591435"
"CTD-3131K8.2","0.150640633493487"
"CTD-3131K8.3","0.15020174649453"
"CTD-3137H5.1","0.151224520998307"
"CTD-3138B18.5","0.148760951671675"
"CTD-3148I10.9","0.148700288174536"
"CTD-3149D2.3","0.148760951671675"
"CTD-3149D2.4","0.148575102942344"
"CTD-3154N5.1","0.149493950251804"
"CTD-3154N5.2","0.149036076899552"
"CTD-3157E16.1","0.15020174649453"
"CTD-3157E16.2","0.150455675299772"
"CTD-3162L10.1","0.150064290173967"
"CTD-3162L10.3","0.150455675299772"
"CTD-3179P9.1","0.14997158998684"
"CTD-3184A7.4","0.147729380673663"
"CTD-3185P2.1","0.15020174649453"
"CTD-3187F8.11","0.14741320009965"
"CTD-3187F8.14","0.147941245158756"
"CTD-3193K9.11","0.150064290173967"
"CTD-3193K9.3","0.149346242606046"
"CTD-3193K9.4","0.149036076899552"
"CTD-3193O13.1","0.14849938611812"
"CTD-3193O13.11","0.149258293495324"
"CTD-3193O13.12","0.14849938611812"
"CTD-3193O13.13","0.149554391094294"
"CTD-3193O13.14","0.149036076899552"
"CTD-3194G12.1","0.150308738204148"
"CTD-3194G12.2","0.149258293495324"
"CTD-3195I5.3","0.149179172817085"
"CTD-3195I5.4","0.14741320009965"
"CTD-3203P2.1","0.152169640797627"
"CTD-3203P2.3","0.148793053485694"
"CTD-3212A4.2","0.14849938611812"
"CTD-3214H19.16","0.150544930057491"
"CTD-3214H19.4","0.148801655335098"
"CTD-3214H19.6","0.150544930057491"
"CTD-3220F14.1","0.151172707475011"
"CTD-3220F14.3","0.149493950251804"
"CTD-3222D19.11","0.149266048476295"
"CTD-3222D19.12","0.148760951671675"
"CTD-3222D19.8","0.147941245158756"
"CTD-3224I3.3","0.150344121554133"
"CTD-3224K15.2","0.150080901021576"
"CTD-3224K15.3","0.149285202164065"
"CTD-3234P18.6","0.149493950251804"
"CTD-3239E11.2","0.149036076899552"
"CTD-3252C9.2","0.148760951671675"
"CTD-3252C9.4","0.14997158998684"
"CTDNEP1","0.150544930057491"
"CTDP1","0.14997158998684"
"CTDSP1","0.14815875483173"
"CTDSP2","0.149285202164065"
"CTDSPL","0.14979221215037"
"CTDSPL2","0.150044513028745"
"CTF1","0.150058058256707"
"CTGF","0.150080901021576"
"CTH","0.145843435677203"
"CTHRC1","0.148793053485694"
"CTIF","0.147016165165226"
"CTLA4","0.146708297529677"
"CTNNA1","0.148060103275947"
"CTNNA2","0.149285202164065"
"CTNNA3","0.145731648925381"
"CTNNAL1","0.147941245158756"
"CTNNB1","0.149554391094294"
"CTNNBIP1","0.149285202164065"
"CTNNBL1","0.14829460194108"
"CTNND1","0.150080901021576"
"CTNND2","0.148205025446575"
"CTNS","0.14849938611812"
"CTPS1","0.149285202164065"
"CTPS2","0.149346242606046"
"CTR9","0.15020174649453"
"CTRB1","0.150308738204148"
"CTRB2","0.150401107936457"
"CTRC","0.150401107936457"
"CTRL","0.149258293495324"
"CTSA","0.149554391094294"
"CTSB","0.150058058256707"
"CTSC","0.149285202164065"
"CTSD","0.147729380673663"
"CTSE","0.148205025446575"
"CTSF","0.146894480860233"
"CTSG","0.149266048476295"
"CTSH","0.149554391094294"
"CTSK","0.149285202164065"
"CTSL","0.146894480860233"
"CTSO","0.151172707475011"
"CTSS","0.14741320009965"
"CTSV","0.147016165165226"
"CTSW","0.14849938611812"
"CTSZ","0.14815875483173"
"CTTN","0.14849938611812"
"CTTNBP2","0.148060103275947"
"CTTNBP2NL","0.150401107936457"
"CTU1","0.15020174649453"
"CTU2","0.149179172817085"
"CTXN1","0.148700288174536"
"CTXN2","0.14979221215037"
"CTXN3","0.150751073588693"
"CUBN","0.150344121554133"
"CUEDC1","0.149346242606046"
"CUEDC2","0.148801655335098"
"CUL1","0.149554391094294"
"CUL2","0.14979221215037"
"CUL3","0.14997158998684"
"CUL4A","0.149179172817085"
"CUL4B","0.148575102942344"
"CUL5","0.150751073588693"
"CUL7","0.150455675299772"
"CUL9","0.149258293495324"
"CUTA","0.148760951671675"
"CUTC","0.150058058256707"
"CUX1","0.149346242606046"
"CUX2","0.14849938611812"
"CUZD1","0.14849938611812"
"CWC15","0.150080901021576"
"CWC22","0.149285202164065"
"CWC25","0.14829460194108"
"CWC27","0.14849938611812"
"CWF19L1","0.14997158998684"
"CWF19L2","0.149346242606046"
"CWH43","0.147620381812607"
"CX3CL1","0.14704961968266"
"CX3CR1","0.151026882119202"
"CXADR","0.149346242606046"
"CXADRP3","0.150455675299772"
"CXCL1","0.150872929185641"
"CXCL10","0.150544930057491"
"CXCL11","0.146953803358219"
"CXCL12","0.14997158998684"
"CXCL13","0.149554391094294"
"CXCL14","0.14849938611812"
"CXCL16","0.149346242606046"
"CXCL17","0.15020174649453"
"CXCL2","0.148575102942344"
"CXCL3","0.147941245158756"
"CXCL5","0.150044513028745"
"CXCL6","0.147941245158756"
"CXCL8","0.151224520998307"
"CXCL9","0.14849938611812"
"CXCR1","0.149554391094294"
"CXCR2","0.147036200778783"
"CXCR3","0.150344121554133"
"CXCR4","0.150044513028745"
"CXCR5","0.149554391094294"
"CXCR6","0.148801655335098"
"CXXC1","0.149036076899552"
"CXXC4","0.14849938611812"
"CXXC5","0.150080901021576"
"CXorf21","0.146936097689719"
"CXorf23","0.150064290173967"
"CXorf36","0.150308738204148"
"CXorf38","0.150544930057491"
"CXorf40A","0.151752964254177"
"CXorf40B","0.149036076899552"
"CXorf49","0.149554391094294"
"CXorf49B","0.14829460194108"
"CXorf56","0.149179172817085"
"CXorf57","0.148793053485694"
"CXorf58","0.14815875483173"
"CXorf65","0.146894480860233"
"CXorf67","0.148575102942344"
"CYB561","0.14829460194108"
"CYB561A3","0.149258293495324"
"CYB561D1","0.150914323120693"
"CYB561D2","0.147729380673663"
"CYB5A","0.148801655335098"
"CYB5B","0.151172707475011"
"CYB5D1","0.151172707475011"
"CYB5D2","0.14979221215037"
"CYB5R1","0.150344121554133"
"CYB5R2","0.150242822210183"
"CYB5R3","0.14815875483173"
"CYB5R4","0.14979221215037"
"CYB5RL","0.14849938611812"
"CYBA","0.149554391094294"
"CYBB","0.148760951671675"
"CYBRD1","0.148700288174536"
"CYC1","0.149521997602216"
"CYCS","0.149036076899552"
"CYFIP1","0.146844919178318"
"CYFIP2","0.149449869806726"
"CYGB","0.150455675299772"
"CYHR1","0.148060103275947"
"CYLC1","0.149343657612389"
"CYLD","0.150344121554133"
"CYP11A1","0.14704961968266"
"CYP17A1","0.148060103275947"
"CYP17A1-AS1","0.14704961968266"
"CYP19A1","0.149285202164065"
"CYP1A1","0.14829460194108"
"CYP1A2","0.148760951671675"
"CYP1B1","0.146452711686303"
"CYP1B1-AS1","0.14997158998684"
"CYP20A1","0.149285202164065"
"CYP21A2","0.149521997602216"
"CYP24A1","0.14829460194108"
"CYP26A1","0.14979221215037"
"CYP26B1","0.14741320009965"
"CYP26C1","0.148575102942344"
"CYP27A1","0.148575102942344"
"CYP27B1","0.148793053485694"
"CYP27C1","0.148760951671675"
"CYP2A13","0.14741320009965"
"CYP2A6","0.14997158998684"
"CYP2A7","0.147962272408154"
"CYP2B6","0.14979221215037"
"CYP2C18","0.14849938611812"
"CYP2C19","0.149554391094294"
"CYP2C8","0.14815875483173"
"CYP2C9","0.146708297529677"
"CYP2D6","0.148700288174536"
"CYP2E1","0.149449869806726"
"CYP2F1","0.145652522575556"
"CYP2J2","0.150064290173967"
"CYP2R1","0.148760951671675"
"CYP2S1","0.146894480860233"
"CYP2U1","0.150080901021576"
"CYP2W1","0.14829460194108"
"CYP39A1","0.146936097689719"
"CYP3A4","0.14979221215037"
"CYP3A43","0.146936097689719"
"CYP3A5","0.149554391094294"
"CYP3A7","0.147819096109599"
"CYP3A7-CYP3A51P","0.145334283090262"
"CYP46A1","0.146350937504136"
"CYP4A11","0.149449869806726"
"CYP4A22","0.149346242606046"
"CYP4A22-AS1","0.149343657612389"
"CYP4B1","0.147962272408154"
"CYP4F11","0.149179172817085"
"CYP4F12","0.146524365820868"
"CYP4F2","0.14815875483173"
"CYP4F22","0.14815875483173"
"CYP4F26P","0.146708297529677"
"CYP4F3","0.149285202164065"
"CYP4F35P","0.147036200778783"
"CYP4F8","0.148760951671675"
"CYP4V2","0.149179172817085"
"CYP4X1","0.14741320009965"
"CYP4Z1","0.149521997602216"
"CYP51A1","0.149346242606046"
"CYP51A1-AS1","0.14979221215037"
"CYP7A1","0.149346242606046"
"CYP7B1","0.149179172817085"
"CYP8B1","0.150872929185641"
"CYR61","0.146350937504136"
"CYS1","0.150273257245949"
"CYSLTR1","0.150318614785584"
"CYSLTR2","0.146378081314063"
"CYSRT1","0.150044513028745"
"CYSTM1","0.148793053485694"
"CYTH1","0.14815875483173"
"CYTH2","0.149521997602216"
"CYTH3","0.148700288174536"
"CYTH4","0.148760951671675"
"CYTIP","0.150872929185641"
"CYTL1","0.14997158998684"
"CYYR1","0.149036076899552"
"CYYR1-AS1","0.151850035124686"
"D21S2088E","0.149036076899552"
"D2HGDH","0.150242822210183"
"DAAM1","0.150736607615892"
"DAAM2","0.147962272408154"
"DAB1","0.149258293495324"
"DAB1-AS1","0.148700288174536"
"DAB2","0.148205025446575"
"DAB2IP","0.149036076899552"
"DACH1","0.148793053485694"
"DACH2","0.150080901021576"
"DACT1","0.148575102942344"
"DACT2","0.149258293495324"
"DACT3","0.149521997602216"
"DACT3-AS1","0.148760951671675"
"DAD1","0.148700288174536"
"DAG1","0.146844919178318"
"DAGLA","0.147819096109599"
"DAGLB","0.14704961968266"
"DALRD3","0.147729380673663"
"DAND5","0.147729380673663"
"DANT1","0.148060103275947"
"DANT2","0.150058058256707"
"DAO","0.149179172817085"
"DAP","0.149285202164065"
"DAP3","0.146936097689719"
"DAPK1","0.147016165165226"
"DAPK2","0.150064290173967"
"DAPK3","0.149285202164065"
"DAPL1","0.148060103275947"
"DAPP1","0.145731648925381"
"DARS","0.150080901021576"
"DARS-AS1","0.149449869806726"
"DARS2","0.146936097689719"
"DAW1","0.148793053485694"
"DAXX","0.150080901021576"
"DAZAP1","0.147729380673663"
"DAZAP2","0.149266048476295"
"DAZL","0.14829460194108"
"DBET","0.148019386926228"
"DBF4","0.146936097689719"
"DBF4B","0.147729380673663"
"DBH","0.146708297529677"
"DBH-AS1","0.149285202164065"
"DBI","0.14997158998684"
"DBN1","0.148801655335098"
"DBNDD1","0.145843435677203"
"DBNDD2","0.146844919178318"
"DBNL","0.14997158998684"
"DBP","0.14849938611812"
"DBR1","0.148793264524353"
"DBT","0.148575102942344"
"DBX1","0.14704961968266"
"DBX2","0.147174349696315"
"DCAF10","0.147016165165226"
"DCAF11","0.148793053485694"
"DCAF12","0.149521997602216"
"DCAF12L1","0.148801655335098"
"DCAF13","0.14571757720124"
"DCAF15","0.149179172817085"
"DCAF16","0.148793053485694"
"DCAF17","0.14829460194108"
"DCAF4","0.150044513028745"
"DCAF4L1","0.150064290173967"
"DCAF4L2","0.145300493138401"
"DCAF5","0.146965209188761"
"DCAF6","0.146002398831303"
"DCAF7","0.147036200778783"
"DCAF8","0.148793053485694"
"DCAF8L1","0.149449869806726"
"DCAKD","0.147729380673663"
"DCANP1","0.149258293495324"
"DCBLD1","0.148801655335098"
"DCBLD2","0.149554391094294"
"DCC","0.148060103275947"
"DCD","0.148060103275947"
"DCDC1","0.147819096109599"
"DCDC2","0.14997158998684"
"DCDC2B","0.149179172817085"
"DCDC2C","0.149036076899552"
"DCHS1","0.147819096109599"
"DCHS2","0.148575102942344"
"DCK","0.14704961968266"
"DCLK1","0.148760951671675"
"DCLK2","0.149036076899552"
"DCLK3","0.149285202164065"
"DCLRE1A","0.149285202164065"
"DCLRE1B","0.14997158998684"
"DCLRE1C","0.145731648925381"
"DCN","0.14979221215037"
"DCP1A","0.149036076899552"
"DCP1B","0.148760951671675"
"DCP2","0.149036076899552"
"DCPS","0.150272451954491"
"DCST1","0.149449869806726"
"DCST2","0.149258293495324"
"DCSTAMP","0.14979221215037"
"DCT","0.148575102942344"
"DCTD","0.150044513028745"
"DCTN1","0.150044513028745"
"DCTN1-AS1","0.148801655335098"
"DCTN2","0.148681003060766"
"DCTN3","0.148760951671675"
"DCTN4","0.150344121554133"
"DCTN5","0.150587297614183"
"DCTN6","0.148793053485694"
"DCTPP1","0.148205025446575"
"DCUN1D1","0.147540765011495"
"DCUN1D2","0.14849938611812"
"DCUN1D2-AS","0.150044513028745"
"DCUN1D3","0.147620381812607"
"DCUN1D4","0.146965209188761"
"DCUN1D5","0.14849938611812"
"DCX","0.150242822210183"
"DCXR","0.148060103275947"
"DDA1","0.148793053485694"
"DDAH1","0.147962272408154"
"DDAH2","0.149521997602216"
"DDB1","0.147819096109599"
"DDB2","0.147962272408154"
"DDC","0.148575102942344"
"DDC-AS1","0.149258293495324"
"DDHD1","0.146106127371899"
"DDHD2","0.14979221215037"
"DDI2","0.148760951671675"
"DDIAS","0.14979221215037"
"DDIT3","0.150273257245949"
"DDIT4","0.149521997602216"
"DDIT4L","0.149449869806726"
"DDN","0.149449869806726"
"DDO","0.14829460194108"
"DDOST","0.15020174649453"
"DDR1","0.148733735155064"
"DDR1-AS1","0.148205025446575"
"DDR2","0.147453471618014"
"DDRGK1","0.150044513028745"
"DDT","0.147174349696315"
"DDTL","0.150080901021576"
"DDX1","0.149258293495324"
"DDX10","0.148760951671675"
"DDX11","0.147453471618014"
"DDX11-AS1","0.14979221215037"
"DDX17","0.147729380673663"
"DDX18","0.149449869806726"
"DDX19A","0.150455675299772"
"DDX19B","0.148205025446575"
"DDX20","0.148801655335098"
"DDX21","0.148288024334252"
"DDX23","0.14849938611812"
"DDX24","0.149346242606046"
"DDX25","0.147700282875836"
"DDX26B","0.146106127371899"
"DDX26B-AS1","0.149898599555702"
"DDX27","0.147819096109599"
"DDX28","0.148801655335098"
"DDX31","0.149346242606046"
"DDX39A","0.146894480860233"
"DDX39B","0.14815875483173"
"DDX39B-AS1","0.147962272408154"
"DDX3X","0.148793053485694"
"DDX3Y","0.149981283449438"
"DDX4","0.150914323120693"
"DDX41","0.149521997602216"
"DDX42","0.147819096109599"
"DDX43","0.148793053485694"
"DDX46","0.149285202164065"
"DDX47","0.149554391094294"
"DDX49","0.150544930057491"
"DDX5","0.148691793837164"
"DDX50","0.148691793837164"
"DDX51","0.147036200778783"
"DDX52","0.148733735155064"
"DDX53","0.149898599555702"
"DDX54","0.148733735155064"
"DDX55","0.14829460194108"
"DDX56","0.147620381812607"
"DDX58","0.147453471618014"
"DDX59","0.150080901021576"
"DDX6","0.149898599555702"
"DDX60","0.150044513028745"
"DDX60L","0.147036200778783"
"DEAF1","0.14849938611812"
"DEAR","0.149554391094294"
"DEC1","0.149285202164065"
"DECR1","0.14849938611812"
"DECR2","0.14979221215037"
"DEDD","0.150058058256707"
"DEDD2","0.148733735155064"
"DEF6","0.14849938611812"
"DEF8","0.149449869806726"
"DEFA3","0.149521997602216"
"DEFA4","0.149554391094294"
"DEFA5","0.149981283449438"
"DEFA6","0.150273257245949"
"DEFB1","0.14979221215037"
"DEFB108B","0.150044513028745"
"DEFB118","0.14815875483173"
"DEFB119","0.150344121554133"
"DEFB124","0.149521997602216"
"DEFB126","0.147819096109599"
"DEFB127","0.149449869806726"
"DEFB131","0.149521997602216"
"DEFB132","0.148691793837164"
"DEFB133","0.146936097689719"
"DEFB134","0.146708297529677"
"DEFB135","0.150058058256707"
"DEFB136","0.149521997602216"
"DEFB4A","0.149285202164065"
"DEFB4B","0.14829460194108"
"DEGS1","0.148793053485694"
"DEGS2","0.14704961968266"
"DEK","0.148793053485694"
"DENND1A","0.146936097689719"
"DENND1B","0.150044513028745"
"DENND1C","0.150064290173967"
"DENND2A","0.15020174649453"
"DENND2C","0.148205025446575"
"DENND2D","0.149036076899552"
"DENND3","0.149179172817085"
"DENND4A","0.151224520998307"
"DENND4B","0.148613034448372"
"DENND4C","0.14849938611812"
"DENND5A","0.149449869806726"
"DENND5B","0.149539697612601"
"DENND5B-AS1","0.149554391094294"
"DENND6A","0.147962272408154"
"DENND6A-AS1","0.146350937504136"
"DENND6B","0.149449869806726"
"DENR","0.148575102942344"
"DEPDC1","0.149258293495324"
"DEPDC1-AS1","0.149179172817085"
"DEPDC1B","0.148760951671675"
"DEPDC4","0.146708297529677"
"DEPDC5","0.147819096109599"
"DEPDC7","0.15020174649453"
"DEPTOR","0.149449869806726"
"DERA","0.150064290173967"
"DERL1","0.148613034448372"
"DERL2","0.150587297614183"
"DERL3","0.147819096109599"
"DES","0.146708297529677"
"DESI1","0.147170434237753"
"DESI2","0.147819096109599"
"DET1","0.149179172817085"
"DEXI","0.148691793837164"
"DFFA","0.149285202164065"
"DFFB","0.149285202164065"
"DFNA5","0.149449869806726"
"DFNB31","0.148060103275947"
"DFNB59","0.14849938611812"
"DGAT1","0.145652522575556"
"DGAT2","0.147015280860295"
"DGAT2L6","0.148793053485694"
"DGCR14","0.14979221215037"
"DGCR2","0.147174349696315"
"DGCR5","0.148613034448372"
"DGCR6","0.147540765011495"
"DGCR6L","0.148205025446575"
"DGCR8","0.149898599555702"
"DGCR9","0.149981283449438"
"DGKA","0.147540765011495"
"DGKB","0.14849938611812"
"DGKD","0.147962272408154"
"DGKE","0.149036076899552"
"DGKG","0.148060103275947"
"DGKH","0.149898599555702"
"DGKI","0.147036200778783"
"DGKK","0.149258293495324"
"DGKQ","0.14829460194108"
"DGKZ","0.147174349696315"
"DGUOK","0.147819096109599"
"DGUOK-AS1","0.149179172817085"
"DHCR24","0.145731648925381"
"DHCR7","0.149258293495324"
"DHDDS","0.146002398831303"
"DHDH","0.146106127371899"
"DHFR","0.148575102942344"
"DHFRL1","0.14815875483173"
"DHH","0.147819096109599"
"DHODH","0.148613034448372"
"DHPS","0.14704961968266"
"DHRS1","0.146894480860233"
"DHRS11","0.147601929313462"
"DHRS12","0.150273257245949"
"DHRS13","0.147819096109599"
"DHRS2","0.149554391094294"
"DHRS3","0.149981283449438"
"DHRS4","0.14739811412058"
"DHRS4-AS1","0.149521997602216"
"DHRS4L2","0.146462949771193"
"DHRS7","0.149981283449438"
"DHRS7B","0.146936097689719"
"DHRS7C","0.149898599555702"
"DHRS9","0.148801655335098"
"DHRSX","0.14815875483173"
"DHTKD1","0.145652522575556"
"DHX15","0.14829460194108"
"DHX16","0.14704961968266"
"DHX29","0.147729380673663"
"DHX30","0.149521997602216"
"DHX32","0.148060103275947"
"DHX33","0.148801655335098"
"DHX34","0.149179172817085"
"DHX35","0.146350937504136"
"DHX36","0.145700047983563"
"DHX37","0.147962272408154"
"DHX38","0.148801655335098"
"DHX40","0.14679038853467"
"DHX57","0.147174349696315"
"DHX58","0.148733735155064"
"DHX8","0.149036076899552"
"DHX9","0.150204162368904"
"DIABLO","0.148060103275947"
"DIAPH1","0.148060103275947"
"DIAPH2","0.146002398831303"
"DIAPH2-AS1","0.148733735155064"
"DIAPH3","0.148733735155064"
"DICER1","0.147729380673663"
"DICER1-AS1","0.148060103275947"
"DIDO1","0.148801655335098"
"DIEXF","0.147962272408154"
"DIMT1","0.146936097689719"
"DIO1","0.14829460194108"
"DIO2","0.147962272408154"
"DIO2-AS1","0.146936097689719"
"DIO3","0.148760951671675"
"DIO3OS","0.148793053485694"
"DIP2A","0.148575102942344"
"DIP2B","0.14704961968266"
"DIP2C","0.14739811412058"
"DIRAS1","0.145700047983563"
"DIRAS2","0.149554391094294"
"DIRAS3","0.146708297529677"
"DIRC1","0.14979221215037"
"DIRC2","0.146524365820868"
"DIRC3","0.14979221215037"
"DIRC3-AS1","0.146002398831303"
"DIS3","0.147601929313462"
"DIS3L","0.148575102942344"
"DIS3L2","0.149554391094294"
"DISC1","0.14704961968266"
"DISP1","0.150064290173967"
"DISP2","0.147819096109599"
"DIXDC1","0.145334283090262"
"DKC1","0.147993620329804"
"DKFZP434A062","0.145843435677203"
"DKFZP434I0714","0.149036006553332"
"DKFZP434K028","0.146936097689719"
"DKFZP434L187","0.14815875483173"
"DKFZp779M0652","0.14739811412058"
"DKK1","0.147729380673663"
"DKK2","0.146524365820868"
"DKK3","0.146462949771193"
"DKK4","0.147036200778783"
"DKKL1","0.149449869806726"
"DLAT","0.146002398831303"
"DLC1","0.146894480860233"
"DLD","0.147601929313462"
"DLEC1","0.145731648925381"
"DLEU1","0.149258293495324"
"DLEU1-AS1","0.14739811412058"
"DLEU2","0.150058058256707"
"DLEU7","0.146435399306268"
"DLEU7-AS1","0.148801655335098"
"DLG1","0.148691793837164"
"DLG1-AS1","0.145843435677203"
"DLG2","0.146106127371899"
"DLG3","0.148793053485694"
"DLG3-AS1","0.147174349696315"
"DLG4","0.14849938611812"
"DLG5","0.146928698351857"
"DLGAP1","0.148575102942344"
"DLGAP1-AS1","0.147934167123947"
"DLGAP1-AS2","0.148205025446575"
"DLGAP1-AS3","0.146524365820868"
"DLGAP1-AS4","0.14849938611812"
"DLGAP1-AS5","0.148575102942344"
"DLGAP2","0.14979221215037"
"DLGAP2-AS1","0.149285202164065"
"DLGAP3","0.150064290173967"
"DLGAP4","0.147015280860295"
"DLGAP4-AS1","0.148801655335098"
"DLGAP5","0.147729380673663"
"DLK1","0.149258293495324"
"DLK2","0.147174349696315"
"DLL1","0.147174349696315"
"DLL3","0.145843435677203"
"DLL4","0.149285202164065"
"DLST","0.148060103275947"
"DLX1","0.148793053485694"
"DLX2","0.147729380673663"
"DLX2-AS1","0.149285202164065"
"DLX3","0.148613034448372"
"DLX4","0.148575102942344"
"DLX5","0.150044513028745"
"DLX6","0.147993620329804"
"DLX6-AS1","0.147601929313462"
"DMAP1","0.147601929313462"
"DMBT1","0.148205025446575"
"DMBX1","0.14829460194108"
"DMC1","0.146894480860233"
"DMD","0.148060103275947"
"DMGDH","0.148613034448372"
"DMKN","0.14704961968266"
"DMP1","0.145843435677203"
"DMPK","0.149744720509421"
"DMRT1","0.146936097689719"
"DMRT2","0.150064290173967"
"DMRT3","0.146002398831303"
"DMRTA1","0.149521997602216"
"DMRTA2","0.146936097689719"
"DMRTC1","0.149981283449438"
"DMRTC2","0.149521997602216"
"DMTF1","0.148793053485694"
"DMTN","0.146936097689719"
"DMWD","0.148613034448372"
"DMXL1","0.148994823512219"
"DMXL2","0.147729380673663"
"DNA2","0.147729380673663"
"DNAAF1","0.150318614785584"
"DNAAF2","0.147934167123947"
"DNAAF3","0.147993620329804"
"DNAAF5","0.14815875483173"
"DNAH1","0.148793053485694"
"DNAH10","0.150064290173967"
"DNAH10OS","0.149179172817085"
"DNAH11","0.147934167123947"
"DNAH12","0.146936097689719"
"DNAH14","0.147819096109599"
"DNAH17","0.148613034448372"
"DNAH2","0.148793053485694"
"DNAH3","0.146894480860233"
"DNAH5","0.149521997602216"
"DNAH6","0.150064290173967"
"DNAH7","0.148733735155064"
"DNAH8","0.14815875483173"
"DNAH9","0.147729380673663"
"DNAI1","0.148801655335098"
"DNAI2","0.14815875483173"
"DNAJA1","0.149258293495324"
"DNAJA2","0.149179172817085"
"DNAJA3","0.149100442843186"
"DNAJA4","0.149449869806726"
"DNAJB1","0.14829460194108"
"DNAJB11","0.148760951671675"
"DNAJB12","0.149346242606046"
"DNAJB13","0.148613034448372"
"DNAJB14","0.149179172817085"
"DNAJB2","0.149179172817085"
"DNAJB4","0.149978538549247"
"DNAJB5","0.148575102942344"
"DNAJB5-AS1","0.149554391094294"
"DNAJB6","0.149258293495324"
"DNAJB7","0.149449869806726"
"DNAJB8","0.148613034448372"
"DNAJB8-AS1","0.148691793837164"
"DNAJB9","0.148733735155064"
"DNAJC1","0.150497461591435"
"DNAJC10","0.149898599555702"
"DNAJC11","0.149346242606046"
"DNAJC12","0.149978538549247"
"DNAJC13","0.149285202164065"
"DNAJC14","0.148691793837164"
"DNAJC15","0.149258293495324"
"DNAJC16","0.1464559888296"
"DNAJC17","0.149100442843186"
"DNAJC18","0.148205025446575"
"DNAJC19","0.149285202164065"
"DNAJC2","0.147729380673663"
"DNAJC21","0.148691793837164"
"DNAJC22","0.148793053485694"
"DNAJC24","0.148994823512219"
"DNAJC25","0.147993620329804"
"DNAJC25-GNG10","0.148613034448372"
"DNAJC27","0.145652522575556"
"DNAJC27-AS1","0.147993620329804"
"DNAJC28","0.14815875483173"
"DNAJC3","0.149285202164065"
"DNAJC3-AS1","0.148060103275947"
"DNAJC30","0.148733735155064"
"DNAJC4","0.147036200778783"
"DNAJC5","0.148994823512219"
"DNAJC5B","0.14815875483173"
"DNAJC5G","0.148760951671675"
"DNAJC6","0.14739811412058"
"DNAJC7","0.149258293495324"
"DNAJC8","0.148760951671675"
"DNAJC9","0.150273257245949"
"DNAJC9-AS1","0.1464559888296"
"DNAL1","0.15000469862642"
"DNAL4","0.148754523300418"
"DNALI1","0.147174349696315"
"DNASE1","0.147934167123947"
"DNASE1L1","0.148613034448372"
"DNASE1L2","0.148205025446575"
"DNASE1L3","0.147601929313462"
"DNASE2","0.148994823512219"
"DNASE2B","0.14849938611812"
"DND1","0.14739811412058"
"DNER","0.147819096109599"
"DNHD1","0.147934167123947"
"DNLZ","0.14704961968266"
"DNM1","0.14829460194108"
"DNM1L","0.149179172817085"
"DNM1P35","0.149258293495324"
"DNM2","0.150058058256707"
"DNM3","0.147729380673663"
"DNM3OS","0.14979221215037"
"DNMBP","0.149521997602216"
"DNMBP-AS1","0.146462949771193"
"DNMT1","0.148060103275947"
"DNMT3A","0.148060103275947"
"DNMT3B","0.148793053485694"
"DNMT3L","0.150058058256707"
"DNPEP","0.148793053485694"
"DNPH1","0.14829460194108"
"DNTT","0.14739811412058"
"DNTTIP1","0.14979221215037"
"DNTTIP2","0.149269855622625"
"DOC2A","0.15020174649453"
"DOC2B","0.149449869806726"
"DOCK1","0.149346242606046"
"DOCK10","0.149449869806726"
"DOCK11","0.148760951671675"
"DOCK2","0.148060103275947"
"DOCK3","0.146894480860233"
"DOCK4","0.148691793837164"
"DOCK4-AS1","0.149449869806726"
"DOCK5","0.147601929313462"
"DOCK6","0.149285202164065"
"DOCK7","0.149100442843186"
"DOCK8","0.148760951671675"
"DOCK9","0.14815875483173"
"DOCK9-AS2","0.148691793837164"
"DOHH","0.148733735155064"
"DOK1","0.149285202164065"
"DOK2","0.149179172817085"
"DOK3","0.149978538549247"
"DOK4","0.149554391094294"
"DOK5","0.148691793837164"
"DOK6","0.14739811412058"
"DOK7","0.148613034448372"
"DOLK","0.148691793837164"
"DOLPP1","0.15006409725749"
"DONSON","0.150396548008963"
"DOPEY1","0.148793053485694"
"DOPEY2","0.149236633880395"
"DOT1L","0.148733735155064"
"DPAGT1","0.14739811412058"
"DPCD","0.15000469862642"
"DPCR1","0.150080901021576"
"DPEP1","0.148613034448372"
"DPEP2","0.14739811412058"
"DPEP3","0.147934167123947"
"DPF1","0.148613034448372"
"DPF2","0.148793053485694"
"DPF3","0.14878612410391"
"DPH1","0.149179172817085"
"DPH2","0.149285202164065"
"DPH3","0.148060103275947"
"DPH5","0.149352409970181"
"DPH6","0.147819096109599"
"DPH6-AS1","0.147934167123947"
"DPH7","0.147934167123947"
"DPM1","0.148060103275947"
"DPM2","0.149978538549247"
"DPM3","0.148793053485694"
"DPP10","0.146462949771193"
"DPP10-AS1","0.14739811412058"
"DPP3","0.149258293495324"
"DPP4","0.148793053485694"
"DPP6","0.146708297529677"
"DPP7","0.148575102942344"
"DPP8","0.150080901021576"
"DPP9","0.146936097689719"
"DPP9-AS1","0.15000469862642"
"DPPA2","0.147934167123947"
"DPPA3","0.148793053485694"
"DPPA4","0.145843435677203"
"DPPA5","0.15006409725749"
"DPRX","0.147819096109599"
"DPT","0.149449869806726"
"DPY19L1","0.148060103275947"
"DPY19L2","0.149285202164065"
"DPY19L3","0.146002398831303"
"DPY19L4","0.146844919178318"
"DPY30","0.149258293495324"
"DPYD","0.146106127371899"
"DPYD-AS1","0.147993620329804"
"DPYD-AS2","0.147819096109599"
"DPYS","0.147819096109599"
"DPYSL2","0.149036076899552"
"DPYSL3","0.149236633880395"
"DPYSL4","0.147036200778783"
"DPYSL5","0.148733735155064"
"DQX1","0.147934167123947"
"DR1","0.147819096109599"
"DRAIC","0.149258293495324"
"DRAM1","0.150344121554133"
"DRAM2","0.149285202164065"
"DRAP1","0.147819096109599"
"DRAXIN","0.148060103275947"
"DRC1","0.150044513028745"
"DRC3","0.149179172817085"
"DRC7","0.148691793837164"
"DRD1","0.148691793837164"
"DRD2","0.149179172817085"
"DRD3","0.148760951671675"
"DRD4","0.148793053485694"
"DRD5","0.148691793837164"
"DRG1","0.149352409970181"
"DRG2","0.14739811412058"
"DRGX","0.149898599555702"
"DRICH1","0.148205025446575"
"DROSHA","0.149100442843186"
"DRP2","0.147993620329804"
"DSC1","0.148691793837164"
"DSC2","0.148613034448372"
"DSC3","0.147601929313462"
"DSCAM","0.148760951671675"
"DSCAM-AS1","0.14849938611812"
"DSCAML1","0.149554391094294"
"DSCAS","0.14829460194108"
"DSCC1","0.149554391094294"
"DSCR3","0.149266048476295"
"DSCR4","0.147993620329804"
"DSCR8","0.149258293495324"
"DSCR9","0.148793053485694"
"DSE","0.149179172817085"
"DSEL","0.149100442843186"
"DSG1","0.147729380673663"
"DSG1-AS1","0.149978538549247"
"DSG2","0.14815875483173"
"DSG2-AS1","0.149179172817085"
"DSG3","0.146523969104786"
"DSG4","0.14815875483173"
"DSN1","0.149285202164065"
"DSP","0.148205025446575"
"DSPP","0.148205025446575"
"DST","0.149898599555702"
"DSTN","0.147601929313462"
"DSTYK","0.148205025446575"
"DTD1","0.145731648925381"
"DTD2","0.148801655335098"
"DTHD1","0.147601929313462"
"DTL","0.148575102942344"
"DTNA","0.148760951671675"
"DTNB","0.14849938611812"
"DTNBP1","0.147174349696315"
"DTWD1","0.150044513028745"
"DTWD2","0.147934167123947"
"DTX1","0.148575102942344"
"DTX2","0.149352409970181"
"DTX3","0.149306289250125"
"DTX3L","0.146002398831303"
"DTX4","0.147729380673663"
"DTYMK","0.148205025446575"
"DUBR","0.148613034448372"
"DUOX1","0.148733735155064"
"DUOX2","0.146524365820868"
"DUOXA1","0.148801655335098"
"DUOXA2","0.149100442843186"
"DUPD1","0.149258293495324"
"DUS1L","0.148760951671675"
"DUS2","0.14979221215037"
"DUS3L","0.146435399306268"
"DUS4L","0.149179172817085"
"DUSP1","0.149352409970181"
"DUSP10","0.14739811412058"
"DUSP11","0.15006409725749"
"DUSP12","0.148691793837164"
"DUSP13","0.149179172817085"
"DUSP14","0.15006409725749"
"DUSP15","0.149821292538164"
"DUSP16","0.149554391094294"
"DUSP18","0.150273257245949"
"DUSP19","0.147174349696315"
"DUSP2","0.148994823512219"
"DUSP21","0.147993620329804"
"DUSP22","0.148575102942344"
"DUSP23","0.148793053485694"
"DUSP26","0.14739811412058"
"DUSP27","0.148205025446575"
"DUSP28","0.147729380673663"
"DUSP3","0.148613034448372"
"DUSP4","0.150396548008963"
"DUSP5","0.147036200778783"
"DUSP6","0.149100442843186"
"DUSP7","0.14829460194108"
"DUSP8","0.148994823512219"
"DUSP9","0.148691793837164"
"DUT","0.148733735155064"
"DUX4","0.147729380673663"
"DUXA","0.147174349696315"
"DVL1","0.148801655335098"
"DVL2","0.149978538549247"
"DVL3","0.149554391094294"
"DXO","0.14849938611812"
"DYDC1","0.147993620329804"
"DYDC2","0.148801655335098"
"DYM","0.149978538549247"
"DYNAP","0.14815875483173"
"DYNC1H1","0.149100442843186"
"DYNC1I1","0.15020174649453"
"DYNC1I2","0.150080901021576"
"DYNC1LI1","0.147729380673663"
"DYNC1LI2","0.147729380673663"
"DYNC2H1","0.148060103275947"
"DYNC2LI1","0.148205025446575"
"DYNLL1","0.148733735155064"
"DYNLL2","0.14739811412058"
"DYNLRB1","0.148575102942344"
"DYNLRB2","0.149352409970181"
"DYNLT1","0.146435399306268"
"DYNLT3","0.149285202164065"
"DYRK1A","0.147729380673663"
"DYRK1B","0.148793053485694"
"DYRK2","0.149100442843186"
"DYRK3","0.149258293495324"
"DYRK4","0.149554391094294"
"DYSF","0.147601929313462"
"DYTN","0.148793053485694"
"DYX1C1","0.148178487652211"
"DZANK1","0.14739811412058"
"DZIP1","0.147819096109599"
"DZIP1L","0.148760951671675"
"DZIP3","0.146002398831303"
"E2F1","0.147819096109599"
"E2F2","0.145330739575465"
"E2F3","0.14815875483173"
"E2F4","0.150242822210183"
"E2F5","0.148516063648628"
"E2F6","0.147819096109599"
"E2F7","0.149449869806726"
"E2F8","0.149554391094294"
"E4F1","0.148793053485694"
"EAF1","0.147010263275725"
"EAF1-AS1","0.146350937504136"
"EAF2","0.146894480860233"
"EAPP","0.14829460194108"
"EARS2","0.148378046401634"
"EBAG9","0.150318614785584"
"EBF1","0.146894480860233"
"EBF2","0.149179172817085"
"EBF3","0.149521997602216"
"EBF4","0.149521997602216"
"EBI3","0.148613034448372"
"EBLN2","0.149100442843186"
"EBLN3","0.148760951671675"
"EBNA1BP2","0.147601929313462"
"EBP","0.150396548008963"
"EBPL","0.15006409725749"
"ECD","0.14829460194108"
"ECE1","0.15020174649453"
"ECE2","0.147174349696315"
"ECEL1","0.14815875483173"
"ECH1","0.147993620329804"
"ECHDC1","0.148760951671675"
"ECHDC2","0.148994823512219"
"ECHDC3","0.149449869806726"
"ECHS1","0.149521997602216"
"ECI1","0.149306289250125"
"ECI2","0.150080901021576"
"ECM1","0.14849938611812"
"ECM2","0.14829460194108"
"ECSCR","0.14815875483173"
"ECSIT","0.149179172817085"
"ECT2","0.148994823512219"
"ECT2L","0.148801655335098"
"EDA","0.147601929313462"
"EDA2R","0.146435399306268"
"EDAR","0.149554391094294"
"EDARADD","0.14829460194108"
"EDC3","0.149258293495324"
"EDC4","0.148801655335098"
"EDDM3A","0.149165421687974"
"EDDM3B","0.148575102942344"
"EDEM1","0.148575102942344"
"EDEM2","0.148994823512219"
"EDEM3","0.149352409970181"
"EDF1","0.147993620329804"
"EDIL3","0.15000469862642"
"EDN1","0.149258293495324"
"EDN2","0.147993620329804"
"EDN3","0.149100442843186"
"EDNRA","0.150273257245949"
"EDNRB","0.150736607615892"
"EDNRB-AS1","0.147174349696315"
"EDRF1","0.149521997602216"
"EDRF1-AS1","0.147174349696315"
"EEA1","0.14849938611812"
"EED","0.149978538549247"
"EEF1A1","0.14849938611812"
"EEF1A2","0.146894480860233"
"EEF1B2","0.148613034448372"
"EEF1D","0.149521997602216"
"EEF1E1","0.149285202164065"
"EEF1E1-BLOC1S5","0.149306289250125"
"EEF1G","0.149449869806726"
"EEF2","0.147993620329804"
"EEF2K","0.147934167123947"
"EEF2KMT","0.150080901021576"
"EEFSEC","0.148205025446575"
"EEPD1","0.15000469862642"
"EFCAB1","0.150433639887334"
"EFCAB10","0.148613034448372"
"EFCAB11","0.150242822210183"
"EFCAB12","0.148801655335098"
"EFCAB13","0.149258293495324"
"EFCAB14","0.148793053485694"
"EFCAB14-AS1","0.15000469862642"
"EFCAB2","0.149521997602216"
"EFCAB3","0.14849938611812"
"EFCAB5","0.148801655335098"
"EFCAB6","0.149258293495324"
"EFCAB6-AS1","0.149258293495324"
"EFCAB7","0.148691793837164"
"EFCAB8","0.147174349696315"
"EFCAB9","0.148691793837164"
"EFCC1","0.148760951671675"
"EFEMP1","0.149352409970181"
"EFEMP2","0.15000469862642"
"EFHB","0.150736607615892"
"EFHC1","0.14815875483173"
"EFHC2","0.149449869806726"
"EFHD1","0.148793053485694"
"EFHD2","0.148613034448372"
"EFNA1","0.14849938611812"
"EFNA2","0.148733735155064"
"EFNA3","0.147934167123947"
"EFNA4","0.148575102942344"
"EFNA5","0.149521997602216"
"EFNB1","0.149978538549247"
"EFNB2","0.148760951671675"
"EFNB3","0.149285202164065"
"EFR3A","0.148691793837164"
"EFR3B","0.148205025446575"
"EFS","0.149352409970181"
"EFTUD1","0.148060103275947"
"EFTUD2","0.148793053485694"
"EGF","0.148760951671675"
"EGFL6","0.14829460194108"
"EGFL7","0.1464559888296"
"EGFL8","0.148711078950933"
"EGFLAM","0.149449869806726"
"EGFLAM-AS1","0.14829460194108"
"EGFLAM-AS4","0.147993620329804"
"EGFR","0.14815875483173"
"EGFR-AS1","0.149521997602216"
"EGLN1","0.148733735155064"
"EGLN2","0.15020174649453"
"EGLN3","0.149786312146908"
"EGLN3-AS1","0.15006409725749"
"EGOT","0.150080901021576"
"EGR1","0.148691793837164"
"EGR2","0.148760951671675"
"EGR3","0.14815875483173"
"EGR4","0.14849938611812"
"EHBP1","0.148760951671675"
"EHBP1L1","0.148205025446575"
"EHD1","0.148793053485694"
"EHD2","0.150273257245949"
"EHD3","0.147819096109599"
"EHD4","0.148760951671675"
"EHD4-AS1","0.148994823512219"
"EHF","0.148575102942344"
"EHHADH","0.14849938611812"
"EHMT1","0.148613034448372"
"EHMT2","0.148793053485694"
"EHMT2-AS1","0.14829460194108"
"EI24","0.14979221215037"
"EID1","0.15006409725749"
"EID2","0.147729380673663"
"EID2B","0.148691793837164"
"EID3","0.149521997602216"
"EIF1","0.149449869806726"
"EIF1AD","0.148994823512219"
"EIF1AX","0.148994823512219"
"EIF1AY","0.148793053485694"
"EIF1B","0.149303704256468"
"EIF2A","0.14815875483173"
"EIF2AK1","0.147601929313462"
"EIF2AK2","0.148691793837164"
"EIF2AK3","0.148760951671675"
"EIF2AK4","0.148060103275947"
"EIF2B1","0.14849938611812"
"EIF2B2","0.149521997602216"
"EIF2B3","0.148733735155064"
"EIF2B4","0.14979221215037"
"EIF2B5","0.14829460194108"
"EIF2B5-AS1","0.149352409970181"
"EIF2D","0.149554391094294"
"EIF2S1","0.14829460194108"
"EIF2S2","0.149179172817085"
"EIF2S3","0.150544930057491"
"EIF2S3L","0.149285202164065"
"EIF3A","0.149554391094294"
"EIF3B","0.149352409970181"
"EIF3C","0.150433639887334"
"EIF3CL","0.149449869806726"
"EIF3D","0.148575102942344"
"EIF3E","0.148575102942344"
"EIF3F","0.148760951671675"
"EIF3G","0.148733735155064"
"EIF3H","0.148060103275947"
"EIF3I","0.148575102942344"
"EIF3J","0.15006409725749"
"EIF3J-AS1","0.148733735155064"
"EIF3K","0.147792462421856"
"EIF3L","0.149258293495324"
"EIF3M","0.149306289250125"
"EIF4A1","0.14979221215037"
"EIF4A2","0.148801655335098"
"EIF4A3","0.14979221215037"
"EIF4B","0.147036200778783"
"EIF4E","0.148793053485694"
"EIF4E1B","0.14829460194108"
"EIF4E2","0.148760951671675"
"EIF4E3","0.150497461591435"
"EIF4EBP1","0.150587297614183"
"EIF4EBP2","0.14829460194108"
"EIF4EBP3","0.147993620329804"
"EIF4ENIF1","0.146894480860233"
"EIF4G1","0.149346242606046"
"EIF4G2","0.148575102942344"
"EIF4G3","0.14739811412058"
"EIF4H","0.150044513028745"
"EIF5","0.148793053485694"
"EIF5A","0.148205025446575"
"EIF5A2","0.148613034448372"
"EIF5AL1","0.15006409725749"
"EIF5B","0.150497461591435"
"EIF6","0.148691793837164"
"ELAC1","0.149306289250125"
"ELAC2","0.15020174649453"
"ELANE","0.149521997602216"
"ELAVL1","0.149521997602216"
"ELAVL2","0.150044513028745"
"ELAVL3","0.14739811412058"
"ELAVL4","0.148760951671675"
"ELDR","0.148760951671675"
"ELF1","0.150196880545414"
"ELF2","0.148994823512219"
"ELF3","0.149978538549247"
"ELF4","0.148994823512219"
"ELF5","0.147819096109599"
"ELFN1","0.14829460194108"
"ELFN1-AS1","0.150587297614183"
"ELFN2","0.149285202164065"
"ELK1","0.149554391094294"
"ELK3","0.149352409970181"
"ELK4","0.14815875483173"
"ELL","0.149258293495324"
"ELL2","0.150273257245949"
"ELL3","0.149898599555702"
"ELMO1","0.148733735155064"
"ELMO1-AS1","0.148205025446575"
"ELMO2","0.148733735155064"
"ELMO3","0.149258293495324"
"ELMOD1","0.148801655335098"
"ELMOD2","0.148994823512219"
"ELMOD3","0.149306289250125"
"ELMSAN1","0.149236633880395"
"ELN","0.148691793837164"
"ELOF1","0.149449869806726"
"ELOVL1","0.150587297614183"
"ELOVL2","0.149554391094294"
"ELOVL3","0.149285202164065"
"ELOVL4","0.15000469862642"
"ELOVL5","0.149258293495324"
"ELOVL6","0.148994823512219"
"ELOVL7","0.148205025446575"
"ELP2","0.150242822210183"
"ELP3","0.149306289250125"
"ELP4","0.14979221215037"
"ELP5","0.149352409970181"
"ELP6","0.148205025446575"
"ELSPBP1","0.149898599555702"
"EMB","0.150736607615892"
"EMC1","0.149352409970181"
"EMC10","0.149285202164065"
"EMC2","0.14979221215037"
"EMC3","0.150433639887334"
"EMC4","0.149554391094294"
"EMC6","0.147010263275725"
"EMC7","0.149978538549247"
"EMC8","0.148994823512219"
"EMC9","0.149179172817085"
"EMCN","0.148801655335098"
"EMD","0.148691793837164"
"EME1","0.149554391094294"
"EME2","0.147819096109599"
"EMG1","0.148060103275947"
"EMID1","0.149449869806726"
"EMILIN1","0.149521997602216"
"EMILIN2","0.148691793837164"
"EMILIN3","0.148060103275947"
"EML1","0.150318614785584"
"EML2","0.149352409970181"
"EML3","0.150726669654993"
"EML4","0.149554391094294"
"EML5","0.149352409970181"
"EML6","0.151240396193915"
"EMP1","0.149258293495324"
"EMP2","0.149306289250125"
"EMP3","0.148205025446575"
"EMSY","0.14979221215037"
"EMX1","0.148205025446575"
"EMX2","0.149978538549247"
"EMX2OS","0.14878612410391"
"EN1","0.14815875483173"
"EN2","0.149285202164065"
"ENAH","0.150544930057491"
"ENAM","0.14878612410391"
"ENC1","0.149898599555702"
"ENDOD1","0.149285202164065"
"ENDOG","0.150433639887334"
"ENDOU","0.148801655335098"
"ENDOV","0.146687957751813"
"ENG","0.15020174649453"
"ENGASE","0.148733735155064"
"ENHO","0.149306289250125"
"ENKD1","0.149898599555702"
"ENKUR","0.149179172817085"
"ENO1","0.149096392024608"
"ENO1-AS1","0.15020174649453"
"ENO2","0.149177822544226"
"ENO3","0.149179172817085"
"ENO4","0.15000469862642"
"ENOPH1","0.148691793837164"
"ENOSF1","0.148691793837164"
"ENOX1","0.149306289250125"
"ENOX1-AS1","0.149898599555702"
"ENOX1-AS2","0.149978538549247"
"ENOX2","0.149978538549247"
"ENPEP","0.147174349696315"
"ENPP1","0.149112843699437"
"ENPP2","0.147729380673663"
"ENPP3","0.147601929313462"
"ENPP4","0.150272451954491"
"ENPP5","0.148575102942344"
"ENPP6","0.150544930057491"
"ENPP7","0.15000469862642"
"ENSA","0.15020174649453"
"ENTHD1","0.149112843699437"
"ENTHD2","0.149449869806726"
"ENTPD1","0.15000469862642"
"ENTPD1-AS1","0.149352409970181"
"ENTPD2","0.15006409725749"
"ENTPD3","0.150044513028745"
"ENTPD3-AS1","0.150242822210183"
"ENTPD4","0.148994823512219"
"ENTPD5","0.149179172817085"
"ENTPD6","0.148205025446575"
"ENTPD7","0.148801655335098"
"ENTPD8","0.149258293495324"
"ENY2","0.149554391094294"
"EOGT","0.14704961968266"
"EOMES","0.150242822210183"
"EP300","0.149112843699437"
"EP300-AS1","0.146687957751813"
"EP400","0.14815875483173"
"EP400NL","0.149898599555702"
"EPAS1","0.149898599555702"
"EPB41","0.149285202164065"
"EPB41L1","0.149179172817085"
"EPB41L2","0.149521997602216"
"EPB41L3","0.149554391094294"
"EPB41L4A","0.149285202164065"
"EPB41L4A-AS1","0.149521997602216"
"EPB41L4A-AS2","0.14979221215037"
"EPB41L4B","0.149096392024608"
"EPB41L5","0.149096392024608"
"EPB42","0.149112843699437"
"EPC1","0.148575102942344"
"EPC2","0.150242822210183"
"EPCAM","0.14829460194108"
"EPDR1","0.150931260040505"
"EPG5","0.148060103275947"
"EPGN","0.146392882118275"
"EPHA1","0.149554391094294"
"EPHA1-AS1","0.14704961968266"
"EPHA10","0.149096392024608"
"EPHA2","0.14878612410391"
"EPHA3","0.148730910265636"
"EPHA4","0.150051130778958"
"EPHA5","0.149898599555702"
"EPHA5-AS1","0.149352409970181"
"EPHA6","0.149898599555702"
"EPHA7","0.149978538549247"
"EPHA8","0.148060103275947"
"EPHB1","0.14815875483173"
"EPHB2","0.147729380673663"
"EPHB3","0.146687957751813"
"EPHB4","0.149978538549247"
"EPHB6","0.149285202164065"
"EPHX1","0.147729380673663"
"EPHX2","0.149258293495324"
"EPHX3","0.149978538549247"
"EPHX4","0.149554391094294"
"EPM2A","0.14979221215037"
"EPM2AIP1","0.149978538549247"
"EPN1","0.147993620329804"
"EPN2","0.14979221215037"
"EPN2-AS1","0.149352409970181"
"EPN3","0.148994823512219"
"EPO","0.14878612410391"
"EPOR","0.149179172817085"
"EPPIN","0.15000469862642"
"EPPIN-WFDC6","0.149096392024608"
"EPPK1","0.149285202164065"
"EPRS","0.149285202164065"
"EPS15","0.14829460194108"
"EPS15L1","0.149554391094294"
"EPS8","0.148801655335098"
"EPS8L1","0.148613034448372"
"EPS8L2","0.14849938611812"
"EPS8L3","0.148060103275947"
"EPSTI1","0.148205025446575"
"EPT1","0.14878612410391"
"EPX","0.149352409970181"
"EPYC","0.150736607615892"
"EQTN","0.149449869806726"
"ERAL1","0.14739811412058"
"ERAP1","0.150242822210183"
"ERAP2","0.14849938611812"
"ERAS","0.14815875483173"
"ERBB2","0.150318614785584"
"ERBB2IP","0.149521997602216"
"ERBB3","0.148691793837164"
"ERBB4","0.149306289250125"
"ERC1","0.149521997602216"
"ERC2","0.148733735155064"
"ERCC1","0.15099793893332"
"ERCC2","0.147934167123947"
"ERCC3","0.149352409970181"
"ERCC4","0.149285202164065"
"ERCC5","0.149449869806726"
"ERCC6","0.149306289250125"
"ERCC6-PGBD3","0.148733735155064"
"ERCC6L","0.149285202164065"
"ERCC6L2","0.14739811412058"
"ERCC8","0.15000469862642"
"EREG","0.149554391094294"
"ERF","0.148994823512219"
"ERG","0.14829460194108"
"ERGIC1","0.148060103275947"
"ERGIC2","0.149898599555702"
"ERGIC3","0.147036200778783"
"ERH","0.148060103275947"
"ERI1","0.14815875483173"
"ERI2","0.149352409970181"
"ERI3","0.14979221215037"
"ERICD","0.149112843699437"
"ERICH1","0.150587297614183"
"ERICH1-AS1","0.150884368379755"
"ERICH2","0.14849938611812"
"ERICH3","0.14878612410391"
"ERICH3-AS1","0.14704961968266"
"ERICH4","0.149306289250125"
"ERICH5","0.147934167123947"
"ERICH6","0.14829460194108"
"ERICH6-AS1","0.148691793837164"
"ERICH6B","0.149100442843186"
"ERLEC1","0.15099793893332"
"ERLIN1","0.15006409725749"
"ERLIN2","0.149554391094294"
"ERMAP","0.14704961968266"
"ERMARD","0.147729380673663"
"ERMN","0.14979221215037"
"ERMP1","0.150242822210183"
"ERN1","0.149449869806726"
"ERN2","0.149112843699437"
"ERO1A","0.150931260040505"
"ERO1B","0.148691793837164"
"ERP27","0.149032026080974"
"ERP29","0.150273257245949"
"ERP44","0.149521997602216"
"ERRFI1","0.150044513028745"
"ERV3-1","0.150914323120693"
"ERVFRD-1","0.149258293495324"
"ERVH-1","0.148060103275947"
"ERVH48-1","0.149554391094294"
"ERVK-28","0.150497461591435"
"ERVK3-1","0.15006409725749"
"ERVMER34-1","0.149881019602012"
"ERVMER61-1","0.147934167123947"
"ERVV-1","0.15020174649453"
"ERVV-2","0.148205025446575"
"ERVW-1","0.150273257245949"
"ESAM","0.15006409725749"
"ESCO1","0.150308738204148"
"ESCO2","0.150433639887334"
"ESD","0.14815875483173"
"ESF1","0.14878612410391"
"ESM1","0.149521997602216"
"ESPL1","0.148691793837164"
"ESPN","0.149449869806726"
"ESPNL","0.149179172817085"
"ESR1","0.149449869806726"
"ESR2","0.148801655335098"
"ESRP1","0.149554391094294"
"ESRP2","0.14979221215037"
"ESRRA","0.149898599555702"
"ESRRB","0.147601929313462"
"ESRRG","0.149258293495324"
"ESX1","0.146936688852265"
"ESYT1","0.150273257245949"
"ESYT2","0.148288024334252"
"ESYT3","0.150078695104838"
"ETAA1","0.149306289250125"
"ETF1","0.14942682866406"
"ETFA","0.148205025446575"
"ETFB","0.14739811412058"
"ETFDH","0.14942682866406"
"ETHE1","0.150587297614183"
"ETNK1","0.148733735155064"
"ETNK2","0.150044513028745"
"ETNPPL","0.149258293495324"
"ETS1","0.149521997602216"
"ETS2","0.149258293495324"
"ETV1","0.149554391094294"
"ETV2","0.14878612410391"
"ETV3","0.148801655335098"
"ETV3L","0.149285202164065"
"ETV4","0.149258293495324"
"ETV5","0.150273257245949"
"ETV6","0.148733735155064"
"ETV7","0.14947023677625"
"EVA1A","0.14829460194108"
"EVA1B","0.14947023677625"
"EVA1C","0.149978538549247"
"EVC","0.149179172817085"
"EVC2","0.149352409970181"
"EVI2A","0.149306289250125"
"EVI2B","0.149258293495324"
"EVI5","0.150242822210183"
"EVI5L","0.148733735155064"
"EVL","0.149413510878753"
"EVPL","0.15020174649453"
"EVPLL","0.150433639887334"
"EVX1","0.149898599555702"
"EWSAT1","0.15006409725749"
"EWSR1","0.148994823512219"
"EXD1","0.149521997602216"
"EXD2","0.147993620329804"
"EXD3","0.149352409970181"
"EXO1","0.150044513028745"
"EXO5","0.149285202164065"
"EXOC1","0.150497461591435"
"EXOC2","0.148733735155064"
"EXOC3","0.15006409725749"
"EXOC3-AS1","0.149521997602216"
"EXOC3L1","0.147819096109599"
"EXOC3L2","0.149554391094294"
"EXOC3L4","0.151265208639504"
"EXOC4","0.149306289250125"
"EXOC5","0.151265208639504"
"EXOC6","0.14739811412058"
"EXOC6B","0.148994823512219"
"EXOC7","0.14878612410391"
"EXOC8","0.14815875483173"
"EXOG","0.14979221215037"
"EXOSC1","0.150914323120693"
"EXOSC10","0.148205025446575"
"EXOSC2","0.15020174649453"
"EXOSC3","0.14815875483173"
"EXOSC4","0.149521997602216"
"EXOSC5","0.150872929185641"
"EXOSC6","0.149521997602216"
"EXOSC7","0.150080901021576"
"EXOSC8","0.150931260040505"
"EXOSC9","0.14815875483173"
"EXPH5","0.14854843597782"
"EXT1","0.150080901021576"
"EXT2","0.148733735155064"
"EXTL1","0.149352409970181"
"EXTL2","0.14815875483173"
"EXTL3","0.150497461591435"
"EXTL3-AS1","0.150872929185641"
"EYA1","0.147819096109599"
"EYA2","0.147819096109599"
"EYA3","0.15020174649453"
"EYA4","0.150080901021576"
"EYS","0.149112843699437"
"EZH1","0.149096392024608"
"EZH2","0.150433639887334"
"EZR","0.14942682866406"
"EZR-AS1","0.150914323120693"
"F10","0.149978538549247"
"F10-AS1","0.14739811412058"
"F11","0.14815875483173"
"F11-AS1","0.150242822210183"
"F11R","0.146844919178318"
"F12","0.149112843699437"
"F13A1","0.150587297614183"
"F13B","0.150433639887334"
"F2","0.151265208639504"
"F2R","0.148733735155064"
"F2RL1","0.150318614785584"
"F2RL2","0.14829460194108"
"F2RL3","0.150736607615892"
"F3","0.150044513028745"
"F5","0.149179172817085"
"F7","0.148994823512219"
"F8","0.150318614785584"
"F8A1","0.149352409970181"
"F8A2","0.150242822210183"
"F8A3","0.148994823512219"
"FA2H","0.150433639887334"
"FAAH","0.147819096109599"
"FAAH2","0.149898599555702"
"FAAP100","0.149978538549247"
"FAAP20","0.150051130778958"
"FAAP24","0.149112843699437"
"FABP1","0.151240396193915"
"FABP12","0.148801655335098"
"FABP2","0.14942682866406"
"FABP3","0.150044513028745"
"FABP4","0.149352409970181"
"FABP5","0.149096392024608"
"FABP6","0.150433639887334"
"FABP7","0.148410625220915"
"FABP9","0.150044513028745"
"FADD","0.149352409970181"
"FADS1","0.14958730259203"
"FADS2","0.148733735155064"
"FADS3","0.149978538549247"
"FADS6","0.14942682866406"
"FAF1","0.148801655335098"
"FAF2","0.149303704256468"
"FAH","0.14942682866406"
"FAHD1","0.148577888305801"
"FAHD2A","0.149179172817085"
"FAHD2B","0.150273257245949"
"FAIM","0.14947023677625"
"FAIM2","0.149521997602216"
"FALEC","0.149179172817085"
"FAM101A","0.149303704256468"
"FAM101B","0.14947023677625"
"FAM102A","0.150433639887334"
"FAM102B","0.15020174649453"
"FAM103A1","0.149112843699437"
"FAM104A","0.150367169248037"
"FAM104B","0.149096392024608"
"FAM105A","0.147993620329804"
"FAM106A","0.14942682866406"
"FAM107A","0.149554391094294"
"FAM107B","0.148060103275947"
"FAM109A","0.150273257245949"
"FAM109B","0.148691793837164"
"FAM110A","0.14958730259203"
"FAM110B","0.150318614785584"
"FAM110C","0.14947023677625"
"FAM110D","0.14704794715447"
"FAM111A","0.149554391094294"
"FAM111B","0.148205025446575"
"FAM114A1","0.149521997602216"
"FAM114A2","0.146903653685733"
"FAM117A","0.15020174649453"
"FAM117B","0.149352409970181"
"FAM118A","0.14829460194108"
"FAM118B","0.149898599555702"
"FAM120A","0.149978538549247"
"FAM120AOS","0.149978538549247"
"FAM120B","0.15000469862642"
"FAM120C","0.150587297614183"
"FAM122A","0.149096392024608"
"FAM122B","0.148994823512219"
"FAM122C","0.150421812901268"
"FAM124A","0.14947023677625"
"FAM124B","0.149801215981794"
"FAM126A","0.150080901021576"
"FAM126B","0.15020174649453"
"FAM127A","0.149303704256468"
"FAM127B","0.14958730259203"
"FAM127C","0.151187995427904"
"FAM129A","0.149554391094294"
"FAM129B","0.15000469862642"
"FAM129C","0.149112843699437"
"FAM131A","0.15020174649453"
"FAM131B","0.150433639887334"
"FAM131C","0.149830296369589"
"FAM132A","0.148178487652211"
"FAM132B","0.14878612410391"
"FAM133A","0.148801655335098"
"FAM133B","0.14947023677625"
"FAM134A","0.147174349696315"
"FAM134B","0.150433639887334"
"FAM134C","0.14958730259203"
"FAM135A","0.150318614785584"
"FAM135B","0.14958730259203"
"FAM136A","0.149352409970181"
"FAM138B","0.151187995427904"
"FAM138C","0.148994823512219"
"FAM138E","0.150273257245949"
"FAM13A","0.148994823512219"
"FAM13A-AS1","0.149303704256468"
"FAM13B","0.15020174649453"
"FAM13C","0.147993620329804"
"FAM149A","0.149096392024608"
"FAM149B1","0.151620423769085"
"FAM150A","0.14829460194108"
"FAM150B","0.150544930057491"
"FAM151A","0.14829460194108"
"FAM151B","0.148060103275947"
"FAM153A","0.149801215981794"
"FAM153B","0.14947023677625"
"FAM153C","0.148577888305801"
"FAM155A","0.148410625220915"
"FAM155B","0.14704794715447"
"FAM156A","0.14958730259203"
"FAM156B","0.14947023677625"
"FAM157B","0.149521997602216"
"FAM157C","0.148733735155064"
"FAM159A","0.148288024334252"
"FAM159B","0.14942682866406"
"FAM160A1","0.147993620329804"
"FAM160A2","0.149978538549247"
"FAM160B1","0.149303704256468"
"FAM160B2","0.150497461591435"
"FAM161A","0.148410625220915"
"FAM161B","0.15020174649453"
"FAM162A","0.149236633880395"
"FAM162B","0.150080901021576"
"FAM163A","0.149352409970181"
"FAM163B","0.149112843699437"
"FAM166A","0.149898599555702"
"FAM166B","0.150044513028745"
"FAM167A","0.149352409970181"
"FAM167B","0.149352409970181"
"FAM168A","0.147174349696315"
"FAM168B","0.15000469862642"
"FAM169A","0.149801215981794"
"FAM170A","0.147819096109599"
"FAM170B","0.151345530947563"
"FAM170B-AS1","0.15020174649453"
"FAM171A1","0.149978538549247"
"FAM171A2","0.14958730259203"
"FAM171B","0.148801655335098"
"FAM172A","0.15099793893332"
"FAM173A","0.147993620329804"
"FAM173B","0.15020174649453"
"FAM174A","0.14947023677625"
"FAM174B","0.148733735155064"
"FAM175A","0.149258293495324"
"FAM175B","0.150080901021576"
"FAM177A1","0.150544930057491"
"FAM177B","0.148994823512219"
"FAM178B","0.149303704256468"
"FAM179A","0.149303704256468"
"FAM179B","0.147934167123947"
"FAM180A","0.14942682866406"
"FAM180B","0.148691793837164"
"FAM181A","0.15020174649453"
"FAM181A-AS1","0.149179172817085"
"FAM181B","0.15000469862642"
"FAM182B","0.14829460194108"
"FAM183A","0.148801655335098"
"FAM183CP","0.148733735155064"
"FAM184A","0.14878612410391"
"FAM184B","0.147729380673663"
"FAM185A","0.149179172817085"
"FAM186A","0.149521997602216"
"FAM186B","0.151265208639504"
"FAM187B","0.149303704256468"
"FAM188A","0.14815875483173"
"FAM188B","0.14739811412058"
"FAM189A1","0.148801655335098"
"FAM189A2","0.15006409725749"
"FAM189B","0.150736607615892"
"FAM192A","0.14947023677625"
"FAM193A","0.148691793837164"
"FAM193B","0.149898599555702"
"FAM195A","0.148994823512219"
"FAM195B","0.14958730259203"
"FAM196A","0.148691793837164"
"FAM196B","0.147016212567987"
"FAM198A","0.148801655335098"
"FAM198B","0.14942682866406"
"FAM199X","0.149258293495324"
"FAM19A1","0.149898599555702"
"FAM19A2","0.14878612410391"
"FAM19A3","0.148994823512219"
"FAM19A4","0.147729380673663"
"FAM19A5","0.15006409725749"
"FAM200A","0.149303704256468"
"FAM200B","0.150736607615892"
"FAM201A","0.149096392024608"
"FAM204A","0.150497461591435"
"FAM205A","0.149898599555702"
"FAM205C","0.14878612410391"
"FAM206A","0.149898599555702"
"FAM207A","0.148801655335098"
"FAM208A","0.149303704256468"
"FAM208B","0.147819096109599"
"FAM209A","0.150872929185641"
"FAM209B","0.150914323120693"
"FAM20A","0.150273257245949"
"FAM20B","0.150914323120693"
"FAM20C","0.15006409725749"
"FAM210A","0.150044513028745"
"FAM210B","0.149096392024608"
"FAM212A","0.149258293495324"
"FAM212B","0.14947023677625"
"FAM212B-AS1","0.149096392024608"
"FAM213A","0.149521997602216"
"FAM213B","0.149521997602216"
"FAM214A","0.149303704256468"
"FAM214B","0.150872929185641"
"FAM215A","0.150544930057491"
"FAM215B","0.150433639887334"
"FAM216A","0.14878612410391"
"FAM216B","0.149112843699437"
"FAM217B","0.148801655335098"
"FAM218A","0.149521997602216"
"FAM219A","0.147993620329804"
"FAM219B","0.149898599555702"
"FAM21A","0.151052024829053"
"FAM21C","0.150080901021576"
"FAM220A","0.148801655335098"
"FAM221A","0.149185633098353"
"FAM221B","0.14815875483173"
"FAM222A","0.148801655335098"
"FAM222A-AS1","0.14942682866406"
"FAM222B","0.14942682866406"
"FAM223A","0.148994823512219"
"FAM223B","0.150587297614183"
"FAM224A","0.149521997602216"
"FAM224B","0.15020174649453"
"FAM225A","0.148205025446575"
"FAM225B","0.149554391094294"
"FAM227A","0.15000469862642"
"FAM227B","0.150497461591435"
"FAM228A","0.150914323120693"
"FAM228B","0.148733735155064"
"FAM229A","0.14699944860773"
"FAM229B","0.150544930057491"
"FAM230A","0.148691793837164"
"FAM231D","0.15000469862642"
"FAM234A","0.14829460194108"
"FAM234B","0.14829460194108"
"FAM24A","0.150497461591435"
"FAM24B","0.148577888305801"
"FAM25A","0.149352409970181"
"FAM25G","0.149521997602216"
"FAM26D","0.149258293495324"
"FAM26E","0.14942682866406"
"FAM26F","0.148410625220915"
"FAM27C","0.149978538549247"
"FAM32A","0.150273257245949"
"FAM35A","0.14829460194108"
"FAM3A","0.148801655335098"
"FAM3B","0.148577888305801"
"FAM3C","0.149112843699437"
"FAM3D","0.148994823512219"
"FAM3D-AS1","0.150544930057491"
"FAM41C","0.15099793893332"
"FAM43A","0.150242822210183"
"FAM43B","0.150080901021576"
"FAM45A","0.14958730259203"
"FAM46A","0.148801655335098"
"FAM46B","0.14739811412058"
"FAM46C","0.15006409725749"
"FAM46D","0.147913139874549"
"FAM47A","0.15099793893332"
"FAM47C","0.15020174649453"
"FAM47E","0.150433639887334"
"FAM47E-STBD1","0.149112843699437"
"FAM49A","0.148205025446575"
"FAM49B","0.149968845086649"
"FAM50A","0.149554391094294"
"FAM50B","0.14947023677625"
"FAM53A","0.150044513028745"
"FAM53B","0.15020174649453"
"FAM53B-AS1","0.15020174649453"
"FAM53C","0.149096392024608"
"FAM57A","0.149112843699437"
"FAM57B","0.148691793837164"
"FAM58A","0.150736607615892"
"FAM60A","0.149554391094294"
"FAM63A","0.14829460194108"
"FAM63B","0.148733735155064"
"FAM64A","0.149554391094294"
"FAM65A","0.146896254347872"
"FAM65B","0.149978538549247"
"FAM65C","0.151187995427904"
"FAM66A","0.150318614785584"
"FAM66B","0.147792462421856"
"FAM66C","0.147174349696315"
"FAM66D","0.149303704256468"
"FAM66E","0.14947023677625"
"FAM69A","0.149801215981794"
"FAM69B","0.149303704256468"
"FAM69C","0.15020174649453"
"FAM71A","0.149185633098353"
"FAM71B","0.151240396193915"
"FAM71C","0.148733735155064"
"FAM71D","0.149258293495324"
"FAM71E1","0.15006409725749"
"FAM71E2","0.149801215981794"
"FAM71F1","0.14942682866406"
"FAM71F2","0.150497461591435"
"FAM72A","0.149352409970181"
"FAM72B","0.148691793837164"
"FAM72C","0.15020174649453"
"FAM72D","0.149112843699437"
"FAM73A","0.150318614785584"
"FAM73B","0.150318614785584"
"FAM74A1","0.150273257245949"
"FAM74A6","0.148801655335098"
"FAM76A","0.150736607615892"
"FAM76B","0.149096392024608"
"FAM78A","0.149521997602216"
"FAM78B","0.14699944860773"
"FAM81A","0.149324503924619"
"FAM81B","0.15020174649453"
"FAM83A","0.149801215981794"
"FAM83A-AS1","0.149185633098353"
"FAM83B","0.14947023677625"
"FAM83C","0.149352409970181"
"FAM83C-AS1","0.150044513028745"
"FAM83D","0.150080901021576"
"FAM83E","0.150914323120693"
"FAM83F","0.149898599555702"
"FAM83G","0.148801655335098"
"FAM83H","0.150242822210183"
"FAM83H-AS1","0.149100442843186"
"FAM84A","0.149258293495324"
"FAM84B","0.149554391094294"
"FAM85B","0.14958730259203"
"FAM86B1","0.149801215981794"
"FAM86B2","0.150242822210183"
"FAM86C1","0.149801215981794"
"FAM87A","0.150044513028745"
"FAM87B","0.15000469862642"
"FAM89A","0.150044513028745"
"FAM89B","0.150931260040505"
"FAM8A1","0.149521997602216"
"FAM90A1","0.149112843699437"
"FAM90A26","0.150872929185641"
"FAM91A1","0.15006409725749"
"FAM92A1","0.14958730259203"
"FAM92B","0.149352409970181"
"FAM95B1","0.148060103275947"
"FAM95C","0.150587297614183"
"FAM96A","0.150497461591435"
"FAM96B","0.14947023677625"
"FAM98A","0.150242822210183"
"FAM98B","0.15000469862642"
"FAM98C","0.148410625220915"
"FAM99A","0.150080901021576"
"FAM9A","0.14878612410391"
"FAM9B","0.147729380673663"
"FAM9C","0.149112843699437"
"FAN1","0.149801215981794"
"FANCA","0.150433639887334"
"FANCB","0.150080901021576"
"FANCC","0.151187995427904"
"FANCD2","0.15006409725749"
"FANCD2OS","0.150544930057491"
"FANCE","0.150914323120693"
"FANCF","0.150080901021576"
"FANCG","0.150736607615892"
"FANCI","0.14958730259203"
"FANCL","0.149554391094294"
"FANCM","0.14947023677625"
"FANK1","0.149978538549247"
"FAP","0.150421812901268"
"FAR1","0.150242822210183"
"FAR2","0.151345530947563"
"FARP1","0.150242822210183"
"FARP1-AS1","0.149978538549247"
"FARP2","0.151694166811804"
"FARS2","0.14942682866406"
"FARSA","0.149898599555702"
"FARSA-AS1","0.149258293495324"
"FARSB","0.149521997602216"
"FAS","0.149801215981794"
"FASLG","0.149801215981794"
"FASN","0.150080901021576"
"FASTK","0.146840730941593"
"FASTKD1","0.150273257245949"
"FASTKD2","0.14947023677625"
"FASTKD3","0.15099793893332"
"FASTKD5","0.150544930057491"
"FAT1","0.150272451954491"
"FAT2","0.149185633098353"
"FAT3","0.151345530947563"
"FAT4","0.150080901021576"
"FATE1","0.150044513028745"
"FAU","0.151694166811804"
"FAXC","0.149032026080974"
"FAXDC2","0.150587297614183"
"FBF1","0.150433639887334"
"FBL","0.149243094161663"
"FBLIM1","0.14878612410391"
"FBLL1","0.150318614785584"
"FBLN1","0.150242822210183"
"FBLN2","0.150318614785584"
"FBLN5","0.150242822210183"
"FBLN7","0.150242822210183"
"FBN1","0.150931260040505"
"FBN2","0.150587297614183"
"FBN3","0.151052024829053"
"FBP1","0.149133574816101"
"FBP2","0.150736607615892"
"FBRS","0.150080901021576"
"FBRSL1","0.151265208639504"
"FBXL12","0.150872929185641"
"FBXL13","0.150080901021576"
"FBXL14","0.150736607615892"
"FBXL15","0.148994823512219"
"FBXL16","0.15000469862642"
"FBXL17","0.150318614785584"
"FBXL18","0.150273257245949"
"FBXL19","0.14942682866406"
"FBXL19-AS1","0.149898599555702"
"FBXL2","0.150433639887334"
"FBXL20","0.150080901021576"
"FBXL22","0.14704794715447"
"FBXL3","0.150044513028745"
"FBXL4","0.149521997602216"
"FBXL5","0.151345530947563"
"FBXL6","0.151240396193915"
"FBXL7","0.150273257245949"
"FBXL8","0.150078695104838"
"FBXO10","0.151764826392835"
"FBXO11","0.148410625220915"
"FBXO15","0.150587297614183"
"FBXO16","0.151620423769085"
"FBXO17","0.150044513028745"
"FBXO18","0.150199296419788"
"FBXO2","0.149096392024608"
"FBXO21","0.149521997602216"
"FBXO22","0.150931260040505"
"FBXO24","0.150872929185641"
"FBXO25","0.150080901021576"
"FBXO27","0.150318614785584"
"FBXO28","0.151345530947563"
"FBXO3","0.150736607615892"
"FBXO3-AS1","0.150273257245949"
"FBXO30","0.14942682866406"
"FBXO31","0.152545604916846"
"FBXO32","0.147993620329804"
"FBXO33","0.15006409725749"
"FBXO34","0.14878612410391"
"FBXO36","0.150736607615892"
"FBXO38","0.15000469862642"
"FBXO39","0.148691793837164"
"FBXO4","0.150044513028745"
"FBXO40","0.15006409725749"
"FBXO41","0.152211733072935"
"FBXO42","0.14942682866406"
"FBXO43","0.14947023677625"
"FBXO44","0.150318614785584"
"FBXO45","0.150587297614183"
"FBXO46","0.15099793893332"
"FBXO47","0.150587297614183"
"FBXO48","0.150544930057491"
"FBXO5","0.148733735155064"
"FBXO6","0.149978538549247"
"FBXO7","0.149981283449438"
"FBXO8","0.15006409725749"
"FBXO9","0.149303704256468"
"FBXW10","0.149978538549247"
"FBXW11","0.150433639887334"
"FBXW12","0.150736607615892"
"FBXW2","0.14958730259203"
"FBXW4","0.151187995427904"
"FBXW5","0.150433639887334"
"FBXW7","0.149096392024608"
"FBXW8","0.149830296369589"
"FBXW9","0.151850035124686"
"FCAMR","0.149521997602216"
"FCAR","0.150080901021576"
"FCER1A","0.15099793893332"
"FCER1G","0.149521997602216"
"FCER2","0.150242822210183"
"FCF1","0.150196880545414"
"FCGBP","0.14947023677625"
"FCGR1A","0.150914323120693"
"FCGR1B","0.149978538549247"
"FCGR2A","0.149898599555702"
"FCGR2B","0.150914323120693"
"FCGR3A","0.150931260040505"
"FCGR3B","0.15020174649453"
"FCGRT","0.150318614785584"
"FCHO1","0.14815875483173"
"FCHO2","0.149258293495324"
"FCHSD1","0.148410625220915"
"FCHSD2","0.150080901021576"
"FCMR","0.150318614785584"
"FCN1","0.15099793893332"
"FCN2","0.149303704256468"
"FCN3","0.14829460194108"
"FCRL1","0.148801655335098"
"FCRL2","0.149185633098353"
"FCRL3","0.150080901021576"
"FCRL4","0.15006409725749"
"FCRL5","0.150242822210183"
"FCRL6","0.14958730259203"
"FCRLA","0.149978538549247"
"FCRLB","0.149258293495324"
"FDCSP","0.150308738204148"
"FDFT1","0.150273257245949"
"FDPS","0.150273257245949"
"FDX1","0.150931260040505"
"FDX1L","0.151052024829053"
"FDXACB1","0.149801215981794"
"FDXR","0.150273257245949"
"FECH","0.15099793893332"
"FEM1A","0.15000469862642"
"FEM1B","0.151265208639504"
"FEM1C","0.149032026080974"
"FEN1","0.150433639887334"
"FENDRR","0.149521997602216"
"FER","0.149898599555702"
"FER1L5","0.150931260040505"
"FER1L6","0.150914323120693"
"FER1L6-AS2","0.149352409970181"
"FERMT1","0.149096392024608"
"FERMT2","0.150242822210183"
"FERMT3","0.149352409970181"
"FES","0.151850035124686"
"FETUB","0.150080901021576"
"FEV","0.148994823512219"
"FEZ1","0.150210097202981"
"FEZ2","0.150433639887334"
"FEZF1","0.150544930057491"
"FEZF1-AS1","0.15000469862642"
"FEZF2","0.151471952252113"
"FFAR1","0.150872929185641"
"FFAR2","0.149554391094294"
"FFAR3","0.150587297614183"
"FFAR4","0.150497461591435"
"FGA","0.149898599555702"
"FGB","0.15099793893332"
"FGD1","0.149352409970181"
"FGD2","0.151620423769085"
"FGD3","0.149801215981794"
"FGD4","0.150433639887334"
"FGD5","0.150931260040505"
"FGD5-AS1","0.151176889493154"
"FGD6","0.150318614785584"
"FGF1","0.150242822210183"
"FGF10","0.148691793837164"
"FGF10-AS1","0.149554391094294"
"FGF11","0.149521997602216"
"FGF12","0.150872929185641"
"FGF12-AS2","0.150044513028745"
"FGF12-AS3","0.15099793893332"
"FGF13","0.149898599555702"
"FGF13-AS1","0.15000469862642"
"FGF14","0.148060103275947"
"FGF14-AS2","0.149801215981794"
"FGF16","0.14739811412058"
"FGF17","0.152111030362174"
"FGF18","0.148205025446575"
"FGF19","0.150196880545414"
"FGF2","0.15000469862642"
"FGF20","0.14815875483173"
"FGF21","0.14958730259203"
"FGF22","0.14947023677625"
"FGF23","0.149554391094294"
"FGF3","0.149968845086649"
"FGF5","0.148801655335098"
"FGF7","0.151694166811804"
"FGF8","0.148733735155064"
"FGF9","0.150931260040505"
"FGFBP1","0.151471952252113"
"FGFBP2","0.14958730259203"
"FGFBP3","0.151620423769085"
"FGFR1","0.149554391094294"
"FGFR1OP","0.150242822210183"
"FGFR1OP2","0.149112843699437"
"FGFR2","0.151240396193915"
"FGFR3","0.149112843699437"
"FGFR4","0.14815875483173"
"FGFRL1","0.149801215981794"
"FGG","0.150242822210183"
"FGGY","0.149898599555702"
"FGL1","0.149978538549247"
"FGL2","0.150872929185641"
"FGR","0.148205025446575"
"FH","0.149096392024608"
"FHAD1","0.14942682866406"
"FHDC1","0.150497461591435"
"FHIT","0.150544930057491"
"FHL1","0.15099793893332"
"FHL2","0.147819096109599"
"FHL3","0.148994823512219"
"FHL5","0.149185633098353"
"FHOD1","0.147993620329804"
"FHOD3","0.151345530947563"
"FIBCD1","0.150497461591435"
"FIBIN","0.15020174649453"
"FIBP","0.150318614785584"
"FICD","0.149554391094294"
"FIG4","0.150242822210183"
"FIGF","0.14829460194108"
"FIGLA","0.150318614785584"
"FIGN","0.149303704256468"
"FIGNL1","0.150080901021576"
"FILIP1","0.148994823512219"
"FILIP1L","0.149898599555702"
"FIP1L1","0.149352409970181"
"FIRRE","0.148577888305801"
"FIS1","0.149096392024608"
"FITM1","0.150497461591435"
"FITM2","0.149898599555702"
"FIZ1","0.150044513028745"
"FJX1","0.147993620329804"
"FKBP10","0.149096392024608"
"FKBP11","0.149096392024608"
"FKBP14","0.149243094161663"
"FKBP15","0.148801655335098"
"FKBP1A","0.149554391094294"
"FKBP1B","0.14947023677625"
"FKBP1C","0.150497461591435"
"FKBP2","0.14942682866406"
"FKBP3","0.150242822210183"
"FKBP4","0.150080901021576"
"FKBP5","0.150433639887334"
"FKBP6","0.149258293495324"
"FKBP7","0.148801655335098"
"FKBP8","0.150872929185641"
"FKBP9","0.150506540943449"
"FKBPL","0.148801655335098"
"FKRP","0.150080901021576"
"FKTN","0.150273257245949"
"FLAD1","0.14815875483173"
"FLCN","0.15000469862642"
"FLG","0.150044513028745"
"FLG-AS1","0.147174349696315"
"FLG2","0.149978538549247"
"FLI1","0.148410625220915"
"FLII","0.149554391094294"
"FLJ12825","0.149096392024608"
"FLJ13224","0.14958730259203"
"FLJ16779","0.149898599555702"
"FLJ20021","0.149112843699437"
"FLJ21408","0.149112843699437"
"FLJ22447","0.149554391094294"
"FLJ22763","0.148060103275947"
"FLJ26245","0.149096392024608"
"FLJ27354","0.149801215981794"
"FLJ31104","0.151240396193915"
"FLJ31356","0.14947023677625"
"FLJ33360","0.150044513028745"
"FLJ35934","0.150044513028745"
"FLJ36000","0.149096392024608"
"FLJ37035","0.149096392024608"
"FLJ37453","0.150544930057491"
"FLJ37505","0.150080901021576"
"FLJ40288","0.149978538549247"
"FLJ41941","0.149521997602216"
"FLJ42969","0.15020174649453"
"FLJ43879","0.150318614785584"
"FLJ45079","0.150044513028745"
"FLJ46066","0.149521997602216"
"FLNA","0.150544930057491"
"FLNB","0.149554391094294"
"FLNB-AS1","0.150433639887334"
"FLNC","0.15006409725749"
"FLOT1","0.149303704256468"
"FLOT2","0.149258293495324"
"FLRT1","0.149112843699437"
"FLRT2","0.149258293495324"
"FLRT3","0.149554391094294"
"FLT1","0.149258293495324"
"FLT3","0.149258293495324"
"FLT3LG","0.15006409725749"
"FLT4","0.14942682866406"
"FLVCR1","0.147934167123947"
"FLVCR1-AS1","0.149185633098353"
"FLVCR2","0.149978538549247"
"FLYWCH1","0.150544930057491"
"FLYWCH2","0.152111030362174"
"FMN1","0.150080901021576"
"FMN2","0.149554391094294"
"FMNL1","0.150587297614183"
"FMNL2","0.149978538549247"
"FMNL3","0.149801215981794"
"FMO1","0.146896254347872"
"FMO2","0.149185633098353"
"FMO3","0.149801215981794"
"FMO4","0.149801215981794"
"FMO5","0.151176889493154"
"FMOD","0.149801215981794"
"FMR1","0.148060103275947"
"FMR1NB","0.149801215981794"
"FN1","0.149978538549247"
"FN3K","0.150242822210183"
"FN3KRP","0.149133574816101"
"FNBP1","0.150931260040505"
"FNBP1L","0.147819096109599"
"FNBP4","0.149303704256468"
"FNDC1","0.149185633098353"
"FNDC3A","0.149258293495324"
"FNDC3B","0.148801655335098"
"FNDC4","0.14947023677625"
"FNDC5","0.150242822210183"
"FNDC7","0.149096392024608"
"FNDC8","0.148060103275947"
"FNDC9","0.151694166811804"
"FNIP1","0.14815875483173"
"FNIP2","0.149258293495324"
"FNTA","0.150273257245949"
"FNTB","0.149514317221328"
"FO538757.2","0.148577888305801"
"FO538757.3","0.147819096109599"
"FOCAD","0.147993620329804"
"FOCAD-AS1","0.150080901021576"
"FOLH1","0.149112843699437"
"FOLR1","0.14942682866406"
"FOLR2","0.149112843699437"
"FOLR3","0.148994823512219"
"FOPNL","0.149258293495324"
"FOS","0.149096392024608"
"FOSB","0.14958730259203"
"FOSL1","0.14942682866406"
"FOSL2","0.14878612410391"
"FOXA1","0.150931260040505"
"FOXA2","0.147729380673663"
"FOXA3","0.14958730259203"
"FOXB1","0.149898599555702"
"FOXB2","0.152211733072935"
"FOXC1","0.150433639887334"
"FOXC2","0.151694166811804"
"FOXC2-AS1","0.150433639887334"
"FOXCUT","0.150544930057491"
"FOXD1","0.150914323120693"
"FOXD2","0.14958730259203"
"FOXD2-AS1","0.149303704256468"
"FOXD3","0.14815875483173"
"FOXD3-AS1","0.150080901021576"
"FOXD4","0.151265208639504"
"FOXD4L1","0.149978538549247"
"FOXD4L3","0.153003118879838"
"FOXD4L4","0.15020174649453"
"FOXD4L5","0.150497461591435"
"FOXD4L6","0.150736607615892"
"FOXE1","0.150273257245949"
"FOXE3","0.14947023677625"
"FOXF1","0.149898599555702"
"FOXF2","0.150273257245949"
"FOXG1","0.150931260040505"
"FOXG1-AS1","0.149898599555702"
"FOXH1","0.149352409970181"
"FOXI1","0.14739811412058"
"FOXI2","0.150242822210183"
"FOXI3","0.150736607615892"
"FOXJ1","0.149978538549247"
"FOXJ2","0.15020174649453"
"FOXJ3","0.149898599555702"
"FOXK1","0.151339558745746"
"FOXK2","0.14958730259203"
"FOXL1","0.150051130778958"
"FOXL2","0.149284550568698"
"FOXL2NB","0.14947023677625"
"FOXM1","0.148577888305801"
"FOXN1","0.149898599555702"
"FOXN2","0.148994823512219"
"FOXN3","0.15000469862642"
"FOXN3-AS1","0.149978538549247"
"FOXN3-AS2","0.150914323120693"
"FOXN4","0.15000469862642"
"FOXO1","0.15099793893332"
"FOXO3","0.149801215981794"
"FOXO4","0.150497461591435"
"FOXO6","0.149521997602216"
"FOXP1","0.150587297614183"
"FOXP1-AS1","0.152294256376387"
"FOXP2","0.14829460194108"
"FOXP3","0.150587297614183"
"FOXP4","0.150065728626307"
"FOXP4-AS1","0.149413510878753"
"FOXQ1","0.151620423769085"
"FOXR1","0.15020174649453"
"FOXR2","0.149554391094294"
"FOXRED1","0.150587297614183"
"FOXRED2","0.14878612410391"
"FOXS1","0.150931260040505"
"FP325317.1","0.149284550568698"
"FP325331.1","0.150544930057491"
"FPGS","0.14942682866406"
"FPGT","0.150914323120693"
"FPGT-TNNI3K","0.150242822210183"
"FPR1","0.150544930057491"
"FPR2","0.150587297614183"
"FPR3","0.150433639887334"
"FRA10AC1","0.15020174649453"
"FRAS1","0.149521997602216"
"FRAT1","0.149978538549247"
"FRAT2","0.150242822210183"
"FREM1","0.149303704256468"
"FREM2","0.150051130778958"
"FREM2-AS1","0.150497461591435"
"FREM3","0.149801215981794"
"FRG1","0.149449869806726"
"FRG2B","0.151265208639504"
"FRG2C","0.150497461591435"
"FRGCA","0.150497461591435"
"FRK","0.15020174649453"
"FRMD1","0.150544930057491"
"FRMD3","0.14958730259203"
"FRMD4A","0.151694166811804"
"FRMD4B","0.147819096109599"
"FRMD5","0.150273257245949"
"FRMD6","0.151471952252113"
"FRMD6-AS1","0.149554391094294"
"FRMD6-AS2","0.149303704256468"
"FRMD7","0.151694166811804"
"FRMD8","0.150736607615892"
"FRMPD1","0.148733735155064"
"FRMPD2","0.150872929185641"
"FRMPD3","0.150242822210183"
"FRMPD4","0.149898599555702"
"FRRS1","0.151694166811804"
"FRRS1L","0.150242822210183"
"FRS2","0.150872929185641"
"FRS3","0.150051130778958"
"FRY","0.150242822210183"
"FRY-AS1","0.15020174649453"
"FRYL","0.149801215981794"
"FRZB","0.149554391094294"
"FSBP","0.14911409054481"
"FSCB","0.15136795660796"
"FSCN1","0.15099793893332"
"FSCN2","0.15020174649453"
"FSCN3","0.150931260040505"
"FSD1","0.15099793893332"
"FSD1L","0.150318614785584"
"FSD2","0.14942682866406"
"FSHR","0.148733735155064"
"FSIP1","0.150318614785584"
"FSIP2","0.148801655335098"
"FSIP2-AS1","0.14958730259203"
"FST","0.150051130778958"
"FSTL1","0.150051130778958"
"FSTL3","0.14947023677625"
"FSTL4","0.149898599555702"
"FSTL5","0.149554391094294"
"FTCD","0.15136795660796"
"FTCD-AS1","0.149521997602216"
"FTCDNL1","0.149801215981794"
"FTH1","0.150587297614183"
"FTHL17","0.150433639887334"
"FTL","0.152211733072935"
"FTMT","0.151620423769085"
"FTO","0.150051130778958"
"FTSJ1","0.150931260040505"
"FTSJ2","0.150914323120693"
"FTSJ3","0.152241026360062"
"FTX","0.15136795660796"
"FUBP1","0.150497461591435"
"FUBP3","0.150080901021576"
"FUCA1","0.149133574816101"
"FUCA2","0.150497461591435"
"FUK","0.15020174649453"
"FUNDC1","0.151156121401672"
"FUNDC2","0.148410625220915"
"FUOM","0.150242822210183"
"FURIN","0.149978538549247"
"FUS","0.149898599555702"
"FUT1","0.149133574816101"
"FUT10","0.150242822210183"
"FUT11","0.149303704256468"
"FUT2","0.150433639887334"
"FUT3","0.150273257245949"
"FUT4","0.149303704256468"
"FUT5","0.15020174649453"
"FUT6","0.14947023677625"
"FUT7","0.15000469862642"
"FUT8","0.150872929185641"
"FUT8-AS1","0.149258293495324"
"FUT9","0.149303704256468"
"FUZ","0.150273257245949"
"FXN","0.149185633098353"
"FXR1","0.14942682866406"
"FXR2","0.151261615569067"
"FXYD1","0.150914323120693"
"FXYD2","0.149801215981794"
"FXYD3","0.149185633098353"
"FXYD4","0.150497461591435"
"FXYD5","0.150544930057491"
"FXYD6","0.15020174649453"
"FXYD6-FXYD2","0.14958730259203"
"FXYD7","0.151620423769085"
"FYB","0.14942682866406"
"FYCO1","0.151620423769085"
"FYN","0.151764826392835"
"FYTTD1","0.149801215981794"
"FZD1","0.151471952252113"
"FZD10","0.150051130778958"
"FZD2","0.148060103275947"
"FZD3","0.152294256376387"
"FZD4","0.147375988473605"
"FZD5","0.15000469862642"
"FZD6","0.149978538549247"
"FZD7","0.151471952252113"
"FZD8","0.149185633098353"
"FZD9","0.152111030362174"
"FZR1","0.151261615569067"
"G0S2","0.151764826392835"
"G2E3","0.149112533416977"
"G3BP1","0.150433639887334"
"G3BP2","0.14911409054481"
"G6PC","0.150931260040505"
"G6PC2","0.150736607615892"
"G6PC3","0.149898599555702"
"G6PD","0.150544930057491"
"GAA","0.149352409970181"
"GAB1","0.150318614785584"
"GAB2","0.152280268363481"
"GAB3","0.149133574816101"
"GABARAP","0.150242822210183"
"GABARAPL1","0.149898599555702"
"GABARAPL2","0.14911409054481"
"GABBR1","0.150497461591435"
"GABBR2","0.15099793893332"
"GABPA","0.14958730259203"
"GABPB1","0.152753291016986"
"GABPB1-AS1","0.150080901021576"
"GABPB2","0.150914323120693"
"GABRA1","0.150318614785584"
"GABRA2","0.150931260040505"
"GABRA3","0.149133574816101"
"GABRA4","0.151471952252113"
"GABRA5","0.14942682866406"
"GABRA6","0.150931260040505"
"GABRB1","0.150914323120693"
"GABRB2","0.150433639887334"
"GABRB3","0.150544930057491"
"GABRD","0.148691793837164"
"GABRE","0.150544930057491"
"GABRG1","0.149898599555702"
"GABRG2","0.148205025446575"
"GABRG3","0.15000469862642"
"GABRP","0.150080901021576"
"GABRQ","0.149554391094294"
"GABRR1","0.150433639887334"
"GABRR2","0.150497461591435"
"GABRR3","0.150273257245949"
"GACAT2","0.150242822210183"
"GACAT3","0.150736607615892"
"GAD1","0.150273257245949"
"GAD2","0.150242822210183"
"GADD45A","0.149521997602216"
"GADD45B","0.149801215981794"
"GADD45G","0.150433639887334"
"GADD45GIP1","0.149096392024608"
"GADL1","0.150587297614183"
"GAGE10","0.150544930057491"
"GAGE12E","0.150051130778958"
"GAGE12H","0.149133574816101"
"GAGE12J","0.150242822210183"
"GAGE13","0.14878612410391"
"GAGE2A","0.149898599555702"
"GAK","0.150051130778958"
"GAL","0.150318614785584"
"GAL3ST1","0.150587297614183"
"GAL3ST2","0.150736607615892"
"GAL3ST3","0.148410625220915"
"GAL3ST4","0.150050215812228"
"GALC","0.149898599555702"
"GALE","0.149096392024608"
"GALK1","0.150544930057491"
"GALK2","0.151261615569067"
"GALM","0.149801215981794"
"GALNS","0.150497461591435"
"GALNT1","0.148801655335098"
"GALNT10","0.150080901021576"
"GALNT11","0.152241026360062"
"GALNT12","0.14947023677625"
"GALNT13","0.150051130778958"
"GALNT14","0.148205025446575"
"GALNT15","0.149554391094294"
"GALNT16","0.149801215981794"
"GALNT18","0.148994823512219"
"GALNT2","0.152241026360062"
"GALNT3","0.150872929185641"
"GALNT4","0.149978538549247"
"GALNT5","0.14878612410391"
"GALNT6","0.14958730259203"
"GALNT7","0.149352409970181"
"GALNT8","0.15020174649453"
"GALNT9","0.149898599555702"
"GALNTL5","0.150914323120693"
"GALNTL6","0.150051130778958"
"GALP","0.150931260040505"
"GALR1","0.15020174649453"
"GALR2","0.15020174649453"
"GALR3","0.14942682866406"
"GALT","0.15136795660796"
"GAMT","0.151856255164083"
"GAN","0.152280268363481"
"GANAB","0.151176889493154"
"GANC","0.150433639887334"
"GAP43","0.152111030362174"
"GAPDH","0.150318614785584"
"GAPDHS","0.150273257245949"
"GAPLINC","0.150242822210183"
"GAPT","0.1509274469758"
"GAPVD1","0.151764826392835"
"GAR1","0.15136795660796"
"GAREM1","0.149554391094294"
"GAREM2","0.15000469862642"
"GARNL3","0.150433639887334"
"GARS","0.152134789076214"
"GART","0.150544930057491"
"GAS1","0.150080901021576"
"GAS1RR","0.15020174649453"
"GAS2","0.150051130778958"
"GAS2L1","0.14947023677625"
"GAS2L2","0.150587297614183"
"GAS2L3","0.151856255164083"
"GAS5-AS1","0.151261615569067"
"GAS6","0.152211733072935"
"GAS6-AS1","0.147451903206889"
"GAS6-AS2","0.152111030362174"
"GAS7","0.150914323120693"
"GAS8","0.15099793893332"
"GAS8-AS1","0.152753291016986"
"GAST","0.150587297614183"
"GATA1","0.152211733072935"
"GATA2","0.151339558745746"
"GATA2-AS1","0.149133471388614"
"GATA3","0.149112533416977"
"GATA3-AS1","0.149303704256468"
"GATA4","0.150931260040505"
"GATA5","0.150736607615892"
"GATA6","0.150318614785584"
"GATA6-AS1","0.15020174649453"
"GATAD1","0.150736607615892"
"GATAD2A","0.150242822210183"
"GATAD2B","0.14878612410391"
"GATB","0.150736607615892"
"GATC","0.150318614785584"
"GATM","0.150080901021576"
"GATM-AS1","0.152472850013927"
"GATS","0.150051130778958"
"GATSL2","0.149978538549247"
"GATSL3","0.150051130778958"
"GBA","0.150080901021576"
"GBA2","0.150931260040505"
"GBAS","0.150914323120693"
"GBE1","0.15099793893332"
"GBF1","0.149303704256468"
"GBGT1","0.150736607615892"
"GBP1","0.150497461591435"
"GBP2","0.150914323120693"
"GBP3","0.14942682866406"
"GBP4","0.150544930057491"
"GBP5","0.151339558745746"
"GBP6","0.14947023677625"
"GBP7","0.15136795660796"
"GBX1","0.150872929185641"
"GBX2","0.150914323120693"
"GC","0.151764826392835"
"GCA","0.150273257245949"
"GCAT","0.14942682866406"
"GCC1","0.151176889493154"
"GCC2","0.150872929185641"
"GCC2-AS1","0.149978538549247"
"GCDH","0.150433639887334"
"GCFC2","0.151339558745746"
"GCG","0.149554391094294"
"GCGR","0.150497461591435"
"GCH1","0.150914323120693"
"GCHFR","0.152111030362174"
"GCK","0.152280268363481"
"GCKR","0.15099793893332"
"GCLC","0.14947023677625"
"GCLM","0.152111030362174"
"GCM1","0.150544930057491"
"GCM2","0.149133471388614"
"GCN1","0.152294256376387"
"GCNT1","0.150736607615892"
"GCNT2","0.150497461591435"
"GCNT3","0.151856255164083"
"GCNT4","0.148994823512219"
"GCNT7","0.150497461591435"
"GCOM1","0.150433639887334"
"GCSAM","0.149352409970181"
"GCSAML","0.149133471388614"
"GCSAML-AS1","0.152416148431505"
"GCSH","0.150544930057491"
"GDA","0.15099793893332"
"GDAP1","0.150587297614183"
"GDAP1L1","0.152111030362174"
"GDAP2","0.151261615569067"
"GDE1","0.150587297614183"
"GDF10","0.150273257245949"
"GDF11","0.150544930057491"
"GDF15","0.152111030362174"
"GDF3","0.151471952252113"
"GDF5","0.150544930057491"
"GDF5OS","0.151176889493154"
"GDF6","0.152111030362174"
"GDF7","0.151339558745746"
"GDF9","0.15000469862642"
"GDI1","0.150544930057491"
"GDI2","0.150931260040505"
"GDNF","0.150272451954491"
"GDNF-AS1","0.149968845086649"
"GDPD1","0.152703006894826"
"GDPD2","0.150497461591435"
"GDPD3","0.152280268363481"
"GDPD4","0.152753291016986"
"GDPD5","0.151836656016625"
"GDPGP1","0.152294256376387"
"GEM","0.152907989620154"
"GEMIN2","0.151471952252113"
"GEMIN4","0.151261615569067"
"GEMIN5","0.151339558745746"
"GEMIN6","0.151836656016625"
"GEMIN7","0.150931260040505"
"GEMIN8","0.151176889493154"
"GEN1","0.151176889493154"
"GET4","0.153388399260997"
"GFAP","0.15099793893332"
"GFER","0.152211733072935"
"GFI1","0.150872929185641"
"GFI1B","0.150736607615892"
"GFM1","0.152241026360062"
"GFM2","0.149303704256468"
"GFOD1","0.150051130778958"
"GFOD1-AS1","0.152211733072935"
"GFOD2","0.149801215981794"
"GFPT1","0.150433639887334"
"GFPT2","0.149554391094294"
"GFRA1","0.150433639887334"
"GFRA2","0.150587297614183"
"GFRA3","0.150931260040505"
"GFRA4","0.151176889493154"
"GFRAL","0.15000469862642"
"GFY","0.151261615569067"
"GGA1","0.150931260040505"
"GGA2","0.150544930057491"
"GGA3","0.150587297614183"
"GGACT","0.150080901021576"
"GGCT","0.150736607615892"
"GGCX","0.150914323120693"
"GGH","0.150051130778958"
"GGN","0.14878612410391"
"GGNBP2","0.150051130778958"
"GGPS1","0.15020174649453"
"GGT1","0.150272451954491"
"GGT2","0.15136795660796"
"GGT5","0.152211733072935"
"GGT6","0.151261615569067"
"GGT7","0.150318614785584"
"GGTLC1","0.149352409970181"
"GGTLC2","0.150433639887334"
"GGTLC3","0.151622008548321"
"GH1","0.151656010185059"
"GH2","0.150051130778958"
"GHDC","0.150318614785584"
"GHET1","0.150544930057491"
"GHITM","0.150497461591435"
"GHR","0.152416148431505"
"GHRH","0.150051130778958"
"GHRHR","0.148801655335098"
"GHRL","0.151339558745746"
"GHRLOS","0.150544930057491"
"GHSR","0.150051130778958"
"GID4","0.152280268363481"
"GID8","0.152211733072935"
"GIF","0.147601929313462"
"GIGYF1","0.150080901021576"
"GIGYF2","0.149978538549247"
"GIMAP1","0.149413510878753"
"GIMAP2","0.151471952252113"
"GIMAP4","0.150497461591435"
"GIMAP5","0.150433639887334"
"GIMAP6","0.14947023677625"
"GIMAP7","0.150051130778958"
"GIMAP8","0.152294256376387"
"GIN1","0.15136795660796"
"GINM1","0.150196880545414"
"GINS1","0.150433639887334"
"GINS2","0.148994823512219"
"GINS3","0.150726669654993"
"GINS4","0.150318614785584"
"GIP","0.149352409970181"
"GIPC1","0.150544930057491"
"GIPC2","0.151261615569067"
"GIPC3","0.151261615569067"
"GIPR","0.151176889493154"
"GIT1","0.152294256376387"
"GIT2","0.149978538549247"
"GJA1","0.152472850013927"
"GJA3","0.150272451954491"
"GJA4","0.15020174649453"
"GJA5","0.151656010185059"
"GJA8","0.151836656016625"
"GJA9","0.152849838575851"
"GJB1","0.150051130778958"
"GJB2","0.151176889493154"
"GJB3","0.150272451954491"
"GJB4","0.152907989620154"
"GJB5","0.150318614785584"
"GJB6","0.152692595317676"
"GJB7","0.152211733072935"
"GJC1","0.150872929185641"
"GJC2","0.150433639887334"
"GJC3","0.149185633098353"
"GJD2","0.15020174649453"
"GJD3","0.152241026360062"
"GJD4","0.150272451954491"
"GK","0.149954340534749"
"GK-AS1","0.150726669654993"
"GK5","0.151261615569067"
"GKAP1","0.152505359774741"
"GKN1","0.152280268363481"
"GKN2","0.14958730259203"
"GLA","0.152472850013927"
"GLB1","0.15136795660796"
"GLB1L","0.15020174649453"
"GLB1L2","0.152874903262589"
"GLB1L3","0.153003118879838"
"GLCCI1","0.152416148431505"
"GLCE","0.150080901021576"
"GLDC","0.151656010185059"
"GLDN","0.150318614785584"
"GLE1","0.152703006894826"
"GLG1","0.151339558745746"
"GLI1","0.150931260040505"
"GLI2","0.149978538549247"
"GLI3","0.150726669654993"
"GLI4","0.152211733072935"
"GLIDR","0.151261615569067"
"GLIPR1","0.149978538549247"
"GLIPR1L1","0.149521997602216"
"GLIPR1L2","0.151836656016625"
"GLIPR2","0.151339558745746"
"GLIS1","0.150544930057491"
"GLIS2","0.152241026360062"
"GLIS2-AS1","0.151471952252113"
"GLIS3","0.149112533416977"
"GLIS3-AS1","0.151176889493154"
"GLMN","0.150914323120693"
"GLMP","0.149514317221328"
"GLO1","0.150726669654993"
"GLOD4","0.15099793893332"
"GLOD5","0.149898599555702"
"GLP1R","0.150433639887334"
"GLP2R","0.150497461591435"
"GLRA1","0.151656010185059"
"GLRA2","0.149521997602216"
"GLRA3","0.15136795660796"
"GLRB","0.148691793837164"
"GLRX","0.150497461591435"
"GLRX2","0.152505359774741"
"GLRX3","0.149185633098353"
"GLRX5","0.15136795660796"
"GLS","0.149554391094294"
"GLS2","0.152703006894826"
"GLT1D1","0.150872929185641"
"GLT8D1","0.149521997602216"
"GLT8D2","0.149978538549247"
"GLTP","0.15000469862642"
"GLTPD2","0.151261615569067"
"GLTSCR1","0.15136795660796"
"GLTSCR1-AS1","0.150051130778958"
"GLTSCR1L","0.151339558745746"
"GLTSCR2","0.149554391094294"
"GLTSCR2-AS1","0.150497461591435"
"GLUD1","0.149258293495324"
"GLUD2","0.149521997602216"
"GLUL","0.150272451954491"
"GLYAT","0.151836656016625"
"GLYATL1","0.1509274469758"
"GLYATL1P3","0.152058692146168"
"GLYATL2","0.151261615569067"
"GLYATL3","0.152170528286892"
"GLYCTK","0.150272451954491"
"GLYR1","0.151656010185059"
"GM140","0.14942682866406"
"GM2A","0.151339558745746"
"GMCL1","0.15099793893332"
"GMDS","0.152907989620154"
"GMDS-AS1","0.150497461591435"
"GMEB1","0.152753291016986"
"GMEB2","0.150433639887334"
"GMFB","0.150931260040505"
"GMFG","0.150726669654993"
"GMIP","0.14947023677625"
"GML","0.150726669654993"
"GMNC","0.150872929185641"
"GMNN","0.151176889493154"
"GMPPA","0.151656010185059"
"GMPPB","0.14947023677625"
"GMPR","0.150272451954491"
"GMPR2","0.150318614785584"
"GMPS","0.150726669654993"
"GNA11","0.152786066317799"
"GNA12","0.150233792113212"
"GNA13","0.14947023677625"
"GNA14","0.152518970381734"
"GNA14-AS1","0.14958730259203"
"GNA15","0.150914323120693"
"GNAI1","0.14958730259203"
"GNAI2","0.152294256376387"
"GNAI3","0.15020174649453"
"GNAL","0.152472850013927"
"GNAO1","0.150433639887334"
"GNAQ","0.150433639887334"
"GNAS","0.149352409970181"
"GNAS-AS1","0.150886134660082"
"GNAT1","0.152505359774741"
"GNAT2","0.150497461591435"
"GNAT3","0.150497461591435"
"GNAZ","0.151345530947563"
"GNB1","0.150726669654993"
"GNB1L","0.150914323120693"
"GNB2","0.150051130778958"
"GNB2L1","0.150080901021576"
"GNB3","0.152058692146168"
"GNB4","0.149801215981794"
"GNB5","0.150497461591435"
"GNE","0.150544930057491"
"GNG10","0.14947023677625"
"GNG11","0.150931260040505"
"GNG12","0.150497461591435"
"GNG12-AS1","0.150272451954491"
"GNG13","0.150914323120693"
"GNG2","0.150080901021576"
"GNG3","0.150726669654993"
"GNG4","0.15020174649453"
"GNG5","0.150433639887334"
"GNG7","0.150080901021576"
"GNG8","0.149801215981794"
"GNGT1","0.150726669654993"
"GNGT2","0.150914323120693"
"GNL1","0.149801215981794"
"GNL2","0.150497461591435"
"GNL3","0.150914323120693"
"GNL3L","0.151656010185059"
"GNLY","0.148733735155064"
"GNMT","0.151261615569067"
"GNPAT","0.151836656016625"
"GNPDA1","0.148577888305801"
"GNPDA2","0.152294256376387"
"GNPNAT1","0.152547138315625"
"GNPTAB","0.151471952252113"
"GNPTG","0.149898599555702"
"GNRH1","0.149801215981794"
"GNRH2","0.150872929185641"
"GNS","0.151334864752076"
"GOLGA1","0.14878612410391"
"GOLGA2","0.149801215981794"
"GOLGA3","0.150065728626307"
"GOLGA4","0.152233106788715"
"GOLGA5","0.152211733072935"
"GOLGA6A","0.14947023677625"
"GOLGA6B","0.15099793893332"
"GOLGA6D","0.150080901021576"
"GOLGA6L1","0.152472850013927"
"GOLGA6L10","0.149968845086649"
"GOLGA6L2","0.150433639887334"
"GOLGA6L22","0.15000469862642"
"GOLGA6L4","0.150914323120693"
"GOLGA6L6","0.152241026360062"
"GOLGA6L9","0.149554391094294"
"GOLGA7","0.149303704256468"
"GOLGA7B","0.151339558745746"
"GOLGA8A","0.150433639887334"
"GOLGA8B","0.150872929185641"
"GOLGA8G","0.149898599555702"
"GOLGA8H","0.150872929185641"
"GOLGA8K","0.149133471388614"
"GOLGA8M","0.149521997602216"
"GOLGA8N","0.152505359774741"
"GOLGA8O","0.148711078950933"
"GOLGA8Q","0.150931260040505"
"GOLGA8R","0.150433639887334"
"GOLGA8S","0.150914323120693"
"GOLGB1","0.150931260040505"
"GOLIM4","0.150914323120693"
"GOLM1","0.148205025446575"
"GOLPH3","0.150931260040505"
"GOLPH3L","0.150080901021576"
"GOLT1A","0.15136795660796"
"GOLT1B","0.150272451954491"
"GON4L","0.151471952252113"
"GOPC","0.150497461591435"
"GORAB","0.150544930057491"
"GORASP1","0.150726669654993"
"GORASP2","0.150544930057491"
"GOSR1","0.150051130778958"
"GOSR2","0.150497461591435"
"GOT1","0.149303704256468"
"GOT1L1","0.150914323120693"
"GOT2","0.150433639887334"
"GP1BA","0.15000469862642"
"GP2","0.151339558745746"
"GP5","0.150914323120693"
"GP6","0.150433639887334"
"GP9","0.150433639887334"
"GPA33","0.14958730259203"
"GPAA1","0.152472850013927"
"GPALPP1","0.150433639887334"
"GPAM","0.151176889493154"
"GPANK1","0.150065728626307"
"GPAT2","0.149185633098353"
"GPAT3","0.149554391094294"
"GPAT4","0.150318614785584"
"GPATCH1","0.149978538549247"
"GPATCH11","0.149096392024608"
"GPATCH2","0.150726669654993"
"GPATCH2L","0.14947023677625"
"GPATCH3","0.149258293495324"
"GPATCH4","0.150433639887334"
"GPATCH8","0.149521997602216"
"GPBAR1","0.151471952252113"
"GPBP1","0.150272451954491"
"GPBP1L1","0.15000469862642"
"GPC1","0.151471952252113"
"GPC2","0.149801215981794"
"GPC3","0.150080901021576"
"GPC4","0.151176889493154"
"GPC5","0.150051130778958"
"GPC5-AS1","0.150497461591435"
"GPC6","0.151622008548321"
"GPCPD1","0.15136795660796"
"GPD1","0.146599116655906"
"GPD1L","0.15136795660796"
"GPD2","0.149978538549247"
"GPER1","0.14815875483173"
"GPHA2","0.14947023677625"
"GPHN","0.150272451954491"
"GPI","0.151836656016625"
"GPIHBP1","0.149898599555702"
"GPKOW","0.150272451954491"
"GPLD1","0.15136795660796"
"GPM6A","0.149352409970181"
"GPM6B","0.149554391094294"
"GPN1","0.148994823512219"
"GPN2","0.151471952252113"
"GPN3","0.149185633098353"
"GPNMB","0.149185633098353"
"GPR1","0.149112533416977"
"GPR107","0.150931260040505"
"GPR108","0.149352409970181"
"GPR12","0.150050215812228"
"GPR132","0.150318614785584"
"GPR135","0.152547138315625"
"GPR137","0.14878612410391"
"GPR137B","0.151836656016625"
"GPR137C","0.149303704256468"
"GPR141","0.148382958925022"
"GPR142","0.149132224543242"
"GPR143","0.149978538549247"
"GPR146","0.149258293495324"
"GPR149","0.149554391094294"
"GPR15","0.149258293495324"
"GPR150","0.150914323120693"
"GPR152","0.149303704256468"
"GPR153","0.14878612410391"
"GPR155","0.151176889493154"
"GPR156","0.149112533416977"
"GPR157","0.149898599555702"
"GPR158","0.151471952252113"
"GPR158-AS1","0.151622008548321"
"GPR160","0.150433639887334"
"GPR161","0.149554391094294"
"GPR162","0.15136795660796"
"GPR17","0.148130348230969"
"GPR171","0.14979221215037"
"GPR173","0.149521997602216"
"GPR174","0.147451903206889"
"GPR176","0.150726669654993"
"GPR179","0.15000469862642"
"GPR18","0.149352409970181"
"GPR180","0.149830296369589"
"GPR182","0.150249578698047"
"GPR183","0.150544930057491"
"GPR19","0.14942682866406"
"GPR20","0.150433639887334"
"GPR21","0.150133126725197"
"GPR22","0.151339558745746"
"GPR25","0.150544930057491"
"GPR26","0.14687088676774"
"GPR27","0.150318614785584"
"GPR3","0.149968845086649"
"GPR31","0.149133471388614"
"GPR34","0.149352409970181"
"GPR35","0.14942682866406"
"GPR37","0.149303704256468"
"GPR37L1","0.148994823512219"
"GPR39","0.150318614785584"
"GPR4","0.148130348230969"
"GPR42","0.150249578698047"
"GPR50","0.148691793837164"
"GPR50-AS1","0.150726669654993"
"GPR52","0.151261615569067"
"GPR55","0.149554391094294"
"GPR6","0.149801215981794"
"GPR61","0.150714115980997"
"GPR62","0.149185633098353"
"GPR63","0.149413510878753"
"GPR65","0.14947023677625"
"GPR68","0.15136795660796"
"GPR75","0.151339558745746"
"GPR78","0.150249578698047"
"GPR82","0.149801215981794"
"GPR83","0.149352409970181"
"GPR84","0.150433639887334"
"GPR85","0.14942682866406"
"GPR87","0.149352409970181"
"GPR88","0.15000469862642"
"GPR89A","0.148382958925022"
"GPR89B","0.150931260040505"
"GPRASP1","0.149554391094294"
"GPRASP2","0.150249578698047"
"GPRC5A","0.148733735155064"
"GPRC5B","0.14878612410391"
"GPRC5C","0.150872929185641"
"GPRC5D","0.15000469862642"
"GPRC6A","0.149521997602216"
"GPRIN1","0.149096392024608"
"GPRIN2","0.15000469862642"
"GPRIN3","0.149352409970181"
"GPS1","0.14942682866406"
"GPS2","0.15099793893332"
"GPSM1","0.150249578698047"
"GPSM2","0.149978538549247"
"GPSM3","0.15000469862642"
"GPT","0.150249578698047"
"GPT2","0.14958730259203"
"GPX1","0.150726669654993"
"GPX2","0.149352409970181"
"GPX3","0.149521997602216"
"GPX4","0.149898599555702"
"GPX5","0.149258293495324"
"GPX6","0.149898599555702"
"GPX7","0.151656010185059"
"GPX8","0.14958730259203"
"GRAMD1A","0.14947023677625"
"GRAMD1B","0.151471952252113"
"GRAMD1C","0.150497461591435"
"GRAMD2","0.150318614785584"
"GRAMD3","0.150080901021576"
"GRAMD4","0.149978538549247"
"GRAP","0.151339558745746"
"GRAP2","0.150051130778958"
"GRAPL","0.149898599555702"
"GRASP","0.151884669095251"
"GRB10","0.152547138315625"
"GRB14","0.14958730259203"
"GRB2","0.149147436095229"
"GRB7","0.149303704256468"
"GREB1","0.15136795660796"
"GREB1L","0.149554391094294"
"GREM1","0.149140872386474"
"GREM2","0.14942682866406"
"GRHL1","0.15099793893332"
"GRHL2","0.149978538549247"
"GRHL3","0.151622008548321"
"GRHPR","0.149032026080974"
"GRIA1","0.150872929185641"
"GRIA2","0.152211733072935"
"GRIA3","0.152060182387247"
"GRIA4","0.14947023677625"
"GRID1","0.150714115980997"
"GRID2","0.150544930057491"
"GRID2IP","0.150133126725197"
"GRIK1","0.149147436095229"
"GRIK1-AS1","0.152518970381734"
"GRIK2","0.149554391094294"
"GRIK3","0.149978538549247"
"GRIK4","0.149521997602216"
"GRIK5","0.149258293495324"
"GRIN1","0.149898599555702"
"GRIN2A","0.150914323120693"
"GRIN2B","0.14947023677625"
"GRIN2C","0.151841126739863"
"GRIN2D","0.150931260040505"
"GRIN3A","0.150433639887334"
"GRIN3B","0.150872929185641"
"GRINA","0.149112533416977"
"GRIP1","0.150318614785584"
"GRIP2","0.152416148431505"
"GRIPAP1","0.149521997602216"
"GRK1","0.150133126725197"
"GRK4","0.151656010185059"
"GRK5","0.152416148431505"
"GRK6","0.150051130778958"
"GRK7","0.152547138315625"
"GRM1","0.148733735155064"
"GRM2","0.14942682866406"
"GRM3","0.14942682866406"
"GRM4","0.150726669654993"
"GRM5","0.152753291016986"
"GRM5-AS1","0.149978538549247"
"GRM6","0.151471952252113"
"GRM7","0.150497461591435"
"GRM7-AS1","0.15046306221954"
"GRM7-AS3","0.150497461591435"
"GRM8","0.152703006894826"
"GRN","0.151471952252113"
"GRP","0.150544930057491"
"GRPEL1","0.150497461591435"
"GRPEL2","0.150080901021576"
"GRPEL2-AS1","0.150051130778958"
"GRPR","0.15099793893332"
"GRSF1","0.150133126725197"
"GRTP1","0.14958730259203"
"GRTP1-AS1","0.149898599555702"
"GRWD1","0.14878612410391"
"GRXCR1","0.151261615569067"
"GS1-114I9.1","0.150433639887334"
"GS1-114I9.3","0.150914323120693"
"GS1-120K12.4","0.151339558745746"
"GS1-124K5.11","0.150914323120693"
"GS1-124K5.3","0.14947023677625"
"GS1-124K5.4","0.152280268363481"
"GS1-166A23.1","0.150497461591435"
"GS1-166A23.2","0.148691793837164"
"GS1-174L6.4","0.150433639887334"
"GS1-204I12.4","0.149801215981794"
"GS1-24F4.2","0.150497461591435"
"GS1-256O22.5","0.152214783592525"
"GS1-259H13.13","0.150318614785584"
"GS1-259H13.2","0.1509274469758"
"GS1-279B7.1","0.150872929185641"
"GS1-279B7.2","0.151841126739863"
"GS1-293C5.1","0.150872929185641"
"GS1-304P7.3","0.152170528286892"
"GS1-393G12.13","0.150080901021576"
"GS1-393G12.14","0.149898599555702"
"GS1-39E22.2","0.149303704256468"
"GS1-519E5.1","0.14942682866406"
"GS1-57L11.1","0.150544930057491"
"GS1-590J6.3","0.150726669654993"
"GS1-594A7.3","0.152241026360062"
"GS1-600G8.5","0.15136795660796"
"GS1-72M22.1","0.152294256376387"
"GSAP","0.150285059656246"
"GSC","0.152197125917666"
"GSDMA","0.149554391094294"
"GSDMB","0.149352409970181"
"GSDMC","0.146811117242957"
"GSDMD","0.150433639887334"
"GSE1","0.149898599555702"
"GSG1","0.150051130778958"
"GSG1L","0.151176889493154"
"GSG2","0.151656010185059"
"GSK3A","0.152786066317799"
"GSK3B","0.150133126725197"
"GSKIP","0.15136795660796"
"GSN","0.15000469862642"
"GSN-AS1","0.152197125917666"
"GSPT1","0.150931260040505"
"GSPT2","0.150931260040505"
"GSR","0.150133126725197"
"GSS","0.150544930057491"
"GSTA1","0.150497461591435"
"GSTA2","0.152786066317799"
"GSTA3","0.15201514979078"
"GSTA4","0.152197125917666"
"GSTA5","0.150544930057491"
"GSTCD","0.149521997602216"
"GSTK1","0.151156121401672"
"GSTM1","0.150931260040505"
"GSTM2","0.150872929185641"
"GSTM3","0.149978538549247"
"GSTM4","0.150497461591435"
"GSTM5","0.150726669654993"
"GSTO1","0.149898599555702"
"GSTO2","0.151471952252113"
"GSTP1","0.152472850013927"
"GSTT2B","0.151841126739863"
"GSTZ1","0.149352409970181"
"GSX1","0.150051130778958"
"GSX2","0.151176889493154"
"GTDC1","0.150931260040505"
"GTF2A1","0.151339558745746"
"GTF2A1L","0.148577888305801"
"GTF2A2","0.149352409970181"
"GTF2B","0.150850336760579"
"GTF2E1","0.151339558745746"
"GTF2E2","0.152170528286892"
"GTF2F1","0.152170528286892"
"GTF2F2","0.151176889493154"
"GTF2H1","0.150544930057491"
"GTF2H2","0.151261615569067"
"GTF2H2C","0.150544930057491"
"GTF2H3","0.150433639887334"
"GTF2H4","0.152214783592525"
"GTF2H5","0.149801215981794"
"GTF2I","0.15099793893332"
"GTF2IRD1","0.150133126725197"
"GTF2IRD2","0.15000469862642"
"GTF2IRD2B","0.152283550565889"
"GTF3A","0.14918810009764"
"GTF3C1","0.151656010185059"
"GTF3C2","0.150850336760579"
"GTF3C2-AS1","0.151261615569067"
"GTF3C3","0.150318614785584"
"GTF3C4","0.151339558745746"
"GTF3C5","0.152472850013927"
"GTF3C6","0.151841126739863"
"GTPBP1","0.149801215981794"
"GTPBP10","0.150931260040505"
"GTPBP2","0.151841126739863"
"GTPBP3","0.150544930057491"
"GTPBP4","0.152170528286892"
"GTPBP6","0.150080901021576"
"GTPBP8","0.150421812901268"
"GTSCR1","0.152241026360062"
"GTSE1","0.151841126739863"
"GTSE1-AS1","0.15000469862642"
"GTSF1","0.150318614785584"
"GTSF1L","0.152436306411338"
"GUCA1A","0.152472850013927"
"GUCA1B","0.150544930057491"
"GUCA1C","0.151656010185059"
"GUCA2A","0.151471952252113"
"GUCA2B","0.152518970381734"
"GUCD1","0.150497461591435"
"GUCY1A2","0.14918810009764"
"GUCY1A3","0.150318614785584"
"GUCY1B3","0.150133126725197"
"GUCY2C","0.152505359774741"
"GUCY2D","0.150931260040505"
"GUCY2F","0.152294256376387"
"GUF1","0.150433639887334"
"GUK1","0.152241026360062"
"GULP1","0.152197125917666"
"GUSB","0.151176889493154"
"GVQW1","0.150726669654993"
"GVQW2","0.151656010185059"
"GXYLT1","0.151471952252113"
"GXYLT2","0.149801215981794"
"GYG1","0.150433639887334"
"GYG2","0.152214783592525"
"GYG2-AS1","0.150931260040505"
"GYLTL1B","0.152170528286892"
"GYPA","0.150433639887334"
"GYPB","0.151176889493154"
"GYPC","0.150497461591435"
"GYPE","0.151176889493154"
"GYS1","0.149361364996685"
"GYS2","0.151261615569067"
"GZF1","0.150544930057491"
"GZMA","0.15000469862642"
"GZMB","0.150544930057491"
"GZMH","0.150544930057491"
"GZMK","0.151176889493154"
"GZMM","0.151729415261966"
"H1F0","0.15099793893332"
"H1FNT","0.150433639887334"
"H1FOO","0.150497461591435"
"H1FX","0.150726669654993"
"H1FX-AS1","0.152241026360062"
"H2AFB1","0.150793941452744"
"H2AFB3","0.151848922177032"
"H2AFJ","0.151729415261966"
"H2AFV","0.151176889493154"
"H2AFX","0.151339558745746"
"H2AFY","0.150544930057491"
"H2AFY2","0.151729415261966"
"H2AFZ","0.15099793893332"
"H2BFM","0.150133126725197"
"H2BFS","0.150249578698047"
"H2BFWT","0.152294256376387"
"H3F3A","0.151848922177032"
"H3F3B","0.152214783592525"
"H3F3C","0.150914323120693"
"H6PD","0.150249578698047"
"HAAO","0.150931260040505"
"HABP2","0.150080901021576"
"HABP4","0.152436306411338"
"HACD1","0.152041032006127"
"HACD2","0.151471952252113"
"HACD3","0.152294256376387"
"HACD4","0.150726669654993"
"HACE1","0.150421812901268"
"HACL1","0.152857239864741"
"HADH","0.151176889493154"
"HADHA","0.152111806610513"
"HADHB","0.152294256376387"
"HAGH","0.149801215981794"
"HAGHL","0.149898599555702"
"HAGLR","0.15000469862642"
"HAGLROS","0.15099793893332"
"HAL","0.149801215981794"
"HAMP","0.152111806610513"
"HAND1","0.152753291016986"
"HAND2","0.150133126725197"
"HAND2-AS1","0.150726669654993"
"HAO1","0.151176889493154"
"HAO2","0.150051130778958"
"HAP1","0.150726669654993"
"HAPLN1","0.150080901021576"
"HAPLN2","0.149830296369589"
"HAPLN3","0.149968845086649"
"HAPLN4","0.150895353118225"
"HAR1A","0.150850336760579"
"HAR1B","0.149521997602216"
"HARBI1","0.151729415261966"
"HARS","0.152197125917666"
"HARS2","0.150421812901268"
"HAS1","0.152280268363481"
"HAS2","0.15099793893332"
"HAS2-AS1","0.150726669654993"
"HAS3","0.152518970381734"
"HAT1","0.14958730259203"
"HAUS1","0.151176889493154"
"HAUS2","0.150931260040505"
"HAUS3","0.15099793893332"
"HAUS4","0.151471952252113"
"HAUS5","0.152786066317799"
"HAUS6","0.152505359774741"
"HAUS7","0.149554391094294"
"HAUS8","0.150872929185641"
"HAVCR1","0.150421812901268"
"HAVCR2","0.15136795660796"
"HAX1","0.14947023677625"
"HBA1","0.151471952252113"
"HBA2","0.15000469862642"
"HBB","0.149978538549247"
"HBD","0.14958730259203"
"HBE1","0.150421812901268"
"HBEGF","0.152197125917666"
"HBG1","0.152041032006127"
"HBG2","0.151447535857777"
"HBM","0.151261615569067"
"HBP1","0.15000469862642"
"HBQ1","0.150249578698047"
"HBS1L","0.150726669654993"
"HBZ","0.15099793893332"
"HCAR1","0.149898599555702"
"HCAR2","0.152197125917666"
"HCAR3","0.15136795660796"
"HCCAT5","0.150793941452744"
"HCCS","0.152727322875865"
"HCFC1","0.152170528286892"
"HCFC1-AS1","0.14947023677625"
"HCFC1R1","0.149521997602216"
"HCFC2","0.14918810009764"
"HCG11","0.151848922177032"
"HCG14","0.15099793893332"
"HCG15","0.150133126725197"
"HCG16","0.14942682866406"
"HCG17","0.150133126725197"
"HCG18","0.149801215981794"
"HCG20","0.149361364996685"
"HCG2040054","0.150931260040505"
"HCG21","0.150931260040505"
"HCG22","0.150080901021576"
"HCG23","0.150497461591435"
"HCG24","0.15038825777193"
"HCG25","0.150914323120693"
"HCG27","0.149096392024608"
"HCG9","0.150249578698047"
"HCK","0.150051130778958"
"HCLS1","0.150497461591435"
"HCN1","0.149554391094294"
"HCN2","0.152170528286892"
"HCN3","0.14958730259203"
"HCN4","0.150726669654993"
"HCP5B","0.147934167123947"
"HCRT","0.15099793893332"
"HCRTR1","0.14942682866406"
"HCRTR2","0.149303704256468"
"HCST","0.149339321693774"
"HDAC1","0.150421812901268"
"HDAC10","0.149330569335982"
"HDAC11","0.152197125917666"
"HDAC11-AS1","0.150850336760579"
"HDAC2","0.149521997602216"
"HDAC3","0.149303704256468"
"HDAC4","0.150726669654993"
"HDAC5","0.14942682866406"
"HDAC6","0.15099793893332"
"HDAC7","0.14958730259203"
"HDAC8","0.150914323120693"
"HDAC9","0.150051130778958"
"HDC","0.150931260040505"
"HDDC2","0.151339558745746"
"HDDC3","0.151471952252113"
"HDGF","0.150895353118225"
"HDGFL1","0.149361364996685"
"HDHD2","0.152436306411338"
"HDHD3","0.150931260040505"
"HDLBP","0.149898599555702"
"HDX","0.149303704256468"
"HEATR1","0.148577888305801"
"HEATR3","0.151471952252113"
"HEATR4","0.149112533416977"
"HEATR5A","0.150051130778958"
"HEATR5B","0.150895353118225"
"HEATR6","0.152280268363481"
"HEATR9","0.150249578698047"
"HEBP1","0.149147436095229"
"HEBP2","0.15099793893332"
"HECA","0.15000469862642"
"HECTD1","0.150497461591435"
"HECTD2","0.151729415261966"
"HECTD3","0.15000469862642"
"HECTD4","0.151261615569067"
"HECW1","0.152241026360062"
"HECW2","0.15000469862642"
"HEG1","0.15000469862642"
"HELB","0.150850336760579"
"HELLS","0.149554391094294"
"HELQ","0.152003794846828"
"HELT","0.150497461591435"
"HELZ","0.151729415261966"
"HELZ2","0.152241026360062"
"HEMGN","0.149898599555702"
"HEMK1","0.150497461591435"
"HENMT1","0.152170528286892"
"HEPACAM","0.150249578698047"
"HEPACAM2","0.151656010185059"
"HEPH","0.149339321693774"
"HEPHL1","0.149258293495324"
"HEPN1","0.149554391094294"
"HERC1","0.149978538549247"
"HERC2","0.150249578698047"
"HERC3","0.152170528286892"
"HERC4","0.152111806610513"
"HERC5","0.152214783592525"
"HERC6","0.148577888305801"
"HERPUD1","0.150850336760579"
"HERPUD2","0.15038825777193"
"HES1","0.150249578698047"
"HES2","0.151176889493154"
"HES4","0.150850336760579"
"HES5","0.151471952252113"
"HES6","0.14958730259203"
"HES7","0.152197125917666"
"HESX1","0.152197125917666"
"HEXA","0.149981283449438"
"HEXA-AS1","0.152753291016986"
"HEXB","0.150497461591435"
"HEXDC","0.152505359774741"
"HEXIM1","0.150497461591435"
"HEXIM2","0.15012826077608"
"HEY1","0.148994753166"
"HEY2","0.149258293495324"
"HEYL","0.151261615569067"
"HFE","0.151176889493154"
"HFE2","0.152628964437113"
"HFM1","0.152041032006127"
"HGD","0.150421812901268"
"HGF","0.15099793893332"
"HGFAC","0.15136795660796"
"HGH1","0.152170528286892"
"HGS","0.150895353118225"
"HGSNAT","0.15012826077608"
"HHAT","0.15000469862642"
"HHATL","0.151848922177032"
"HHATL-AS1","0.151656010185059"
"HHEX","0.151848922177032"
"HHIP","0.150914323120693"
"HHIP-AS1","0.15099793893332"
"HHIPL1","0.151339558745746"
"HHIPL2","0.150249578698047"
"HHLA1","0.149801215981794"
"HHLA2","0.150249578698047"
"HHLA3","0.150249578698047"
"HIBADH","0.150726669654993"
"HIBCH","0.150421812901268"
"HIC1","0.150497461591435"
"HIC2","0.15136795660796"
"HID1","0.152241026360062"
"HID1-AS1","0.151261615569067"
"HIF1A","0.150914323120693"
"HIF1A-AS1","0.152214783592525"
"HIF1A-AS2","0.150914323120693"
"HIF1AN","0.15136795660796"
"HIF3A","0.150850336760579"
"HIGD1A","0.150914323120693"
"HIGD1B","0.151345530947563"
"HIGD1C","0.149898599555702"
"HIGD2A","0.149096392024608"
"HIGD2B","0.150544930057491"
"HILPDA","0.150497461591435"
"HINFP","0.149898599555702"
"HINT1","0.150497461591435"
"HINT2","0.150895353118225"
"HINT3","0.150421812901268"
"HIP1","0.15000469862642"
"HIP1R","0.151339558745746"
"HIPK1","0.15136795660796"
"HIPK1-AS1","0.149898599555702"
"HIPK2","0.152962745083266"
"HIPK3","0.149554391094294"
"HIPK4","0.149978538549247"
"HIRA","0.15000469862642"
"HIRIP3","0.149978538549247"
"HIST1H1A","0.150421812901268"
"HIST1H1B","0.152355824383354"
"HIST1H1C","0.152214783592525"
"HIST1H1D","0.150931260040505"
"HIST1H1E","0.151471952252113"
"HIST1H1T","0.150051130778958"
"HIST1H2AA","0.150421812901268"
"HIST1H2AB","0.149258293495324"
"HIST1H2AC","0.150544930057491"
"HIST1H2AD","0.150914323120693"
"HIST1H2AE","0.151328892550259"
"HIST1H2AG","0.150726669654993"
"HIST1H2AH","0.15099793893332"
"HIST1H2AI","0.151656010185059"
"HIST1H2AJ","0.152197125917666"
"HIST1H2AK","0.151729415261966"
"HIST1H2AL","0.152280268363481"
"HIST1H2AM","0.15000469862642"
"HIST1H2BA","0.14958730259203"
"HIST1H2BB","0.150497461591435"
"HIST1H2BC","0.152214783592525"
"HIST1H2BD","0.152170528286892"
"HIST1H2BE","0.149978538549247"
"HIST1H2BF","0.150497461591435"
"HIST1H2BG","0.149096392024608"
"HIST1H2BH","0.149361364996685"
"HIST1H2BI","0.150051130778958"
"HIST1H2BJ","0.151729415261966"
"HIST1H2BK","0.150544930057491"
"HIST1H2BL","0.150895353118225"
"HIST1H2BM","0.151339558745746"
"HIST1H2BN","0.149978538549247"
"HIST1H2BO","0.150249578698047"
"HIST1H3A","0.152214783592525"
"HIST1H3B","0.152509959971078"
"HIST1H3C","0.150544930057491"
"HIST1H3E","0.14958730259203"
"HIST1H3F","0.151176889493154"
"HIST1H3G","0.150051130778958"
"HIST1H3H","0.151471952252113"
"HIST1H3I","0.14958730259203"
"HIST1H3J","0.15000469862642"
"HIST1H4A","0.152241026360062"
"HIST1H4B","0.15000469862642"
"HIST1H4C","0.150931260040505"
"HIST1H4D","0.15099793893332"
"HIST1H4E","0.152111806610513"
"HIST1H4F","0.149147436095229"
"HIST1H4H","0.152241026360062"
"HIST1H4I","0.151729415261966"
"HIST1H4J","0.15012826077608"
"HIST1H4L","0.150497461591435"
"HIST2H2AA3","0.151261615569067"
"HIST2H2AA4","0.151176889493154"
"HIST2H2AB","0.149339321693774"
"HIST2H2AC","0.149339321693774"
"HIST2H2BE","0.15012826077608"
"HIST2H2BF","0.149096392024608"
"HIST2H3A","0.151656010185059"
"HIST2H3D","0.150497461591435"
"HIST2H3PS2","0.149978538549247"
"HIST2H4A","0.149801215981794"
"HIST2H4B","0.150544930057491"
"HIST3H2A","0.14958730259203"
"HIST3H2BB","0.149339321693774"
"HIST4H4","0.15136795660796"
"HIVEP1","0.149898599555702"
"HIVEP2","0.149521997602216"
"HIVEP3","0.151176889493154"
"HJURP","0.150421812901268"
"HK1","0.149147436095229"
"HK2","0.150249578698047"
"HK3","0.14918810009764"
"HKDC1","0.150544930057491"
"HKR1","0.151729415261966"
"HLA-A","0.14924556116095"
"HLA-B","0.150544930057491"
"HLA-C","0.150421812901268"
"HLA-DMA","0.150726669654993"
"HLA-DMB","0.150726669654993"
"HLA-DOA","0.153084613802741"
"HLA-DOB","0.149978538549247"
"HLA-DPA1","0.150895353118225"
"HLA-DPB1","0.149112533416977"
"HLA-DQA1","0.149339321693774"
"HLA-DQA2","0.149133471388614"
"HLA-DQB1","0.14942682866406"
"HLA-DQB1-AS1","0.150850336760579"
"HLA-DQB2","0.150544930057491"
"HLA-DRA","0.152170528286892"
"HLA-DRB1","0.150497461591435"
"HLA-DRB5","0.150914323120693"
"HLA-E","0.151261615569067"
"HLA-F","0.150544930057491"
"HLA-G","0.150895353118225"
"HLCS","0.15000469862642"
"HLF","0.151471952252113"
"HLTF","0.14918810009764"
"HLX","0.152041032006127"
"HLX-AS1","0.149258293495324"
"HM13","0.15012826077608"
"HM13-AS1","0.15000469862642"
"HMBOX1","0.152547138315625"
"HMBS","0.150931260040505"
"HMCES","0.150914323120693"
"HMCN1","0.150895353118225"
"HMCN2","0.150914323120693"
"HMG20A","0.150497461591435"
"HMG20B","0.15000469862642"
"HMGA1","0.149361364996685"
"HMGA1P4","0.151656010185059"
"HMGA2","0.150497461591435"
"HMGB1","0.152436306411338"
"HMGB2","0.149147436095229"
"HMGB3","0.150931260040505"
"HMGB4","0.15012826077608"
"HMGCL","0.150051130778958"
"HMGCLL1","0.150497461591435"
"HMGCR","0.151261615569067"
"HMGCS1","0.152280268363481"
"HMGCS2","0.152241026360062"
"HMGN1","0.150421812901268"
"HMGN2","0.151261615569067"
"HMGN3","0.150850336760579"
"HMGN3-AS1","0.150850336760579"
"HMGN4","0.151471952252113"
"HMGN5","0.14958730259203"
"HMGXB3","0.149978538549247"
"HMGXB4","0.151339558745746"
"HMHA1","0.149258293495324"
"HMHB1","0.152041032006127"
"HMMR","0.14878612410391"
"HMOX1","0.150497461591435"
"HMOX2","0.149096392024608"
"HMP19","0.14958730259203"
"HMSD","0.149339321693774"
"HMX1","0.15136795660796"
"HMX2","0.150895353118225"
"HMX3","0.150726669654993"
"HN1","0.149258293495324"
"HN1L","0.150726669654993"
"HNCAT21","0.151729415261966"
"HNF1A","0.150497461591435"
"HNF1B","0.15012826077608"
"HNF4A","0.149339321693774"
"HNF4A-AS1","0.149554391094294"
"HNF4G","0.152294256376387"
"HNMT","0.149521997602216"
"HNRNPA0","0.149898599555702"
"HNRNPA1","0.149554391094294"
"HNRNPA1L2","0.151471952252113"
"HNRNPA2B1","0.152111806610513"
"HNRNPA3","0.15000469862642"
"HNRNPAB","0.150544930057491"
"HNRNPC","0.150726669654993"
"HNRNPCL1","0.150249578698047"
"HNRNPCL2","0.150914323120693"
"HNRNPCL3","0.148994753166"
"HNRNPCL4","0.150726669654993"
"HNRNPD","0.151261615569067"
"HNRNPDL","0.150914323120693"
"HNRNPF","0.149339321693774"
"HNRNPH1","0.150895353118225"
"HNRNPH2","0.149801215981794"
"HNRNPH3","0.149147436095229"
"HNRNPK","0.14942682866406"
"HNRNPL","0.151339558745746"
"HNRNPLL","0.15012826077608"
"HNRNPM","0.150914323120693"
"HNRNPR","0.14958730259203"
"HNRNPU","0.149133471388614"
"HNRNPU-AS1","0.149201980540835"
"HNRNPUL1","0.148691793837164"
"HNRNPUL2","0.150497461591435"
"HNRNPUL2-BSCL2","0.151339558745746"
"HOGA1","0.150249578698047"
"HOMER1","0.14958730259203"
"HOMER2","0.148994753166"
"HOMER3","0.150249578698047"
"HOMEZ","0.149830296369589"
"HOOK1","0.151729415261966"
"HOOK2","0.150914323120693"
"HOOK3","0.150850336760579"
"HOPX","0.148733735155064"
"HORMAD1","0.14942682866406"
"HORMAD2","0.149978538549247"
"HORMAD2-AS1","0.149978538549247"
"HOTAIR","0.14947023677625"
"HOTAIRM1","0.151729415261966"
"HOTTIP","0.149339321693774"
"HOXA-AS2","0.150895353118225"
"HOXA-AS3","0.150895353118225"
"HOXA1","0.14942682866406"
"HOXA10","0.151848922177032"
"HOXA10-AS","0.152509959971078"
"HOXA11","0.150895353118225"
"HOXA11-AS","0.152041032006127"
"HOXA13","0.152355824383354"
"HOXA2","0.15099793893332"
"HOXA3","0.151471952252113"
"HOXA4","0.151339558745746"
"HOXA5","0.15136795660796"
"HOXA6","0.15136795660796"
"HOXA7","0.152280268363481"
"HOXA9","0.151656010185059"
"HOXB-AS1","0.151176889493154"
"HOXB-AS2","0.149361364996685"
"HOXB-AS3","0.150714115980997"
"HOXB-AS4","0.150714115980997"
"HOXB1","0.15136795660796"
"HOXB13","0.152170528286892"
"HOXB2","0.150850336760579"
"HOXB3","0.15099793893332"
"HOXB4","0.149554391094294"
"HOXB5","0.149801215981794"
"HOXB6","0.152170528286892"
"HOXB7","0.152241026360062"
"HOXB8","0.151471952252113"
"HOXB9","0.152170528286892"
"HOXC-AS1","0.15300561324049"
"HOXC10","0.151471952252113"
"HOXC11","0.150931260040505"
"HOXC12","0.15012826077608"
"HOXC13","0.151261615569067"
"HOXC13-AS","0.152170528286892"
"HOXC4","0.150895353118225"
"HOXC5","0.151729415261966"
"HOXC6","0.148994753166"
"HOXC8","0.15099793893332"
"HOXC9","0.150895353118225"
"HOXD-AS2","0.152547138315625"
"HOXD1","0.152294256376387"
"HOXD10","0.152170528286892"
"HOXD11","0.151339558745746"
"HOXD13","0.152280268363481"
"HOXD3","0.151339558745746"
"HOXD4","0.152003794846828"
"HOXD8","0.152111806610513"
"HOXD9","0.152727322875865"
"HP","0.151729415261966"
"HP09025","0.151656010185059"
"HP1BP3","0.152170528286892"
"HPCA","0.151729415261966"
"HPCAL1","0.151656010185059"
"HPCAL4","0.152436306411338"
"HPD","0.150931260040505"
"HPDL","0.152727322875865"
"HPGD","0.149147436095229"
"HPGDS","0.152214783592525"
"HPN","0.152436306411338"
"HPN-AS1","0.152111806610513"
"HPR","0.150895353118225"
"HPRT1","0.152294256376387"
"HPS1","0.150914323120693"
"HPS3","0.151656010185059"
"HPS4","0.151261615569067"
"HPS5","0.14947023677625"
"HPS6","0.149801215981794"
"HPSE","0.151848922177032"
"HPSE2","0.150113088380811"
"HPX","0.150714115980997"
"HR","0.150850336760579"
"HRAS","0.149521997602216"
"HRASLS","0.152041032006127"
"HRASLS2","0.151261615569067"
"HRASLS5","0.149303704256468"
"HRAT17","0.150931260040505"
"HRAT92","0.149201980540835"
"HRC","0.150113088380811"
"HRCT1","0.149801215981794"
"HRG","0.152111806610513"
"HRH1","0.151339558745746"
"HRH2","0.151176889493154"
"HRH3","0.150113088380811"
"HRH4","0.149112533416977"
"HRK","0.150850336760579"
"HRNR","0.150931260040505"
"HRSP12","0.15136795660796"
"HS1BP3","0.151471952252113"
"HS2ST1","0.15136795660796"
"HS3ST1","0.15099793893332"
"HS3ST2","0.151176889493154"
"HS3ST3A1","0.150249578698047"
"HS3ST3B1","0.14958730259203"
"HS3ST4","0.152509959971078"
"HS3ST5","0.151471952252113"
"HS3ST6","0.150451235233474"
"HS6ST1","0.14958730259203"
"HS6ST2","0.149361364996685"
"HS6ST3","0.149133471388614"
"HSBP1","0.14958730259203"
"HSBP1L1","0.149361364996685"
"HSCB","0.149133471388614"
"HSD11B1","0.152472850013927"
"HSD11B1L","0.150931260040505"
"HSD11B2","0.150931260040505"
"HSD17B1","0.151176889493154"
"HSD17B10","0.150914323120693"
"HSD17B11","0.150850336760579"
"HSD17B12","0.150249578698047"
"HSD17B13","0.151848922177032"
"HSD17B14","0.152041032006127"
"HSD17B2","0.151261615569067"
"HSD17B3","0.152041032006127"
"HSD17B4","0.14942682866406"
"HSD17B6","0.150914323120693"
"HSD17B7","0.149801215981794"
"HSD17B8","0.151261615569067"
"HSD3B1","0.149801215981794"
"HSD3B2","0.14947023677625"
"HSD3B7","0.149361364996685"
"HSDL1","0.151471952252113"
"HSDL2","0.152280268363481"
"HSF1","0.151176889493154"
"HSF2","0.152472850013927"
"HSF2BP","0.149147436095229"
"HSF4","0.151656010185059"
"HSF5","0.150658082178967"
"HSFX1","0.151656010185059"
"HSFY2","0.149361364996685"
"HSH2D","0.149258676198265"
"HSP90AA1","0.150113088380811"
"HSP90AB1","0.15136795660796"
"HSP90B1","0.149581402588568"
"HSPA12A","0.15099793893332"
"HSPA12B","0.151339558745746"
"HSPA13","0.152111806610513"
"HSPA14","0.151339558745746"
"HSPA1A","0.151656010185059"
"HSPA1B","0.152041032006127"
"HSPA1L","0.148205025446575"
"HSPA2","0.15136795660796"
"HSPA4","0.150113088380811"
"HSPA4L","0.14878612410391"
"HSPA5","0.150931260040505"
"HSPA6","0.15000469862642"
"HSPA8","0.150113088380811"
"HSPA9","0.151261615569067"
"HSPB1","0.150931260040505"
"HSPB11","0.149339321693774"
"HSPB2","0.149801215981794"
"HSPB2-C11orf52","0.149801215981794"
"HSPB3","0.150249578698047"
"HSPB6","0.14918810009764"
"HSPB7","0.149449869806726"
"HSPB8","0.149978538549247"
"HSPB9","0.149978538549247"
"HSPBAP1","0.150112173414081"
"HSPBP1","0.151656010185059"
"HSPD1","0.149303704256468"
"HSPE1","0.149258676198265"
"HSPE1-MOB4","0.152041032006127"
"HSPG2","0.150658082178967"
"HSPH1","0.14878612410391"
"HTATIP2","0.151345530947563"
"HTATSF1","0.149147436095229"
"HTN1","0.14878612410391"
"HTR1B","0.151471952252113"
"HTR1D","0.149361364996685"
"HTR1E","0.151656010185059"
"HTR1F","0.149581402588568"
"HTR2A","0.149978538549247"
"HTR2A-AS1","0.149801215981794"
"HTR2B","0.148520769681928"
"HTR2C","0.152041032006127"
"HTR3A","0.149112533416977"
"HTR3B","0.150113088380811"
"HTR3C","0.149147436095229"
"HTR3D","0.151485085159389"
"HTR3E","0.150624527049629"
"HTR3E-AS1","0.149978538549247"
"HTR4","0.152236157308305"
"HTR5A","0.151261615569067"
"HTR6","0.149801215981794"
"HTR7","0.150113088380811"
"HTRA1","0.146839276980905"
"HTRA2","0.149521997602216"
"HTRA3","0.149303704256468"
"HTRA4","0.14947023677625"
"HTT","0.150658082178967"
"HTT-AS","0.150914323120693"
"HULC","0.148577888305801"
"HUNK","0.151339558745746"
"HUNK-AS1","0.149830296369589"
"HUS1","0.14918810009764"
"HUS1B","0.149147436095229"
"HUWE1","0.150895353118225"
"HVCN1","0.151471952252113"
"HYAL1","0.149201980540835"
"HYAL2","0.149521997602216"
"HYAL3","0.15000469862642"
"HYAL4","0.15000469862642"
"HYDIN","0.149801215981794"
"HYI","0.149147436095229"
"HYI-AS1","0.150249578698047"
"HYKK","0.149898599555702"
"HYLS1","0.14918810009764"
"HYOU1","0.14947023677625"
"HYPK","0.151261615569067"
"HYPM","0.152197125917666"
"IAH1","0.149801215981794"
"IAPP","0.14947023677625"
"IARS","0.15000469862642"
"IARS2","0.150069286717192"
"IBA57","0.152472850013927"
"IBA57-AS1","0.151729415261966"
"IBSP","0.149978538549247"
"IBTK","0.14942682866406"
"ICA1","0.151729415261966"
"ICA1L","0.149361364996685"
"ICAM1","0.149978538549247"
"ICAM2","0.14942682866406"
"ICAM3","0.149898599555702"
"ICAM4","0.149112533416977"
"ICAM5","0.150249578698047"
"ICE1","0.150850336760579"
"ICE2","0.149978538549247"
"ICK","0.151656010185059"
"ICMT","0.149521997602216"
"ICOS","0.150249578698047"
"ICOSLG","0.148994753166"
"ICT1","0.149201980540835"
"ID1","0.150069286717192"
"ID2","0.15136795660796"
"ID2-AS1","0.150658082178967"
"ID3","0.14947023677625"
"ID4","0.149801215981794"
"IDE","0.149898599555702"
"IDH1","0.152628964437113"
"IDH1-AS1","0.14947023677625"
"IDH2","0.151729415261966"
"IDH3A","0.149147436095229"
"IDH3B","0.150249578698047"
"IDH3G","0.1509274469758"
"IDI1","0.152280268363481"
"IDI2","0.150134312755492"
"IDI2-AS1","0.151656010185059"
"IDNK","0.149581402588568"
"IDO1","0.151656010185059"
"IDO2","0.150069286717192"
"IDS","0.150658082178967"
"IDUA","0.151261615569067"
"IER2","0.149361364996685"
"IER3","0.150895353118225"
"IER3IP1","0.149898599555702"
"IER5","0.15136795660796"
"IER5L","0.150914323120693"
"IFFO1","0.150914323120693"
"IFFO2","0.149898599555702"
"IFI16","0.149581402588568"
"IFI27","0.150658082178967"
"IFI27L1","0.149096392024608"
"IFI27L2","0.151656010185059"
"IFI30","0.149361364996685"
"IFI35","0.151729415261966"
"IFI44","0.150658082178967"
"IFI44L","0.149898599555702"
"IFI6","0.151261615569067"
"IFIH1","0.150895353118225"
"IFIT1","0.14947023677625"
"IFIT1B","0.152628964437113"
"IFIT2","0.148994753166"
"IFIT3","0.151471952252113"
"IFIT5","0.150931260040505"
"IFITM1","0.150134312755492"
"IFITM10","0.150895353118225"
"IFITM2","0.151656010185059"
"IFITM3","0.149258676198265"
"IFITM5","0.151261615569067"
"IFNA1","0.149303704256468"
"IFNA5","0.147174349696315"
"IFNA6","0.151471952252113"
"IFNAR1","0.14942682866406"
"IFNAR2","0.14947023677625"
"IFNB1","0.151339558745746"
"IFNE","0.1518847220853"
"IFNG","0.151339558745746"
"IFNG-AS1","0.149147436095229"
"IFNGR1","0.149112533416977"
"IFNGR2","0.149521997602216"
"IFNK","0.150069286717192"
"IFNL1","0.151469961518174"
"IFNL2","0.149147436095229"
"IFNL3","0.150850336760579"
"IFNLR1","0.15099793893332"
"IFNW1","0.150762094361104"
"IFRD1","0.15000469862642"
"IFRD2","0.149801215981794"
"IFT122","0.150249578698047"
"IFT140","0.150134312755492"
"IFT172","0.150249578698047"
"IFT20","0.148994753166"
"IFT22","0.149801215981794"
"IFT27","0.151656010185059"
"IFT43","0.15136795660796"
"IFT46","0.149801215981794"
"IFT52","0.149521997602216"
"IFT57","0.151261615569067"
"IFT74","0.151176889493154"
"IFT74-AS1","0.150850336760579"
"IFT80","0.150249578698047"
"IFT81","0.151729415261966"
"IFT88","0.150931260040505"
"IGBP1","0.14878612410391"
"IGBP1-AS1","0.149133471388614"
"IGBP1-AS2","0.149521997602216"
"IGDCC3","0.149978538549247"
"IGDCC4","0.148130348230969"
"IGF1","0.15136795660796"
"IGF1R","0.149133471388614"
"IGF2","0.150068371750462"
"IGF2-AS","0.150658082178967"
"IGF2BP1","0.151176889493154"
"IGF2BP2","0.150914323120693"
"IGF2BP2-AS1","0.150850336760579"
"IGF2BP3","0.149303704256468"
"IGF2R","0.150850336760579"
"IGFALS","0.150249578698047"
"IGFBP1","0.152041032006127"
"IGFBP2","0.151339558745746"
"IGFBP3","0.150134312755492"
"IGFBP4","0.149898599555702"
"IGFBP5","0.152753291016986"
"IGFBP6","0.152170528286892"
"IGFBP7","0.150134312755492"
"IGFBP7-AS1","0.15099793893332"
"IGFBPL1","0.149258676198265"
"IGFL1","0.150993564314951"
"IGFL2","0.152355824383354"
"IGFL3","0.151261615569067"
"IGFL4","0.150895353118225"
"IGFLR1","0.151656010185059"
"IGFN1","0.149201980540835"
"IGHA1","0.152268274739798"
"IGHA2","0.15184461042394"
"IGHD","0.15099793893332"
"IGHE","0.149361364996685"
"IGHEP1","0.150249578698047"
"IGHEP2","0.15099793893332"
"IGHG1","0.150658082178967"
"IGHG2","0.151176889493154"
"IGHG3","0.150850336760579"
"IGHG4","0.15136795660796"
"IGHGP","0.149898599555702"
"IGHM","0.150931260040505"
"IGHMBP2","0.149978538549247"
"IGHV1-12","0.150134312755492"
"IGHV1-14","0.150249578698047"
"IGHV1-17","0.151729415261966"
"IGHV1-18","0.150068371750462"
"IGHV1-2","0.150931260040505"
"IGHV1-24","0.151471952252113"
"IGHV1-3","0.150658082178967"
"IGHV1-45","0.149801215981794"
"IGHV1-46","0.15099793893332"
"IGHV1-58","0.149898599555702"
"IGHV1-67","0.151328892550259"
"IGHV1-69","0.150914323120693"
"IGHV1-69-2","0.1518847220853"
"IGHV1OR15-2","0.152041032006127"
"IGHV1OR15-6","0.151656010185059"
"IGHV1OR15-9","0.15136795660796"
"IGHV1OR16-1","0.151729415261966"
"IGHV1OR16-3","0.14947023677625"
"IGHV1OR21-1","0.151176889493154"
"IGHV2-26","0.151656010185059"
"IGHV2-5","0.150249578698047"
"IGHV2-70","0.149201980540835"
"IGHV2OR16-5","0.152170528286892"
"IGHV3-11","0.149361364996685"
"IGHV3-13","0.1518847220853"
"IGHV3-15","0.152894559685658"
"IGHV3-16","0.152197125917666"
"IGHV3-20","0.149801215981794"
"IGHV3-21","0.152041032006127"
"IGHV3-22","0.150931260040505"
"IGHV3-23","0.151656010185059"
"IGHV3-29","0.15136795660796"
"IGHV3-30","0.152472850013927"
"IGHV3-33","0.150134312755492"
"IGHV3-35","0.150931260040505"
"IGHV3-36","0.151656010185059"
"IGHV3-37","0.151656010185059"
"IGHV3-38","0.15099793893332"
"IGHV3-41","0.149521997602216"
"IGHV3-43","0.152041032006127"
"IGHV3-48","0.149898599555702"
"IGHV3-49","0.152753291016986"
"IGHV3-52","0.15099793893332"
"IGHV3-53","0.152268274739798"
"IGHV3-60","0.152111806610513"
"IGHV3-62","0.151261615569067"
"IGHV3-64","0.1518847220853"
"IGHV3-66","0.150134312755492"
"IGHV3-7","0.151471952252113"
"IGHV3-71","0.151339558745746"
"IGHV3-72","0.150068371750462"
"IGHV3-73","0.149898599555702"
"IGHV3-74","0.153020960832839"
"IGHV3OR15-7","0.151471952252113"
"IGHV3OR16-13","0.152268274739798"
"IGHV3OR16-15","0.151471952252113"
"IGHV3OR16-9","0.152041032006127"
"IGHV4-28","0.150658082178967"
"IGHV4-31","0.152509959971078"
"IGHV4-34","0.152041032006127"
"IGHV4-39","0.14947023677625"
"IGHV4-4","0.152294256376387"
"IGHV4-55","0.152436306411338"
"IGHV4-59","0.151656010185059"
"IGHV4-61","0.150068371750462"
"IGHV4OR15-8","0.152268274739798"
"IGHV5-51","0.152268274739798"
"IGHV5-78","0.151176889493154"
"IGHV6-1","0.152111806610513"
"IGHV7-27","0.149801215981794"
"IGHV7-81","0.152197125917666"
"IGHVII-44-2","0.150914323120693"
"IGIP","0.151729415261966"
"IGKC","0.14947023677625"
"IGKV1-12","0.151156121401672"
"IGKV1-13","0.152509959971078"
"IGKV1-16","0.152753291016986"
"IGKV1-17","0.152509959971078"
"IGKV1-27","0.152268274739798"
"IGKV1-33","0.150068371750462"
"IGKV1-35","0.152268274739798"
"IGKV1-37","0.152268274739798"
"IGKV1-39","0.152509959971078"
"IGKV1-5","0.151656010185059"
"IGKV1-6","0.152041032006127"
"IGKV1-8","0.1518847220853"
"IGKV1-9","0.151176889493154"
"IGKV1D-12","0.152039594755097"
"IGKV1D-13","0.150993564314951"
"IGKV1D-16","0.1518847220853"
"IGKV1D-17","0.150658082178967"
"IGKV1D-27","0.152041032006127"
"IGKV1D-33","0.152907989620154"
"IGKV1D-37","0.152197125917666"
"IGKV1D-39","0.150895353118225"
"IGKV1D-43","0.150931260040505"
"IGKV1D-8","0.151261615569067"
"IGKV1OR-2","0.152547138315625"
"IGKV1OR-3","0.151261615569067"
"IGKV1OR1-1","0.148994753166"
"IGKV1OR2-108","0.150895353118225"
"IGKV1OR22-5","0.1518847220853"
"IGKV2-10","0.149096392024608"
"IGKV2-18","0.151339558745746"
"IGKV2-19","0.150931260040505"
"IGKV2-24","0.150134312755492"
"IGKV2-26","0.152628964437113"
"IGKV2-28","0.152268274739798"
"IGKV2-29","0.150895353118225"
"IGKV2-30","0.151471952252113"
"IGKV2D-24","0.152547138315625"
"IGKV2D-26","0.149898599555702"
"IGKV2D-28","0.152197125917666"
"IGKV2D-29","0.150914323120693"
"IGKV2D-30","0.1518847220853"
"IGKV2OR2-2","0.152355824383354"
"IGKV2OR22-3","0.151656010185059"
"IGKV3-11","0.150914323120693"
"IGKV3-15","0.152268274739798"
"IGKV3-20","0.151176889493154"
"IGKV3-7","0.150931260040505"
"IGKV3D-11","0.15184461042394"
"IGKV3D-15","0.152416148431505"
"IGKV3D-20","0.150931260040505"
"IGKV4-1","0.152197125917666"
"IGKV5-2","0.151471952252113"
"IGKV6-21","0.1518847220853"
"IGKV6D-21","0.15136795660796"
"IGKV6D-41","0.150249578698047"
"IGKV7-3","0.151176889493154"
"IGLC2","0.150134312755492"
"IGLC3","0.151176889493154"
"IGLC4","0.152894559685658"
"IGLC5","0.14918810009764"
"IGLC6","0.150895353118225"
"IGLC7","0.152197125917666"
"IGLCOR22-2","0.15099793893332"
"IGLJ2","0.150134312755492"
"IGLJ3","0.152962745083266"
"IGLL1","0.152111806610513"
"IGLL5","0.150658082178967"
"IGLON5","0.152753291016986"
"IGLV1-36","0.152509959971078"
"IGLV1-40","0.152111806610513"
"IGLV1-41","0.151339558745746"
"IGLV1-44","0.152509959971078"
"IGLV1-47","0.151471952252113"
"IGLV1-50","0.149978538549247"
"IGLV1-51","0.151729415261966"
"IGLV10-54","0.149096392024608"
"IGLV11-55","0.149606643842285"
"IGLV2-11","0.152294256376387"
"IGLV2-14","0.152509959971078"
"IGLV2-18","0.150850336760579"
"IGLV2-23","0.150914323120693"
"IGLV2-34","0.152355824383354"
"IGLV2-5","0.152863940424391"
"IGLV2-8","0.152041032006127"
"IGLV3-1","0.15099793893332"
"IGLV3-10","0.15136795660796"
"IGLV3-12","0.152753291016986"
"IGLV3-16","0.149809629733033"
"IGLV3-19","0.152355824383354"
"IGLV3-21","0.150914323120693"
"IGLV3-24","0.149581402588568"
"IGLV3-25","0.151729415261966"
"IGLV3-27","0.151471952252113"
"IGLV3-31","0.152111806610513"
"IGLV3-6","0.1518847220853"
"IGLV3-9","0.152547138315625"
"IGLV4-3","0.152436306411338"
"IGLV4-60","0.150895353118225"
"IGLV4-69","0.15184461042394"
"IGLV5-37","0.151261615569067"
"IGLV5-45","0.149581402588568"
"IGLV5-48","0.152547138315625"
"IGLV5-52","0.151339558745746"
"IGLV6-57","0.152628964437113"
"IGLV7-43","0.151176889493154"
"IGLV7-46","0.151339558745746"
"IGLV8-61","0.152727322875865"
"IGLV9-49","0.152509959971078"
"IGLVI-70","0.150134312755492"
"IGLVIVOR22-1","0.151471952252113"
"IGSF1","0.151261615569067"
"IGSF10","0.152816950061256"
"IGSF11","0.152509959971078"
"IGSF21","0.152786066317799"
"IGSF22","0.152786066317799"
"IGSF23","0.152294256376387"
"IGSF3","0.152111806610513"
"IGSF5","0.151729415261966"
"IGSF6","0.151656010185059"
"IGSF8","0.15136795660796"
"IGSF9","0.149621547677171"
"IGSF9B","0.151176889493154"
"IHH","0.149361364996685"
"IK","0.149621547677171"
"IKBIP","0.152753291016986"
"IKBKAP","0.152816950061256"
"IKBKB","0.151261615569067"
"IKBKE","0.15300561324049"
"IKBKG","0.1518847220853"
"IKZF1","0.149339321693774"
"IKZF2","0.149566709106875"
"IKZF3","0.150134312755492"
"IKZF4","0.152436306411338"
"IKZF5","0.152863940424391"
"IL10","0.152355824383354"
"IL10RA","0.151471952252113"
"IL10RB","0.151656010185059"
"IL10RB-AS1","0.150068371750462"
"IL11","0.151261615569067"
"IL11RA","0.150658082178967"
"IL12A","0.152786066317799"
"IL12A-AS1","0.149521997602216"
"IL12B","0.1518847220853"
"IL12RB1","0.152041032006127"
"IL12RB2","0.15136795660796"
"IL13","0.150850336760579"
"IL13RA1","0.15136795660796"
"IL13RA2","0.152268274739798"
"IL15","0.150068371750462"
"IL15RA","0.150895353118225"
"IL16","0.151471952252113"
"IL17A","0.151656010185059"
"IL17B","0.151471952252113"
"IL17C","0.152268274739798"
"IL17D","0.152294256376387"
"IL17F","0.150850336760579"
"IL17RA","0.153724145526662"
"IL17RB","0.150931260040505"
"IL17RC","0.151339558745746"
"IL17RD","0.152197125917666"
"IL17RE","0.152980147119698"
"IL17REL","0.149978538549247"
"IL18","0.152436306411338"
"IL18BP","0.151656010185059"
"IL18R1","0.151656010185059"
"IL18RAP","0.151261615569067"
"IL19","0.152268274739798"
"IL1A","0.151339558745746"
"IL1B","0.151261615569067"
"IL1F10","0.15184461042394"
"IL1R1","0.150931260040505"
"IL1R2","0.150850336760579"
"IL1RAP","0.15184461042394"
"IL1RAPL1","0.152294256376387"
"IL1RAPL2","0.152268274739798"
"IL1RL1","0.15136795660796"
"IL1RL2","0.152197125917666"
"IL1RN","0.150931260040505"
"IL2","0.150931260040505"
"IL20","0.151729415261966"
"IL20RA","0.151471952252113"
"IL20RB","0.150249578698047"
"IL20RB-AS1","0.152111806610513"
"IL21","0.150914323120693"
"IL21-AS1","0.152294256376387"
"IL21R","0.15099793893332"
"IL21R-AS1","0.152197125917666"
"IL22","0.150914323120693"
"IL22RA1","0.152355824383354"
"IL22RA2","0.1518847220853"
"IL23A","0.149978538549247"
"IL23R","0.150931260040505"
"IL24","0.15184461042394"
"IL25","0.152628964437113"
"IL26","0.15099793893332"
"IL27","0.150914323120693"
"IL27RA","0.150906792312339"
"IL2RA","0.149809629733033"
"IL2RB","0.149809629733033"
"IL2RG","0.151848922177032"
"IL3","0.152268274739798"
"IL31","0.149978538549247"
"IL31RA","0.152816950061256"
"IL32","0.152268274739798"
"IL33","0.152816950061256"
"IL34","0.151176889493154"
"IL36B","0.153020960832839"
"IL36G","0.152355824383354"
"IL36RN","0.150134312755492"
"IL37","0.151729415261966"
"IL3RA","0.149898599555702"
"IL4","0.1509274469758"
"IL4I1","0.15099793893332"
"IL4R","0.149581402588568"
"IL5","0.152170528286892"
"IL5RA","0.151679396496564"
"IL6","0.150658082178967"
"IL6R","0.150914323120693"
"IL6ST","0.152980147119698"
"IL7","0.152268274739798"
"IL7R","0.150850336760579"
"IL9R","0.149133471388614"
"ILDR1","0.150249578698047"
"ILDR2","0.150914323120693"
"ILF2","0.150850336760579"
"ILF3","0.15136795660796"
"ILF3-AS1","0.15184461042394"
"ILK","0.149809629733033"
"ILKAP","0.149898599555702"
"ILVBL","0.150234978143507"
"IMMP1L","0.152727322875865"
"IMMP2L","0.14878612410391"
"IMMT","0.1518847220853"
"IMP3","0.149284933271638"
"IMP4","0.149898599555702"
"IMPA1","0.150850336760579"
"IMPA2","0.151261615569067"
"IMPACT","0.152197125917666"
"IMPAD1","0.152111806610513"
"IMPDH1","0.15099793893332"
"IMPDH2","0.152041032006127"
"IMPG1","0.148733735155064"
"IMPG2","0.150850336760579"
"INA","0.150850336760579"
"INADL","0.149521997602216"
"INAFM1","0.152041032006127"
"INAFM2","0.151339558745746"
"INCA1","0.149809629733033"
"INCENP","0.149581402588568"
"INE2","0.14942682866406"
"INF2","0.151176889493154"
"ING1","0.149201980540835"
"ING2","0.149284933271638"
"ING3","0.150910846678202"
"ING4","0.152547138315625"
"ING5","0.149978538549247"
"INHA","0.152170528286892"
"INHBA","0.150931260040505"
"INHBA-AS1","0.152355824383354"
"INHBB","0.149581402588568"
"INHBC","0.14918810009764"
"INHBE","0.150658082178967"
"INIP","0.150134312755492"
"INMT","0.152170528286892"
"INMT-FAM188B","0.151729415261966"
"INO80","0.15136795660796"
"INO80B","0.148994753166"
"INO80B-WBP1","0.150850336760579"
"INO80C","0.152294256376387"
"INO80D","0.150931260040505"
"INO80E","0.149978538549247"
"INPP1","0.152980147119698"
"INPP4A","0.152172386183029"
"INPP4B","0.150068371750462"
"INPP5A","0.152268274739798"
"INPP5B","0.152753291016986"
"INPP5D","0.150850336760579"
"INPP5E","0.149339321693774"
"INPP5F","0.151656010185059"
"INPP5J","0.151471952252113"
"INPP5K","0.15099793893332"
"INPPL1","0.150068371750462"
"INS-IGF2","0.152294256376387"
"INSC","0.149112533416977"
"INSIG1","0.1518847220853"
"INSIG2","0.152294256376387"
"INSL3","0.150068371750462"
"INSL4","0.149621547677171"
"INSL5","0.149581402588568"
"INSL6","0.150658082178967"
"INSM1","0.150914323120693"
"INSM2","0.149339321693774"
"INSR","0.150134312755492"
"INSRR","0.149621547677171"
"INTS1","0.150249578698047"
"INTS10","0.150134312755492"
"INTS12","0.151729415261966"
"INTS2","0.149133471388614"
"INTS3","0.152111806610513"
"INTS4","0.149566709106875"
"INTS5","0.150068371750462"
"INTS6","0.151208888079617"
"INTS6-AS1","0.149566709106875"
"INTS7","0.149898599555702"
"INTS8","0.15099793893332"
"INTS9","0.151208888079617"
"INTU","0.150068371750462"
"INVS","0.149284933271638"
"IP6K1","0.150068371750462"
"IP6K2","0.151339558745746"
"IP6K3","0.151656010185059"
"IPCEF1","0.151208888079617"
"IPMK","0.150134312755492"
"IPO11","0.149339321693774"
"IPO13","0.149898599555702"
"IPO4","0.150658082178967"
"IPO5","0.150895353118225"
"IPO7","0.149566709106875"
"IPO8","0.149201980540835"
"IPO9","0.152197125917666"
"IPO9-AS1","0.150134312755492"
"IPP","0.152111806610513"
"IPPK","0.149201980540835"
"IQCA1","0.152197125917666"
"IQCA1-AS1","0.149809629733033"
"IQCA1L","0.150725353976718"
"IQCB1","0.150249578698047"
"IQCC","0.149147436095229"
"IQCD","0.150249578698047"
"IQCE","0.149201980540835"
"IQCF1","0.151339558745746"
"IQCF3","0.151656010185059"
"IQCF5","0.150725353976718"
"IQCG","0.149898599555702"
"IQCH","0.15136795660796"
"IQCH-AS1","0.15099793893332"
"IQCJ","0.152197125917666"
"IQCJ-SCHIP1","0.1518847220853"
"IQCJ-SCHIP1-AS1","0.152041032006127"
"IQCK","0.151345530947563"
"IQGAP1","0.152509959971078"
"IQGAP2","0.151339558745746"
"IQGAP3","0.1518847220853"
"IQSEC1","0.150895353118225"
"IQSEC2","0.151471952252113"
"IQSEC3","0.148130348230969"
"IQUB","0.152172386183029"
"IRAK1","0.152111806610513"
"IRAK1BP1","0.150068371750462"
"IRAK2","0.150134312755492"
"IRAK3","0.149978538549247"
"IRAK4","0.150068371750462"
"IREB2","0.1518847220853"
"IRF1","0.1518847220853"
"IRF2","0.149395973242881"
"IRF2BP1","0.14918810009764"
"IRF2BP2","0.152172386183029"
"IRF2BPL","0.152172386183029"
"IRF3","0.14942682866406"
"IRF4","0.149559028725987"
"IRF5","0.15184461042394"
"IRF6","0.152123763759298"
"IRF7","0.152041032006127"
"IRF8","0.150895353118225"
"IRF9","0.151339558745746"
"IRG1","0.151471952252113"
"IRGC","0.149284550568698"
"IRGM","0.150895353118225"
"IRGQ","0.148994753166"
"IRS1","0.149361364996685"
"IRS2","0.150134312755492"
"IRS4","0.149133471388614"
"IRX1","0.148994753166"
"IRX2","0.148691793837164"
"IRX3","0.151656010185059"
"IRX4","0.149361364996685"
"IRX5","0.149621547677171"
"IRX6","0.150725353976718"
"ISCA1","0.15099793893332"
"ISCA2","0.151339558745746"
"ISCU","0.148488150850697"
"ISG15","0.150747946401781"
"ISG20","0.152172386183029"
"ISG20L2","0.149898599555702"
"ISL1","0.14918810009764"
"ISL2","0.150931260040505"
"ISLR","0.149133471388614"
"ISLR2","0.149978538549247"
"ISM1","0.149809629733033"
"ISM1-AS1","0.149809629733033"
"ISM2","0.149133471388614"
"ISOC1","0.149801215981794"
"ISOC2","0.149898599555702"
"ISPD","0.149566709106875"
"ISPD-AS1","0.149096392024608"
"IST1","0.148488150850697"
"ISX","0.149898599555702"
"ISY1","0.152268274739798"
"ISYNA1","0.152123763759298"
"ITCH","0.14947023677625"
"ITCH-AS1","0.149133471388614"
"ITFG1","0.149621547677171"
"ITFG1-AS1","0.149339321693774"
"ITFG2","0.151339558745746"
"ITGA1","0.149621547677171"
"ITGA10","0.14918810009764"
"ITGA11","0.151471952252113"
"ITGA2","0.149147436095229"
"ITGA2B","0.149621547677171"
"ITGA3","0.149621547677171"
"ITGA4","0.149621547677171"
"ITGA5","0.14942682866406"
"ITGA6","0.15136795660796"
"ITGA7","0.149566709106875"
"ITGA8","0.152294256376387"
"ITGA9","0.150134312755492"
"ITGAD","0.15136795660796"
"ITGAE","0.148130348230969"
"ITGAL","0.148994753166"
"ITGAM","0.150895353118225"
"ITGAV","0.150914323120693"
"ITGAX","0.149566709106875"
"ITGB1","0.14918810009764"
"ITGB1BP1","0.151208888079617"
"ITGB1BP2","0.149898599555702"
"ITGB2","0.149361364996685"
"ITGB2-AS1","0.147485419043523"
"ITGB3","0.149147436095229"
"ITGB3BP","0.14878612410391"
"ITGB4","0.14947023677625"
"ITGB5","0.150931260040505"
"ITGB5-AS1","0.149284933271638"
"ITGB6","0.15184461042394"
"ITGB7","0.14918810009764"
"ITGB8","0.150249578698047"
"ITGBL1","0.149112533416977"
"ITIH1","0.149978538549247"
"ITIH2","0.150895353118225"
"ITIH3","0.14878612410391"
"ITIH4","0.150134312755492"
"ITIH4-AS1","0.150249578698047"
"ITIH5","0.149566709106875"
"ITIH6","0.151339558745746"
"ITK","0.149978538549247"
"ITLN1","0.152111806610513"
"ITLN2","0.149201980540835"
"ITM2A","0.149147436095229"
"ITM2B","0.148130348230969"
"ITM2C","0.15099793893332"
"ITPA","0.151339558745746"
"ITPK1","0.152060182387247"
"ITPK1-AS1","0.15099793893332"
"ITPKA","0.150931260040505"
"ITPKB","0.151339558745746"
"ITPKB-AS1","0.148382958925022"
"ITPKC","0.149898599555702"
"ITPR1","0.149621547677171"
"ITPR1-AS1","0.14947023677625"
"ITPR2","0.149978538549247"
"ITPR3","0.150068371750462"
"ITPRIP","0.150134312755492"
"ITPRIPL1","0.149147436095229"
"ITPRIPL2","0.152197125917666"
"ITSN1","0.150725353976718"
"ITSN2","0.149140872386474"
"IVD","0.147630889901759"
"IVL","0.15099793893332"
"IVNS1ABP","0.148691793837164"
"IWS1","0.14878612410391"
"IYD","0.151471952252113"
"IZUMO1","0.14947023677625"
"IZUMO2","0.149284933271638"
"IZUMO4","0.149147436095229"
"JADE1","0.147934167123947"
"JADE2","0.149566709106875"
"JADE3","0.14947023677625"
"JADRR","0.151208888079617"
"JAG1","0.149621547677171"
"JAG2","0.148733735155064"
"JAGN1","0.1518847220853"
"JAK1","0.147014886676202"
"JAK2","0.148824194928794"
"JAK3","0.149978538549247"
"JAKMIP1","0.149898599555702"
"JAKMIP2","0.147630889901759"
"JAKMIP2-AS1","0.147014886676202"
"JAKMIP3","0.150134312755492"
"JAM2","0.149112533416977"
"JAM3","0.151339558745746"
"JAML","0.149133471388614"
"JARID2","0.149978538549247"
"JARID2-AS1","0.149133471388614"
"JAZF1","0.147799211437847"
"JAZF1-AS1","0.147630889901759"
"JCHAIN","0.150068371750462"
"JDP2","0.148205025446575"
"JHDM1D-AS1","0.149133471388614"
"JKAMP","0.147014886676202"
"JMJD1C","0.150134312755492"
"JMJD1C-AS1","0.149361364996685"
"JMJD4","0.14918810009764"
"JMJD6","0.149361364996685"
"JMJD7","0.147799211437847"
"JMJD7-PLA2G4B","0.147934167123947"
"JMJD8","0.149566709106875"
"JMY","0.14918810009764"
"JOSD1","0.147375988473605"
"JOSD2","0.148382958925022"
"JPH1","0.151656010185059"
"JPH2","0.149566709106875"
"JPH3","0.146811117242957"
"JPH4","0.148382958925022"
"JPX","0.15099793893332"
"JRK","0.148691793837164"
"JRKL","0.149133471388614"
"JSRP1","0.15184461042394"
"JTB","0.150134312755492"
"JUN","0.148691793837164"
"JUNB","0.146610654562737"
"JUND","0.149185633098353"
"JUP","0.149978538549247"
"KAAG1","0.149147436095229"
"KALRN","0.148488150850697"
"KANK1","0.14699944860773"
"KANK2","0.149133471388614"
"KANK3","0.149096392024608"
"KANK4","0.147375988473605"
"KANSL1","0.148593912739735"
"KANSL1-AS1","0.148733735155064"
"KANSL1L","0.149112533416977"
"KANSL2","0.150134312755492"
"KANSL3","0.147375988473605"
"KANTR","0.149201980540835"
"KARS","0.149898599555702"
"KAT2A","0.149621547677171"
"KAT2B","0.148593912739735"
"KAT5","0.149133471388614"
"KAT6A","0.148488150850697"
"KAT6B","0.148733735155064"
"KAT7","0.148691793837164"
"KAT8","0.147451903206889"
"KATNA1","0.149201980540835"
"KATNAL1","0.148733735155064"
"KATNAL2","0.145675976718541"
"KATNB1","0.150134312755492"
"KATNBL1","0.149361364996685"
"KAZALD1","0.148593912739735"
"KAZN","0.14942682866406"
"KB-1000E4.2","0.149898599555702"
"KB-1043D8.6","0.147934167123947"
"KB-1043D8.8","0.148994753166"
"KB-1107E3.1","0.149898599555702"
"KB-1125A3.11","0.149361364996685"
"KB-1125A3.12","0.149096392024608"
"KB-1183D5.13","0.149566709106875"
"KB-1184D12.1","0.148150081051451"
"KB-1205A7.2","0.146610654562737"
"KB-1208A12.3","0.148382958925022"
"KB-1254G8.1","0.149147436095229"
"KB-1410C5.2","0.148691793837164"
"KB-1410C5.3","0.151339558745746"
"KB-1410C5.5","0.147630889901759"
"KB-1440D3.14","0.150895353118225"
"KB-1448A5.1","0.14947023677625"
"KB-1458E12.1","0.147485419043523"
"KB-1460A1.1","0.149133471388614"
"KB-1460A1.3","0.149898599555702"
"KB-1460A1.5","0.148150081051451"
"KB-1466C5.1","0.149201980540835"
"KB-1471A8.1","0.148691793837164"
"KB-1507C5.3","0.14918810009764"
"KB-1507C5.4","0.150249578698047"
"KB-1517D11.4","0.148488150850697"
"KB-1562D12.1","0.149809629733033"
"KB-1568E2.1","0.148994753166"
"KB-1592A4.15","0.147014886676202"
"KB-1608C10.2","0.148691793837164"
"KB-1615E4.2","0.148994753166"
"KB-1615E4.3","0.14947023677625"
"KB-1639H6.2","0.148733735155064"
"KB-1732A1.1","0.148733735155064"
"KB-173C10.1","0.146871678487333"
"KB-173C10.2","0.148382958925022"
"KB-1836B5.4","0.147014886676202"
"KB-1930G5.3","0.150895353118225"
"KB-1930G5.4","0.148733735155064"
"KB-1958F4.2","0.149147436095229"
"KB-1980E6.3","0.149112533416977"
"KB-1991G8.1","0.149339321693774"
"KB-208E9.1","0.14947023677625"
"KB-226F1.2","0.149096392024608"
"KB-431C1.5","0.148733735155064"
"KB-51A8.1","0.147799211437847"
"KB-68A7.1","0.147168761709563"
"KB-68A7.2","0.149133471388614"
"KB-7G2.9","0.14878612410391"
"KBTBD11","0.146896254347872"
"KBTBD11-OT1","0.148691793837164"
"KBTBD12","0.151208888079617"
"KBTBD2","0.147799211437847"
"KBTBD3","0.148382958925022"
"KBTBD4","0.147168761709563"
"KBTBD6","0.149133471388614"
"KBTBD7","0.149112533416977"
"KBTBD8","0.149096392024608"
"KC6","0.149096392024608"
"KCCAT211","0.14878612410391"
"KCMF1","0.146869073689793"
"KCNA1","0.14947023677625"
"KCNA2","0.146896254347872"
"KCNA3","0.149112533416977"
"KCNA4","0.146869073689793"
"KCNA5","0.146869073689793"
"KCNA7","0.149096392024608"
"KCNAB1","0.14918810009764"
"KCNAB1-AS1","0.149361364996685"
"KCNAB1-AS2","0.149339321693774"
"KCNAB2","0.14947023677625"
"KCNAB3","0.148691793837164"
"KCNB1","0.149809629733033"
"KCNB2","0.147799211437847"
"KCNC1","0.147934167123947"
"KCNC2","0.148593912739735"
"KCNC3","0.149898599555702"
"KCNC4","0.148994753166"
"KCNC4-AS1","0.146950559053694"
"KCND1","0.149566709106875"
"KCND2","0.14918810009764"
"KCND3","0.149566709106875"
"KCNE1","0.148691793837164"
"KCNE1B","0.150249578698047"
"KCNE2","0.146811117242957"
"KCNE3","0.149147436095229"
"KCNE4","0.147799211437847"
"KCNE5","0.149133471388614"
"KCNF1","0.148994753166"
"KCNG1","0.147799211437847"
"KCNG2","0.146412217990775"
"KCNG3","0.146208977570607"
"KCNG4","0.147375988473605"
"KCNH1","0.146896254347872"
"KCNH2","0.149201980540835"
"KCNH3","0.147630889901759"
"KCNH4","0.149147436095229"
"KCNH5","0.150134312755492"
"KCNH6","0.149096392024608"
"KCNH7","0.146950559053694"
"KCNH8","0.146871678487333"
"KCNIP1","0.149361364996685"
"KCNIP2","0.149898599555702"
"KCNIP2-AS1","0.146896254347872"
"KCNIP3","0.147934167123947"
"KCNIP4","0.149361364996685"
"KCNIP4-IT1","0.146230670873106"
"KCNJ1","0.148593912739735"
"KCNJ10","0.14878612410391"
"KCNJ11","0.149201980540835"
"KCNJ12","0.149112533416977"
"KCNJ13","0.149201980540835"
"KCNJ14","0.148150081051451"
"KCNJ15","0.147485419043523"
"KCNJ16","0.148994753166"
"KCNJ18","0.148593912739735"
"KCNJ2","0.150083594834195"
"KCNJ2-AS1","0.147934167123947"
"KCNJ3","0.147799211437847"
"KCNJ4","0.148488150850697"
"KCNJ5","0.149621547677171"
"KCNJ6","0.149147436095229"
"KCNJ8","0.149133471388614"
"KCNJ9","0.151339558745746"
"KCNK1","0.149978538549247"
"KCNK10","0.148488150850697"
"KCNK12","0.149133471388614"
"KCNK13","0.149133471388614"
"KCNK15","0.149978538549247"
"KCNK15-AS1","0.149147436095229"
"KCNK16","0.149339321693774"
"KCNK17","0.150134312755492"
"KCNK2","0.146230670873106"
"KCNK3","0.14942682866406"
"KCNK4","0.147375988473605"
"KCNK5","0.14942682866406"
"KCNK6","0.149361364996685"
"KCNK7","0.147485419043523"
"KCNK9","0.148150081051451"
"KCNMA1","0.14947023677625"
"KCNMA1-AS1","0.147630889901759"
"KCNMA1-AS3","0.148733735155064"
"KCNMB1","0.147630889901759"
"KCNMB2","0.147014886676202"
"KCNMB2-AS1","0.14878612410391"
"KCNMB3","0.146811117242957"
"KCNMB4","0.149031955734755"
"KCNN1","0.149284933271638"
"KCNN2","0.149201980540835"
"KCNN3","0.148733735155064"
"KCNN4","0.149361364996685"
"KCNQ1","0.149284933271638"
"KCNQ1-AS1","0.147451903206889"
"KCNQ1DN","0.148994753166"
"KCNQ1OT1","0.150047622977429"
"KCNQ2","0.147014886676202"
"KCNQ3","0.148691793837164"
"KCNQ4","0.148691793837164"
"KCNQ5","0.148382958925022"
"KCNQ5-AS1","0.149112533416977"
"KCNRG","0.147375988473605"
"KCNS1","0.148593912739735"
"KCNS2","0.150047622977429"
"KCNS3","0.148150081051451"
"KCNT1","0.146811117242957"
"KCNT2","0.147451903206889"
"KCNU1","0.148733735155064"
"KCNV1","0.14947023677625"
"KCNV2","0.148577888305801"
"KCP","0.149566709106875"
"KCTD1","0.148691793837164"
"KCTD10","0.149566709106875"
"KCTD11","0.147014886676202"
"KCTD12","0.146412217990775"
"KCTD13","0.149201980540835"
"KCTD14","0.148779695732653"
"KCTD15","0.149621547677171"
"KCTD16","0.150083594834195"
"KCTD17","0.148150081051451"
"KCTD18","0.147014886676202"
"KCTD19","0.149566709106875"
"KCTD2","0.149361364996685"
"KCTD20","0.149339321693774"
"KCTD21","0.149112533416977"
"KCTD21-AS1","0.149284933271638"
"KCTD3","0.14947023677625"
"KCTD4","0.14942682866406"
"KCTD5","0.146871678487333"
"KCTD6","0.149284933271638"
"KCTD7","0.149809629733033"
"KCTD8","0.149112533416977"
"KCTD9","0.148994753166"
"KDELC1","0.149339321693774"
"KDELC2","0.149809629733033"
"KDELR1","0.149361364996685"
"KDELR2","0.146016515658015"
"KDELR3","0.147451903206889"
"KDF1","0.149361364996685"
"KDM1A","0.149147436095229"
"KDM1B","0.147168761709563"
"KDM2A","0.149112533416977"
"KDM2B","0.149024557660178"
"KDM3A","0.149339321693774"
"KDM3B","0.151208888079617"
"KDM4A","0.148150081051451"
"KDM4A-AS1","0.148593912739735"
"KDM4B","0.146896254347872"
"KDM4C","0.14878612410391"
"KDM4D","0.150914323120693"
"KDM5A","0.147630889901759"
"KDM5B","0.151208888079617"
"KDM5C","0.148691793837164"
"KDM5D","0.149978538549247"
"KDM6A","0.148890857778976"
"KDM6B","0.149147436095229"
"KDM7A","0.148488150850697"
"KDM8","0.146896254347872"
"KDR","0.149024557660178"
"KDSR","0.145675976718541"
"KEAP1","0.147485419043523"
"KEL","0.14942682866406"
"KERA","0.149112533416977"
"KHDC1","0.147014886676202"
"KHDC1L","0.147168761709563"
"KHDC3L","0.14918810009764"
"KHDRBS1","0.147485419043523"
"KHDRBS2","0.146950559053694"
"KHDRBS3","0.149201980540835"
"KHK","0.147799211437847"
"KHNYN","0.149339321693774"
"KHSRP","0.146950559053694"
"KIAA0040","0.147799211437847"
"KIAA0087","0.147014886676202"
"KIAA0100","0.149978538549247"
"KIAA0101","0.149112533416977"
"KIAA0125","0.148733735155064"
"KIAA0141","0.147014886676202"
"KIAA0196","0.14878612410391"
"KIAA0196-AS1","0.149096392024608"
"KIAA0226L","0.150249578698047"
"KIAA0232","0.147630889901759"
"KIAA0319","0.149112533416977"
"KIAA0319L","0.149133471388614"
"KIAA0355","0.149978538549247"
"KIAA0368","0.145893758492305"
"KIAA0391","0.147168761709563"
"KIAA0408","0.146896254347872"
"KIAA0430","0.149147436095229"
"KIAA0513","0.148577888305801"
"KIAA0556","0.14947023677625"
"KIAA0586","0.148382958925022"
"KIAA0753","0.147485419043523"
"KIAA0825","0.148488150850697"
"KIAA0895","0.149133471388614"
"KIAA0895L","0.147485419043523"
"KIAA0907","0.146896254347872"
"KIAA0922","0.147168761709563"
"KIAA0930","0.147330128968489"
"KIAA1024","0.146950559053694"
"KIAA1024L","0.147799211437847"
"KIAA1033","0.149339321693774"
"KIAA1107","0.149024557660178"
"KIAA1109","0.149096392024608"
"KIAA1143","0.146811117242957"
"KIAA1147","0.146869073689793"
"KIAA1161","0.147168761709563"
"KIAA1191","0.147934167123947"
"KIAA1210","0.149024557660178"
"KIAA1211","0.14947023677625"
"KIAA1211L","0.148733735155064"
"KIAA1217","0.14878612410391"
"KIAA1257","0.147485419043523"
"KIAA1324","0.147630889901759"
"KIAA1324L","0.149201980540835"
"KIAA1328","0.146896254347872"
"KIAA1429","0.146230670873106"
"KIAA1456","0.145343086925269"
"KIAA1462","0.148890857778976"
"KIAA1468","0.148593912739735"
"KIAA1522","0.148593912739735"
"KIAA1524","0.14942682866406"
"KIAA1549","0.148691793837164"
"KIAA1549L","0.150931260040505"
"KIAA1551","0.149361364996685"
"KIAA1586","0.147485419043523"
"KIAA1614","0.149133471388614"
"KIAA1614-AS1","0.145343086925269"
"KIAA1644","0.14878612410391"
"KIAA1671","0.146610654562737"
"KIAA1683","0.148593912739735"
"KIAA1715","0.147451903206889"
"KIAA1755","0.148593912739735"
"KIAA1841","0.147478043827865"
"KIAA1919","0.149024557660178"
"KIAA1958","0.147375988473605"
"KIAA2012","0.14918810009764"
"KIAA2013","0.143406563947802"
"KIAA2022","0.148733735155064"
"KIAA2026","0.147630889901759"
"KIDINS220","0.146491792698342"
"KIF11","0.146412217990775"
"KIF12","0.149201980540835"
"KIF13A","0.150083594834195"
"KIF13B","0.147451903206889"
"KIF14","0.148382958925022"
"KIF15","0.149566709106875"
"KIF16B","0.149112533416977"
"KIF17","0.147934167123947"
"KIF18A","0.148150081051451"
"KIF18B","0.143406563947802"
"KIF19","0.146950559053694"
"KIF1A","0.148691793837164"
"KIF1B","0.149147436095229"
"KIF1BP","0.150249578698047"
"KIF1C","0.149284933271638"
"KIF20A","0.148150081051451"
"KIF20B","0.149100132560725"
"KIF21A","0.150249578698047"
"KIF21B","0.149339321693774"
"KIF22","0.149621547677171"
"KIF23","0.14775362566521"
"KIF24","0.149096392024608"
"KIF25","0.146610654562737"
"KIF25-AS1","0.148118733129801"
"KIF26A","0.146811117242957"
"KIF26B","0.145893758492305"
"KIF27","0.149201980540835"
"KIF2A","0.147014886676202"
"KIF2C","0.149112533416977"
"KIF3A","0.148733735155064"
"KIF3B","0.147451903206889"
"KIF3C","0.148488150850697"
"KIF4A","0.149201980540835"
"KIF4B","0.14947023677625"
"KIF5A","0.145108520697243"
"KIF5B","0.146811117242957"
"KIF5C","0.14878612410391"
"KIF6","0.149147436095229"
"KIF7","0.149112533416977"
"KIF9","0.149096392024608"
"KIF9-AS1","0.149096392024608"
"KIFAP3","0.148691793837164"
"KIFC1","0.149024557660178"
"KIFC2","0.149339321693774"
"KIFC3","0.14918810009764"
"KIN","0.146896254347872"
"KIR2DL1","0.147375988473605"
"KIR2DL3","0.148890857778976"
"KIR2DL4","0.147485419043523"
"KIR3DL1","0.14918810009764"
"KIR3DL2","0.149621547677171"
"KIR3DL3","0.14687088676774"
"KIR3DX1","0.144776582216453"
"KIRREL","0.149284933271638"
"KIRREL2","0.151208888079617"
"KIRREL3","0.146869073689793"
"KIRREL3-AS3","0.146016515658015"
"KISS1","0.147959636850073"
"KISS1R","0.147959636850073"
"KIT","0.148890857778976"
"KITLG","0.146950559053694"
"KIZ","0.148890857778976"
"KIZ-AS1","0.147485419043523"
"KL","0.149566709106875"
"KLB","0.150083594834195"
"KLC1","0.149284933271638"
"KLC2","0.147916532537375"
"KLC3","0.147451903206889"
"KLC4","0.148382958925022"
"KLF1","0.147959636850073"
"KLF10","0.148488150850697"
"KLF11","0.149147436095229"
"KLF12","0.148150081051451"
"KLF13","0.149566709106875"
"KLF14","0.146871678487333"
"KLF15","0.147014886676202"
"KLF16","0.148150081051451"
"KLF17","0.148994753166"
"KLF2","0.148150081051451"
"KLF3","0.150931260040505"
"KLF4","0.149339321693774"
"KLF5","0.149133471388614"
"KLF6","0.146869073689793"
"KLF7","0.148382958925022"
"KLF8","0.146871678487333"
"KLF9","0.147485419043523"
"KLHDC1","0.146323338171795"
"KLHDC10","0.148733735155064"
"KLHDC2","0.145893758492305"
"KLHDC3","0.146323338171795"
"KLHDC4","0.147451903206889"
"KLHDC7A","0.148733735155064"
"KLHDC7B","0.147168761709563"
"KLHDC8A","0.147799211437847"
"KLHDC8B","0.147451903206889"
"KLHDC9","0.149096392024608"
"KLHL1","0.148150081051451"
"KLHL10","0.148593912739735"
"KLHL11","0.147959636850073"
"KLHL12","0.148691793837164"
"KLHL13","0.147168761709563"
"KLHL14","0.144567467942326"
"KLHL15","0.146896254347872"
"KLHL17","0.146871678487333"
"KLHL18","0.144086830953695"
"KLHL2","0.147959636850073"
"KLHL20","0.149112533416977"
"KLHL21","0.146869073689793"
"KLHL22","0.143657053862717"
"KLHL23","0.145893758492305"
"KLHL24","0.146610654562737"
"KLHL25","0.149147436095229"
"KLHL26","0.148691793837164"
"KLHL28","0.146230670873106"
"KLHL29","0.147630889901759"
"KLHL3","0.148691793837164"
"KLHL30","0.147959636850073"
"KLHL31","0.147916532537375"
"KLHL32","0.144408510130725"
"KLHL33","0.149147436095229"
"KLHL34","0.147168761709563"
"KLHL35","0.146610654562737"
"KLHL36","0.149096392024608"
"KLHL38","0.148691793837164"
"KLHL4","0.148382958925022"
"KLHL40","0.147630889901759"
"KLHL41","0.149024557660178"
"KLHL42","0.147799211437847"
"KLHL5","0.15134477154963"
"KLHL6","0.149024557660178"
"KLHL6-AS1","0.147485419043523"
"KLHL7","0.147451903206889"
"KLHL7-AS1","0.14878612410391"
"KLHL8","0.147959636850073"
"KLHL9","0.147799211437847"
"KLK1","0.147168761709563"
"KLK10","0.149042211671203"
"KLK11","0.147799211437847"
"KLK12","0.148382958925022"
"KLK13","0.144713183815803"
"KLK14","0.146896254347872"
"KLK15","0.148593912739735"
"KLK2","0.148890857778976"
"KLK3","0.146896254347872"
"KLK4","0.145675976718541"
"KLK5","0.149361364996685"
"KLK6","0.146230670873106"
"KLK7","0.148488150850697"
"KLK8","0.146871678487333"
"KLKB1","0.14878612410391"
"KLLN","0.147916532537375"
"KLRB1","0.146811117242957"
"KLRC1","0.146950559053694"
"KLRC2","0.147375988473605"
"KLRC3","0.148382958925022"
"KLRC4","0.147959636850073"
"KLRC4-KLRK1","0.146610654562737"
"KLRD1","0.145343086925269"
"KLRF1","0.147959636850073"
"KLRF2","0.146942568553286"
"KLRG1","0.149566709106875"
"KLRG2","0.144614105016345"
"KLRK1","0.147451903206889"
"KMO","0.14733820799344"
"KMT2A","0.147630889901759"
"KMT2B","0.149201980540835"
"KMT2C","0.146896254347872"
"KMT2D","0.149096392024608"
"KMT2E","0.147916532537375"
"KMT2E-AS1","0.147451903206889"
"KMT5A","0.146896254347872"
"KMT5B","0.149042211671203"
"KMT5C","0.147916532537375"
"KNCN","0.145484557286601"
"KNDC1","0.148973624306228"
"KNG1","0.145484557286601"
"KNOP1","0.146491792698342"
"KNSTRN","0.149042211671203"
"KNTC1","0.146491792698342"
"KPNA1","0.148733735155064"
"KPNA2","0.145893758492305"
"KPNA3","0.147176840734514"
"KPNA4","0.145893758492305"
"KPNA5","0.148691793837164"
"KPNA6","0.146896254347872"
"KPNA7","0.143569732386678"
"KPNB1","0.146896254347872"
"KPTN","0.146896254347872"
"KRAS","0.146869073689793"
"KRBA1","0.144408510130725"
"KRBA2","0.147055420269068"
"KRBOX1","0.146896254347872"
"KRBOX1-AS1","0.146610654562737"
"KRBOX4","0.146610654562737"
"KRCC1","0.146896254347872"
"KREMEN1","0.148150081051451"
"KREMEN2","0.148150081051451"
"KRI1","0.146491792698342"
"KRIT1","0.147451903206889"
"KRR1","0.147916532537375"
"KRT1","0.146950559053694"
"KRT10","0.146815305479682"
"KRT12","0.148973624306228"
"KRT13","0.148733735155064"
"KRT14","0.145249802077861"
"KRT15","0.146230670873106"
"KRT16","0.14553703905395"
"KRT17","0.148639866503714"
"KRT18","0.146811117242957"
"KRT19","0.148639866503714"
"KRT2","0.148382958925022"
"KRT20","0.146871678487333"
"KRT222","0.148150081051451"
"KRT23","0.146491792698342"
"KRT24","0.147451903206889"
"KRT25","0.143657053862717"
"KRT26","0.145893758492305"
"KRT27","0.148593912739735"
"KRT28","0.146896254347872"
"KRT3","0.147451903206889"
"KRT31","0.145893758492305"
"KRT32","0.149042211671203"
"KRT33B","0.147959636850073"
"KRT34","0.148973624306228"
"KRT35","0.148150081051451"
"KRT36","0.147176840734514"
"KRT37","0.147176840734514"
"KRT39","0.145484557286601"
"KRT4","0.145893758492305"
"KRT40","0.148150081051451"
"KRT5","0.147630889901759"
"KRT6A","0.144811480624464"
"KRT6B","0.147176840734514"
"KRT6C","0.146491792698342"
"KRT7","0.144776582216453"
"KRT71","0.148150081051451"
"KRT72","0.147799211437847"
"KRT73","0.147959636850073"
"KRT73-AS1","0.149422465905257"
"KRT74","0.146323338171795"
"KRT75","0.145352448280691"
"KRT76","0.147176840734514"
"KRT77","0.148976178983644"
"KRT78","0.148382958925022"
"KRT79","0.148159154691612"
"KRT8","0.149422465905257"
"KRT80","0.149284933271638"
"KRT81","0.146896254347872"
"KRT82","0.146323338171795"
"KRT83","0.147039123751056"
"KRT85","0.147039123751056"
"KRT86","0.148976178983644"
"KRT9","0.148697140930145"
"KRTAP1-1","0.148639866503714"
"KRTAP1-3","0.147992735966081"
"KRTAP1-5","0.1489283263054"
"KRTAP10-2","0.147152465191551"
"KRTAP10-3","0.148593912739735"
"KRTAP10-9","0.146323338171795"
"KRTAP11-1","0.146323338171795"
"KRTAP12-2","0.146491792698342"
"KRTAP12-3","0.148697140930145"
"KRTAP12-4","0.148593912739735"
"KRTAP13-1","0.143288143641738"
"KRTAP13-2","0.146871678487333"
"KRTAP13-4","0.149042211671203"
"KRTAP16-1","0.146610654562737"
"KRTAP17-1","0.146950559053694"
"KRTAP19-1","0.146869073689793"
"KRTAP19-3","0.147799211437847"
"KRTAP19-4","0.147959636850073"
"KRTAP19-5","0.146491792698342"
"KRTAP2-2","0.148976178983644"
"KRTAP2-3","0.146230670873106"
"KRTAP2-4","0.147176840734514"
"KRTAP21-1","0.147916532537375"
"KRTAP3-1","0.148733735155064"
"KRTAP3-2","0.147451903206889"
"KRTAP3-3","0.147375988473605"
"KRTAP4-1","0.14918810009764"
"KRTAP4-11","0.147916532537375"
"KRTAP4-12","0.148159154691612"
"KRTAP4-3","0.146230670873106"
"KRTAP4-4","0.147375988473605"
"KRTAP4-5","0.148639866503714"
"KRTAP4-6","0.147799211437847"
"KRTAP4-7","0.147176840734514"
"KRTAP4-8","0.145108520697243"
"KRTAP4-9","0.147916532537375"
"KRTAP5-10","0.146230670873106"
"KRTAP5-11","0.146950559053694"
"KRTAP5-2","0.148382958925022"
"KRTAP5-4","0.148382958925022"
"KRTAP5-7","0.146412217990775"
"KRTAP5-8","0.145893758492305"
"KRTAP5-9","0.148697140930145"
"KRTAP5-AS1","0.148159154691612"
"KRTAP6-1","0.147799211437847"
"KRTAP7-1","0.144713183815803"
"KRTAP9-3","0.148976178983644"
"KRTCAP2","0.147916532537375"
"KRTCAP3","0.147375988473605"
"KRTDAP","0.145108520697243"
"KSR1","0.147959636850073"
"KSR2","0.145108520697243"
"KTI12","0.147176840734514"
"KTN1","0.148488150850697"
"KTN1-AS1","0.146896254347872"
"KXD1","0.144683067156313"
"KY","0.147959636850073"
"KYNU","0.147375988473605"
"L1CAM","0.147375988473605"
"L1TD1","0.148159154691612"
"L29074.3","0.148691793837164"
"L2HGDH","0.146016515658015"
"L34079.3","0.148733735155064"
"L34079.4","0.148639866503714"
"L3HYPDH","0.147039123751056"
"L3MBTL1","0.148697140930145"
"L3MBTL2","0.147992735966081"
"L3MBTL3","0.146610654562737"
"L3MBTL4","0.147485419043523"
"L3MBTL4-AS1","0.147451903206889"
"LA16c-306A4.1","0.146230670873106"
"LA16c-306E5.2","0.147916532537375"
"LA16c-312E8.2","0.149978538549247"
"LA16c-313D11.9","0.148697140930145"
"LA16c-316G12.2","0.147630889901759"
"LA16c-321D4.2","0.147451903206889"
"LA16c-325D7.1","0.146412217990775"
"LA16c-325D7.2","0.1489283263054"
"LA16c-329F2.1","0.148976178983644"
"LA16c-349E10.1","0.147176840734514"
"LA16c-352F7.1","0.147959636850073"
"LA16c-358B7.3","0.148159154691612"
"LA16c-358B7.4","0.146230670873106"
"LA16c-359F1.1","0.147451903206889"
"LA16c-360A4.1","0.146491792698342"
"LA16c-360H6.3","0.147916532537375"
"LA16c-361A3.3","0.148034902420004"
"LA16c-366D1.3","0.148488150850697"
"LA16c-380H5.3","0.148488150850697"
"LA16c-380H5.5","0.147039123751056"
"LA16c-380H5.6","0.145893758492305"
"LA16c-385E7.1","0.147485419043523"
"LA16c-390E6.4","0.147799211437847"
"LA16c-390E6.5","0.146412217990775"
"LA16c-390H2.4","0.147375988473605"
"LA16c-395F10.1","0.146323338171795"
"LA16c-395F10.2","0.147959636850073"
"LA16c-431H6.6","0.147959636850073"
"LA16c-444G7.1","0.144130469151066"
"LA16c-444G7.2","0.145675976718541"
"LA16c-60D12.1","0.144713183815803"
"LA16c-60D12.2","0.146610654562737"
"LA16c-OS12.2","0.148382958925022"
"LACC1","0.148593912739735"
"LACE1","0.146230670873106"
"LACRT","0.146323338171795"
"LACTB","0.148170185629533"
"LACTB2","0.145108520697243"
"LACTB2-AS1","0.146811117242957"
"LAD1","0.146950559053694"
"LAG3","0.146950559053694"
"LAGE3","0.145914088400675"
"LAIR1","0.146871678487333"
"LAIR2","0.146491792698342"
"LALBA","0.147485419043523"
"LAMA1","0.146323338171795"
"LAMA2","0.147485419043523"
"LAMA3","0.149042211671203"
"LAMA4","0.145484557286601"
"LAMA5","0.147176840734514"
"LAMA5-AS1","0.148593912739735"
"LAMB1","0.145893758492305"
"LAMB2","0.146871678487333"
"LAMB3","0.146016515658015"
"LAMB4","0.146491792698342"
"LAMC1","0.145249802077861"
"LAMC2","0.145352448280691"
"LAMC3","0.147630889901759"
"LAMP1","0.147451903206889"
"LAMP2","0.144567467942326"
"LAMP3","0.148034902420004"
"LAMP5","0.146811117242957"
"LAMP5-AS1","0.146896254347872"
"LAMTOR1","0.145352448280691"
"LAMTOR2","0.146871678487333"
"LAMTOR3","0.147039123751056"
"LAMTOR4","0.148593912739735"
"LAMTOR5","0.149133471388614"
"LANCL1","0.146896254347872"
"LANCL1-AS1","0.146871678487333"
"LANCL2","0.148697140930145"
"LANCL3","0.144130469151066"
"LAP3","0.144713183815803"
"LAPTM4A","0.148976178983644"
"LAPTM4B","0.149112533416977"
"LAPTM5","0.147630889901759"
"LARGE","0.148976178983644"
"LARP1","0.147916532537375"
"LARP1B","0.146896254347872"
"LARP4","0.147485419043523"
"LARP4B","0.146871678487333"
"LARP6","0.145249802077861"
"LARP7","0.146871678487333"
"LARS","0.147959636850073"
"LARS2","0.146323338171795"
"LARS2-AS1","0.145352448280691"
"LAS1L","0.146811117242957"
"LASP1","0.146950559053694"
"LAT","0.147451903206889"
"LAT2","0.146813492401735"
"LATS1","0.147799211437847"
"LATS2","0.144791521692466"
"LATS2-AS1","0.147959636850073"
"LAX1","0.145108520697243"
"LAYN","0.146412217990775"
"LBH","0.144683067156313"
"LBHD1","0.145292528799064"
"LBP","0.144713183815803"
"LBR","0.146869073689793"
"LBX1","0.144713183815803"
"LBX2","0.144791521692466"
"LBX2-AS1","0.144791521692466"
"LCA5","0.146323338171795"
"LCA5L","0.145108520697243"
"LCAT","0.14553703905395"
"LCE1A","0.145893758492305"
"LCE1B","0.146871678487333"
"LCE1C","0.147039123751056"
"LCE1D","0.144511226017413"
"LCE1E","0.145352448280691"
"LCE3A","0.146323338171795"
"LCE3D","0.146811117242957"
"LCE5A","0.146895649988556"
"LCK","0.145893758492305"
"LCLAT1","0.145108520697243"
"LCMT1","0.143362859755401"
"LCMT1-AS1","0.146610654562737"
"LCMT1-AS2","0.14553703905395"
"LCMT2","0.146491792698342"
"LCN1","0.145249802077861"
"LCN10","0.148639866503714"
"LCN12","0.141296249579017"
"LCN15","0.146950559053694"
"LCN2","0.145484557286601"
"LCN6","0.146895649988556"
"LCN8","0.144614105016345"
"LCNL1","0.146412217990775"
"LCOR","0.146230670873106"
"LCORL","0.147630889901759"
"LCP1","0.147039123751056"
"LCP2","0.146323338171795"
"LCT","0.146813492401735"
"LCTL","0.146950559053694"
"LDAH","0.146869073689793"
"LDB1","0.147799211437847"
"LDB2","0.146323338171795"
"LDB3","0.147039123751056"
"LDHA","0.146869073689793"
"LDHAL6A","0.143931717384981"
"LDHAL6B","0.147451903206889"
"LDHB","0.149339321693774"
"LDHC","0.146491792698342"
"LDHD","0.149112533416977"
"LDLR","0.147039123751056"
"LDLRAD1","0.147039123751056"
"LDLRAD2","0.145849008493177"
"LDLRAD3","0.146412217990775"
"LDLRAD4","0.147375988473605"
"LDLRAD4-AS1","0.146811117242957"
"LDLRAP1","0.148034902420004"
"LDOC1","0.145849008493177"
"LDOC1L","0.146323338171795"
"LEAP2","0.147451903206889"
"LECT1","0.147799211437847"
"LECT2","0.146412217990775"
"LEF1","0.146323338171795"
"LEFTY1","0.146412217990775"
"LEFTY2","0.147630889901759"
"LEKR1","0.1489283263054"
"LELP1","0.148034902420004"
"LEMD1","0.145849008493177"
"LEMD1-AS1","0.144130469151066"
"LEMD2","0.147451903206889"
"LEMD3","0.143205819909161"
"LENEP","0.146230670873106"
"LENG1","0.144791521692466"
"LENG8","0.144693631970289"
"LENG8-AS1","0.147039123751056"
"LENG9","0.145292528799064"
"LEO1","0.145292528799064"
"LEP","0.146869073689793"
"LEPR","0.146811117242957"
"LEPROT","0.147451903206889"
"LEPROTL1","0.144408510130725"
"LETM1","0.146412217990775"
"LETM2","0.147916532537375"
"LETMD1","0.145484557286601"
"LEUTX","0.146869073689793"
"LEXM","0.146895649988556"
"LFNG","0.147485419043523"
"LGALS1","0.146412217990775"
"LGALS12","0.147799211437847"
"LGALS13","0.142962842015038"
"LGALS14","0.147176840734514"
"LGALS16","0.147916532537375"
"LGALS2","0.146323338171795"
"LGALS3","0.146491792698342"
"LGALS3BP","0.147630889901759"
"LGALS4","0.147451903206889"
"LGALS7","0.146491792698342"
"LGALS7B","0.146016515658015"
"LGALS8","0.144768448242294"
"LGALS8-AS1","0.148639866503714"
"LGALS9","0.14553703905395"
"LGALS9B","0.146402713548167"
"LGALS9C","0.144130469151066"
"LGALSL","0.145484557286601"
"LGI1","0.144693631970289"
"LGI2","0.147799211437847"
"LGI3","0.144408510130725"
"LGI4","0.143569732386678"
"LGMN","0.146412217990775"
"LGR4","0.147630889901759"
"LGR5","0.144408510130725"
"LGR6","0.147176840734514"
"LGSN","0.147394186005499"
"LHB","0.145849008493177"
"LHCGR","0.146016515658015"
"LHFP","0.146412217990775"
"LHFPL1","0.148341541501153"
"LHFPL2","0.146869073689793"
"LHFPL3","0.146323338171795"
"LHFPL4","0.148034902420004"
"LHFPL5","0.144511226017413"
"LHPP","0.146610654562737"
"LHX1","0.146016515658015"
"LHX2","0.147959636850073"
"LHX3","0.144614105016345"
"LHX4","0.148341541501153"
"LHX5","0.144511226017413"
"LHX5-AS1","0.146811117242957"
"LHX6","0.146869073689793"
"LHX8","0.147394186005499"
"LHX9","0.147992735966081"
"LIAS","0.14726921381036"
"LIF","0.146869073689793"
"LIFR","0.144567467942326"
"LIFR-AS1","0.146610654562737"
"LIG1","0.143931717384981"
"LIG3","0.147231433330195"
"LIG4","0.147875620616225"
"LILRA1","0.146610654562737"
"LILRA2","0.145249802077861"
"LILRA4","0.14726921381036"
"LILRA5","0.144693631970289"
"LILRA6","0.146323338171795"
"LILRB1","0.145352448280691"
"LILRB2","0.146402713548167"
"LILRB3","0.14553703905395"
"LILRB4","0.145849008493177"
"LILRB5","0.146869073689793"
"LIM2","0.142755657556642"
"LIMA1","0.146869073689793"
"LIMCH1","0.145352448280691"
"LIMD1","0.147875620616225"
"LIMD1-AS1","0.145108520697243"
"LIMD2","0.146811117242957"
"LIME1","0.146811117242957"
"LIMK1","0.145484557286601"
"LIMK2","0.143798410474058"
"LIMS1","0.148593912739735"
"LIMS1-AS1","0.146895649988556"
"LIMS2","0.14553703905395"
"LIMS3","0.145292528799064"
"LIMS3L","0.146016515658015"
"LIN28A","0.146895649988556"
"LIN28B","0.146869073689793"
"LIN37","0.143442434319915"
"LIN52","0.146323338171795"
"LIN54","0.146412217990775"
"LIN7A","0.142671764673669"
"LIN7B","0.144567467942326"
"LIN7C","0.147176840734514"
"LIN9","0.146610654562737"
"LINC-PINT","0.145484557286601"
"LINC-ROR","0.145249802077861"
"LINC00028","0.147176840734514"
"LINC00032","0.145249802077861"
"LINC00052","0.146869073689793"
"LINC00083","0.143442434319915"
"LINC00092","0.146323338171795"
"LINC00094","0.146323338171795"
"LINC00102","0.147394186005499"
"LINC00106","0.145249802077861"
"LINC00111","0.147875620616225"
"LINC00113","0.14553703905395"
"LINC00114","0.14726921381036"
"LINC00115","0.146610654562737"
"LINC00116","0.146230670873106"
"LINC00152","0.143761676886391"
"LINC00158","0.145484557286601"
"LINC00159","0.14726921381036"
"LINC00160","0.147875620616225"
"LINC00161","0.147176840734514"
"LINC00162","0.145484557286601"
"LINC00163","0.144130469151066"
"LINC00165","0.143931717384981"
"LINC00167","0.144693631970289"
"LINC00174","0.147039123751056"
"LINC00176","0.145191630883129"
"LINC00184","0.143569732386678"
"LINC00200","0.145292528799064"
"LINC00202-1","0.146230670873106"
"LINC00202-2","0.145191630883129"
"LINC00205","0.146230670873106"
"LINC00208","0.146895649988556"
"LINC00211","0.146610654562737"
"LINC00216","0.146323338171795"
"LINC00221","0.145249802077861"
"LINC00222","0.146895649988556"
"LINC00226","0.147394186005499"
"LINC00235","0.14548176757949"
"LINC00237","0.144791521692466"
"LINC00239","0.147394186005499"
"LINC00240","0.146412217990775"
"LINC00242","0.143442434319915"
"LINC00243","0.145849008493177"
"LINC00251","0.144614105016345"
"LINC00261","0.145249802077861"
"LINC00264","0.145484557286601"
"LINC00265","0.143761676886391"
"LINC00266-1","0.146491792698342"
"LINC00266-4P","0.146491792698342"
"LINC00269","0.144511226017413"
"LINC00271","0.146230670873106"
"LINC00276","0.143657053862717"
"LINC00278","0.145292528799064"
"LINC00282","0.143931717384981"
"LINC00284","0.144614105016345"
"LINC00294","0.147986857770557"
"LINC00297","0.147394186005499"
"LINC00298","0.147394186005499"
"LINC00299","0.146230670873106"
"LINC00301","0.142962842015038"
"LINC00302","0.146869073689793"
"LINC00303","0.145249802077861"
"LINC00304","0.146811117242957"
"LINC00305","0.14553703905395"
"LINC00307","0.148639866503714"
"LINC00308","0.146230670873106"
"LINC00309","0.146491792698342"
"LINC00310","0.146323338171795"
"LINC00311","0.145249802077861"
"LINC00313","0.145249802077861"
"LINC00314","0.147630889901759"
"LINC00315","0.145292528799064"
"LINC00316","0.142367634594603"
"LINC00319","0.146230670873106"
"LINC00320","0.148488150850697"
"LINC00322","0.145849008493177"
"LINC00323","0.145191630883129"
"LINC00324","0.147992735966081"
"LINC00326","0.146323338171795"
"LINC00327","0.143798410474058"
"LINC00330","0.144511226017413"
"LINC00332","0.146491792698342"
"LINC00333","0.146016515658015"
"LINC00334","0.146610654562737"
"LINC00336","0.14553703905395"
"LINC00337","0.143657053862717"
"LINC00339","0.144693631970289"
"LINC00342","0.146230670873106"
"LINC00345","0.145065791007462"
"LINC00346","0.146230670873106"
"LINC00347","0.146259184200931"
"LINC00348","0.143657053862717"
"LINC00349","0.144791521692466"
"LINC00351","0.145065791007462"
"LINC00352","0.147630889901759"
"LINC00354","0.144614105016345"
"LINC00355","0.146610654562737"
"LINC00359","0.145249802077861"
"LINC00364","0.147451903206889"
"LINC00365","0.149096392024608"
"LINC00371","0.144693631970289"
"LINC00374","0.147451903206889"
"LINC00375","0.14553703905395"
"LINC00377","0.146491792698342"
"LINC00379","0.145849008493177"
"LINC00381","0.147176840734514"
"LINC00383","0.148488150850697"
"LINC00384","0.145352448280691"
"LINC00385","0.147451903206889"
"LINC00387","0.146491792698342"
"LINC00390","0.147959636850073"
"LINC00392","0.146895649988556"
"LINC00393","0.147039123751056"
"LINC00396","0.146412217990775"
"LINC00398","0.146610966025266"
"LINC00399","0.146323338171795"
"LINC00400","0.144791521692466"
"LINC00402","0.146895649988556"
"LINC00403","0.146323338171795"
"LINC00407","0.145484557286601"
"LINC00410","0.146230670873106"
"LINC00412","0.146491792698342"
"LINC00421","0.144567467942326"
"LINC00423","0.146412217990775"
"LINC00426","0.146869073689793"
"LINC00427","0.145249802077861"
"LINC00431","0.145849008493177"
"LINC00434","0.148341541501153"
"LINC00437","0.142567383540304"
"LINC00440","0.146230670873106"
"LINC00441","0.147992735966081"
"LINC00443","0.145065791007462"
"LINC00444","0.146323338171795"
"LINC00445","0.146230670873106"
"LINC00448","0.143798410474058"
"LINC00449","0.144511226017413"
"LINC00452","0.147231433330195"
"LINC00457","0.145065791007462"
"LINC00458","0.147394186005499"
"LINC00460","0.144791521692466"
"LINC00461","0.14553703905395"
"LINC00462","0.146323338171795"
"LINC00463","0.146323338171795"
"LINC00467","0.146491792698342"
"LINC00469","0.145849008493177"
"LINC00470","0.144567467942326"
"LINC00471","0.146811117242957"
"LINC00472","0.147485419043523"
"LINC00473","0.147830034843588"
"LINC00475","0.145849008493177"
"LINC00477","0.146230670873106"
"LINC00479","0.146491792698342"
"LINC00482","0.145292528799064"
"LINC00484","0.145849008493177"
"LINC00485","0.145191630883129"
"LINC00486","0.144130469151066"
"LINC00487","0.146491792698342"
"LINC00488","0.146230670873106"
"LINC00491","0.145849008493177"
"LINC00492","0.145065791007462"
"LINC00493","0.145849008493177"
"LINC00494","0.144693631970289"
"LINC00500","0.144511226017413"
"LINC00501","0.145292528799064"
"LINC00504","0.146412217990775"
"LINC00506","0.143406563947802"
"LINC00507","0.146811117242957"
"LINC00511","0.145484557286601"
"LINC00517","0.146323338171795"
"LINC00518","0.146895649988556"
"LINC00519","0.145249802077861"
"LINC00520","0.146869073689793"
"LINC00521","0.143657053862717"
"LINC00523","0.144693631970289"
"LINC00524","0.146610654562737"
"LINC00525","0.148034902420004"
"LINC00526","0.146230670873106"
"LINC00528","0.148341541501153"
"LINC00533","0.146016515658015"
"LINC00534","0.146412217990775"
"LINC00535","0.144408510130725"
"LINC00536","0.144408510130725"
"LINC00538","0.144791521692466"
"LINC00539","0.147451903206889"
"LINC00540","0.146950559053694"
"LINC00543","0.146491792698342"
"LINC00544","0.145249802077861"
"LINC00545","0.146412217990775"
"LINC00547","0.147039123751056"
"LINC00548","0.144457515861102"
"LINC00550","0.14553703905395"
"LINC00551","0.147231433330195"
"LINC00554","0.146491792698342"
"LINC00556","0.145849008493177"
"LINC00560","0.144614105016345"
"LINC00562","0.146491792698342"
"LINC00563","0.146950559053694"
"LINC00564","0.146950559053694"
"LINC00565","0.148846453011058"
"LINC00566","0.144567467942326"
"LINC00567","0.145849008493177"
"LINC00570","0.145249802077861"
"LINC00571","0.14553703905395"
"LINC00572","0.143761676886391"
"LINC00574","0.147959636850073"
"LINC00575","0.147039123751056"
"LINC00577","0.148639866503714"
"LINC00578","0.147485419043523"
"LINC00581","0.145191630883129"
"LINC00582","0.146610654562737"
"LINC00589","0.148034902420004"
"LINC00592","0.143569732386678"
"LINC00593","0.144511226017413"
"LINC00596","0.144567467942326"
"LINC00598","0.145249802077861"
"LINC00599","0.146412217990775"
"LINC00601","0.148034902420004"
"LINC00602","0.146811117242957"
"LINC00603","0.145249802077861"
"LINC00604","0.144614105016345"
"LINC00605","0.146895649988556"
"LINC00606","0.147039123751056"
"LINC00607","0.147394186005499"
"LINC00608","0.145914088400675"
"LINC00609","0.145249802077861"
"LINC00615","0.146895649988556"
"LINC00616","0.146811117242957"
"LINC00618","0.145249802077861"
"LINC00619","0.146230670873106"
"LINC00620","0.146016515658015"
"LINC00621","0.144457515861102"
"LINC00623","0.145249802077861"
"LINC00624","0.145352448280691"
"LINC00626","0.143569732386678"
"LINC00628","0.146895649988556"
"LINC00629","0.145292528799064"
"LINC00630","0.144791521692466"
"LINC00632","0.144457515861102"
"LINC00633","0.143121716741207"
"LINC00635","0.145484557286601"
"LINC00636","0.146610654562737"
"LINC00637","0.147895463867024"
"LINC00638","0.147959636850073"
"LINC00639","0.144693631970289"
"LINC00640","0.1463897229907"
"LINC00642","0.146230670873106"
"LINC00643","0.145484557286601"
"LINC00645","0.147394186005499"
"LINC00648","0.146016515658015"
"LINC00649","0.144511226017413"
"LINC00652","0.146811117242957"
"LINC00654","0.146323338171795"
"LINC00656","0.14553703905395"
"LINC00657","0.145352448280691"
"LINC00658","0.146412217990775"
"LINC00659","0.146491792698342"
"LINC00662","0.1489283263054"
"LINC00664","0.143761676886391"
"LINC00665","0.14553703905395"
"LINC00667","0.146412217990775"
"LINC00668","0.145498620288225"
"LINC00670","0.146491792698342"
"LINC00671","0.146895649988556"
"LINC00672","0.147394186005499"
"LINC00675","0.143390264597339"
"LINC00677","0.144693631970289"
"LINC00678","0.147451903206889"
"LINC00680","0.145191630883129"
"LINC00681","0.146895649988556"
"LINC00682","0.145065791007462"
"LINC00683","0.146811117242957"
"LINC00684","0.14553703905395"
"LINC00685","0.146869073689793"
"LINC00686","0.144457515861102"
"LINC00687","0.147039123751056"
"LINC00690","0.145352448280691"
"LINC00691","0.146016515658015"
"LINC00693","0.145292528799064"
"LINC00694","0.146230670873106"
"LINC00698","0.144614105016345"
"LINC00702","0.145484557286601"
"LINC00703","0.145277886144129"
"LINC00704","0.146323338171795"
"LINC00705","0.145065791007462"
"LINC00706","0.146016515658015"
"LINC00707","0.145484557286601"
"LINC00836","0.147485419043523"
"LINC00838","0.146813492401735"
"LINC00839","0.147630889901759"
"LINC00840","0.146412217990775"
"LINC00841","0.146811117242957"
"LINC00843","0.147231433330195"
"LINC00844","0.147451903206889"
"LINC00845","0.147485419043523"
"LINC00847","0.146230670873106"
"LINC00850","0.146811117242957"
"LINC00852","0.149147436095229"
"LINC00853","0.147231433330195"
"LINC00856","0.144511226017413"
"LINC00857","0.147959636850073"
"LINC00858","0.147394186005499"
"LINC00861","0.149189248206461"
"LINC00862","0.149147436095229"
"LINC00863","0.146230670873106"
"LINC00864","0.146230670873106"
"LINC00865","0.147451903206889"
"LINC00866","0.147485419043523"
"LINC00867","0.148851800104039"
"LINC00868","0.148341541501153"
"LINC00869","0.149096392024608"
"LINC00870","0.146323338171795"
"LINC00871","0.146323338171795"
"LINC00877","0.146895649988556"
"LINC00880","0.146412217990775"
"LINC00881","0.148976178983644"
"LINC00882","0.146610654562737"
"LINC00884","0.148609954018679"
"LINC00885","0.145849008493177"
"LINC00886","0.147231433330195"
"LINC00887","0.143931717384981"
"LINC00890","0.146895649988556"
"LINC00891","0.146253082758405"
"LINC00893","0.1489283263054"
"LINC00894","0.144614105016345"
"LINC00895","0.149147436095229"
"LINC00896","0.146323338171795"
"LINC00898","0.147394186005499"
"LINC00900","0.145484557286601"
"LINC00901","0.147207057787232"
"LINC00906","0.146465334239552"
"LINC00907","0.147630889901759"
"LINC00908","0.147451903206889"
"LINC00909","0.146610654562737"
"LINC00910","0.144457515861102"
"LINC00911","0.149112533416977"
"LINC00917","0.145544606906383"
"LINC00919","0.146610654562737"
"LINC00920","0.148341541501153"
"LINC00921","0.1489283263054"
"LINC00922","0.147630889901759"
"LINC00923","0.149133471388614"
"LINC00924","0.146016515658015"
"LINC00926","0.147992735966081"
"LINC00927","0.147394186005499"
"LINC00929","0.147959636850073"
"LINC00930","0.14553703905395"
"LINC00934","0.149422465905257"
"LINC00935","0.148976178983644"
"LINC00936","0.147039123751056"
"LINC00937","0.147630889901759"
"LINC00939","0.147630889901759"
"LINC00940","0.147630889901759"
"LINC00941","0.145065791007462"
"LINC00942","0.146230670873106"
"LINC00943","0.148034902420004"
"LINC00944","0.146610654562737"
"LINC00950","0.146465334239552"
"LINC00951","0.147895463867024"
"LINC00954","0.146895649988556"
"LINC00957","0.146610654562737"
"LINC00958","0.1489283263054"
"LINC00959","0.147736005426793"
"LINC00960","0.148034902420004"
"LINC00961","0.144614105016345"
"LINC00964","0.1489283263054"
"LINC00967","0.147039123751056"
"LINC00968","0.147736005426793"
"LINC00969","0.145249802077861"
"LINC00970","0.146811117242957"
"LINC00971","0.145065791007462"
"LINC00972","0.146465334239552"
"LINC00973","0.147630889901759"
"LINC00976","0.147478043827865"
"LINC00977","0.146895649988556"
"LINC00982","0.148609954018679"
"LINC00987","0.147478043827865"
"LINC00989","0.146465334239552"
"LINC00992","0.147992735966081"
"LINC00993","0.146610654562737"
"LINC00994","0.146869073689793"
"LINC00996","0.147231433330195"
"LINC00997","0.149053526972563"
"LINC00998","0.147039123751056"
"LINC01001","0.149422465905257"
"LINC01003","0.146895649988556"
"LINC01004","0.146895649988556"
"LINC01005","0.145849968554918"
"LINC01006","0.145484557286601"
"LINC01007","0.147736005426793"
"LINC01010","0.143442434319915"
"LINC01011","0.146465334239552"
"LINC01012","0.144693631970289"
"LINC01013","0.147630889901759"
"LINC01016","0.146323338171795"
"LINC01017","0.145065791007462"
"LINC01018","0.147992735966081"
"LINC01019","0.147630889901759"
"LINC01021","0.145249802077861"
"LINC01022","0.146895649988556"
"LINC01023","0.144693631970289"
"LINC01024","0.148609954018679"
"LINC01028","0.148034902420004"
"LINC01030","0.146259184200931"
"LINC01031","0.145484557286601"
"LINC01032","0.147478043827865"
"LINC01033","0.145352448280691"
"LINC01034","0.148609954018679"
"LINC01036","0.1489283263054"
"LINC01037","0.145191630883129"
"LINC01046","0.146016515658015"
"LINC01047","0.146811117242957"
"LINC01048","0.144329190865103"
"LINC01050","0.146610654562737"
"LINC01054","0.145849968554918"
"LINC01055","0.146323338171795"
"LINC01058","0.145544606906383"
"LINC01060","0.146465334239552"
"LINC01063","0.146323338171795"
"LINC01067","0.144614105016345"
"LINC01068","0.149096392024608"
"LINC01070","0.149133471388614"
"LINC01072","0.144614105016345"
"LINC01076","0.145249802077861"
"LINC01077","0.145849968554918"
"LINC01080","0.146610654562737"
"LINC01082","0.149025224221334"
"LINC01085","0.145352448280691"
"LINC01087","0.147039123751056"
"LINC01088","0.148341541501153"
"LINC01089","0.145292528799064"
"LINC01090","0.144693631970289"
"LINC01091","0.149339321693774"
"LINC01093","0.147478043827865"
"LINC01094","0.146016515658015"
"LINC01095","0.145292528799064"
"LINC01096","0.146610654562737"
"LINC01097","0.147231433330195"
"LINC01098","0.147231433330195"
"LINC01099","0.148488150850697"
"LINC01100","0.143442434319915"
"LINC01102","0.146465334239552"
"LINC01104","0.145849968554918"
"LINC01106","0.146950559053694"
"LINC01107","0.147895463867024"
"LINC01108","0.147986857770557"
"LINC01109","0.147630889901759"
"LINC01111","0.145544606906383"
"LINC01114","0.148851800104039"
"LINC01115","0.146895649988556"
"LINC01116","0.147736005426793"
"LINC01117","0.145544606906383"
"LINC01118","0.143183414620729"
"LINC01119","0.147895463867024"
"LINC01120","0.147630889901759"
"LINC01122","0.14553703905395"
"LINC01123","0.147039123751056"
"LINC01124","0.146230670873106"
"LINC01125","0.146465334239552"
"LINC01126","0.145065791007462"
"LINC01127","0.146869073689793"
"LINC01132","0.147039123751056"
"LINC01133","0.145065791007462"
"LINC01134","0.147039123751056"
"LINC01135","0.145849968554918"
"LINC01136","0.146950559053694"
"LINC01137","0.143761676886391"
"LINC01138","0.145544606906383"
"LINC01139","0.145352448280691"
"LINC01140","0.145292528799064"
"LINC01142","0.146323338171795"
"LINC01143","0.147394186005499"
"LINC01144","0.144130469151066"
"LINC01146","0.144693631970289"
"LINC01149","0.145484557286601"
"LINC01150","0.148609954018679"
"LINC01151","0.144457515861102"
"LINC01152","0.146610654562737"
"LINC01153","0.145352448280691"
"LINC01154","0.146950559053694"
"LINC01160","0.145191630883129"
"LINC01162","0.146610654562737"
"LINC01163","0.144511226017413"
"LINC01165","0.144457515861102"
"LINC01166","0.146323338171795"
"LINC01167","0.143657053862717"
"LINC01168","0.147231433330195"
"LINC01169","0.149147436095229"
"LINC01170","0.146811117242957"
"LINC01176","0.146895649988556"
"LINC01179","0.14553703905395"
"LINC01180","0.145849968554918"
"LINC01181","0.143442434319915"
"LINC01182","0.144511226017413"
"LINC01183","0.146323338171795"
"LINC01184","0.145065791007462"
"LINC01185","0.145065791007462"
"LINC01186","0.145484557286601"
"LINC01187","0.146230670873106"
"LINC01191","0.14553703905395"
"LINC01194","0.145544606906383"
"LINC01197","0.14733820799344"
"LINC01198","0.145849968554918"
"LINC01202","0.146811117242957"
"LINC01203","0.146465334239552"
"LINC01204","0.147986857770557"
"LINC01205","0.145249802077861"
"LINC01206","0.144791521692466"
"LINC01207","0.146950559053694"
"LINC01208","0.146218465879114"
"LINC01209","0.144791521692466"
"LINC01212","0.145065791007462"
"LINC01213","0.147895463867024"
"LINC01214","0.144614105016345"
"LINC01215","0.142748602365887"
"LINC01219","0.148488150850697"
"LINC01220","0.143931717384981"
"LINC01221","0.146227655876591"
"LINC01222","0.144693631970289"
"LINC01224","0.146431535101931"
"LINC01226","0.146869073689793"
"LINC01227","0.147895463867024"
"LINC01228","0.146610654562737"
"LINC01229","0.147231433330195"
"LINC01230","0.14553703905395"
"LINC01233","0.147394186005499"
"LINC01234","0.143798410474058"
"LINC01235","0.147895463867024"
"LINC01239","0.145352448280691"
"LINC01241","0.144791521692466"
"LINC01242","0.145249802077861"
"LINC01243","0.147630889901759"
"LINC01247","0.142962842015038"
"LINC01248","0.146230670873106"
"LINC01249","0.145484557286601"
"LINC01250","0.145352448280691"
"LINC01251","0.145292528799064"
"LINC01252","0.143761676886391"
"LINC01254","0.147394186005499"
"LINC01257","0.144791521692466"
"LINC01258","0.145352448280691"
"LINC01259","0.147394186005499"
"LINC01260","0.148609954018679"
"LINC01262","0.148342656569986"
"LINC01264","0.148034902420004"
"LINC01265","0.146950559053694"
"LINC01266","0.146950559053694"
"LINC01267","0.145292528799064"
"LINC01268","0.14553703905395"
"LINC01269","0.147231433330195"
"LINC01270","0.146811117242957"
"LINC01271","0.143183414620729"
"LINC01272","0.142818559407922"
"LINC01273","0.143761676886391"
"LINC01276","0.145235558847934"
"LINC01277","0.144614105016345"
"LINC01280","0.145484557286601"
"LINC01281","0.147231433330195"
"LINC01282","0.146230670873106"
"LINC01284","0.147690419654157"
"LINC01285","0.146895649988556"
"LINC01287","0.146895649988556"
"LINC01289","0.145292528799064"
"LINC01290","0.146465334239552"
"LINC01291","0.146323338171795"
"LINC01293","0.146869073689793"
"LINC01297","0.145065791007462"
"LINC01297.1","0.143931717384981"
"LINC01299","0.146869073689793"
"LINC01300","0.148488150850697"
"LINC01301","0.145352448280691"
"LINC01304","0.146465334239552"
"LINC01305","0.146259184200931"
"LINC01307","0.145292528799064"
"LINC01309","0.145235558847934"
"LINC01310","0.144791521692466"
"LINC01311","0.143183414620729"
"LINC01312","0.145352448280691"
"LINC01314","0.145544606906383"
"LINC01315","0.147394186005499"
"LINC01317","0.144457515861102"
"LINC01318","0.146869073689793"
"LINC01320","0.144457515861102"
"LINC01322","0.145235558847934"
"LINC01324","0.146869073689793"
"LINC01326","0.143798410474058"
"LINC01330","0.146230670873106"
"LINC01331","0.144511226017413"
"LINC01332","0.142784939260444"
"LINC01336","0.146895649988556"
"LINC01337","0.143288143641738"
"LINC01338","0.145235558847934"
"LINC01340","0.144614105016345"
"LINC01342","0.144614105016345"
"LINC01344","0.145352448280691"
"LINC01347","0.146869073689793"
"LINC01348","0.146895649988556"
"LINC01349","0.143798410474058"
"LINC01350","0.145544606906383"
"LINC01351","0.145065791007462"
"LINC01352","0.145065791007462"
"LINC01353","0.147986857770557"
"LINC01354","0.146323338171795"
"LINC01355","0.146230670873106"
"LINC01356","0.146811117242957"
"LINC01358","0.146465334239552"
"LINC01360","0.145544606906383"
"LINC01361","0.145235558847934"
"LINC01362","0.143798410474058"
"LINC01363","0.144567467942326"
"LINC01364","0.144791521692466"
"LINC01366","0.144511226017413"
"LINC01372","0.146016515658015"
"LINC01374","0.142784939260444"
"LINC01376","0.143442434319915"
"LINC01378","0.144277486342199"
"LINC01381","0.145352448280691"
"LINC01385","0.145292528799064"
"LINC01388","0.143288143641738"
"LINC01389","0.146465334239552"
"LINC01391","0.145352448280691"
"LINC01392","0.144457515861102"
"LINC01393","0.145352448280691"
"LINC01394","0.146465334239552"
"LINC01395","0.144567467942326"
"LINC01396","0.144511226017413"
"LINC01397","0.143121716741207"
"LINC01399","0.145484557286601"
"LINC01400","0.145849968554918"
"LINC01402","0.144791521692466"
"LINC01405","0.145849968554918"
"LINC01410","0.146811117242957"
"LINC01411","0.145065791007462"
"LINC01412","0.142638227171111"
"LINC01413","0.145484557286601"
"LINC01415","0.147231433330195"
"LINC01416","0.145352448280691"
"LINC01419","0.147690419654157"
"LINC01420","0.145235558847934"
"LINC01422","0.146869073689793"
"LINC01423","0.146465334239552"
"LINC01424","0.142427425289205"
"LINC01425","0.143569732386678"
"LINC01426","0.145544606906383"
"LINC01427","0.144614105016345"
"LINC01429","0.148034902420004"
"LINC01431","0.143569732386678"
"LINC01433","0.142962842015038"
"LINC01435","0.144567467942326"
"LINC01436","0.142638227171111"
"LINC01438","0.142962842015038"
"LINC01441","0.145292528799064"
"LINC01443","0.148038247626503"
"LINC01444","0.143798410474058"
"LINC01445","0.143798410474058"
"LINC01446","0.144457515861102"
"LINC01447","0.143390264597339"
"LINC01448","0.145292528799064"
"LINC01449","0.146323338171795"
"LINC01451","0.144614105016345"
"LINC01455","0.143183414620729"
"LINC01456","0.145292528799064"
"LINC01460","0.145544606906383"
"LINC01465","0.148609954018679"
"LINC01467","0.147231433330195"
"LINC01468","0.144277486342199"
"LINC01470","0.145544606906383"
"LINC01471","0.147630889901759"
"LINC01473","0.146610654562737"
"LINC01474","0.146895649988556"
"LINC01475","0.144511226017413"
"LINC01476","0.143761676886391"
"LINC01477","0.146230670873106"
"LINC01478","0.148327860562553"
"LINC01479","0.145352448280691"
"LINC01480","0.146016515658015"
"LINC01481","0.145065791007462"
"LINC01482","0.144277486342199"
"LINC01483","0.143657053862717"
"LINC01484","0.145544606906383"
"LINC01485","0.145352448280691"
"LINC01487","0.145352448280691"
"LINC01489","0.144791521692466"
"LINC01490","0.145235558847934"
"LINC01492","0.145292528799064"
"LINC01496","0.145544606906383"
"LINC01497","0.145849968554918"
"LINC01498","0.146869073689793"
"LINC01500","0.145352448280691"
"LINC01501","0.146610654562737"
"LINC01502","0.143569732386678"
"LINC01503","0.143931717384981"
"LINC01504","0.14553703905395"
"LINC01505","0.143931717384981"
"LINC01506","0.141879469351213"
"LINC01507","0.144567467942326"
"LINC01508","0.145352448280691"
"LINC01509","0.144457515861102"
"LINC01510","0.144457515861102"
"LINC01511","0.147394186005499"
"LINC01513","0.143569732386678"
"LINC01514","0.143931717384981"
"LINC01515","0.145292528799064"
"LINC01516","0.145235558847934"
"LINC01518","0.143657053862717"
"LINC01519","0.146037027421577"
"LINC01521","0.146323338171795"
"LINC01523","0.142671764673669"
"LINC01524","0.145544606906383"
"LINC01525","0.146811117242957"
"LINC01526","0.142819782454498"
"LINC01527","0.145292528799064"
"LINC01529","0.145544606906383"
"LINC01531","0.147630889901759"
"LINC01532","0.143931717384981"
"LINC01534","0.146610654562737"
"LINC01535","0.143657053862717"
"LINC01537","0.144457515861102"
"LINC01539","0.143798410474058"
"LINC01541","0.14553703905395"
"LINC01543","0.147039123751056"
"LINC01545","0.144457515861102"
"LINC01546","0.145484557286601"
"LINC01547","0.147895463867024"
"LINC01548","0.144791521692466"
"LINC01549","0.146323338171795"
"LINC01550","0.146950559053694"
"LINC01551","0.145789623277084"
"LINC01552","0.144791521692466"
"LINC01553","0.146950559053694"
"LINC01554","0.145544606906383"
"LINC01555","0.144567467942326"
"LINC01556","0.147736005426793"
"LINC01558","0.144693631970289"
"LINC01559","0.144567467942326"
"LINC01560","0.144511226017413"
"LINC01561","0.143183414620729"
"LINC01562","0.144693631970289"
"LINC01563","0.143569732386678"
"LINC01564","0.144791521692466"
"LINC01565","0.147039123751056"
"LINC01567","0.144567467942326"
"LINC01569","0.144511226017413"
"LINC01571","0.143569732386678"
"LINC01572","0.145931320657905"
"LINC01574","0.145992855948591"
"LINC01579","0.144457515861102"
"LINC01580","0.147895463867024"
"LINC01583","0.145789623277084"
"LINC01586","0.148976178983644"
"LINC01588","0.144511226017413"
"LINC01589","0.143798410474058"
"LINC01591","0.145544606906383"
"LINC01592","0.145235558847934"
"LINC01594","0.144567467942326"
"LINC01596","0.143931717384981"
"LINC01597","0.146230670873106"
"LINC01598","0.146465334239552"
"LINC01600","0.146230670873106"
"LINC01602","0.147394186005499"
"LINC01603","0.144457515861102"
"LINC01605","0.148609954018679"
"LINC01606","0.144791521692466"
"LINC01607","0.144457515861102"
"LINC01608","0.145931320657905"
"LINC01609","0.143442434319915"
"LINC01611","0.146941964193971"
"LINC01612","0.145931320657905"
"LINC01614","0.145065791007462"
"LINC01615","0.145931320657905"
"LINC01616","0.145263642914201"
"LINC01618","0.14733820799344"
"LINC01620","0.145931320657905"
"LINC01621","0.145235558847934"
"LINC01623","0.143288143641738"
"LINC01624","0.145065791007462"
"LINC01625","0.144457515861102"
"LINC01626","0.145065791007462"
"LINC01627","0.146037027421577"
"LINC01629","0.148327860562553"
"LINCMD1","0.144277486342199"
"LINCR-0001","0.145235558847934"
"LINGO1","0.144511226017413"
"LINGO1-AS1","0.145235558847934"
"LINGO2","0.145544606906383"
"LINGO3","0.144791521692466"
"LINGO4","0.146895649988556"
"LINS1","0.146811117242957"
"LIPA","0.146465334239552"
"LIPC","0.145484557286601"
"LIPE","0.146465334239552"
"LIPE-AS1","0.147736005426793"
"LIPF","0.146037027421577"
"LIPG","0.147986857770557"
"LIPH","0.146610654562737"
"LIPI","0.147039123751056"
"LIPJ","0.144457515861102"
"LIPK","0.145065791007462"
"LIPM","0.147895463867024"
"LIPN","0.146950559053694"
"LIPT1","0.147231433330195"
"LIPT2","0.143390264597339"
"LITAF","0.143761676886391"
"LIX1","0.145789623277084"
"LIX1L","0.144791521692466"
"LKAAEAR1","0.145065791007462"
"LL09NC01-139C3.1","0.144693631970289"
"LL09NC01-251B2.3","0.147736005426793"
"LL09NC01-254D11.1","0.142003889372404"
"LL0XNC01-116E7.2","0.145544606906383"
"LL0XNC01-16G2.1","0.143761676886391"
"LL0XNC01-237H1.2","0.147394186005499"
"LL0XNC01-250H12.3","0.146012971041203"
"LL0XNC01-7P3.1","0.146230670873106"
"LL21NC02-1C16.2","0.144567467942326"
"LL21NC02-21A1.1","0.147478043827865"
"LL22NC01-81G9.3","0.145931320657905"
"LL22NC03-102D1.18","0.145484557286601"
"LL22NC03-104C7.1","0.145931320657905"
"LL22NC03-121E8.3","0.143761676886391"
"LL22NC03-27C5.1","0.144511226017413"
"LL22NC03-2H8.4","0.146950559053694"
"LL22NC03-2H8.5","0.146465334239552"
"LL22NC03-32F9.1","0.145789623277084"
"LL22NC03-63E9.3","0.146012971041203"
"LL22NC03-75H12.2","0.145235558847934"
"LL22NC03-86G7.1","0.146037027421577"
"LL22NC03-N95F10.1","0.144277486342199"
"LLGL1","0.144791521692466"
"LLGL2","0.143761676886391"
"LLNLF-187D8.1","0.143761676886391"
"LLNLR-245B6.1","0.146950559053694"
"LLNLR-246C6.1","0.145992855948591"
"LLNLR-249E10.1","0.146950559053694"
"LLNLR-268E12.1","0.144277486342199"
"LLNLR-284B4.1","0.146869073689793"
"LLNLR-284B4.2","0.145065791007462"
"LLNLR-304G9.1","0.146465334239552"
"LLNLR-307A6.1","0.147736005426793"
"LLPH","0.147231433330195"
"LLPH-AS1","0.146323338171795"
"LLfos-48D6.2","0.143657053862717"
"LMAN1","0.143205819909161"
"LMAN1L","0.145065791007462"
"LMAN2","0.145352448280691"
"LMAN2L","0.146037027421577"
"LMBR1","0.145352448280691"
"LMBR1L","0.145352448280691"
"LMBRD1","0.145789623277084"
"LMBRD2","0.143761676886391"
"LMCD1","0.144791521692466"
"LMCD1-AS1","0.145352448280691"
"LMF1","0.144511226017413"
"LMF1-AS1","0.145292528799064"
"LMF2","0.144791521692466"
"LMLN","0.142784939260444"
"LMLN-AS1","0.143077765792969"
"LMNA","0.146230670873106"
"LMNB1","0.146230670873106"
"LMNB2","0.145789623277084"
"LMNTD1","0.147630889901759"
"LMNTD2","0.143761676886391"
"LMO1","0.143288143641738"
"LMO2","0.143288143641738"
"LMO3","0.142638227171111"
"LMO4","0.145484557286601"
"LMO7","0.145789623277084"
"LMO7-AS1","0.145235558847934"
"LMO7DN","0.143931717384981"
"LMOD1","0.143761676886391"
"LMOD2","0.14203329521344"
"LMOD3","0.143931717384981"
"LMTK2","0.147394186005499"
"LMTK3","0.146012971041203"
"LMX1A","0.146465334239552"
"LMX1B","0.144791521692466"
"LNP1","0.143569732386678"
"LNPEP","0.147231433330195"
"LNX1","0.143288143641738"
"LNX1-AS1","0.145544606906383"
"LNX2","0.145235558847934"
"LOH12CR2","0.145292528799064"
"LONP1","0.142107750779898"
"LONP2","0.143657053862717"
"LONRF1","0.140868411130231"
"LONRF2","0.142671764673669"
"LONRF3","0.143390264597339"
"LOR","0.146465334239552"
"LOX","0.146811117242957"
"LOXHD1","0.145789623277084"
"LOXL1","0.145235558847934"
"LOXL1-AS1","0.145931320657905"
"LOXL2","0.143569732386678"
"LOXL3","0.148049278564424"
"LOXL4","0.145152448662047"
"LPA","0.146465334239552"
"LPAR1","0.145484557286601"
"LPAR2","0.143569732386678"
"LPAR3","0.146323338171795"
"LPAR4","0.14553703905395"
"LPAR5","0.142427425289205"
"LPAR6","0.144511226017413"
"LPCAT1","0.142784939260444"
"LPCAT2","0.144511226017413"
"LPCAT3","0.143657053862717"
"LPCAT4","0.145789623277084"
"LPGAT1","0.144511226017413"
"LPIN1","0.145292528799064"
"LPIN2","0.144791521692466"
"LPIN3","0.142784939260444"
"LPL","0.143761676886391"
"LPO","0.143798410474058"
"LPP","0.143569732386678"
"LPP-AS1","0.146230670873106"
"LPP-AS2","0.143442434319915"
"LPXN","0.145352448280691"
"LRAT","0.146323338171795"
"LRBA","0.144693631970289"
"LRCH1","0.146037027421577"
"LRCH2","0.144598387752607"
"LRCH3","0.146012971041203"
"LRCH4","0.147630889901759"
"LRCOL1","0.142784939260444"
"LRFN1","0.144484786262205"
"LRFN2","0.143077765792969"
"LRFN3","0.145484557286601"
"LRFN4","0.142367634594603"
"LRFN5","0.143288143641738"
"LRG1","0.143798410474058"
"LRGUK","0.145789623277084"
"LRIF1","0.143931717384981"
"LRIG1","0.143761676886391"
"LRIG2","0.142755657556642"
"LRIG3","0.145931320657905"
"LRIT3","0.143657053862717"
"LRMP","0.143798410474058"
"LRP1","0.144598387752607"
"LRP1-AS","0.146323338171795"
"LRP10","0.145235558847934"
"LRP11","0.142427425289205"
"LRP12","0.143931717384981"
"LRP1B","0.144457515861102"
"LRP2","0.142367634594603"
"LRP2BP","0.142819782454498"
"LRP3","0.145352448280691"
"LRP4","0.146230670873106"
"LRP4-AS1","0.141297359750663"
"LRP5","0.142819782454498"
"LRP5L","0.145065791007462"
"LRP6","0.142367634594603"
"LRP8","0.143798410474058"
"LRPAP1","0.145235558847934"
"LRPPRC","0.142755657556642"
"LRR1","0.145789623277084"
"LRRC1","0.141708614641634"
"LRRC10","0.144791521692466"
"LRRC10B","0.141297359750663"
"LRRC14","0.143283274095988"
"LRRC14B","0.142409282655805"
"LRRC15","0.144598387752607"
"LRRC16A","0.144277486342199"
"LRRC16B","0.143442434319915"
"LRRC17","0.143390264597339"
"LRRC18","0.143390264597339"
"LRRC19","0.147039123751056"
"LRRC2","0.142107750779898"
"LRRC2-AS1","0.143931717384981"
"LRRC20","0.144457515861102"
"LRRC23","0.143657053862717"
"LRRC24","0.144693631970289"
"LRRC25","0.145065791007462"
"LRRC26","0.146465334239552"
"LRRC27","0.144511226017413"
"LRRC28","0.143798410474058"
"LRRC29","0.145065791007462"
"LRRC3","0.145544606906383"
"LRRC3-AS1","0.143798410474058"
"LRRC31","0.142638227171111"
"LRRC32","0.143183414620729"
"LRRC34","0.143657053862717"
"LRRC36","0.143442434319915"
"LRRC37A","0.146012971041203"
"LRRC37A2","0.145235558847934"
"LRRC37A3","0.142784939260444"
"LRRC37B","0.145484557286601"
"LRRC38","0.147394186005499"
"LRRC39","0.145484557286601"
"LRRC3B","0.145065791007462"
"LRRC4","0.143066559077143"
"LRRC40","0.144511226017413"
"LRRC41","0.144457515861102"
"LRRC42","0.144598387752607"
"LRRC43","0.144511226017413"
"LRRC45","0.143931717384981"
"LRRC46","0.142107750779898"
"LRRC47","0.143657053862717"
"LRRC49","0.144511226017413"
"LRRC4B","0.143390264597339"
"LRRC4C","0.143390264597339"
"LRRC52","0.143077765792969"
"LRRC53","0.142755657556642"
"LRRC55","0.143761676886391"
"LRRC56","0.145352448280691"
"LRRC57","0.143761676886391"
"LRRC58","0.142819782454498"
"LRRC59","0.145292528799064"
"LRRC6","0.143283274095988"
"LRRC61","0.144457515861102"
"LRRC63","0.141708614641634"
"LRRC66","0.142427425289205"
"LRRC69","0.143931717384981"
"LRRC7","0.142819782454498"
"LRRC70","0.143390264597339"
"LRRC71","0.142638227171111"
"LRRC72","0.141297359750663"
"LRRC73","0.143569732386678"
"LRRC74A","0.142558944857104"
"LRRC74B","0.145292528799064"
"LRRC75A","0.144511226017413"
"LRRC75B","0.145065791007462"
"LRRC8A","0.144511226017413"
"LRRC8B","0.144598387752607"
"LRRC8C","0.140559127409421"
"LRRC8D","0.143761676886391"
"LRRC8E","0.143931717384981"
"LRRC9","0.145484557286601"
"LRRCC1","0.144277486342199"
"LRRD1","0.143183414620729"
"LRRFIP1","0.142671764673669"
"LRRFIP2","0.140559127409421"
"LRRIQ1","0.143485281653964"
"LRRIQ3","0.144598387752607"
"LRRIQ4","0.145352448280691"
"LRRK1","0.144693631970289"
"LRRK2","0.142819782454498"
"LRRN1","0.143283274095988"
"LRRN2","0.144457515861102"
"LRRN3","0.144693631970289"
"LRRN4","0.144457515861102"
"LRRN4CL","0.143798410474058"
"LRRTM1","0.142246046152053"
"LRRTM2","0.143054381098893"
"LRRTM3","0.143442434319915"
"LRRTM4","0.145544606906383"
"LRSAM1","0.143054381098893"
"LRTM1","0.143931717384981"
"LRTM2","0.145931320657905"
"LRTOMT","0.145065791007462"
"LRWD1","0.146869073689793"
"LSAMP","0.144457515861102"
"LSAMP-AS1","0.143390264597339"
"LSG1","0.143152229769159"
"LSINCT5","0.144598387752607"
"LSM1","0.145065791007462"
"LSM10","0.143054381098893"
"LSM11","0.143390264597339"
"LSM12","0.142246046152053"
"LSM14A","0.144598387752607"
"LSM14B","0.142107750779898"
"LSM2","0.143390264597339"
"LSM3","0.143761676886391"
"LSM4","0.143152229769159"
"LSM5","0.145544606906383"
"LSM6","0.142558944857104"
"LSM7","0.14553703905395"
"LSM8","0.145040852250127"
"LSMEM1","0.141138307348188"
"LSMEM2","0.144511226017413"
"LSP1","0.143657053862717"
"LSR","0.145484557286601"
"LSS","0.143569732386678"
"LST1","0.142638227171111"
"LTA","0.140868411130231"
"LTA4H","0.143275477444807"
"LTB","0.145235558847934"
"LTB4R","0.142784939260444"
"LTB4R2","0.145101469007085"
"LTBP1","0.143275477444807"
"LTBP2","0.142819782454498"
"LTBP3","0.142367634594603"
"LTBP4","0.146259184200931"
"LTBR","0.141297359750663"
"LTC4S","0.142755657556642"
"LTF","0.145484557286601"
"LTK","0.142409282655805"
"LTN1","0.142755657556642"
"LTV1","0.142784939260444"
"LUADT1","0.144457515861102"
"LUC7L","0.143657053862717"
"LUC7L2","0.143077765792969"
"LUC7L3","0.143745723756433"
"LUCAT1","0.142784939260444"
"LUM","0.142160982652042"
"LURAP1","0.144457515861102"
"LURAP1L","0.144693631970289"
"LURAP1L-AS1","0.143931717384981"
"LUZP1","0.145484557286601"
"LUZP2","0.142409282655805"
"LUZP4","0.142160982652042"
"LVCAT1","0.143657053862717"
"LVRN","0.145544606906383"
"LXN","0.145040852250127"
"LY6D","0.143275477444807"
"LY6E","0.142409282655805"
"LY6G5B","0.143761676886391"
"LY6G5C","0.143275477444807"
"LY6G6C","0.141708614641634"
"LY6G6D","0.143275477444807"
"LY6G6E","0.143054381098893"
"LY6G6F","0.143054381098893"
"LY6H","0.145544606906383"
"LY6K","0.145235558847934"
"LY75","0.146465334239552"
"LY75-CD302","0.145235558847934"
"LY86","0.143442434319915"
"LY86-AS1","0.145040852250127"
"LY9","0.142759326696371"
"LY96","0.141138307348188"
"LYAR","0.143442434319915"
"LYG1","0.143442434319915"
"LYG2","0.143152229769159"
"LYL1","0.13957642437236"
"LYN","0.145789623277084"
"LYNX1","0.144457515861102"
"LYPD1","0.143798410474058"
"LYPD2","0.144277486342199"
"LYPD3","0.142671764673669"
"LYPD4","0.143931717384981"
"LYPD5","0.145789623277084"
"LYPD6","0.143442434319915"
"LYPD6B","0.143657053862717"
"LYPD8","0.143442434319915"
"LYPLA1","0.143442434319915"
"LYPLA2","0.142671764673669"
"LYPLAL1","0.144693631970289"
"LYPLAL1-AS1","0.143054381098893"
"LYRM1","0.142784939260444"
"LYRM2","0.143569732386678"
"LYRM4","0.142553924858592"
"LYRM5","0.143798410474058"
"LYRM7","0.14149587254228"
"LYRM9","0.144598387752607"
"LYSMD1","0.142784939260444"
"LYSMD2","0.144598387752607"
"LYSMD3","0.146811117242957"
"LYSMD4","0.145484557286601"
"LYST","0.146610654562737"
"LYVE1","0.146037027421577"
"LYZ","0.144598387752607"
"LYZL1","0.142659392743376"
"LYZL2","0.142638227171111"
"LYZL4","0.146610654562737"
"LYZL6","0.144598387752607"
"LZIC","0.143152229769159"
"LZTFL1","0.144277486342199"
"LZTR1","0.142427425289205"
"LZTS1","0.145292528799064"
"LZTS1-AS1","0.143798410474058"
"LZTS2","0.145931320657905"
"M1AP","0.143657053862717"
"M6PR","0.143054381098893"
"MAATS1","0.144457515861102"
"MAB21L1","0.143152229769159"
"MAB21L2","0.145292528799064"
"MAB21L3","0.142160982652042"
"MACC1","0.145292528799064"
"MACC1-AS1","0.144277486342199"
"MACF1","0.143931717384981"
"MACROD1","0.142409282655805"
"MACROD2","0.142784939260444"
"MACROD2-AS1","0.145352448280691"
"MAD1L1","0.143275477444807"
"MAD2L1","0.143761676886391"
"MAD2L1BP","0.143152229769159"
"MAD2L2","0.145789623277084"
"MADCAM1","0.143275477444807"
"MADD","0.145292528799064"
"MAEA","0.147394186005499"
"MAEL","0.141081405090943"
"MAF","0.143442434319915"
"MAF1","0.143390264597339"
"MAFA","0.143390264597339"
"MAFA-AS1","0.143761676886391"
"MAFB","0.143442434319915"
"MAFF","0.143390264597339"
"MAFG","0.144693631970289"
"MAFG-AS1","0.143390264597339"
"MAFK","0.142107750779898"
"MAFTRR","0.142367634594603"
"MAG","0.143761676886391"
"MAGEA1","0.140868411130231"
"MAGEA10","0.141910777270726"
"MAGEA11","0.143569732386678"
"MAGEA12","0.143054381098893"
"MAGEA2","0.145544606906383"
"MAGEA2B","0.143442434319915"
"MAGEA3","0.142558944857104"
"MAGEA4","0.142819782454498"
"MAGEA6","0.146012971041203"
"MAGEA8","0.141081405090943"
"MAGEA8-AS1","0.142409282655805"
"MAGEA9","0.143761676886391"
"MAGEA9B","0.143569732386678"
"MAGEB1","0.143657053862717"
"MAGEB10","0.14553703905395"
"MAGEB16","0.142367634594603"
"MAGEB2","0.142409282655805"
"MAGEB4","0.139495330022014"
"MAGEB5","0.143442434319915"
"MAGEB6","0.142409282655805"
"MAGEC1","0.141708614641634"
"MAGEC2","0.143442434319915"
"MAGED1","0.142596060647982"
"MAGED2","0.145235558847934"
"MAGED4","0.143054381098893"
"MAGED4B","0.143442434319915"
"MAGEE1","0.144693631970289"
"MAGEE2","0.143152229769159"
"MAGEF1","0.142367634594603"
"MAGEH1","0.142160982652042"
"MAGEL2","0.144511226017413"
"MAGI1","0.14203329521344"
"MAGI1-AS1","0.144457515861102"
"MAGI2","0.144598387752607"
"MAGI3","0.140075587738815"
"MAGIX","0.144457515861102"
"MAGOH","0.142160982652042"
"MAGOHB","0.143054381098893"
"MAGT1","0.144277486342199"
"MAK","0.143275477444807"
"MAK16","0.143152229769159"
"MAL","0.143054381098893"
"MAL2","0.141081405090943"
"MALAT1","0.143657053862717"
"MALL","0.146465334239552"
"MALRD1","0.142409282655805"
"MALSU1","0.141081405090943"
"MALT1","0.143761676886391"
"MAMDC2","0.143761676886391"
"MAMDC2-AS1","0.146259184200931"
"MAMDC4","0.140559127409421"
"MAML1","0.142367634594603"
"MAML2","0.143657053862717"
"MAML3","0.138972910279977"
"MAMLD1","0.142755657556642"
"MAMSTR","0.143745723756433"
"MAN1A1","0.139423629337037"
"MAN1A2","0.145292528799064"
"MAN1B1","0.146259184200931"
"MAN1B1-AS1","0.146941964193971"
"MAN1C1","0.141081405090943"
"MAN2A1","0.14553703905395"
"MAN2A2","0.145931320657905"
"MAN2B1","0.143390264597339"
"MAN2B2","0.144277486342199"
"MAN2C1","0.142784939260444"
"MANBA","0.142409282655805"
"MANBAL","0.142246046152053"
"MANEA","0.144598387752607"
"MANEA-AS1","0.142160982652042"
"MANEAL","0.144511226017413"
"MANF","0.142553924858592"
"MANSC1","0.142819782454498"
"MANSC4","0.143152229769159"
"MAOA","0.143275477444807"
"MAOB","0.145352448280691"
"MAP10","0.144511226017413"
"MAP1A","0.145235558847934"
"MAP1B","0.139495330022014"
"MAP1LC3A","0.142819782454498"
"MAP1LC3B","0.144511226017413"
"MAP1LC3B2","0.143442434319915"
"MAP1LC3C","0.144598387752607"
"MAP1S","0.146813492401735"
"MAP2","0.143569732386678"
"MAP2K1","0.144277486342199"
"MAP2K2","0.143152229769159"
"MAP2K3","0.143657053862717"
"MAP2K4","0.139289893849643"
"MAP2K5","0.142107750779898"
"MAP2K6","0.144457515861102"
"MAP2K7","0.143929325066171"
"MAP3K1","0.13957642437236"
"MAP3K10","0.142409282655805"
"MAP3K11","0.142638227171111"
"MAP3K12","0.146259184200931"
"MAP3K13","0.144598387752607"
"MAP3K14","0.144693631970289"
"MAP3K14-AS1","0.143569732386678"
"MAP3K15","0.143390264597339"
"MAP3K19","0.142819782454498"
"MAP3K2","0.142638227171111"
"MAP3K3","0.143929325066171"
"MAP3K4","0.145789623277084"
"MAP3K5","0.143390264597339"
"MAP3K6","0.145789623277084"
"MAP3K7","0.142246046152053"
"MAP3K7CL","0.142409282655805"
"MAP3K8","0.143390264597339"
"MAP3K9","0.144457515861102"
"MAP4","0.142784939260444"
"MAP4K1","0.142638227171111"
"MAP4K2","0.144511226017413"
"MAP4K3","0.145789623277084"
"MAP4K4","0.143442434319915"
"MAP4K5","0.142638227171111"
"MAP6","0.142558944857104"
"MAP6D1","0.145292528799064"
"MAP7","0.143275477444807"
"MAP7D1","0.144511226017413"
"MAP7D2","0.143390264597339"
"MAP7D3","0.144693631970289"
"MAP9","0.142427425289205"
"MAPK1","0.14553703905395"
"MAPK10","0.143569732386678"
"MAPK11","0.146037027421577"
"MAPK12","0.144693631970289"
"MAPK13","0.144511226017413"
"MAPK14","0.142367634594603"
"MAPK15","0.144277486342199"
"MAPK1IP1L","0.143761676886391"
"MAPK3","0.143761676886391"
"MAPK4","0.141708614641634"
"MAPK6","0.145352448280691"
"MAPK7","0.145544606906383"
"MAPK8","0.143657053862717"
"MAPK8IP1","0.145352448280691"
"MAPK8IP2","0.14553703905395"
"MAPK8IP3","0.143275477444807"
"MAPK9","0.143929325066171"
"MAPKAP1","0.142819782454498"
"MAPKAPK2","0.143761676886391"
"MAPKAPK3","0.140868411130231"
"MAPKAPK5","0.142784939260444"
"MAPKAPK5-AS1","0.142671764673669"
"MAPKBP1","0.139108250340661"
"MAPRE1","0.143761676886391"
"MAPRE2","0.145292528799064"
"MAPRE3","0.145040852250127"
"MAPT","0.142671764673669"
"MAPT-AS1","0.145484557286601"
"MARC1","0.142409282655805"
"MARC2","0.143442434319915"
"MARCH1","0.144511226017413"
"MARCH10","0.143054381098893"
"MARCH11","0.143390264597339"
"MARCH2","0.143761676886391"
"MARCH3","0.142755657556642"
"MARCH4","0.143275477444807"
"MARCH5","0.145040852250127"
"MARCH6","0.143657053862717"
"MARCH7","0.143657053862717"
"MARCH8","0.142755657556642"
"MARCH9","0.144457515861102"
"MARCKS","0.143657053862717"
"MARCKSL1","0.142671764673669"
"MARCO","0.144598387752607"
"MARK1","0.142638227171111"
"MARK2","0.142784939260444"
"MARK3","0.141708614641634"
"MARK4","0.144277486342199"
"MARS","0.145352448280691"
"MARS2","0.145931320657905"
"MARVELD1","0.145352448280691"
"MARVELD2","0.142819782454498"
"MARVELD3","0.143929325066171"
"MAS1","0.144457515861102"
"MAS1L","0.145235558847934"
"MASP1","0.144693631970289"
"MASP2","0.145292528799064"
"MAST1","0.142671764673669"
"MAST2","0.143569732386678"
"MAST3","0.144511226017413"
"MAST4","0.143569732386678"
"MAST4-AS1","0.140868411130231"
"MASTL","0.145292528799064"
"MAT1A","0.146610654562737"
"MAT2A","0.142819782454498"
"MAT2B","0.145235558847934"
"MATK","0.14553703905395"
"MATN1","0.144598387752607"
"MATN1-AS1","0.142819782454498"
"MATN2","0.143929325066171"
"MATN3","0.142755657556642"
"MATN4","0.145292528799064"
"MATR3","0.144693631970289"
"MAU2","0.143152229769159"
"MAVS","0.143657053862717"
"MAX","0.143761676886391"
"MAZ","0.143275477444807"
"MB","0.14203329521344"
"MB21D1","0.143657053862717"
"MB21D2","0.142246046152053"
"MBD1","0.145235558847934"
"MBD2","0.142160982652042"
"MBD3","0.142558944857104"
"MBD3L1","0.142784939260444"
"MBD3L2","0.142671764673669"
"MBD3L5","0.143054381098893"
"MBD4","0.145789623277084"
"MBD5","0.143745723756433"
"MBD6","0.144277486342199"
"MBIP","0.143929325066171"
"MBL2","0.143929325066171"
"MBLAC1","0.143569732386678"
"MBLAC2","0.142160982652042"
"MBNL1","0.146941964193971"
"MBNL1-AS1","0.146258002661994"
"MBNL2","0.14203329521344"
"MBNL3","0.143761676886391"
"MBOAT1","0.143442434319915"
"MBOAT2","0.142558944857104"
"MBOAT4","0.142784939260444"
"MBOAT7","0.144457515861102"
"MBP","0.144457515861102"
"MBTD1","0.14203329521344"
"MBTPS1","0.144693631970289"
"MBTPS2","0.145235558847934"
"MC1R","0.142107750779898"
"MC2R","0.144598387752607"
"MC3R","0.143657053862717"
"MC4R","0.143567184787558"
"MCAM","0.142427425289205"
"MCAT","0.146012971041203"
"MCC","0.146390494287142"
"MCCC1","0.147039123751056"
"MCCC1-AS1","0.142558944857104"
"MCCC2","0.146258002661994"
"MCCD1","0.142819782454498"
"MCEE","0.142819782454498"
"MCEMP1","0.142671764673669"
"MCF2","0.14208589532228"
"MCF2L","0.142784939260444"
"MCF2L-AS1","0.145539919239175"
"MCF2L2","0.140868411130231"
"MCFD2","0.141081405090943"
"MCHR1","0.143390264597339"
"MCHR2","0.146610654562737"
"MCIDAS","0.145352448280691"
"MCL1","0.145235558847934"
"MCM10","0.146465334239552"
"MCM2","0.142819782454498"
"MCM3","0.143929325066171"
"MCM3AP","0.143442434319915"
"MCM3AP-AS1","0.143275477444807"
"MCM4","0.142558944857104"
"MCM5","0.14203329521344"
"MCM6","0.145539919239175"
"MCM7","0.144277486342199"
"MCM8","0.144562857863699"
"MCM9","0.139925850317195"
"MCMBP","0.141138307348188"
"MCMDC2","0.142638227171111"
"MCOLN1","0.144277486342199"
"MCOLN2","0.143657053862717"
"MCOLN3","0.142246046152053"
"MCPH1","0.142784939260444"
"MCPH1-AS1","0.143761676886391"
"MCRS1","0.142755657556642"
"MCTP1","0.142638227171111"
"MCTP2","0.143442434319915"
"MCTS1","0.143929325066171"
"MCU","0.142819782454498"
"MCUR1","0.143152229769159"
"MDC1","0.145292528799064"
"MDC1-AS1","0.146465334239552"
"MDFI","0.142427425289205"
"MDFIC","0.146225236105813"
"MDGA1","0.142671764673669"
"MDGA2","0.142638227171111"
"MDH1","0.146012971041203"
"MDH1B","0.142246046152053"
"MDH2","0.143569732386678"
"MDK","0.145292528799064"
"MDM1","0.147039123751056"
"MDM2","0.143043174383067"
"MDM4","0.143569732386678"
"MDN1","0.145352448280691"
"MDP1","0.142819782454498"
"MDS2","0.143351780338132"
"ME1","0.143761676886391"
"ME2","0.143054381098893"
"ME3","0.140559127409421"
"MEA1","0.145040852250127"
"MEAF6","0.140559127409421"
"MECOM","0.142638227171111"
"MECP2","0.142558944857104"
"MECR","0.143929325066171"
"MED1","0.143043174383067"
"MED10","0.144457515861102"
"MED11","0.142558944857104"
"MED12","0.143569732386678"
"MED12L","0.147039123751056"
"MED13","0.144589297618906"
"MED13L","0.142160982652042"
"MED14","0.144589297618906"
"MED14OS","0.144457515861102"
"MED15","0.146258002661994"
"MED16","0.143929325066171"
"MED17","0.142638227171111"
"MED18","0.143275477444807"
"MED19","0.145235558847934"
"MED20","0.144457515861102"
"MED21","0.145235558847934"
"MED22","0.142558944857104"
"MED23","0.145539919239175"
"MED24","0.143152229769159"
"MED25","0.147039123751056"
"MED26","0.143761676886391"
"MED27","0.143043174383067"
"MED28","0.144457515861102"
"MED29","0.145467704577866"
"MED30","0.142558944857104"
"MED31","0.142755657556642"
"MED4","0.146012971041203"
"MED4-AS1","0.146850399384213"
"MED6","0.145040852250127"
"MED7","0.143043174383067"
"MED8","0.142638227171111"
"MED9","0.143929325066171"
"MEDAG","0.143761676886391"
"MEF2A","0.143390264597339"
"MEF2B","0.143152229769159"
"MEF2C","0.146465334239552"
"MEF2C-AS1","0.147736005426793"
"MEF2D","0.147895463867024"
"MEFV","0.145539919239175"
"MEG3","0.147277862765543"
"MEG8","0.143657053862717"
"MEG9","0.145539919239175"
"MEGF10","0.142638227171111"
"MEGF11","0.142755657556642"
"MEGF6","0.144277486342199"
"MEGF8","0.143657053862717"
"MEGF9","0.143657053862717"
"MEI1","0.146941964193971"
"MEI4","0.146610654562737"
"MEIG1","0.143152229769159"
"MEIKIN","0.145484557286601"
"MEIOB","0.149025224221334"
"MEIOC","0.145352448280691"
"MEIS1","0.147478043827865"
"MEIS1-AS2","0.143275477444807"
"MEIS1-AS3","0.143390264597339"
"MEIS2","0.146610654562737"
"MEIS3","0.146258002661994"
"MELK","0.144231455826018"
"MEMO1","0.146610654562737"
"MEN1","0.142784939260444"
"MEOX1","0.145017778799954"
"MEOX2","0.143390264597339"
"MEOX2-AS1","0.143442434319915"
"MEP1A","0.146941964193971"
"MEP1B","0.144457515861102"
"MEPCE","0.143761676886391"
"MEPE","0.143929325066171"
"MERTK","0.143657053862717"
"MESDC1","0.143657053862717"
"MESDC2","0.147895463867024"
"MESP1","0.145931320657905"
"MESP2","0.145931320657905"
"MEST","0.147573867347911"
"MESTIT1","0.144277486342199"
"MET","0.146850399384213"
"METAP1","0.145352448280691"
"METAP1D","0.147736005426793"
"METAP2","0.144277486342199"
"METRN","0.145539919239175"
"METRNL","0.143929325066171"
"METTL1","0.147736005426793"
"METTL10","0.143351780338132"
"METTL11B","0.143761676886391"
"METTL12","0.145539919239175"
"METTL13","0.143657053862717"
"METTL14","0.146465334239552"
"METTL15","0.142160982652042"
"METTL16","0.147394186005499"
"METTL17","0.147573867347911"
"METTL18","0.142638227171111"
"METTL20","0.147277862765543"
"METTL21A","0.142671764673669"
"METTL21B","0.142784939260444"
"METTL21C","0.142107750779898"
"METTL22","0.147986857770557"
"METTL23","0.147277862765543"
"METTL24","0.143929325066171"
"METTL25","0.146465334239552"
"METTL2A","0.146755094326217"
"METTL2B","0.145789623277084"
"METTL3","0.146850399384213"
"METTL4","0.147202787600064"
"METTL5","0.142367634594603"
"METTL6","0.142671764673669"
"METTL7A","0.143275477444807"
"METTL7B","0.147202787600064"
"METTL8","0.147657468156446"
"METTL9","0.146465334239552"
"MEX3A","0.145040852250127"
"MEX3B","0.143657053862717"
"MEX3C","0.148049278564424"
"MEX3D","0.145040852250127"
"MFAP1","0.147875620616225"
"MFAP2","0.145539919239175"
"MFAP3","0.145292528799064"
"MFAP3L","0.146755094326217"
"MFAP4","0.146012971041203"
"MFAP5","0.142671764673669"
"MFF","0.146258002661994"
"MFGE8","0.147394186005499"
"MFHAS1","0.144589297618906"
"MFI2","0.147895463867024"
"MFI2-AS1","0.147573867347911"
"MFN1","0.146012971041203"
"MFN2","0.147277862765543"
"MFNG","0.142638227171111"
"MFSD1","0.143929325066171"
"MFSD10","0.146258002661994"
"MFSD11","0.148034902420004"
"MFSD12","0.147657468156446"
"MFSD13A","0.144589297618906"
"MFSD14A","0.143761676886391"
"MFSD14B","0.145539919239175"
"MFSD14C","0.144693631970289"
"MFSD2A","0.143043174383067"
"MFSD2B","0.148034902420004"
"MFSD3","0.146465334239552"
"MFSD4","0.148049278564424"
"MFSD5","0.147478043827865"
"MFSD6","0.143442434319915"
"MFSD6L","0.145484557286601"
"MFSD7","0.147657468156446"
"MFSD8","0.143152229769159"
"MFSD9","0.143761676886391"
"MGA","0.143657053862717"
"MGAM","0.143569732386678"
"MGAM2","0.146850399384213"
"MGARP","0.144589297618906"
"MGAT1","0.145292528799064"
"MGAT2","0.147986857770557"
"MGAT3","0.146721375510171"
"MGAT3-AS1","0.147039123751056"
"MGAT4A","0.144589297618906"
"MGAT4B","0.143390264597339"
"MGAT4C","0.145352448280691"
"MGAT4D","0.146850399384213"
"MGAT5","0.143569732386678"
"MGAT5B","0.147986857770557"
"MGC15885","0.146941964193971"
"MGC16275","0.143152229769159"
"MGC32805","0.145931320657905"
"MGC39584","0.143351780338132"
"MGC45922","0.145292528799064"
"MGEA5","0.146258002661994"
"MGLL","0.143275477444807"
"MGME1","0.143761676886391"
"MGMT","0.143657053862717"
"MGP","0.145040852250127"
"MGRN1","0.147394186005499"
"MGST1","0.145352448280691"
"MGST2","0.148049278564424"
"MGST3","0.144693631970289"
"MIA","0.145352448280691"
"MIA-RAB4B","0.139941083971631"
"MIA2","0.145931320657905"
"MIA3","0.145235558847934"
"MIAT","0.144693631970289"
"MIATNB","0.147736005426793"
"MIB1","0.143043174383067"
"MIB2","0.147736005426793"
"MICA","0.145931320657905"
"MICAL1","0.144277486342199"
"MICAL2","0.143390264597339"
"MICAL3","0.145931320657905"
"MICALCL","0.148034902420004"
"MICALL1","0.142784939260444"
"MICALL2","0.145484557286601"
"MICB","0.145539919239175"
"MICU1","0.146850399384213"
"MICU2","0.142671764673669"
"MICU3","0.144589297618906"
"MID1","0.145292528799064"
"MID1IP1","0.146721375510171"
"MID1IP1-AS1","0.146465334239552"
"MID2","0.143929325066171"
"MIDN","0.143275477444807"
"MIEF1","0.145931320657905"
"MIEF2","0.143390264597339"
"MIEN1","0.144277486342199"
"MIER1","0.143929325066171"
"MIER2","0.147657468156446"
"MIER3","0.145292528799064"
"MIF","0.144589297618906"
"MIF-AS1","0.145484557286601"
"MIF4GD","0.146721375510171"
"MIIP","0.145292528799064"
"MILR1","0.142638227171111"
"MIMT1","0.144277486342199"
"MINA","0.144457515861102"
"MINCR","0.146941964193971"
"MINK1","0.146465334239552"
"MINOS1","0.143761676886391"
"MINPP1","0.147657468156446"
"MIOS","0.142427425289205"
"MIOX","0.146465334239552"
"MIP","0.145127509904712"
"MIPEP","0.146941964193971"
"MIPOL1","0.145040852250127"
"MIR1-1HG","0.145789623277084"
"MIR100HG","0.148474832475451"
"MIR133A1HG","0.143390264597339"
"MIR137HG","0.144693631970289"
"MIR1539","0.146721375510171"
"MIR155HG","0.147085989516084"
"MIR181A1HG","0.146258002661994"
"MIR181A2HG","0.145352448280691"
"MIR193BHG","0.146721375510171"
"MIR194-2HG","0.145539919239175"
"MIR202HG","0.144589297618906"
"MIR2052HG","0.147085989516084"
"MIR210HG","0.142784939260444"
"MIR2117HG","0.144457515861102"
"MIR217HG","0.147015090822861"
"MIR219A2","0.143043174383067"
"MIR222HG","0.144693631970289"
"MIR22HG","0.142755657556642"
"MIR3142HG","0.146850399384213"
"MIR3179-1","0.143761676886391"
"MIR3179-3","0.144589297618906"
"MIR3180-1","0.142376882508196"
"MIR3180-4","0.145789623277084"
"MIR325HG","0.142638227171111"
"MIR34AHG","0.1485904101198"
"MIR3663HG","0.147039123751056"
"MIR3681HG","0.144693631970289"
"MIR3945HG","0.147039123751056"
"MIR3976HG","0.144457515861102"
"MIR4290HG","0.146941964193971"
"MIR4300HG","0.146012971041203"
"MIR4307HG","0.148327860562553"
"MIR4432HG","0.148049278564424"
"MIR4435-2HG","0.145789623277084"
"MIR4458HG","0.145931320657905"
"MIR4500HG","0.147210284340752"
"MIR497HG","0.143152229769159"
"MIR503HG","0.142160982652042"
"MIR548XHG","0.143152229769159"
"MIR5689HG","0.143043174383067"
"MIR646HG","0.146850399384213"
"MIR7-3HG","0.143569732386678"
"MIR7515HG","0.143657053862717"
"MIR762HG","0.147478043827865"
"MIR9-3HG","0.145352448280691"
"MIR99AHG","0.144457515861102"
"MIRLET7BHG","0.143657053862717"
"MIRLET7DHG","0.146721375510171"
"MIS12","0.145040852250127"
"MIS18A","0.145292528799064"
"MIS18A-AS1","0.14435680560782"
"MIS18BP1","0.145040852250127"
"MISP","0.148327860562553"
"MITD1","0.147736005426793"
"MITF","0.147573867347911"
"MIXL1","0.143442434319915"
"MKI67","0.142755657556642"
"MKKS","0.146012971041203"
"MKL1","0.144457515861102"
"MKL2","0.143442434319915"
"MKLN1","0.146850399384213"
"MKNK1","0.143442434319915"
"MKNK1-AS1","0.145931320657905"
"MKNK2","0.143929325066171"
"MKRN1","0.148638698963735"
"MKRN2","0.145931320657905"
"MKRN2OS","0.146012971041203"
"MKRN3","0.146465334239552"
"MKRN3-AS1","0.147085989516084"
"MKS1","0.145235558847934"
"MKX","0.146012971041203"
"MKX-AS1","0.146012971041203"
"MLANA","0.145352448280691"
"MLC1","0.147085989516084"
"MLEC","0.146721375510171"
"MLF1","0.144277486342199"
"MLF2","0.142427425289205"
"MLH1","0.147573867347911"
"MLH3","0.146941964193971"
"MLIP","0.145292528799064"
"MLIP-AS1","0.148851800104039"
"MLK7-AS1","0.145931320657905"
"MLKL","0.143442434319915"
"MLLT1","0.146258002661994"
"MLLT10","0.146012971041203"
"MLLT11","0.145235558847934"
"MLLT3","0.144693631970289"
"MLLT4","0.147394186005499"
"MLLT4-AS1","0.147657468156446"
"MLLT6","0.147478043827865"
"MLNR","0.145235558847934"
"MLPH","0.146465334239552"
"MLST8","0.147394186005499"
"MLX","0.144589297618906"
"MLXIP","0.145352448280691"
"MLXIPL","0.145235558847934"
"MLYCD","0.146258002661994"
"MMAA","0.142784939260444"
"MMAB","0.146721375510171"
"MMACHC","0.14744245227345"
"MMADHC","0.148327860562553"
"MMD","0.147085989516084"
"MMD2","0.147039123751056"
"MME","0.147736005426793"
"MME-AS1","0.145789623277084"
"MMEL1","0.148049278564424"
"MMGT1","0.146941964193971"
"MMP1","0.142409282655805"
"MMP10","0.146941964193971"
"MMP11","0.144589297618906"
"MMP12","0.143442434319915"
"MMP13","0.144277486342199"
"MMP14","0.146850399384213"
"MMP15","0.145484557286601"
"MMP16","0.146258002661994"
"MMP17","0.147478043827865"
"MMP19","0.145292528799064"
"MMP2","0.143929325066171"
"MMP20","0.145931320657905"
"MMP21","0.143043174383067"
"MMP23B","0.146850399384213"
"MMP24","0.142246046152053"
"MMP24-AS1","0.147573867347911"
"MMP25","0.144277486342199"
"MMP25-AS1","0.145931320657905"
"MMP27","0.150085469269639"
"MMP28","0.147478043827865"
"MMP3","0.144277486342199"
"MMP7","0.143657053862717"
"MMP8","0.145484557286601"
"MMP9","0.145040852250127"
"MMRN1","0.145352448280691"
"MMRN2","0.148851800104039"
"MMS19","0.147085989516084"
"MMS22L","0.143092411919856"
"MN1","0.148976178983644"
"MNAT1","0.148501379827041"
"MND1","0.147277862765543"
"MNDA","0.145352448280691"
"MNS1","0.144589297618906"
"MNT","0.142558944857104"
"MNX1","0.146941964193971"
"MNX1-AS1","0.147573867347911"
"MNX1-AS2","0.145789623277084"
"MOAP1","0.143761676886391"
"MOB1A","0.145484557286601"
"MOB1B","0.145484557286601"
"MOB2","0.142759326696371"
"MOB3A","0.147478043827865"
"MOB3B","0.147039123751056"
"MOB3C","0.147657468156446"
"MOB4","0.146465334239552"
"MOBP","0.145539919239175"
"MOCOS","0.147218838034479"
"MOCS1","0.144658517969424"
"MOCS2","0.145539919239175"
"MOCS3","0.146258002661994"
"MOG","0.140122011021122"
"MOGAT1","0.144457515861102"
"MOGAT2","0.143569732386678"
"MOGAT3","0.142638227171111"
"MOGS","0.145783975548134"
"MOK","0.146258002661994"
"MON1A","0.145352448280691"
"MON1B","0.143442434319915"
"MON2","0.145292528799064"
"MORC1","0.145931320657905"
"MORC2","0.145040852250127"
"MORC2-AS1","0.146941964193971"
"MORC3","0.143390264597339"
"MORC4","0.142427425289205"
"MORF4L1","0.145235558847934"
"MORF4L2","0.149025224221334"
"MORF4L2-AS1","0.145931320657905"
"MORN1","0.145789623277084"
"MORN2","0.147218838034479"
"MORN3","0.146012971041203"
"MORN4","0.147657468156446"
"MORN5","0.147657468156446"
"MOSPD1","0.146850399384213"
"MOSPD2","0.145352448280691"
"MOSPD3","0.147119147337954"
"MOV10","0.147039123751056"
"MOV10L1","0.147119147337954"
"MOXD1","0.147039123751056"
"MPC1","0.142246046152053"
"MPC2","0.144693631970289"
"MPDU1","0.143929325066171"
"MPDZ","0.143929325066171"
"MPEG1","0.147039123751056"
"MPG","0.146850399384213"
"MPHOSPH10","0.147218838034479"
"MPHOSPH6","0.144457515861102"
"MPHOSPH8","0.145352448280691"
"MPHOSPH9","0.147478043827865"
"MPI","0.146721375510171"
"MPL","0.147657468156446"
"MPLKIP","0.147478043827865"
"MPND","0.147277862765543"
"MPO","0.147119147337954"
"MPP1","0.145484557286601"
"MPP2","0.147039123751056"
"MPP3","0.146012971041203"
"MPP4","0.143929325066171"
"MPP5","0.148034902420004"
"MPP6","0.145040852250127"
"MPP7","0.143929325066171"
"MPPE1","0.144589297618906"
"MPPED1","0.144457515861102"
"MPPED2","0.143152229769159"
"MPRIP","0.147394186005499"
"MPRIP-AS1","0.147986857770557"
"MPST","0.144589297618906"
"MPV17","0.146012971041203"
"MPV17L","0.146258002661994"
"MPV17L2","0.145931320657905"
"MPZ","0.145484557286601"
"MPZL1","0.147394186005499"
"MPZL2","0.148474832475451"
"MPZL3","0.145484557286601"
"MR1","0.145931320657905"
"MRAP","0.145931320657905"
"MRAP2","0.147085989516084"
"MRAS","0.147218838034479"
"MRC1","0.145789623277084"
"MRC2","0.144277486342199"
"MRE11A","0.148474832475451"
"MREG","0.145040852250127"
"MRFAP1","0.148049278564424"
"MRFAP1L1","0.145539919239175"
"MRGBP","0.148034902420004"
"MRGPRE","0.144457515861102"
"MRGPRF","0.145040852250127"
"MRGPRF-AS1","0.148049278564424"
"MRGPRG-AS1","0.147478043827865"
"MRGPRX2","0.144589297618906"
"MRGPRX4","0.147736005426793"
"MRI1","0.147657468156446"
"MRLN","0.147394186005499"
"MRM1","0.145292528799064"
"MRO","0.147895463867024"
"MROH1","0.146258002661994"
"MROH2A","0.147085989516084"
"MROH2B","0.147218838034479"
"MROH6","0.145040852250127"
"MROH7","0.145849968554918"
"MROH7-TTC4","0.147277862765543"
"MROH8","0.145789623277084"
"MROH9","0.143929325066171"
"MRPL1","0.143929325066171"
"MRPL10","0.147394186005499"
"MRPL11","0.146721375510171"
"MRPL12","0.145292528799064"
"MRPL13","0.147218838034479"
"MRPL14","0.144693631970289"
"MRPL15","0.147119147337954"
"MRPL16","0.143442434319915"
"MRPL17","0.146850399384213"
"MRPL18","0.147039123751056"
"MRPL19","0.145040852250127"
"MRPL2","0.146721375510171"
"MRPL20","0.143442434319915"
"MRPL21","0.146465334239552"
"MRPL22","0.147573867347911"
"MRPL23","0.147657468156446"
"MRPL23-AS1","0.148049278564424"
"MRPL24","0.144693631970289"
"MRPL27","0.147736005426793"
"MRPL28","0.147573867347911"
"MRPL3","0.147573867347911"
"MRPL30","0.144457515861102"
"MRPL32","0.147986857770557"
"MRPL33","0.146258002661994"
"MRPL34","0.146850399384213"
"MRPL35","0.142160982652042"
"MRPL36","0.145292528799064"
"MRPL37","0.145484557286601"
"MRPL38","0.148034902420004"
"MRPL39","0.145235558847934"
"MRPL4","0.142638227171111"
"MRPL40","0.147895463867024"
"MRPL41","0.146012971041203"
"MRPL42","0.147085989516084"
"MRPL43","0.142427425289205"
"MRPL44","0.146258002661994"
"MRPL45","0.142638227171111"
"MRPL46","0.145931320657905"
"MRPL47","0.148034902420004"
"MRPL48","0.145235558847934"
"MRPL49","0.143569732386678"
"MRPL50","0.145235558847934"
"MRPL51","0.147895463867024"
"MRPL52","0.147218838034479"
"MRPL53","0.147573867347911"
"MRPL54","0.144693631970289"
"MRPL55","0.144693631970289"
"MRPL57","0.147986857770557"
"MRPL9","0.147085989516084"
"MRPS10","0.144589297618906"
"MRPS11","0.147277862765543"
"MRPS12","0.143390264597339"
"MRPS14","0.144457515861102"
"MRPS15","0.146922498168798"
"MRPS16","0.146850399384213"
"MRPS17","0.145040852250127"
"MRPS18A","0.146850399384213"
"MRPS18B","0.143152229769159"
"MRPS18C","0.147277862765543"
"MRPS2","0.148638698963735"
"MRPS21","0.148501379827041"
"MRPS22","0.147085989516084"
"MRPS23","0.148501379827041"
"MRPS24","0.146941964193971"
"MRPS25","0.147085989516084"
"MRPS26","0.145040852250127"
"MRPS27","0.144457515861102"
"MRPS28","0.145789623277084"
"MRPS30","0.145789623277084"
"MRPS31","0.145931320657905"
"MRPS33","0.146465334239552"
"MRPS34","0.147085989516084"
"MRPS35","0.147218838034479"
"MRPS36","0.145040852250127"
"MRPS5","0.145292528799064"
"MRPS6","0.146465334239552"
"MRPS7","0.145040852250127"
"MRPS9","0.147986857770557"
"MRRF","0.145235558847934"
"MRS2","0.147478043827865"
"MRTO4","0.147895463867024"
"MRVI1","0.147736005426793"
"MRVI1-AS1","0.145235558847934"
"MS4A1","0.145484557286601"
"MS4A10","0.142367634594603"
"MS4A12","0.144589297618906"
"MS4A13","0.146850399384213"
"MS4A14","0.147986857770557"
"MS4A15","0.146941964193971"
"MS4A18","0.14203329521344"
"MS4A2","0.146012971041203"
"MS4A3","0.147986857770557"
"MS4A4A","0.149025224221334"
"MS4A4E","0.147573867347911"
"MS4A5","0.146465334239552"
"MS4A6A","0.144277486342199"
"MS4A6E","0.147478043827865"
"MS4A7","0.143152229769159"
"MS4A8","0.146850399384213"
"MSANTD1","0.142759326696371"
"MSANTD2","0.147895463867024"
"MSANTD3","0.147478043827865"
"MSANTD4","0.148474832475451"
"MSC","0.141846198244811"
"MSC-AS1","0.144693631970289"
"MSH2","0.146922498168798"
"MSH3","0.148327860562553"
"MSH4","0.147039123751056"
"MSH5","0.144589297618906"
"MSH5-SAPCD1","0.147394186005499"
"MSH6","0.145235558847934"
"MSI1","0.146721375510171"
"MSI2","0.146850399384213"
"MSL1","0.148638698963735"
"MSL2","0.145352448280691"
"MSL3","0.146850399384213"
"MSLN","0.143275477444807"
"MSLNL","0.144693631970289"
"MSMB","0.1485904101198"
"MSMO1","0.146922498168798"
"MSMP","0.143617591776552"
"MSN","0.147085989516084"
"MSR1","0.147218838034479"
"MSRA","0.145484557286601"
"MSRB1","0.147657468156446"
"MSRB2","0.145931320657905"
"MSRB3","0.147478043827865"
"MSS51","0.147736005426793"
"MST1","0.145931320657905"
"MST1R","0.149025224221334"
"MSTN","0.146721375510171"
"MSTO1","0.145789623277084"
"MSX1","0.147394186005499"
"MSX2","0.145539919239175"
"MT-ATP6","0.148049278564424"
"MT-ATP8","0.146258002661994"
"MT-CO1","0.145539919239175"
"MT-CO2","0.145931320657905"
"MT-CO3","0.148034902420004"
"MT-CYB","0.14149587254228"
"MT-ND1","0.144589297618906"
"MT-ND2","0.145235558847934"
"MT-ND3","0.147394186005499"
"MT-ND4","0.147218838034479"
"MT-ND4L","0.145292528799064"
"MT-ND5","0.146941964193971"
"MT-ND6","0.145292528799064"
"MT1A","0.145484557286601"
"MT1B","0.145292528799064"
"MT1E","0.146012971041203"
"MT1F","0.145931320657905"
"MT1G","0.145040852250127"
"MT1H","0.146721375510171"
"MT1HL1","0.147736005426793"
"MT1M","0.144589297618906"
"MT1X","0.147119147337954"
"MT2A","0.147085989516084"
"MT3","0.145931320657905"
"MTA1","0.146258002661994"
"MTA2","0.144457515861102"
"MTA3","0.146850399384213"
"MTAP","0.143761676886391"
"MTBP","0.143043174383067"
"MTCH1","0.144457515861102"
"MTCH2","0.143275477444807"
"MTCL1","0.145539919239175"
"MTCP1","0.145789623277084"
"MTDH","0.147039123751056"
"MTERF1","0.142759326696371"
"MTERF2","0.142671764673669"
"MTERF3","0.146465334239552"
"MTERF4","0.147277862765543"
"MTF1","0.142427425289205"
"MTF2","0.143152229769159"
"MTFMT","0.146258002661994"
"MTFP1","0.142759326696371"
"MTFR1","0.146465334239552"
"MTFR1L","0.145352448280691"
"MTFR2","0.143152229769159"
"MTG1","0.147218838034479"
"MTG2","0.145040852250127"
"MTHFD1","0.145292528799064"
"MTHFD1L","0.145040852250127"
"MTHFD2","0.145931320657905"
"MTHFD2L","0.143043174383067"
"MTHFR","0.143617591776552"
"MTHFS","0.143152229769159"
"MTHFSD","0.147119147337954"
"MTIF2","0.142638227171111"
"MTIF3","0.146258002661994"
"MTL5","0.143929325066171"
"MTM1","0.145484557286601"
"MTMR1","0.147119147337954"
"MTMR10","0.145484557286601"
"MTMR11","0.147573867347911"
"MTMR12","0.145931320657905"
"MTMR14","0.141076744621127"
"MTMR2","0.146012971041203"
"MTMR3","0.143442434319915"
"MTMR4","0.145789623277084"
"MTMR6","0.148442452697706"
"MTMR7","0.146721375510171"
"MTMR8","0.146721375510171"
"MTMR9","0.145484557286601"
"MTNR1A","0.146258002661994"
"MTO1","0.147218838034479"
"MTOR","0.143043174383067"
"MTOR-AS1","0.146721375510171"
"MTPAP","0.147085989516084"
"MTPN","0.143761676886391"
"MTR","0.145931320657905"
"MTRF1","0.147039123751056"
"MTRF1L","0.145484557286601"
"MTRNR2L1","0.147039123751056"
"MTRNR2L10","0.142367634594603"
"MTRNR2L11","0.146465334239552"
"MTRNR2L12","0.144277486342199"
"MTRNR2L13","0.146850399384213"
"MTRNR2L3","0.142107750779898"
"MTRNR2L4","0.145539919239175"
"MTRNR2L6","0.144693631970289"
"MTRNR2L7","0.145352448280691"
"MTRNR2L8","0.145484557286601"
"MTRR","0.145292528799064"
"MTSS1","0.143929325066171"
"MTSS1L","0.146465334239552"
"MTTP","0.147736005426793"
"MTURN","0.143043174383067"
"MTUS1","0.146258002661994"
"MTUS2","0.142638227171111"
"MTUS2-AS1","0.143630124592827"
"MTUS2-AS2","0.146465334239552"
"MTX1","0.142671764673669"
"MTX2","0.142671764673669"
"MTX3","0.142409282655805"
"MUC1","0.145931320657905"
"MUC12","0.142638227171111"
"MUC13","0.146465334239552"
"MUC15","0.145235558847934"
"MUC16","0.144277486342199"
"MUC17","0.145539919239175"
"MUC20","0.144589297618906"
"MUC21","0.144589297618906"
"MUC22","0.147394186005499"
"MUC3A","0.142367634594603"
"MUC4","0.147085989516084"
"MUC5AC","0.145352448280691"
"MUC5B","0.142160982652042"
"MUC6","0.145484557286601"
"MUC7","0.145789623277084"
"MUCL1","0.146941964193971"
"MUL1","0.145352448280691"
"MUM1","0.145539919239175"
"MUM1L1","0.146941964193971"
"MURC","0.141138307348188"
"MUS81","0.147218838034479"
"MUSK","0.143488944577008"
"MUT","0.145484557286601"
"MUTYH","0.142638227171111"
"MVB12A","0.142671764673669"
"MVB12B","0.143152229769159"
"MVD","0.142367634594603"
"MVK","0.142671764673669"
"MVP","0.145539919239175"
"MX1","0.143275477444807"
"MX2","0.142409282655805"
"MXD1","0.146850399384213"
"MXD3","0.146941964193971"
"MXD4","0.144589297618906"
"MXI1","0.143152229769159"
"MXRA5","0.144589297618906"
"MXRA7","0.145352448280691"
"MXRA8","0.145484557286601"
"MYADM","0.144693631970289"
"MYADML2","0.144693631970289"
"MYB","0.145040852250127"
"MYB-AS1","0.147573867347911"
"MYBBP1A","0.145789623277084"
"MYBL1","0.14203329521344"
"MYBL2","0.147277862765543"
"MYBPC1","0.144277486342199"
"MYBPC2","0.147015090822861"
"MYBPC3","0.144693631970289"
"MYBPH","0.148049278564424"
"MYBPHL","0.143442434319915"
"MYC","0.146721375510171"
"MYCBP","0.143488944577008"
"MYCBP2","0.145040852250127"
"MYCBP2-AS1","0.144693631970289"
"MYCBPAP","0.145539919239175"
"MYCL","0.142638227171111"
"MYCN","0.141846198244811"
"MYCNOS","0.144589297618906"
"MYCNUT","0.147085989516084"
"MYCT1","0.146850399384213"
"MYD88","0.146941964193971"
"MYDGF","0.143390264597339"
"MYEF2","0.144457515861102"
"MYEOV","0.144693631970289"
"MYEOV2","0.145235558847934"
"MYF6","0.144277486342199"
"MYH1","0.14744245227345"
"MYH10","0.140868411130231"
"MYH11","0.143488944577008"
"MYH13","0.144589297618906"
"MYH14","0.145789623277084"
"MYH15","0.142558944857104"
"MYH2","0.147986857770557"
"MYH3","0.144589297618906"
"MYH4","0.145789623277084"
"MYH6","0.144277486342199"
"MYH7","0.145352448280691"
"MYH7B","0.144277486342199"
"MYH8","0.143152229769159"
"MYH9","0.144693631970289"
"MYHAS","0.14137650698136"
"MYL1","0.143043174383067"
"MYL10","0.143275477444807"
"MYL12A","0.143442434319915"
"MYL12B","0.144693631970289"
"MYL2","0.142671764673669"
"MYL3","0.145484557286601"
"MYL4","0.142759326696371"
"MYL5","0.143275477444807"
"MYL6","0.143043174383067"
"MYL6B","0.143630124592827"
"MYL7","0.142671764673669"
"MYL9","0.143275477444807"
"MYLIP","0.141375396809714"
"MYLK","0.142638227171111"
"MYLK-AS1","0.14137650698136"
"MYLK-AS2","0.143152229769159"
"MYLK2","0.141846198244811"
"MYLK3","0.145235558847934"
"MYLK4","0.146721375510171"
"MYLPF","0.143488944577008"
"MYNN","0.143488944577008"
"MYO10","0.144457515861102"
"MYO15A","0.145235558847934"
"MYO15B","0.144277486342199"
"MYO16","0.145789623277084"
"MYO16-AS1","0.143899768434933"
"MYO18A","0.143442434319915"
"MYO18B","0.146941964193971"
"MYO19","0.141574902362788"
"MYO1A","0.143152229769159"
"MYO1B","0.144277486342199"
"MYO1C","0.143275477444807"
"MYO1D","0.144589297618906"
"MYO1E","0.145931320657905"
"MYO1F","0.143442434319915"
"MYO1G","0.145352448280691"
"MYO1H","0.145040852250127"
"MYO3A","0.145931320657905"
"MYO3B","0.141946202498614"
"MYO5A","0.147119147337954"
"MYO5B","0.143442434319915"
"MYO5C","0.146721375510171"
"MYO6","0.144693631970289"
"MYO7A","0.143152229769159"
"MYO7B","0.14203329521344"
"MYO9A","0.142638227171111"
"MYO9B","0.141946202498614"
"MYOC","0.144277486342199"
"MYOCD","0.145235558847934"
"MYOD1","0.141574902362788"
"MYOF","0.145040852250127"
"MYOG","0.141946202498614"
"MYOM1","0.143630124592827"
"MYOM2","0.141138307348188"
"MYOM3","0.146465334239552"
"MYOT","0.142427425289205"
"MYOZ1","0.146850399384213"
"MYOZ2","0.145292528799064"
"MYOZ3","0.142671764673669"
"MYPN","0.147277862765543"
"MYPOP","0.14223414665121"
"MYRF","0.142367634594603"
"MYRFL","0.147039123751056"
"MYRIP","0.142558944857104"
"MYSM1","0.141574902362788"
"MYT1","0.145539919239175"
"MYT1L","0.145235558847934"
"MYZAP","0.143275477444807"
"MZB1","0.144589297618906"
"MZF1","0.141138307348188"
"MZF1-AS1","0.146012971041203"
"MZT1","0.141076744621127"
"MZT2A","0.142671764673669"
"MZT2B","0.145484557286601"
"N4BP1","0.142558944857104"
"N4BP2","0.143152229769159"
"N4BP2L1","0.142409282655805"
"N4BP2L2","0.143275477444807"
"N4BP3","0.144457515861102"
"N6AMT1","0.143488944577008"
"N6AMT2","0.145292528799064"
"NAA10","0.142671764673669"
"NAA11","0.145292528799064"
"NAA15","0.142759326696371"
"NAA16","0.143442434319915"
"NAA20","0.14203329521344"
"NAA25","0.146258002661994"
"NAA30","0.142160982652042"
"NAA35","0.141574902362788"
"NAA38","0.142427425289205"
"NAA40","0.143390264597339"
"NAA50","0.145352448280691"
"NAA60","0.142427425289205"
"NAAA","0.141846198244811"
"NAALAD2","0.146012971041203"
"NAALADL1","0.142367634594603"
"NAALADL2","0.145352448280691"
"NAALADL2-AS2","0.142367634594603"
"NAB1","0.140529135082891"
"NAB2","0.144693631970289"
"NABP1","0.145292528799064"
"NABP2","0.144277486342199"
"NACA","0.143390264597339"
"NACA2","0.142671764673669"
"NACAD","0.141076744621127"
"NACC1","0.143442434319915"
"NACC2","0.142246046152053"
"NADK","0.142638227171111"
"NADK2","0.143390264597339"
"NADK2-AS1","0.144277486342199"
"NADSYN1","0.143275477444807"
"NAE1","0.142246046152053"
"NAF1","0.142160982652042"
"NAGA","0.143275477444807"
"NAGK","0.144693631970289"
"NAGLU","0.144277486342199"
"NAGPA","0.146012971041203"
"NAGS","0.143390264597339"
"NAIF1","0.142160982652042"
"NAIP","0.143043174383067"
"NALCN","0.144457515861102"
"NALCN-AS1","0.143899768434933"
"NALT1","0.146941964193971"
"NAMA","0.142409282655805"
"NAMPT","0.144693631970289"
"NANOG","0.145235558847934"
"NANOGNB","0.143630124592827"
"NANOGP8","0.145789623277084"
"NANOS1","0.142558944857104"
"NANOS2","0.143899768434933"
"NANOS3","0.143488944577008"
"NANP","0.145352448280691"
"NANS","0.143275477444807"
"NAP1L1","0.146721375510171"
"NAP1L2","0.14137650698136"
"NAP1L3","0.143488944577008"
"NAP1L4","0.14203329521344"
"NAP1L5","0.145352448280691"
"NAP1L6","0.144277486342199"
"NAPA","0.143630124592827"
"NAPA-AS1","0.141708614641634"
"NAPB","0.141846198244811"
"NAPEPLD","0.142759326696371"
"NAPG","0.143488944577008"
"NAPRT","0.14203329521344"
"NAPSA","0.143442434319915"
"NARF","0.142427425289205"
"NARFL","0.142246046152053"
"NARS","0.143488944577008"
"NARS2","0.143442434319915"
"NASP","0.142367634594603"
"NAT1","0.142558944857104"
"NAT10","0.146721375510171"
"NAT14","0.142638227171111"
"NAT16","0.147085989516084"
"NAT2","0.143488944577008"
"NAT6","0.142143449282428"
"NAT8","0.144457515861102"
"NAT8L","0.145352448280691"
"NAT9","0.144589297618906"
"NATD1","0.143488944577008"
"NAV1","0.143442434319915"
"NAV2","0.143488944577008"
"NAV2-AS1","0.143442434319915"
"NAV2-AS2","0.143390264597339"
"NAV2-AS3","0.143275477444807"
"NAV2-AS4","0.14010095493401"
"NAV3","0.143630124592827"
"NBAS","0.146721375510171"
"NBAT1","0.143390264597339"
"NBEA","0.145352448280691"
"NBEAL1","0.143442434319915"
"NBEAL2","0.14137650698136"
"NBL1","0.145235558847934"
"NBN","0.140868411130231"
"NBPF1","0.143390264597339"
"NBPF10","0.144277486342199"
"NBPF11","0.145040852250127"
"NBPF12","0.141708614641634"
"NBPF14","0.142638227171111"
"NBPF15","0.145292528799064"
"NBPF19","0.142160982652042"
"NBPF20","0.143152229769159"
"NBPF26","0.141136326166508"
"NBPF3","0.142558944857104"
"NBPF9","0.143152229769159"
"NBR1","0.143488944577008"
"NCALD","0.145484557286601"
"NCAM1","0.142759326696371"
"NCAM2","0.142246046152053"
"NCAN","0.145539919239175"
"NCAPD2","0.141138307348188"
"NCAPD3","0.144693631970289"
"NCAPG","0.142107750779898"
"NCAPG2","0.142427425289205"
"NCAPH","0.141574902362788"
"NCAPH2","0.14203329521344"
"NCBP1","0.141076744621127"
"NCBP2","0.145539919239175"
"NCBP2-AS1","0.142160982652042"
"NCBP2-AS2","0.140868411130231"
"NCBP2L","0.142246046152053"
"NCBP3","0.145292528799064"
"NCCRP1","0.141946202498614"
"NCDN","0.145017778799954"
"NCEH1","0.142246046152053"
"NCF1","0.143630124592827"
"NCF2","0.143390264597339"
"NCF4","0.142367634594603"
"NCK1","0.142427425289205"
"NCK1-AS1","0.145352448280691"
"NCK2","0.140666220077038"
"NCKAP1","0.142409282655805"
"NCKAP1L","0.141076744621127"
"NCKAP5","0.143103044625501"
"NCKAP5L","0.143390264597339"
"NCKIPSD","0.143152229769159"
"NCL","0.144457515861102"
"NCLN","0.142409282655805"
"NCMAP","0.144457515861102"
"NCOA1","0.142427425289205"
"NCOA2","0.142759326696371"
"NCOA3","0.141138307348188"
"NCOA4","0.142246046152053"
"NCOA5","0.143390264597339"
"NCOA6","0.141846198244811"
"NCOA7","0.143275477444807"
"NCOA7-AS1","0.14203329521344"
"NCOR1","0.142659392743376"
"NCOR2","0.143275477444807"
"NCR1","0.142246046152053"
"NCR2","0.140924539089693"
"NCR3","0.142409282655805"
"NCR3LG1","0.143152229769159"
"NCRNA00250","0.14113299565157"
"NCS1","0.145040852250127"
"NCSTN","0.144589297618906"
"NDC1","0.141076744621127"
"NDC80","0.142427425289205"
"NDE1","0.140666220077038"
"NDEL1","0.142107750779898"
"NDFIP1","0.140924539089693"
"NDFIP2","0.141708614641634"
"NDN","0.144331449736212"
"NDNF","0.140122011021122"
"NDOR1","0.141138307348188"
"NDP","0.142160982652042"
"NDRG1","0.14137650698136"
"NDRG2","0.14296577303432"
"NDRG3","0.142659392743376"
"NDRG4","0.142759326696371"
"NDST1","0.143488944577008"
"NDST2","0.143152229769159"
"NDST3","0.142246046152053"
"NDST4","0.145040852250127"
"NDUFA1","0.144457515861102"
"NDUFA10","0.14010095493401"
"NDUFA11","0.141846198244811"
"NDUFA12","0.14137650698136"
"NDUFA13","0.140924539089693"
"NDUFA2","0.141076744621127"
"NDUFA3","0.143390264597339"
"NDUFA4","0.143488944577008"
"NDUFA4L2","0.144277486342199"
"NDUFA5","0.142107750779898"
"NDUFA6","0.144277486342199"
"NDUFA7","0.14137650698136"
"NDUFA8","0.143390264597339"
"NDUFA9","0.144693631970289"
"NDUFAB1","0.142367634594603"
"NDUFAF1","0.142427425289205"
"NDUFAF2","0.143899768434933"
"NDUFAF3","0.144277486342199"
"NDUFAF4","0.142160982652042"
"NDUFAF5","0.143899768434933"
"NDUFAF6","0.143103044625501"
"NDUFAF7","0.139495330022014"
"NDUFB1","0.142409282655805"
"NDUFB10","0.143152229769159"
"NDUFB11","0.144277486342199"
"NDUFB2","0.141574902362788"
"NDUFB2-AS1","0.143103044625501"
"NDUFB3","0.144589297618906"
"NDUFB4","0.145931320657905"
"NDUFB5","0.142246046152053"
"NDUFB6","0.14296577303432"
"NDUFB7","0.143152229769159"
"NDUFB8","0.140666220077038"
"NDUFB9","0.141946202498614"
"NDUFC1","0.143630124592827"
"NDUFC2","0.141138307348188"
"NDUFC2-KCTD14","0.142409282655805"
"NDUFS1","0.144589297618906"
"NDUFS2","0.142759326696371"
"NDUFS3","0.140010090489175"
"NDUFS4","0.142659392743376"
"NDUFS5","0.142659392743376"
"NDUFS6","0.14203329521344"
"NDUFS7","0.145789623277084"
"NDUFS8","0.141076744621127"
"NDUFV1","0.142246046152053"
"NDUFV2","0.143152229769159"
"NDUFV2-AS1","0.143442434319915"
"NDUFV3","0.140010090489175"
"NEAT1","0.142160982652042"
"NEB","0.143630124592827"
"NEBL","0.141946202498614"
"NEBL-AS1","0.14296577303432"
"NECAB1","0.142160982652042"
"NECAB2","0.142246046152053"
"NECAB3","0.141574902362788"
"NECAP1","0.145433722368352"
"NECAP2","0.142409282655805"
"NEDD1","0.143103044625501"
"NEDD4","0.140529135082891"
"NEDD4L","0.142367634594603"
"NEDD8","0.142367634594603"
"NEDD8-MDP1","0.142659392743376"
"NEDD9","0.142246046152053"
"NEFH","0.142367634594603"
"NEFL","0.143152229769159"
"NEFM","0.146012971041203"
"NEGR1","0.140666220077038"
"NEIL1","0.144450360349457"
"NEIL2","0.141375396809714"
"NEIL3","0.145352448280691"
"NEK1","0.144586912448358"
"NEK10","0.146850399384213"
"NEK11","0.14137650698136"
"NEK2","0.142107750779898"
"NEK3","0.142659392743376"
"NEK4","0.140426743594573"
"NEK5","0.142107750779898"
"NEK6","0.143899768434933"
"NEK7","0.142659392743376"
"NEK8","0.141708614641634"
"NEK9","0.143442434319915"
"NELFA","0.143275477444807"
"NELFB","0.144450360349457"
"NELFCD","0.141136326166508"
"NELFE","0.14007746268327"
"NELL1","0.144450360349457"
"NELL2","0.142558944857104"
"NEMF","0.144450360349457"
"NEMP1","0.141708614641634"
"NEMP2","0.144277486342199"
"NENF","0.140868411130231"
"NEO1","0.141946202498614"
"NES","0.143630124592827"
"NET1","0.143103044625501"
"NETO1","0.142246046152053"
"NETO2","0.14242434265134"
"NEU1","0.141076744621127"
"NEU2","0.142659392743376"
"NEU3","0.142367634594603"
"NEU4","0.141574902362788"
"NEURL1","0.14137650698136"
"NEURL1B","0.143488944577008"
"NEURL2","0.142246046152053"
"NEURL3","0.145040852250127"
"NEURL4","0.14296577303432"
"NEUROD1","0.142160982652042"
"NEUROD2","0.140785697581547"
"NEUROD4","0.147039123751056"
"NEUROG1","0.141946202498614"
"NEUROG2","0.143488944577008"
"NEUROG3","0.14113299565157"
"NEXN","0.146721375510171"
"NEXN-AS1","0.14296577303432"
"NF1","0.143390264597339"
"NF2","0.142160982652042"
"NFAM1","0.141846198244811"
"NFASC","0.142246046152053"
"NFAT5","0.143152229769159"
"NFATC1","0.143488944577008"
"NFATC2","0.142409282655805"
"NFATC2IP","0.143103044625501"
"NFATC3","0.142759326696371"
"NFATC4","0.141574902362788"
"NFE2","0.141946202498614"
"NFE2L1","0.144450360349457"
"NFE2L2","0.140868411130231"
"NFE2L3","0.140122011021122"
"NFE4","0.143152229769159"
"NFIA","0.143442434319915"
"NFIA-AS2","0.145931320657905"
"NFIB","0.140010090489175"
"NFIC","0.146012971041203"
"NFIL3","0.14296577303432"
"NFIX","0.145235558847934"
"NFKB1","0.14007746268327"
"NFKB2","0.143152229769159"
"NFKBIA","0.144589297618906"
"NFKBIB","0.14341700002214"
"NFKBID","0.143899768434933"
"NFKBIE","0.145352448280691"
"NFKBIL1","0.144450360349457"
"NFKBIZ","0.142427425289205"
"NFRKB","0.142759326696371"
"NFS1","0.143630124592827"
"NFU1","0.143275477444807"
"NFX1","0.142160982652042"
"NFXL1","0.14007746268327"
"NFYA","0.145352448280691"
"NFYB","0.145506031079576"
"NFYC","0.145292528799064"
"NFYC-AS1","0.142759326696371"
"NGB","0.146721375510171"
"NGDN","0.142107750779898"
"NGEF","0.146465334239552"
"NGF","0.14203329521344"
"NGFR","0.144481570445761"
"NGFRAP1","0.142659392743376"
"NGLY1","0.145040852250127"
"NGRN","0.14203329521344"
"NHEG1","0.142558944857104"
"NHEJ1","0.141846198244811"
"NHLH1","0.144481570445761"
"NHLH2","0.143899768434933"
"NHLRC1","0.145506031079576"
"NHLRC2","0.144589297618906"
"NHLRC3","0.143488944577008"
"NHLRC4","0.143275477444807"
"NHP2","0.142246046152053"
"NHS","0.13969958791163"
"NHS-AS1","0.142160982652042"
"NHSL1","0.144481570445761"
"NHSL2","0.143152229769159"
"NICN1","0.142670474183778"
"NID1","0.14010095493401"
"NID2","0.143390264597339"
"NIF3L1","0.142107750779898"
"NIFK","0.141846198244811"
"NIFK-AS1","0.141076744621127"
"NIM1K","0.141574902362788"
"NIN","0.142759326696371"
"NINJ1","0.142659392743376"
"NINJ2","0.143103044625501"
"NINL","0.14203329521344"
"NIP7","0.144450360349457"
"NIPA1","0.144277486342199"
"NIPA2","0.147573867347911"
"NIPAL1","0.145235558847934"
"NIPAL2","0.143630124592827"
"NIPAL3","0.143488944577008"
"NIPAL4","0.143275477444807"
"NIPBL","0.143899768434933"
"NIPSNAP1","0.142107750779898"
"NIPSNAP3A","0.14137650698136"
"NIPSNAP3B","0.146850399384213"
"NISCH","0.14113299565157"
"NIT1","0.143152229769159"
"NIT2","0.141574902362788"
"NKAIN1","0.145931320657905"
"NKAIN2","0.14113299565157"
"NKAIN3","0.144277486342199"
"NKAIN4","0.143103044625501"
"NKAP","0.14296577303432"
"NKAPL","0.145433722368352"
"NKD1","0.14341700002214"
"NKD2","0.145539919239175"
"NKG7","0.143103044625501"
"NKILA","0.147039123751056"
"NKIRAS1","0.142409282655805"
"NKIRAS2","0.141114403901109"
"NKPD1","0.143390264597339"
"NKRF","0.142659392743376"
"NKTR","0.143152229769159"
"NKX1-2","0.143488944577008"
"NKX2-1","0.143899768434933"
"NKX2-1-AS1","0.142246046152053"
"NKX2-2","0.144589297618906"
"NKX2-3","0.144277486342199"
"NKX2-4","0.142558944857104"
"NKX2-5","0.144277486342199"
"NKX2-8","0.143630124592827"
"NKX3-1","0.144589297618906"
"NKX3-2","0.145235558847934"
"NKX6-1","0.14203329521344"
"NKX6-2","0.143390264597339"
"NKX6-3","0.142427425289205"
"NLE1","0.141846198244811"
"NLGN1","0.144693631970289"
"NLGN2","0.142107750779898"
"NLGN3","0.144586912448358"
"NLGN4X","0.142107750779898"
"NLGN4Y","0.142427425289205"
"NLGN4Y-AS1","0.142367634594603"
"NLK","0.143488944577008"
"NLN","0.143103044625501"
"NLRC3","0.146258002661994"
"NLRC4","0.143488944577008"
"NLRC5","0.142409282655805"
"NLRP1","0.145433722368352"
"NLRP11","0.145539919239175"
"NLRP12","0.145433722368352"
"NLRP14","0.144589297618906"
"NLRP2","0.145352448280691"
"NLRP2P","0.144277486342199"
"NLRP3","0.143275477444807"
"NLRP4","0.14203329521344"
"NLRP5","0.143899768434933"
"NLRP6","0.141138307348188"
"NLRP7","0.143899768434933"
"NLRP8","0.143152229769159"
"NLRP9","0.146258002661994"
"NLRX1","0.146012971041203"
"NMB","0.147119147337954"
"NMBR","0.145292528799064"
"NMD3","0.142659392743376"
"NME1","0.14137650698136"
"NME1-NME2","0.143439999179464"
"NME2","0.145352448280691"
"NME3","0.142409282655805"
"NME4","0.145235558847934"
"NME5","0.145040852250127"
"NME6","0.143488944577008"
"NME7","0.142246046152053"
"NME8","0.145040852250127"
"NME9","0.145539919239175"
"NMI","0.146012971041203"
"NMNAT1","0.144693631970289"
"NMNAT2","0.142659392743376"
"NMNAT3","0.14203329521344"
"NMRAL1","0.143103044625501"
"NMRK1","0.143275477444807"
"NMRK2","0.146779773585689"
"NMS","0.143630124592827"
"NMT1","0.144277486342199"
"NMT2","0.141574902362788"
"NMU","0.142160982652042"
"NMUR1","0.142759326696371"
"NMUR2","0.144586912448358"
"NNAT","0.141846198244811"
"NNMT","0.140529135082891"
"NNT","0.144586912448358"
"NNT-AS1","0.142427425289205"
"NOA1","0.145433722368352"
"NOB1","0.145931320657905"
"NOC2L","0.142160982652042"
"NOC3L","0.142759326696371"
"NOC4L","0.145789623277084"
"NOCT","0.143899768434933"
"NOD1","0.145539919239175"
"NOD2","0.143390264597339"
"NODAL","0.144277486342199"
"NOG","0.143899768434933"
"NOL10","0.144586912448358"
"NOL11","0.145789623277084"
"NOL12","0.143630124592827"
"NOL3","0.147085989516084"
"NOL4","0.145484557286601"
"NOL4L","0.145783975548134"
"NOL6","0.143390264597339"
"NOL7","0.14296577303432"
"NOL8","0.145040852250127"
"NOL9","0.143488944577008"
"NOLC1","0.147119147337954"
"NOM1","0.143439999179464"
"NOMO1","0.145539919239175"
"NOMO2","0.143439999179464"
"NOMO3","0.143152229769159"
"NONO","0.143488944577008"
"NOP10","0.145539919239175"
"NOP14","0.143899768434933"
"NOP14-AS1","0.144277486342199"
"NOP16","0.147218838034479"
"NOP2","0.143450534414699"
"NOP56","0.147895463867024"
"NOP58","0.145506031079576"
"NOP9","0.142759326696371"
"NOS1","0.148482200195025"
"NOS1AP","0.144693631970289"
"NOS2","0.147119147337954"
"NOS3","0.144277486342199"
"NOSIP","0.145263642914201"
"NOSTRIN","0.145263642914201"
"NOTCH1","0.147015090822861"
"NOTCH2","0.142759326696371"
"NOTCH2NL","0.144450360349457"
"NOTCH3","0.146745579652008"
"NOTCH4","0.144277486342199"
"NOTO","0.145433722368352"
"NOTUM","0.147657468156446"
"NOV","0.143103044625501"
"NOVA1","0.146941964193971"
"NOVA1-AS1","0.147573867347911"
"NOVA2","0.143899768434933"
"NOX1","0.142367634594603"
"NOX3","0.145263642914201"
"NOX4","0.143630124592827"
"NOX5","0.145931320657905"
"NOXA1","0.147119147337954"
"NOXO1","0.144450360349457"
"NOXRED1","0.143351780338132"
"NPAP1","0.145263642914201"
"NPAS1","0.143899768434933"
"NPAS2","0.146772738741477"
"NPAS3","0.146772738741477"
"NPAS4","0.144586912448358"
"NPAT","0.144693631970289"
"NPB","0.146772738741477"
"NPBWR1","0.145506031079576"
"NPC1","0.147573867347911"
"NPC1L1","0.145484557286601"
"NPC2","0.145433722368352"
"NPDC1","0.143152229769159"
"NPEPL1","0.145352448280691"
"NPEPPS","0.143488944577008"
"NPFF","0.142558944857104"
"NPFFR1","0.148216130547033"
"NPFFR2","0.145789623277084"
"NPHP1","0.141846198244811"
"NPHP3","0.14744245227345"
"NPHP3-ACAD11","0.147085989516084"
"NPHP3-AS1","0.147736005426793"
"NPHP4","0.145433722368352"
"NPHS1","0.146465334239552"
"NPIPA1","0.146687791950355"
"NPIPA3","0.146772738741477"
"NPIPA5","0.144586912448358"
"NPIPA7","0.14744245227345"
"NPIPA8","0.143103044625501"
"NPIPB11","0.14203329521344"
"NPIPB15","0.143630124592827"
"NPIPB3","0.142409282655805"
"NPIPB4","0.147218838034479"
"NPIPB5","0.144450360349457"
"NPIPB6","0.142759326696371"
"NPIPB7","0.146012971041203"
"NPIPB8","0.145040852250127"
"NPIPB9","0.144693631970289"
"NPL","0.143899768434933"
"NPLOC4","0.143899768434933"
"NPM1","0.146012971041203"
"NPM2","0.145539919239175"
"NPM3","0.142659392743376"
"NPNT","0.144586912448358"
"NPPA","0.146772738741477"
"NPPA-AS1","0.145040852250127"
"NPPB","0.145539919239175"
"NPPC","0.145352448280691"
"NPR1","0.145263642914201"
"NPR2","0.145263642914201"
"NPR3","0.146012971041203"
"NPRL2","0.146582110540111"
"NPRL3","0.143439999179464"
"NPSR1","0.146687791950355"
"NPTN","0.146941964193971"
"NPTX1","0.145352448280691"
"NPTX2","0.142659392743376"
"NPTXR","0.145352448280691"
"NPW","0.145506031079576"
"NPY","0.143351780338132"
"NPY1R","0.143450534414699"
"NPY2R","0.143630124592827"
"NPY5R","0.143899768434933"
"NQO1","0.143103044625501"
"NQO2","0.143450534414699"
"NR0B1","0.143439999179464"
"NR0B2","0.146258002661994"
"NR1D1","0.145352448280691"
"NR1D2","0.142427425289205"
"NR1H2","0.143450534414699"
"NR1H3","0.143630124592827"
"NR1H4","0.142659392743376"
"NR1I2","0.145789623277084"
"NR1I3","0.144450360349457"
"NR2C1","0.145789623277084"
"NR2C2","0.145433722368352"
"NR2C2AP","0.144450360349457"
"NR2E1","0.145433722368352"
"NR2E3","0.142659392743376"
"NR2F1","0.145040852250127"
"NR2F1-AS1","0.144450360349457"
"NR2F2","0.147573867347911"
"NR2F2-AS1","0.145433722368352"
"NR2F6","0.144693631970289"
"NR3C1","0.146850399384213"
"NR3C2","0.144277486342199"
"NR4A1","0.146012971041203"
"NR4A2","0.143899768434933"
"NR4A3","0.144586912448358"
"NR5A1","0.141846198244811"
"NR5A2","0.147039123751056"
"NR6A1","0.146237490898432"
"NRAP","0.141946202498614"
"NRARP","0.14296577303432"
"NRAS","0.143630124592827"
"NRAV","0.143617591776552"
"NRBF2","0.145789623277084"
"NRBP1","0.145352448280691"
"NRBP2","0.144586912448358"
"NRCAM","0.147218838034479"
"NRDC","0.145433722368352"
"NRDE2","0.145506031079576"
"NREP","0.141846198244811"
"NRF1","0.143439999179464"
"NRG1","0.143450534414699"
"NRG2","0.146582110540111"
"NRG3","0.146582110540111"
"NRG4","0.145931320657905"
"NRGN","0.143152229769159"
"NRIP1","0.142107750779898"
"NRIP2","0.143152229769159"
"NRIP3","0.143103044625501"
"NRIR","0.144450360349457"
"NRK","0.142367634594603"
"NRL","0.147986857770557"
"NRM","0.146582110540111"
"NRN1","0.143152229769159"
"NRN1L","0.143152229769159"
"NRP1","0.146465334239552"
"NRP2","0.146941964193971"
"NRROS","0.145263642914201"
"NRSN1","0.143630124592827"
"NRSN2","0.146465334239552"
"NRSN2-AS1","0.145433722368352"
"NRTN","0.145263642914201"
"NRXN1","0.145352448280691"
"NRXN2","0.145352448280691"
"NRXN3","0.148129420509792"
"NSA2","0.144586912448358"
"NSD1","0.144693631970289"
"NSDHL","0.144586912448358"
"NSF","0.143488944577008"
"NSFL1C","0.146465334239552"
"NSG1","0.143450534414699"
"NSL1","0.142659392743376"
"NSMAF","0.143439999179464"
"NSMCE1","0.144450360349457"
"NSMCE2","0.143488944577008"
"NSMCE3","0.144586912448358"
"NSMCE4A","0.147671584967808"
"NSMF","0.143488944577008"
"NSRP1","0.146582110540111"
"NSUN2","0.143450534414699"
"NSUN3","0.147119147337954"
"NSUN4","0.146012971041203"
"NSUN5","0.146687791950355"
"NSUN6","0.145931320657905"
"NSUN7","0.145040852250127"
"NT5C","0.145931320657905"
"NT5C1A","0.146258002661994"
"NT5C1B","0.145931320657905"
"NT5C2","0.145263642914201"
"NT5C3A","0.140666220077038"
"NT5C3B","0.145137778855262"
"NT5DC1","0.146850399384213"
"NT5DC2","0.146941964193971"
"NT5DC3","0.145506031079576"
"NT5DC4","0.145352448280691"
"NT5E","0.145263642914201"
"NT5M","0.147671584967808"
"NTAN1","0.143103044625501"
"NTF3","0.146941964193971"
"NTF4","0.142409282655805"
"NTHL1","0.146258002661994"
"NTM","0.143630124592827"
"NTM-AS1","0.144693631970289"
"NTMT1","0.144586912448358"
"NTN1","0.145506031079576"
"NTN3","0.140666220077038"
"NTN4","0.14296577303432"
"NTN5","0.145522974266425"
"NTNG1","0.144450360349457"
"NTNG2","0.145352448280691"
"NTPCR","0.147277862765543"
"NTRK1","0.143630124592827"
"NTRK2","0.143488944577008"
"NTRK3","0.148034902420004"
"NTS","0.144450360349457"
"NTSR1","0.146582110540111"
"NTSR2","0.145352448280691"
"NUAK1","0.146687791950355"
"NUAK2","0.14744245227345"
"NUB1","0.145433722368352"
"NUBP1","0.143630124592827"
"NUBP2","0.14296577303432"
"NUBPL","0.143488944577008"
"NUCB1","0.143450534414699"
"NUCB1-AS1","0.147085989516084"
"NUCB2","0.144693631970289"
"NUCKS1","0.143439999179464"
"NUDC","0.147277862765543"
"NUDCD1","0.145040852250127"
"NUDCD2","0.144586912448358"
"NUDCD3","0.146465334239552"
"NUDT1","0.142659392743376"
"NUDT10","0.143899768434933"
"NUDT11","0.146465334239552"
"NUDT12","0.147573867347911"
"NUDT13","0.145378622419333"
"NUDT14","0.144586912448358"
"NUDT15","0.147039123751056"
"NUDT16","0.145789623277084"
"NUDT16L1","0.145992855948591"
"NUDT17","0.143439999179464"
"NUDT18","0.146465334239552"
"NUDT19","0.146687791950355"
"NUDT2","0.14113299565157"
"NUDT21","0.145506031079576"
"NUDT22","0.146258002661994"
"NUDT3","0.143152229769159"
"NUDT4","0.146465334239552"
"NUDT5","0.143450534414699"
"NUDT6","0.144693631970289"
"NUDT7","0.146465334239552"
"NUDT8","0.145539919239175"
"NUDT9","0.146582110540111"
"NUF2","0.145352448280691"
"NUFIP1","0.143899768434933"
"NUFIP2","0.145433722368352"
"NUGGC","0.143488944577008"
"NUMA1","0.144277486342199"
"NUMB","0.145263642914201"
"NUMBL","0.144277486342199"
"NUP107","0.145040852250127"
"NUP133","0.146465334239552"
"NUP153","0.146582110540111"
"NUP155","0.145789623277084"
"NUP160","0.147573867347911"
"NUP188","0.146258002661994"
"NUP205","0.146850399384213"
"NUP210","0.145263642914201"
"NUP210L","0.143899768434933"
"NUP214","0.145263642914201"
"NUP35","0.14296577303432"
"NUP37","0.145040852250127"
"NUP43","0.144277486342199"
"NUP50","0.14296577303432"
"NUP50-AS1","0.144450360349457"
"NUP54","0.142343246594881"
"NUP58","0.145433722368352"
"NUP62","0.146258002661994"
"NUP62CL","0.146687791950355"
"NUP85","0.145433722368352"
"NUP88","0.142427425289205"
"NUP93","0.145539919239175"
"NUP98","0.142659392743376"
"NUPL2","0.144586912448358"
"NUPR1","0.146258002661994"
"NUPR2","0.143103044625501"
"NUS1","0.142160982652042"
"NUSAP1","0.145433722368352"
"NUTF2","0.144277486342199"
"NUTM1","0.142427425289205"
"NUTM2A","0.145539919239175"
"NUTM2A-AS1","0.143899768434933"
"NUTM2B","0.14744245227345"
"NUTM2B-AS1","0.147218838034479"
"NUTM2D","0.144586912448358"
"NUTM2E","0.147085989516084"
"NUTM2F","0.146258002661994"
"NUTM2G","0.141138307348188"
"NVL","0.14137650698136"
"NWD1","0.143488944577008"
"NWD2","0.146258002661994"
"NXF1","0.145992855948591"
"NXF2B","0.146582110540111"
"NXF3","0.143351780338132"
"NXF5","0.144693631970289"
"NXN","0.14203329521344"
"NXNL1","0.145352448280691"
"NXNL2","0.142759326696371"
"NXPE1","0.147119147337954"
"NXPE2","0.143630124592827"
"NXPE3","0.145433722368352"
"NXPE4","0.143152229769159"
"NXPH1","0.145040852250127"
"NXPH2","0.142427425289205"
"NXPH3","0.148442452697706"
"NXPH4","0.145433722368352"
"NXT1","0.143450534414699"
"NXT2","0.146941964193971"
"NYAP1","0.145040852250127"
"NYAP2","0.143450534414699"
"NYNRIN","0.146258002661994"
"NYX","0.145539919239175"
"OAF","0.144277486342199"
"OARD1","0.145040852250127"
"OAS1","0.145352448280691"
"OAS2","0.145506031079576"
"OAS3","0.144450360349457"
"OASL","0.145263642914201"
"OAT","0.145352448280691"
"OAZ1","0.141846198244811"
"OAZ2","0.145040852250127"
"OAZ3","0.147085989516084"
"OBFC1","0.143488944577008"
"OBP2A","0.143103044625501"
"OBP2B","0.142409282655805"
"OBSCN","0.146941964193971"
"OBSL1","0.146772738741477"
"OC90","0.142107750779898"
"OCA2","0.144586912448358"
"OCEL1","0.144693631970289"
"OCIAD1","0.146687791950355"
"OCIAD1-AS1","0.143630124592827"
"OCIAD2","0.146582110540111"
"OCLM","0.146687791950355"
"OCLN","0.142659392743376"
"OCM","0.142409282655805"
"OCM2","0.146582110540111"
"OCRL","0.145263642914201"
"OCSTAMP","0.146687791950355"
"ODAM","0.143450534414699"
"ODC1","0.145263642914201"
"ODF1","0.143439999179464"
"ODF2","0.143152229769159"
"ODF2-AS1","0.142659392743376"
"ODF2L","0.145911503845605"
"ODF3","0.145040852250127"
"ODF3B","0.144450360349457"
"ODF3L1","0.142343246594881"
"ODF3L2","0.146258002661994"
"ODF4","0.143152229769159"
"OFCC1","0.145433722368352"
"OFD1","0.143899768434933"
"OGDH","0.143351780338132"
"OGDHL","0.142409282655805"
"OGFOD1","0.145040852250127"
"OGFOD2","0.146582110540111"
"OGFOD3","0.145789623277084"
"OGFR","0.146687791950355"
"OGFR-AS1","0.143630124592827"
"OGFRL1","0.142409282655805"
"OGFRP1","0.144586912448358"
"OGG1","0.143488944577008"
"OGN","0.144586912448358"
"OGT","0.144693631970289"
"OIP5","0.143450534414699"
"OIT3","0.142409282655805"
"OLA1","0.145506031079576"
"OLAH","0.147573867347911"
"OLFM1","0.147642796036683"
"OLFM2","0.144277486342199"
"OLFM3","0.145040852250127"
"OLFM4","0.145433722368352"
"OLFML1","0.143439999179464"
"OLFML2A","0.145992855948591"
"OLFML2B","0.146831136816995"
"OLFML3","0.147039123751056"
"OLIG1","0.145433722368352"
"OLIG2","0.145992855948591"
"OLIG3","0.145263642914201"
"OLMALINC","0.145789623277084"
"OLR1","0.147039123751056"
"OMA1","0.143488944577008"
"OMD","0.146582110540111"
"OMG","0.143450534414699"
"ONECUT1","0.142558944857104"
"ONECUT2","0.144693631970289"
"ONECUT3","0.146772738741477"
"OOEP","0.145040852250127"
"OPA1","0.143439999179464"
"OPA1-AS1","0.145040852250127"
"OPA3","0.145263642914201"
"OPALIN","0.148129420509792"
"OPCML","0.147277862765543"
"OPHN1","0.147986857770557"
"OPLAH","0.147277862765543"
"OPN1LW","0.145433722368352"
"OPN1MW","0.141138307348188"
"OPN1MW3","0.143126429319577"
"OPN1SW","0.146850399384213"
"OPN3","0.143630124592827"
"OPN4","0.144693631970289"
"OPN5","0.145040852250127"
"OPRD1","0.145433722368352"
"OPRK1","0.144277486342199"
"OPRL1","0.146465334239552"
"OPRM1","0.143103044625501"
"OPTC","0.142675829822738"
"OPTN","0.143896617951101"
"OR10AD1","0.145040852250127"
"OR10G2","0.148216130547033"
"OR10G3","0.143450534414699"
"OR10H1","0.145040852250127"
"OR10H2","0.146850399384213"
"OR10P1","0.146772738741477"
"OR10V1","0.145040852250127"
"OR11H1","0.143152229769159"
"OR13A1","0.147039123751056"
"OR13C5","0.146465334239552"
"OR13G1","0.143439999179464"
"OR14I1","0.143351780338132"
"OR1D5","0.144693631970289"
"OR1J1","0.147642796036683"
"OR1J4","0.143450534414699"
"OR1N2","0.142675829822738"
"OR1Q1","0.144277486342199"
"OR2A1-AS1","0.145522974266425"
"OR2A7","0.147119147337954"
"OR2AE1","0.147039123751056"
"OR2AK2","0.149160907313505"
"OR2AT4","0.148128305440959"
"OR2B11","0.147039123751056"
"OR2B6","0.145522974266425"
"OR2C1","0.145789623277084"
"OR2C3","0.143899768434933"
"OR2D3","0.144450360349457"
"OR2K2","0.145789623277084"
"OR2L13","0.147573867347911"
"OR2L2","0.147218838034479"
"OR2L8","0.148034902420004"
"OR2T10","0.145992855948591"
"OR2T8","0.147119147337954"
"OR2V1","0.146772738741477"
"OR2W3","0.147085989516084"
"OR3A3","0.146582110540111"
"OR4A47","0.148034902420004"
"OR4B1","0.145040852250127"
"OR4C6","0.145522974266425"
"OR4D10","0.147218838034479"
"OR4F21","0.142759326696371"
"OR4F3","0.145433722368352"
"OR4K17","0.147642796036683"
"OR4M1","0.146687791950355"
"OR4N2","0.1489283263054"
"OR51B2","0.147119147337954"
"OR51B4","0.147736005426793"
"OR51B5","0.146772738741477"
"OR51B6","0.146582110540111"
"OR51E1","0.145433722368352"
"OR51E2","0.145789623277084"
"OR51I1","0.142650422618318"
"OR52H1","0.142558944857104"
"OR52I1","0.143630124592827"
"OR52K1","0.147119147337954"
"OR52K2","0.145040852250127"
"OR52N2","0.145433722368352"
"OR52N4","0.146465334239552"
"OR52N5","0.145789623277084"
"OR56A3","0.144586912448358"
"OR56A5","0.143899768434933"
"OR56B1","0.147085989516084"
"OR5A1","0.144450360349457"
"OR5AN1","0.146772738741477"
"OR5AU1","0.146687791950355"
"OR5B12","0.145789623277084"
"OR5B21","0.145040852250127"
"OR5M11","0.146258002661994"
"OR5P2","0.146258002661994"
"OR5P3","0.146465334239552"
"OR6C70","0.146258002661994"
"OR6C76","0.14744245227345"
"OR6K2","0.143103044625501"
"OR6K3","0.141834902601716"
"OR7A5","0.146941964193971"
"OR7C1","0.145992855948591"
"OR7D2","0.144277486342199"
"OR7E24","0.145992855948591"
"OR8A1","0.146582110540111"
"OR8B12","0.146258002661994"
"OR8B3","0.148049278564424"
"OR8D2","0.142107750779898"
"OR8G1","0.143630124592827"
"OR8G5","0.145789623277084"
"OR8S1","0.146687791950355"
"OR9A2","0.14498027962854"
"OR9Q1","0.143439999179464"
"ORAI1","0.145352448280691"
"ORAI2","0.144693631970289"
"ORAI3","0.145522974266425"
"ORAOV1","0.144277486342199"
"ORC1","0.143103044625501"
"ORC2","0.146582110540111"
"ORC3","0.143899768434933"
"ORC4","0.147277862765543"
"ORC5","0.147895463867024"
"ORC6","0.143152229769159"
"ORM1","0.147277862765543"
"ORM2","0.146258002661994"
"ORMDL1","0.142759326696371"
"ORMDL2","0.146465334239552"
"ORMDL3","0.143630124592827"
"OS9","0.146850399384213"
"OSBP","0.14296577303432"
"OSBP2","0.147895463867024"
"OSBPL10","0.142409282655805"
"OSBPL10-AS1","0.146772738741477"
"OSBPL11","0.146465334239552"
"OSBPL1A","0.146258002661994"
"OSBPL2","0.144586912448358"
"OSBPL3","0.145522974266425"
"OSBPL5","0.143488944577008"
"OSBPL6","0.143899768434933"
"OSBPL7","0.14498027962854"
"OSBPL8","0.146772738741477"
"OSBPL9","0.146850399384213"
"OSCAR","0.147277862765543"
"OSCP1","0.143439999179464"
"OSER1","0.147119147337954"
"OSER1-AS1","0.14203329521344"
"OSGEP","0.145789623277084"
"OSGEPL1","0.144656132798875"
"OSGEPL1-AS1","0.145433722368352"
"OSGIN1","0.144656132798875"
"OSGIN2","0.146465334239552"
"OSM","0.146258002661994"
"OSMR","0.145263642914201"
"OSMR-AS1","0.145522974266425"
"OSR1","0.145433722368352"
"OSR2","0.14296577303432"
"OST4","0.143439999179464"
"OSTC","0.143152229769159"
"OSTF1","0.143351780338132"
"OSTM1","0.141138307348188"
"OSTM1-AS1","0.147671584967808"
"OSTN","0.143103044625501"
"OSTN-AS1","0.146850399384213"
"OTC","0.145352448280691"
"OTOA","0.145263642914201"
"OTOF","0.144656132798875"
"OTOG","0.144450360349457"
"OTOGL","0.143103044625501"
"OTOP2","0.144656132798875"
"OTOP3","0.143899768434933"
"OTOR","0.141298147191235"
"OTOS","0.141298147191235"
"OTP","0.143439999179464"
"OTUB1","0.146258002661994"
"OTUB2","0.142427425289205"
"OTUD1","0.143439999179464"
"OTUD3","0.146941964193971"
"OTUD4","0.145356625733447"
"OTUD5","0.145433722368352"
"OTUD6A","0.143630124592827"
"OTUD6B","0.144656132798875"
"OTUD6B-AS1","0.145992855948591"
"OTUD7A","0.143152229769159"
"OTUD7B","0.143103044625501"
"OTULIN","0.146850399384213"
"OTX1","0.143450534414699"
"OTX2","0.142759326696371"
"OTX2-AS1","0.14296577303432"
"OVAAL","0.143439999179464"
"OVCA2","0.148129420509792"
"OVCH1","0.145992855948591"
"OVCH1-AS1","0.143351780338132"
"OVCH2","0.148034902420004"
"OVGP1","0.145992855948591"
"OVOL1","0.142675829822738"
"OVOL1-AS1","0.148129420509792"
"OVOL2","0.148129420509792"
"OVOL3","0.145356625733447"
"OVOS2","0.147671584967808"
"OXA1L","0.143103044625501"
"OXCT1","0.143656745284623"
"OXCT2","0.144656132798875"
"OXER1","0.145263642914201"
"OXGR1","0.147039123751056"
"OXLD1","0.142427425289205"
"OXNAD1","0.143899768434933"
"OXR1","0.146850399384213"
"OXSM","0.141298147191235"
"OXSR1","0.145992855948591"
"OXT","0.142675829822738"
"OXTR","0.143899768434933"
"P2RX1","0.142409282655805"
"P2RX2","0.143488944577008"
"P2RX3","0.147085989516084"
"P2RX4","0.147986857770557"
"P2RX5","0.146687791950355"
"P2RX5-TAX1BP3","0.143488944577008"
"P2RX6","0.142343246594881"
"P2RX7","0.145992855948591"
"P2RY1","0.147119147337954"
"P2RY10","0.147671584967808"
"P2RY11","0.143439999179464"
"P2RY12","0.14621737580582"
"P2RY13","0.142427425289205"
"P2RY14","0.145263642914201"
"P2RY2","0.146850399384213"
"P2RY4","0.145789623277084"
"P2RY6","0.143439999179464"
"P2RY8","0.143488944577008"
"P3H1","0.143439999179464"
"P3H2","0.145433722368352"
"P3H2-AS1","0.143630124592827"
"P3H3","0.143351780338132"
"P3H4","0.143899768434933"
"P4HA1","0.146772738741477"
"P4HA2","0.145522974266425"
"P4HA2-AS1","0.144277486342199"
"P4HA3","0.146772738741477"
"P4HB","0.144277486342199"
"P4HTM","0.143450534414699"
"PA2G4","0.145789623277084"
"PAAF1","0.144277486342199"
"PABPC1","0.147218838034479"
"PABPC1L","0.145433722368352"
"PABPC1L2A","0.146687791950355"
"PABPC1L2B","0.142343246594881"
"PABPC3","0.143103044625501"
"PABPC4","0.145522974266425"
"PABPC4L","0.146465334239552"
"PABPC5","0.143899768434933"
"PABPC5-AS1","0.143630124592827"
"PABPN1","0.146687791950355"
"PABPN1L","0.146258002661994"
"PACERR","0.145040852250127"
"PACRG","0.144450360349457"
"PACRG-AS1","0.145040852250127"
"PACRG-AS3","0.147736005426793"
"PACRGL","0.141114403901109"
"PACS1","0.143617591776552"
"PACS2","0.146850399384213"
"PACSIN1","0.142409282655805"
"PACSIN2","0.145789623277084"
"PACSIN3","0.145356625733447"
"PADI1","0.142650422618318"
"PADI2","0.146687791950355"
"PADI3","0.144277486342199"
"PADI4","0.145789623277084"
"PADI6","0.143450534414699"
"PAEP","0.146772738741477"
"PAF1","0.145314422512753"
"PAFAH1B1","0.147671584967808"
"PAFAH1B2","0.146258002661994"
"PAFAH1B3","0.146687791950355"
"PAFAH2","0.147074748681561"
"PAG1","0.144656132798875"
"PAGE1","0.14296577303432"
"PAGE2","0.144990980231775"
"PAGE2B","0.143376080622482"
"PAGE3","0.145522974266425"
"PAGE4","0.146582110540111"
"PAGE5","0.141877858258334"
"PAGR1","0.144277486342199"
"PAH","0.142409282655805"
"PAICS","0.143630124592827"
"PAIP1","0.145356625733447"
"PAIP2","0.143899768434933"
"PAIP2B","0.145522974266425"
"PAK1","0.143152229769159"
"PAK1IP1","0.145132277187231"
"PAK2","0.143630124592827"
"PAK3","0.144450360349457"
"PAK4","0.143103044625501"
"PAK6","0.146687791950355"
"PAK7","0.142558944857104"
"PALB2","0.145522974266425"
"PALD1","0.145789623277084"
"PALLD","0.146850399384213"
"PALM","0.146258002661994"
"PALM2","0.146465334239552"
"PALM2-AKAP2","0.145356625733447"
"PALM3","0.146772738741477"
"PALMD","0.143103044625501"
"PAM","0.142107750779898"
"PAM16","0.145263642914201"
"PAMR1","0.144450360349457"
"PAN2","0.141429416871827"
"PAN3","0.145433722368352"
"PAN3-AS1","0.145433722368352"
"PANDAR","0.144656132798875"
"PANK1","0.146687791950355"
"PANK2","0.146465334239552"
"PANK3","0.144450360349457"
"PANK4","0.143103044625501"
"PANO1","0.144189331768618"
"PANX1","0.143630124592827"
"PANX2","0.145789623277084"
"PANX3","0.147119147337954"
"PAOX","0.145433722368352"
"PAPD4","0.146687791950355"
"PAPD5","0.148038247626503"
"PAPD7","0.143899768434933"
"PAPLN","0.147039123751056"
"PAPOLA","0.143152229769159"
"PAPOLB","0.147986857770557"
"PAPOLG","0.147736005426793"
"PAPPA","0.146465334239552"
"PAPPA-AS1","0.145263642914201"
"PAPPA-AS2","0.147119147337954"
"PAPPA2","0.147736005426793"
"PAPSS1","0.144656132798875"
"PAPSS2","0.146687791950355"
"PAQR3","0.145314422512753"
"PAQR4","0.146772738741477"
"PAQR5","0.147119147337954"
"PAQR6","0.142675829822738"
"PAQR7","0.145992855948591"
"PAQR8","0.145132277187231"
"PAQR9","0.146465334239552"
"PAQR9-AS1","0.142650422618318"
"PARD3","0.143103044625501"
"PARD3-AS1","0.147089739311931"
"PARD3B","0.143103044625501"
"PARD6A","0.147986857770557"
"PARD6B","0.145132277187231"
"PARD6G","0.145263642914201"
"PARD6G-AS1","0.144656132798875"
"PARG","0.144277486342199"
"PARK2","0.145433722368352"
"PARK7","0.145263642914201"
"PARL","0.14296577303432"
"PARM1","0.145314422512753"
"PARN","0.145263642914201"
"PARP1","0.142427425289205"
"PARP10","0.144990980231775"
"PARP11","0.144277486342199"
"PARP12","0.145992855948591"
"PARP14","0.145433722368352"
"PARP15","0.145263642914201"
"PARP16","0.143630124592827"
"PARP2","0.146258002661994"
"PARP3","0.145789623277084"
"PARP4","0.145789623277084"
"PARP6","0.145132277187231"
"PARP8","0.145522974266425"
"PARP9","0.142650422618318"
"PARPBP","0.144161439976472"
"PARS2","0.144161439976472"
"PART1","0.144450360349457"
"PARVA","0.143376080622482"
"PARVB","0.145263642914201"
"PARVG","0.144161439976472"
"PASD1","0.143899768434933"
"PASK","0.145433722368352"
"PATE1","0.144450360349457"
"PATE2","0.147074748681561"
"PATL1","0.145356625733447"
"PATL2","0.144656132798875"
"PATZ1","0.145356625733447"
"PAUPAR","0.143368285724456"
"PAWR","0.142558944857104"
"PAX1","0.146850399384213"
"PAX2","0.143103044625501"
"PAX3","0.142107750779898"
"PAX5","0.142558944857104"
"PAX6","0.143630124592827"
"PAX7","0.145522974266425"
"PAX8","0.143368285724456"
"PAX9","0.144161439976472"
"PAXBP1","0.145433722368352"
"PAXBP1-AS1","0.147074748681561"
"PAXIP1","0.144339514473572"
"PAXIP1-AS1","0.142759326696371"
"PAXIP1-AS2","0.146687791950355"
"PBDC1","0.144339514473572"
"PBK","0.145356625733447"
"PBLD","0.142107750779898"
"PBOV1","0.145433722368352"
"PBRM1","0.146258002661994"
"PBX1","0.145132277187231"
"PBX2","0.142427425289205"
"PBX3","0.14296577303432"
"PBX4","0.145356625733447"
"PBXIP1","0.147731114720206"
"PC","0.143899768434933"
"PCAT1","0.143450534414699"
"PCAT14","0.145132277187231"
"PCAT18","0.145522974266425"
"PCAT19","0.148034902420004"
"PCAT2","0.146582110540111"
"PCAT29","0.146582110540111"
"PCAT4","0.146772738741477"
"PCAT5","0.147015090822861"
"PCAT6","0.147218838034479"
"PCAT7","0.145992855948591"
"PCBD1","0.146258002661994"
"PCBD2","0.147119147337954"
"PCBP1","0.142427425289205"
"PCBP2","0.142427425289205"
"PCBP3","0.146772738741477"
"PCBP4","0.145263642914201"
"PCCA","0.148216130547033"
"PCCA-AS1","0.140529135082891"
"PCCB","0.145767030575385"
"PCDH1","0.144450360349457"
"PCDH10","0.145433722368352"
"PCDH11X","0.145522974266425"
"PCDH11Y","0.144525264363973"
"PCDH12","0.147074748681561"
"PCDH15","0.143305933505613"
"PCDH17","0.145132277187231"
"PCDH18","0.147642796036683"
"PCDH19","0.145132277187231"
"PCDH20","0.147642796036683"
"PCDH7","0.142856117726537"
"PCDH8","0.147089739311931"
"PCDH9","0.143103044625501"
"PCDH9-AS1","0.146582110540111"
"PCDH9-AS2","0.146582110540111"
"PCDHA1","0.146465334239552"
"PCDHA10","0.142650422618318"
"PCDHA11","0.148129420509792"
"PCDHA12","0.147074748681561"
"PCDHA13","0.143630124592827"
"PCDHA2","0.147218838034479"
"PCDHA3","0.147015090822861"
"PCDHA4","0.146687791950355"
"PCDHA5","0.145314422512753"
"PCDHA6","0.147015090822861"
"PCDHA7","0.146258002661994"
"PCDHA8","0.143630124592827"
"PCDHA9","0.14550150047345"
"PCDHAC1","0.143103044625501"
"PCDHAC2","0.145356625733447"
"PCDHB1","0.143103044625501"
"PCDHB10","0.146850399384213"
"PCDHB11","0.147642796036683"
"PCDHB12","0.147089739311931"
"PCDHB13","0.142856117726537"
"PCDHB14","0.148034902420004"
"PCDHB15","0.146582110540111"
"PCDHB16","0.145789623277084"
"PCDHB2","0.144085852829052"
"PCDHB3","0.146772738741477"
"PCDHB4","0.143899768434933"
"PCDHB5","0.146465334239552"
"PCDHB6","0.140924539089693"
"PCDHB7","0.142989091507493"
"PCDHB8","0.142759326696371"
"PCDHB9","0.143103044625501"
"PCDHGA1","0.145314422512753"
"PCDHGA10","0.145132277187231"
"PCDHGA11","0.145132277187231"
"PCDHGA12","0.146258002661994"
"PCDHGA2","0.146582110540111"
"PCDHGA3","0.147522187037512"
"PCDHGA4","0.143488944577008"
"PCDHGA5","0.144450360349457"
"PCDHGA6","0.145314422512753"
"PCDHGA7","0.145992855948591"
"PCDHGA8","0.144450360349457"
"PCDHGA9","0.142759326696371"
"PCDHGB1","0.147074748681561"
"PCDHGB2","0.143957739128589"
"PCDHGB3","0.142553924858592"
"PCDHGB4","0.142650422618318"
"PCDHGB5","0.146687791950355"
"PCDHGB6","0.145789623277084"
"PCDHGB7","0.142107750779898"
"PCDHGC3","0.145132277187231"
"PCDHGC4","0.144161439976472"
"PCDHGC5","0.143488944577008"
"PCED1A","0.144525264363973"
"PCED1B","0.14724748376461"
"PCF11","0.144673082608827"
"PCF11-AS1","0.146258002661994"
"PCGF1","0.147218838034479"
"PCGF2","0.145522974266425"
"PCGF3","0.144673082608827"
"PCGF5","0.144990980231775"
"PCGF6","0.145263642914201"
"PCID2","0.145263642914201"
"PCIF1","0.144450360349457"
"PCK1","0.145132277187231"
"PCK2","0.146465334239552"
"PCLO","0.142409282655805"
"PCM1","0.144450360349457"
"PCMT1","0.145433722368352"
"PCMTD1","0.142650422618318"
"PCMTD2","0.146465334239552"
"PCNA","0.144450360349457"
"PCNP","0.144339514473572"
"PCNT","0.145741072145962"
"PCNX","0.146465334239552"
"PCNXL2","0.146687791950355"
"PCNXL3","0.147015090822861"
"PCNXL4","0.145522974266425"
"PCOLCE","0.146390494287142"
"PCOLCE-AS1","0.147089739311931"
"PCOLCE2","0.144525264363973"
"PCP2","0.146850399384213"
"PCP4","0.146258002661994"
"PCP4L1","0.145854791669696"
"PCSK1","0.14284306609801"
"PCSK1N","0.145132277187231"
"PCSK2","0.145522974266425"
"PCSK4","0.146687791950355"
"PCSK5","0.147218838034479"
"PCSK6","0.146258002661994"
"PCSK6-AS1","0.144673082608827"
"PCSK7","0.146465334239552"
"PCSK9","0.146850399384213"
"PCTP","0.144990980231775"
"PCYOX1","0.145854791669696"
"PCYOX1L","0.142759326696371"
"PCYT1A","0.147089739311931"
"PCYT1B","0.145314422512753"
"PCYT2","0.142409282655805"
"PDAP1","0.145992855948591"
"PDC","0.145992855948591"
"PDCD1","0.142553924858592"
"PDCD10","0.147089739311931"
"PDCD11","0.145854791669696"
"PDCD1LG2","0.145132277187231"
"PDCD2","0.141442983741105"
"PDCD2L","0.144339514473572"
"PDCD4","0.145854791669696"
"PDCD4-AS1","0.145314422512753"
"PDCD5","0.143630124592827"
"PDCD6","0.142553924858592"
"PDCD6IP","0.147736005426793"
"PDCD7","0.144339514473572"
"PDCL","0.144673082608827"
"PDCL2","0.143488132863524"
"PDCL3","0.144673082608827"
"PDDC1","0.145992855948591"
"PDE10A","0.142553924858592"
"PDE11A","0.146465334239552"
"PDE12","0.145263642914201"
"PDE1A","0.146258002661994"
"PDE1B","0.143630124592827"
"PDE1C","0.146390494287142"
"PDE2A","0.147119147337954"
"PDE3A","0.145132277187231"
"PDE3B","0.14284306609801"
"PDE4A","0.145992855948591"
"PDE4B","0.142759326696371"
"PDE4C","0.144673082608827"
"PDE4D","0.145314422512753"
"PDE4DIP","0.144450360349457"
"PDE5A","0.142160982652042"
"PDE6A","0.144339514473572"
"PDE6B","0.144161439976472"
"PDE6C","0.143103044625501"
"PDE6D","0.145741072145962"
"PDE6G","0.142343246594881"
"PDE6H","0.144035429642776"
"PDE7A","0.142989091507493"
"PDE7B","0.147218838034479"
"PDE8A","0.146687791950355"
"PDE8B","0.146465334239552"
"PDE9A","0.145741072145962"
"PDF","0.147015090822861"
"PDGFA","0.145263642914201"
"PDGFB","0.145356625733447"
"PDGFC","0.143630124592827"
"PDGFD","0.141114403901109"
"PDGFRA","0.143246941034307"
"PDGFRB","0.146772738741477"
"PDGFRL","0.145976672238217"
"PDHA1","0.145314422512753"
"PDHA2","0.144525264363973"
"PDHB","0.144673082608827"
"PDHX","0.143368285724456"
"PDIA2","0.145132277187231"
"PDIA3","0.14284306609801"
"PDIA4","0.144525264363973"
"PDIA5","0.143957739128589"
"PDIA6","0.144017813189013"
"PDIK1L","0.143957739128589"
"PDILT","0.145741072145962"
"PDK1","0.143103044625501"
"PDK2","0.142343246594881"
"PDK3","0.144450360349457"
"PDK4","0.143957739128589"
"PDLIM1","0.144673082608827"
"PDLIM2","0.146835995025224"
"PDLIM3","0.145263642914201"
"PDLIM4","0.147015090822861"
"PDLIM5","0.146850399384213"
"PDLIM7","0.145433722368352"
"PDP1","0.144525264363973"
"PDP2","0.144525264363973"
"PDPK1","0.145992855948591"
"PDPN","0.145263642914201"
"PDPR","0.142343246594881"
"PDRG1","0.145741072145962"
"PDS5A","0.143957739128589"
"PDS5B","0.142989091507493"
"PDSS1","0.142343246594881"
"PDSS2","0.142989091507493"
"PDX1","0.143368285724456"
"PDX1-AS1","0.146582110540111"
"PDXDC1","0.145522974266425"
"PDXK","0.145433722368352"
"PDXP","0.14418146466328"
"PDYN","0.144339514473572"
"PDZD11","0.144525264363973"
"PDZD2","0.146850399384213"
"PDZD3","0.14418146466328"
"PDZD4","0.142160982652042"
"PDZD7","0.143630124592827"
"PDZD8","0.143957739128589"
"PDZD9","0.14418146466328"
"PDZK1","0.146850399384213"
"PDZK1IP1","0.145992855948591"
"PDZRN3","0.147895463867024"
"PDZRN3-AS1","0.145356625733447"
"PDZRN4","0.145263642914201"
"PEA15","0.147736005426793"
"PEAK1","0.14418146466328"
"PEAR1","0.142650422618318"
"PEBP1","0.140924539089693"
"PEBP4","0.147277862765543"
"PECAM1","0.143846919073644"
"PECR","0.142107750779898"
"PEF1","0.144035429642776"
"PEG10","0.14418146466328"
"PEG3","0.142989091507493"
"PELI1","0.144450360349457"
"PELI2","0.145854791669696"
"PELI3","0.143368285724456"
"PELO","0.145263642914201"
"PELP1","0.146772738741477"
"PEMT","0.144411678227548"
"PENK","0.139994248371524"
"PEPD","0.142409282655805"
"PER1","0.145433722368352"
"PER2","0.144450360349457"
"PER3","0.143846919073644"
"PERM1","0.144673082608827"
"PERP","0.144673082608827"
"PES1","0.14418146466328"
"PET100","0.14418146466328"
"PET117","0.144525264363973"
"PEX1","0.143103044625501"
"PEX10","0.14284306609801"
"PEX11A","0.144339514473572"
"PEX11B","0.142675829822738"
"PEX11G","0.142650422618318"
"PEX12","0.144450360349457"
"PEX13","0.14550150047345"
"PEX14","0.145263642914201"
"PEX16","0.145854791669696"
"PEX19","0.14203329521344"
"PEX2","0.14418146466328"
"PEX26","0.142989091507493"
"PEX3","0.144450360349457"
"PEX5","0.144525264363973"
"PEX5L","0.145132277187231"
"PEX5L-AS1","0.14418146466328"
"PEX5L-AS2","0.144450360349457"
"PEX6","0.14284306609801"
"PEX7","0.144673082608827"
"PF4","0.142989091507493"
"PF4V1","0.144035429642776"
"PFAS","0.143846919073644"
"PFDN1","0.145854791669696"
"PFDN2","0.145314422512753"
"PFDN4","0.142759326696371"
"PFDN5","0.141668826121327"
"PFDN6","0.142675829822738"
"PFKFB1","0.143370099025421"
"PFKFB2","0.145741072145962"
"PFKFB3","0.145132277187231"
"PFKFB4","0.145356625733447"
"PFKL","0.145356625733447"
"PFKM","0.143957739128589"
"PFKP","0.143103044625501"
"PFN1","0.145433722368352"
"PFN2","0.141391757689534"
"PFN3","0.142989091507493"
"PFN4","0.143103044625501"
"PGA3","0.142875085656867"
"PGA4","0.142759326696371"
"PGA5","0.142759326696371"
"PGAM1","0.141442983741105"
"PGAM2","0.146850399384213"
"PGAM4","0.141834902601716"
"PGAM5","0.142650422618318"
"PGAP1","0.145992855948591"
"PGAP2","0.141391757689534"
"PGAP3","0.14203329521344"
"PGBD1","0.141391757689534"
"PGBD2","0.144035429642776"
"PGBD3","0.144035429642776"
"PGBD4","0.143957739128589"
"PGBD5","0.144339514473572"
"PGC","0.144339514473572"
"PGD","0.144450360349457"
"PGF","0.142553924858592"
"PGGT1B","0.143368285724456"
"PGK1","0.141946202498614"
"PGK2","0.140121181104025"
"PGLS","0.14418146466328"
"PGLYRP1","0.142675829822738"
"PGLYRP2","0.14418146466328"
"PGLYRP3","0.143804036673796"
"PGLYRP4","0.14203329521344"
"PGM1","0.143488132863524"
"PGM2","0.141138307348188"
"PGM2L1","0.142675829822738"
"PGM3","0.14284306609801"
"PGM5","0.144450360349457"
"PGM5-AS1","0.144990980231775"
"PGM5P2","0.142989091507493"
"PGM5P3-AS1","0.142343246594881"
"PGM5P4-AS1","0.145132277187231"
"PGP","0.142011768871468"
"PGPEP1","0.144525264363973"
"PGPEP1L","0.141877858258334"
"PGR","0.141877858258334"
"PGRMC1","0.141668826121327"
"PGRMC2","0.14298474096465"
"PGS1","0.141668826121327"
"PHACTR1","0.142650422618318"
"PHACTR2","0.143630124592827"
"PHACTR2-AS1","0.143103044625501"
"PHACTR3","0.142675829822738"
"PHACTR4","0.140121181104025"
"PHAX","0.142343246594881"
"PHB","0.14184811098059"
"PHB2","0.143368285724456"
"PHC1","0.142759326696371"
"PHC2","0.142550842220728"
"PHC3","0.141442983741105"
"PHEX","0.141391757689534"
"PHEX-AS1","0.142875085656867"
"PHF1","0.141391757689534"
"PHF10","0.144525264363973"
"PHF11","0.140924539089693"
"PHF12","0.142553924858592"
"PHF13","0.141138307348188"
"PHF14","0.144525264363973"
"PHF19","0.146338134704279"
"PHF2","0.14646709826951"
"PHF20","0.142675829822738"
"PHF20L1","0.145992855948591"
"PHF21A","0.142160982652042"
"PHF21B","0.143488132863524"
"PHF23","0.140121181104025"
"PHF24","0.142409282655805"
"PHF3","0.14418146466328"
"PHF5A","0.143630124592827"
"PHF6","0.142989091507493"
"PHF7","0.144525264363973"
"PHF8","0.14284306609801"
"PHGDH","0.143846919073644"
"PHGR1","0.141877858258334"
"PHIP","0.140426743594573"
"PHKA1","0.143103044625501"
"PHKA1-AS1","0.142675829822738"
"PHKA2","0.145741072145962"
"PHKA2-AS1","0.143957739128589"
"PHKB","0.143630124592827"
"PHKG1","0.143846919073644"
"PHKG2","0.143957739128589"
"PHLDA1","0.142343246594881"
"PHLDA2","0.141114403901109"
"PHLDA3","0.14284306609801"
"PHLDB1","0.144450360349457"
"PHLDB2","0.141391757689534"
"PHLDB3","0.142343246594881"
"PHLPP1","0.142343246594881"
"PHLPP2","0.141442983741105"
"PHOSPHO1","0.142675829822738"
"PHOSPHO2","0.139882879101143"
"PHOX2A","0.142343246594881"
"PHOX2B","0.14418146466328"
"PHPT1","0.141114403901109"
"PHRF1","0.143103044625501"
"PHTF1","0.142875085656867"
"PHTF2","0.141668826121327"
"PHYH","0.142650422618318"
"PHYHD1","0.145263642914201"
"PHYHIP","0.145416869659617"
"PHYHIPL","0.142550842220728"
"PHYKPL","0.144035429642776"
"PI15","0.144990980231775"
"PI16","0.142011768871468"
"PI3","0.143103044625501"
"PI4K2A","0.145421047112373"
"PI4K2B","0.142343246594881"
"PI4KA","0.142011768871468"
"PI4KB","0.144990980231775"
"PIANP","0.143368285724456"
"PIAS1","0.142759326696371"
"PIAS2","0.144339514473572"
"PIAS3","0.142160982652042"
"PIAS4","0.14177954769777"
"PIBF1","0.140529135082891"
"PICALM","0.140010090489175"
"PICK1","0.141309650866385"
"PID1","0.143957739128589"
"PIDD1","0.142107750779898"
"PIEZO1","0.14184811098059"
"PIEZO2","0.144035429642776"
"PIF1","0.142553924858592"
"PIFO","0.143103044625501"
"PIGA","0.143368285724456"
"PIGB","0.140529135082891"
"PIGBOS1","0.141877858258334"
"PIGC","0.144339514473572"
"PIGF","0.141173928545284"
"PIGG","0.142011768871468"
"PIGH","0.141442983741105"
"PIGK","0.142659392743376"
"PIGL","0.14184811098059"
"PIGM","0.147074748681561"
"PIGN","0.142650422618318"
"PIGO","0.142759326696371"
"PIGP","0.142409282655805"
"PIGQ","0.141877858258334"
"PIGR","0.142064368980308"
"PIGS","0.144990980231775"
"PIGT","0.144339514473572"
"PIGU","0.140426743594573"
"PIGV","0.14284306609801"
"PIGW","0.142409282655805"
"PIGX","0.141038800004863"
"PIGZ","0.142107750779898"
"PIH1D1","0.142675829822738"
"PIH1D2","0.142875085656867"
"PIH1D3","0.14184811098059"
"PIK3AP1","0.142650422618318"
"PIK3C2A","0.14418146466328"
"PIK3C2B","0.140924539089693"
"PIK3C2G","0.143488132863524"
"PIK3C3","0.141391757689534"
"PIK3CA","0.143804036673796"
"PIK3CB","0.14082305627841"
"PIK3CD","0.14082305627841"
"PIK3CD-AS1","0.142409282655805"
"PIK3CD-AS2","0.142107750779898"
"PIK3CG","0.142011768871468"
"PIK3IP1","0.141989552022454"
"PIK3IP1-AS1","0.142759326696371"
"PIK3R1","0.142875085656867"
"PIK3R2","0.144450360349457"
"PIK3R3","0.145263642914201"
"PIK3R4","0.142675829822738"
"PIK3R5","0.145263642914201"
"PIK3R6","0.141114403901109"
"PIKFYVE","0.141877858258334"
"PILRA","0.14184811098059"
"PILRB","0.14284306609801"
"PIM1","0.145314422512753"
"PIM2","0.14184811098059"
"PIM3","0.142875085656867"
"PIN1","0.142409282655805"
"PIN4","0.141877858258334"
"PINK1","0.142107750779898"
"PINK1-AS","0.142650422618318"
"PINLYP","0.143368285724456"
"PINX1","0.143103044625501"
"PIP","0.142989091507493"
"PIP4K2A","0.141442983741105"
"PIP4K2B","0.144035429642776"
"PIP4K2C","0.143488132863524"
"PIP5K1A","0.142875085656867"
"PIP5K1B","0.142011768871468"
"PIP5K1C","0.141114403901109"
"PIP5KL1","0.143804036673796"
"PIPOX","0.143488132863524"
"PIR","0.139994248371524"
"PIRT","0.143368285724456"
"PISD","0.144281726504142"
"PISRT1","0.142759326696371"
"PITHD1","0.145421047112373"
"PITPNA","0.141391757689534"
"PITPNA-AS1","0.142011768871468"
"PITPNB","0.143103044625501"
"PITPNC1","0.140426743594573"
"PITPNM1","0.143957739128589"
"PITPNM2","0.142650422618318"
"PITPNM3","0.145522974266425"
"PITRM1","0.141114403901109"
"PITRM1-AS1","0.14113299565157"
"PITX1","0.141173928545284"
"PITX2","0.145992855948591"
"PITX3","0.143311263761733"
"PIWIL1","0.143408319313733"
"PIWIL2","0.143342485274874"
"PIWIL3","0.142675829822738"
"PIWIL4","0.142675829822738"
"PJA1","0.140426743594573"
"PJA2","0.142875085656867"
"PKD1","0.14184811098059"
"PKD1L1","0.142650422618318"
"PKD1L3","0.145992855948591"
"PKD2","0.14284306609801"
"PKD2L1","0.142160982652042"
"PKD2L2","0.145132277187231"
"PKDCC","0.142759326696371"
"PKDREJ","0.141668826121327"
"PKHD1","0.14184811098059"
"PKHD1L1","0.140529135082891"
"PKI55","0.145263642914201"
"PKIA","0.14284306609801"
"PKIA-AS1","0.142875085656867"
"PKIB","0.14284306609801"
"PKIG","0.141391757689534"
"PKLR","0.142989091507493"
"PKM","0.144450360349457"
"PKMYT1","0.142553924858592"
"PKN1","0.144035429642776"
"PKN2","0.142989091507493"
"PKN2-AS1","0.142107750779898"
"PKN3","0.142650422618318"
"PKNOX1","0.144035429642776"
"PKNOX2","0.145992855948591"
"PKP1","0.143957739128589"
"PKP2","0.14306649285624"
"PKP3","0.143103044625501"
"PKP4","0.142759326696371"
"PLA1A","0.142759326696371"
"PLA2G10","0.14177954769777"
"PLA2G12A","0.142759326696371"
"PLA2G12B","0.142875085656867"
"PLA2G15","0.14113299565157"
"PLA2G16","0.143488132863524"
"PLA2G1B","0.141114403901109"
"PLA2G2A","0.142553924858592"
"PLA2G2C","0.144339514473572"
"PLA2G2D","0.142550842220728"
"PLA2G2F","0.142107750779898"
"PLA2G3","0.142675829822738"
"PLA2G4A","0.144525264363973"
"PLA2G4B","0.143488132863524"
"PLA2G4C","0.144339514473572"
"PLA2G4C-AS1","0.141350351474217"
"PLA2G4D","0.142553924858592"
"PLA2G4E","0.144947357420141"
"PLA2G4E-AS1","0.142553924858592"
"PLA2G4F","0.145263642914201"
"PLA2G5","0.142675829822738"
"PLA2G6","0.143368285724456"
"PLA2G7","0.142759326696371"
"PLA2R1","0.143804036673796"
"PLAA","0.143103044625501"
"PLAC1","0.141834902601716"
"PLAC8","0.144947357420141"
"PLAC8L1","0.147203510844862"
"PLAC9","0.145992855948591"
"PLAG1","0.146258002661994"
"PLAGL1","0.142675829822738"
"PLAGL2","0.142759326696371"
"PLAT","0.142675829822738"
"PLAU","0.141114403901109"
"PLAUR","0.141668826121327"
"PLB1","0.142875085656867"
"PLBD1","0.142759326696371"
"PLBD1-AS1","0.141138307348188"
"PLBD2","0.144339514473572"
"PLCB1","0.144017813189013"
"PLCB2","0.141138307348188"
"PLCB3","0.141442983741105"
"PLCB4","0.145421047112373"
"PLCD1","0.142675829822738"
"PLCD3","0.146687791950355"
"PLCD4","0.142553924858592"
"PLCE1","0.141877858258334"
"PLCE1-AS1","0.144947357420141"
"PLCE1-AS2","0.142343246594881"
"PLCG1","0.141442983741105"
"PLCG1-AS1","0.142989091507493"
"PLCG2","0.141442983741105"
"PLCH1","0.143368285724456"
"PLCH2","0.142875085656867"
"PLCL1","0.146850399384213"
"PLCL2","0.142160982652042"
"PLCL2-AS1","0.141309650866385"
"PLCXD1","0.144339514473572"
"PLCXD2","0.142107750779898"
"PLCXD2-AS1","0.145314422512753"
"PLCXD3","0.145741072145962"
"PLCZ1","0.142107750779898"
"PLD1","0.142650422618318"
"PLD2","0.140121181104025"
"PLD3","0.142675829822738"
"PLD4","0.145263642914201"
"PLD5","0.141877858258334"
"PLD6","0.14284306609801"
"PLEC","0.143804036673796"
"PLEK","0.141309650866385"
"PLEK2","0.144339514473572"
"PLEKHA1","0.142675829822738"
"PLEKHA2","0.143488132863524"
"PLEKHA3","0.143382518864151"
"PLEKHA4","0.143368285724456"
"PLEKHA5","0.143488132863524"
"PLEKHA6","0.14284306609801"
"PLEKHA7","0.144035429642776"
"PLEKHA8","0.147203510844862"
"PLEKHB1","0.145132277187231"
"PLEKHB2","0.142875085656867"
"PLEKHD1","0.141038800004863"
"PLEKHF1","0.145132277187231"
"PLEKHF2","0.142650422618318"
"PLEKHG1","0.142875085656867"
"PLEKHG2","0.14418146466328"
"PLEKHG3","0.142759326696371"
"PLEKHG4","0.141173928545284"
"PLEKHG4B","0.144947357420141"
"PLEKHG5","0.148049278564424"
"PLEKHG6","0.143804036673796"
"PLEKHG7","0.145992855948591"
"PLEKHH1","0.142675829822738"
"PLEKHH2","0.143103044625501"
"PLEKHH3","0.14184811098059"
"PLEKHJ1","0.141668826121327"
"PLEKHM1","0.141114403901109"
"PLEKHM2","0.142011768871468"
"PLEKHM3","0.145263642914201"
"PLEKHN1","0.14284306609801"
"PLEKHO1","0.145741072145962"
"PLEKHO2","0.144450360349457"
"PLEKHS1","0.141668826121327"
"PLG","0.145263642914201"
"PLGLB1","0.142759326696371"
"PLGLB2","0.143103044625501"
"PLGRKT","0.144035429642776"
"PLIN1","0.146258002661994"
"PLIN2","0.14113299565157"
"PLIN3","0.142650422618318"
"PLIN4","0.141173928545284"
"PLIN5","0.144339514473572"
"PLK1","0.142759326696371"
"PLK2","0.145314422512753"
"PLK3","0.144339514473572"
"PLK4","0.142160982652042"
"PLK5","0.143103044625501"
"PLLP","0.142759326696371"
"PLN","0.145421047112373"
"PLOD1","0.142160982652042"
"PLOD2","0.146338134704279"
"PLOD3","0.14007746268327"
"PLP1","0.142875085656867"
"PLP2","0.142875085656867"
"PLPP1","0.142989091507493"
"PLPP2","0.143957739128589"
"PLPP3","0.143103044625501"
"PLPP4","0.141138307348188"
"PLPP5","0.14418146466328"
"PLPP6","0.14184811098059"
"PLPP7","0.144525264363973"
"PLPPR1","0.141391757689534"
"PLPPR2","0.141877858258334"
"PLPPR3","0.141442983741105"
"PLPPR4","0.145132277187231"
"PLPPR5","0.143804036673796"
"PLRG1","0.14113299565157"
"PLS1","0.142675829822738"
"PLS3","0.142064368980308"
"PLS3-AS1","0.142675829822738"
"PLSCR1","0.141391757689534"
"PLSCR2","0.142107750779898"
"PLSCR4","0.142989091507493"
"PLSCR5","0.143103044625501"
"PLTP","0.143488132863524"
"PLVAP","0.142160982652042"
"PLXDC1","0.139794577791343"
"PLXDC2","0.146660186355336"
"PLXNA1","0.14418146466328"
"PLXNA2","0.141442983741105"
"PLXNA3","0.143957739128589"
"PLXNA4","0.141136326166508"
"PLXNB1","0.143957739128589"
"PLXNB2","0.14284306609801"
"PLXNB3","0.143957739128589"
"PLXNC1","0.140121181104025"
"PLXND1","0.14184811098059"
"PM20D1","0.140924539089693"
"PM20D2","0.144450360349457"
"PMAIP1","0.145314422512753"
"PMCH","0.143368285724456"
"PMEL","0.144525264363973"
"PMEPA1","0.145854791669696"
"PMF1","0.143957739128589"
"PMF1-BGLAP","0.142875085656867"
"PMFBP1","0.141834902601716"
"PML","0.142759326696371"
"PMM1","0.144035429642776"
"PMM2","0.147074748681561"
"PMP2","0.14184811098059"
"PMP22","0.142989091507493"
"PMPCA","0.142650422618318"
"PMPCB","0.145522974266425"
"PMS1","0.141173928545284"
"PMS2","0.144035429642776"
"PMVK","0.143957739128589"
"PNCK","0.142011768871468"
"PNISR","0.143368285724456"
"PNKD","0.14007746268327"
"PNKP","0.140010090489175"
"PNLDC1","0.142011768871468"
"PNLIP","0.142160982652042"
"PNLIPRP1","0.141877858258334"
"PNLIPRP3","0.142343246594881"
"PNMA1","0.141877858258334"
"PNMA2","0.140924539089693"
"PNMA3","0.143957739128589"
"PNMA5","0.143488132863524"
"PNMA6A","0.145132277187231"
"PNMAL1","0.142989091507493"
"PNMAL2","0.144339514473572"
"PNMT","0.141114403901109"
"PNN","0.142600153458813"
"PNO1","0.142008003657103"
"PNOC","0.142989091507493"
"PNP","0.142600153458813"
"PNPLA1","0.146995624797688"
"PNPLA2","0.142343246594881"
"PNPLA3","0.144525264363973"
"PNPLA4","0.141442983741105"
"PNPLA5","0.146995624797688"
"PNPLA6","0.141391757689534"
"PNPLA7","0.144339514473572"
"PNPLA8","0.141391757689534"
"PNPO","0.143103044625501"
"PNPT1","0.141877858258334"
"PNRC1","0.143804036673796"
"PNRC2","0.142989091507493"
"POC1A","0.14418146466328"
"POC1B","0.142675829822738"
"POC1B-GALNT4","0.142675829822738"
"POC5","0.14184811098059"
"PODN","0.143368285724456"
"PODNL1","0.142875085656867"
"PODXL","0.14082305627841"
"PODXL2","0.142875085656867"
"POF1B","0.14184811098059"
"POFUT1","0.143368285724456"
"POFUT2","0.144525264363973"
"POGK","0.14082305627841"
"POGLUT1","0.14177954769777"
"POGZ","0.142875085656867"
"POLA1","0.144525264363973"
"POLA2","0.141391757689534"
"POLB","0.141442983741105"
"POLD1","0.141442983741105"
"POLD2","0.141136326166508"
"POLD3","0.14184811098059"
"POLD4","0.144339514473572"
"POLDIP2","0.141136326166508"
"POLDIP3","0.144017813189013"
"POLE","0.14082305627841"
"POLE2","0.142011768871468"
"POLE3","0.14177954769777"
"POLE4","0.142600153458813"
"POLG","0.142875085656867"
"POLG2","0.146258002661994"
"POLH","0.147244107972206"
"POLI","0.147074748681561"
"POLK","0.14653971069502"
"POLL","0.145263642914201"
"POLM","0.142011768871468"
"POLN","0.145522974266425"
"POLQ","0.142759326696371"
"POLR1A","0.146258002661994"
"POLR1B","0.143103044625501"
"POLR1C","0.146772738741477"
"POLR1D","0.144701332621042"
"POLR1E","0.142675829822738"
"POLR2A","0.142675829822738"
"POLR2B","0.143368285724456"
"POLR2C","0.141442983741105"
"POLR2D","0.143368285724456"
"POLR2E","0.141173928545284"
"POLR2F","0.144339514473572"
"POLR2G","0.144035429642776"
"POLR2H","0.145421047112373"
"POLR2I","0.14177954769777"
"POLR2J","0.142011768871468"
"POLR2J2","0.145421047112373"
"POLR2J3","0.146995624797688"
"POLR2K","0.143103044625501"
"POLR2L","0.144525264363973"
"POLR2M","0.146705749174818"
"POLR3A","0.146772738741477"
"POLR3B","0.144525264363973"
"POLR3C","0.14418146466328"
"POLR3D","0.144525264363973"
"POLR3E","0.142675829822738"
"POLR3F","0.143368285724456"
"POLR3G","0.144701332621042"
"POLR3GL","0.144339514473572"
"POLR3H","0.145263642914201"
"POLR3K","0.145522974266425"
"POLRMT","0.148049278564424"
"POM121","0.142875085656867"
"POM121C","0.143103044625501"
"POM121L2","0.147642796036683"
"POM121L7","0.142107750779898"
"POMC","0.144450360349457"
"POMGNT1","0.143103044625501"
"POMGNT2","0.147203510844862"
"POMK","0.145522974266425"
"POMP","0.145741072145962"
"POMT1","0.143804036673796"
"POMT2","0.144339514473572"
"POMZP3","0.143804036673796"
"PON1","0.146660186355336"
"PON2","0.145314422512753"
"PON3","0.144701332621042"
"POP1","0.147277862765543"
"POP4","0.14184811098059"
"POP5","0.145000396902513"
"POP7","0.143488132863524"
"POPDC2","0.147642796036683"
"POPDC3","0.143488132863524"
"POR","0.147119147337954"
"PORCN","0.146660186355336"
"POSTN","0.144501209779314"
"POT1","0.145522974266425"
"POT1-AS1","0.145314422512753"
"POTEC","0.143957739128589"
"POTEE","0.144339514473572"
"POTEF","0.145854791669696"
"POTEG","0.145421047112373"
"POTEH","0.142011768871468"
"POTEI","0.143488132863524"
"POTEJ","0.144339514473572"
"POU1F1","0.145263642914201"
"POU2AF1","0.14284306609801"
"POU2F1","0.146258002661994"
"POU2F2","0.144450360349457"
"POU2F3","0.14653971069502"
"POU3F1","0.144450360349457"
"POU3F2","0.143804036673796"
"POU3F3","0.14653971069502"
"POU3F4","0.14284306609801"
"POU4F1","0.145854791669696"
"POU4F2","0.147089739311931"
"POU5F1","0.143957739128589"
"POU5F1B","0.142875085656867"
"POU5F2","0.142875085656867"
"POU6F1","0.14284306609801"
"POU6F2","0.145421047112373"
"POU6F2-AS1","0.142989091507493"
"POU6F2-AS2","0.145421047112373"
"PP12613","0.147986857770557"
"PP2D1","0.144525264363973"
"PP7080","0.143957739128589"
"PPA1","0.145314422512753"
"PPA2","0.145263642914201"
"PPAN","0.145314422512753"
"PPAN-P2RY11","0.148442452697706"
"PPARA","0.142600153458813"
"PPARD","0.144339514473572"
"PPARG","0.144701332621042"
"PPARGC1A","0.142756336654685"
"PPARGC1B","0.14418146466328"
"PPAT","0.142756336654685"
"PPBP","0.145741072145962"
"PPCDC","0.147244107972206"
"PPCS","0.144339514473572"
"PPDPF","0.144525264363973"
"PPEF1","0.147277862765543"
"PPEF2","0.147119147337954"
"PPFIA1","0.145421047112373"
"PPFIA2","0.144339514473572"
"PPFIA3","0.144701332621042"
"PPFIA4","0.142875085656867"
"PPFIBP1","0.142989091507493"
"PPFIBP2","0.148442452697706"
"PPHLN1","0.146660186355336"
"PPIA","0.14418146466328"
"PPIAL4A","0.145314422512753"
"PPIAL4D","0.147119147337954"
"PPIAL4E","0.145522974266425"
"PPIAL4G","0.142989091507493"
"PPIB","0.141136326166508"
"PPIC","0.144450360349457"
"PPID","0.145741072145962"
"PPIE","0.142011768871468"
"PPIF","0.145421047112373"
"PPIG","0.145854791669696"
"PPIH","0.141391757689534"
"PPIL1","0.145992855948591"
"PPIL2","0.146705749174818"
"PPIL3","0.144339514473572"
"PPIL4","0.14653971069502"
"PPIL6","0.146338134704279"
"PPIP5K1","0.142343246594881"
"PPIP5K2","0.146705749174818"
"PPL","0.145854791669696"
"PPM1A","0.148129420509792"
"PPM1B","0.144035429642776"
"PPM1D","0.146660186355336"
"PPM1E","0.143408319313733"
"PPM1F","0.145522974266425"
"PPM1G","0.147642796036683"
"PPM1H","0.14468438281109"
"PPM1J","0.143804036673796"
"PPM1K","0.147420567385048"
"PPM1L","0.143368285724456"
"PPM1M","0.142756336654685"
"PPM1N","0.144701332621042"
"PPME1","0.145718479444263"
"PPOX","0.147642796036683"
"PPP1CA","0.142989091507493"
"PPP1CB","0.14418146466328"
"PPP1CC","0.14756657238511"
"PPP1R10","0.145522974266425"
"PPP1R11","0.143103044625501"
"PPP1R12A","0.14418146466328"
"PPP1R12B","0.146338134704279"
"PPP1R12C","0.144339514473572"
"PPP1R13B","0.143957739128589"
"PPP1R13L","0.145314422512753"
"PPP1R14A","0.14418146466328"
"PPP1R14B","0.143804036673796"
"PPP1R14C","0.143804036673796"
"PPP1R14D","0.142989091507493"
"PPP1R15A","0.145263642914201"
"PPP1R15B","0.147731114720206"
"PPP1R16A","0.146772738741477"
"PPP1R16B","0.144035429642776"
"PPP1R17","0.145000396902513"
"PPP1R18","0.147089739311931"
"PPP1R1A","0.142989091507493"
"PPP1R1B","0.145000396902513"
"PPP1R1C","0.141442983741105"
"PPP1R2","0.144701332621042"
"PPP1R21","0.145132277187231"
"PPP1R26","0.147420567385048"
"PPP1R26-AS1","0.145421047112373"
"PPP1R27","0.146660186355336"
"PPP1R32","0.146995624797688"
"PPP1R35","0.14653971069502"
"PPP1R36","0.146537946665062"
"PPP1R37","0.145314422512753"
"PPP1R3A","0.144450360349457"
"PPP1R3B","0.14418146466328"
"PPP1R3C","0.142875085656867"
"PPP1R3D","0.147074748681561"
"PPP1R3E","0.145741072145962"
"PPP1R3F","0.143957739128589"
"PPP1R3G","0.145132277187231"
"PPP1R42","0.145263642914201"
"PPP1R7","0.146263294751869"
"PPP1R8","0.145132277187231"
"PPP1R9A","0.147089739311931"
"PPP1R9B","0.146660186355336"
"PPP2CA","0.145854791669696"
"PPP2CB","0.145132277187231"
"PPP2R1A","0.147244107972206"
"PPP2R1B","0.143368285724456"
"PPP2R2A","0.147089739311931"
"PPP2R2B","0.145000396902513"
"PPP2R2C","0.147895463867024"
"PPP2R2D","0.145741072145962"
"PPP2R3A","0.145992855948591"
"PPP2R3B","0.144339514473572"
"PPP2R3C","0.147642796036683"
"PPP2R4","0.145263642914201"
"PPP2R5A","0.147112651237746"
"PPP2R5B","0.147074748681561"
"PPP2R5C","0.144525264363973"
"PPP2R5D","0.147642796036683"
"PPP2R5E","0.145263642914201"
"PPP3CA","0.142875085656867"
"PPP3CB","0.144450360349457"
"PPP3CC","0.144701332621042"
"PPP3R1","0.145741072145962"
"PPP3R2","0.147125535664945"
"PPP4C","0.145000396902513"
"PPP4R1","0.142989091507493"
"PPP4R1-AS1","0.145854791669696"
"PPP4R2","0.146660186355336"
"PPP4R3A","0.145854791669696"
"PPP4R3B","0.143103044625501"
"PPP4R4","0.148638698963735"
"PPP5C","0.14418146466328"
"PPP5D1","0.144450360349457"
"PPP6C","0.147731114720206"
"PPP6R1","0.147277862765543"
"PPP6R2","0.144525264363973"
"PPP6R3","0.145421047112373"
"PPRC1","0.145421047112373"
"PPT1","0.145854791669696"
"PPT2","0.145132277187231"
"PPT2-EGFL8","0.146772738741477"
"PPTC7","0.14815900181256"
"PPWD1","0.146687791950355"
"PPY","0.145854791669696"
"PQBP1","0.147112651237746"
"PQLC1","0.145314422512753"
"PQLC2","0.146772738741477"
"PQLC2L","0.147731114720206"
"PQLC3","0.145992855948591"
"PRAC1","0.147895463867024"
"PRAC2","0.145263642914201"
"PRADC1","0.146263294751869"
"PRAF2","0.143488132863524"
"PRAM1","0.144501209779314"
"PRAME","0.146705749174818"
"PRAMEF8","0.147244107972206"
"PRAP1","0.145000396902513"
"PRB2","0.146705749174818"
"PRB3","0.142875085656867"
"PRC1","0.14794031937408"
"PRC1-AS1","0.147125535664945"
"PRCAT47","0.146263294751869"
"PRCC","0.146263294751869"
"PRCD","0.146263294751869"
"PRCP","0.145741072145962"
"PRDM1","0.145132277187231"
"PRDM10","0.144450360349457"
"PRDM11","0.144035429642776"
"PRDM12","0.146772738741477"
"PRDM13","0.145854791669696"
"PRDM14","0.145854791669696"
"PRDM15","0.145992855948591"
"PRDM16","0.141668826121327"
"PRDM2","0.142756336654685"
"PRDM4","0.145132277187231"
"PRDM5","0.143103044625501"
"PRDM6","0.145992855948591"
"PRDM7","0.14418146466328"
"PRDM8","0.143368285724456"
"PRDM9","0.140493205878208"
"PRDX1","0.145854791669696"
"PRDX2","0.145741072145962"
"PRDX3","0.143957739128589"
"PRDX4","0.145421047112373"
"PRDX5","0.145854791669696"
"PRDX6","0.14653971069502"
"PREB","0.141309650866385"
"PRELID1","0.143368285724456"
"PRELID2","0.145132277187231"
"PRELID3A","0.14184811098059"
"PRELID3B","0.145854791669696"
"PRELP","0.145522974266425"
"PREP","0.146263294751869"
"PREPL","0.145000396902513"
"PREX1","0.145522974266425"
"PREX2","0.146995624797688"
"PRF1","0.145132277187231"
"PRG2","0.145314422512753"
"PRG3","0.146263294751869"
"PRG4","0.144339514473572"
"PRH1","0.145992855948591"
"PRH1-PRR4","0.141309650866385"
"PRH2","0.145992855948591"
"PRICKLE1","0.142756336654685"
"PRICKLE2","0.145992855948591"
"PRICKLE2-AS1","0.146263294751869"
"PRICKLE2-AS3","0.147074748681561"
"PRICKLE3","0.142989091507493"
"PRICKLE4","0.142756336654685"
"PRIM1","0.146995624797688"
"PRIM2","0.146705749174818"
"PRIMA1","0.143368285724456"
"PRIMPOL","0.146705749174818"
"PRKAA1","0.14082305627841"
"PRKAA2","0.144450360349457"
"PRKAB1","0.143488132863524"
"PRKAB2","0.148034902420004"
"PRKACA","0.145132277187231"
"PRKACB","0.147089739311931"
"PRKAG1","0.147112651237746"
"PRKAG2","0.143165468092542"
"PRKAG2-AS1","0.145263642914201"
"PRKAG3","0.145132277187231"
"PRKAR1A","0.143957739128589"
"PRKAR1B","0.145854791669696"
"PRKAR2A","0.14418146466328"
"PRKAR2A-AS1","0.142107750779898"
"PRKAR2B","0.145263642914201"
"PRKCA","0.145314422512753"
"PRKCA-AS1","0.146660186355336"
"PRKCB","0.145522974266425"
"PRKCD","0.146660186355336"
"PRKCDBP","0.14418146466328"
"PRKCE","0.145000396902513"
"PRKCG","0.145522974266425"
"PRKCH","0.145421047112373"
"PRKCI","0.145314422512753"
"PRKCQ","0.145992855948591"
"PRKCSH","0.147125535664945"
"PRKCZ","0.146705749174818"
"PRKD1","0.145314422512753"
"PRKD2","0.145314422512753"
"PRKD3","0.144339514473572"
"PRKDC","0.142160982652042"
"PRKG1","0.14653971069502"
"PRKG1-AS1","0.146705749174818"
"PRKG2","0.144701332621042"
"PRKRA","0.147420567385048"
"PRKRIP1","0.145522974266425"
"PRKRIR","0.143804036673796"
"PRKX","0.147108904292905"
"PRKX-AS1","0.145574659461113"
"PRL","0.144701332621042"
"PRLH","0.142875085656867"
"PRLHR","0.145522974266425"
"PRLR","0.145000396902513"
"PRM1","0.14756657238511"
"PRM2","0.144339514473572"
"PRM3","0.145574659461113"
"PRMT1","0.146263294751869"
"PRMT2","0.147074748681561"
"PRMT3","0.14418146466328"
"PRMT5","0.148129420509792"
"PRMT5-AS1","0.146705749174818"
"PRMT6","0.145421047112373"
"PRMT7","0.145522974266425"
"PRMT8","0.145750769643625"
"PRMT9","0.141391757689534"
"PRNCR1","0.145421047112373"
"PRND","0.145421047112373"
"PRNP","0.147125535664945"
"PROB1","0.146660186355336"
"PROC","0.145750769643625"
"PROCA1","0.144450360349457"
"PROCR","0.145263642914201"
"PRODH","0.146995624797688"
"PRODH2","0.144450360349457"
"PROK1","0.143957739128589"
"PROK2","0.144450360349457"
"PROKR1","0.142875085656867"
"PROM1","0.14418146466328"
"PROM2","0.142600153458813"
"PRORY","0.145421047112373"
"PROS1","0.143434893946155"
"PROSC","0.147125535664945"
"PROSER1","0.144525264363973"
"PROSER2","0.147203510844862"
"PROSER2-AS1","0.147203510844862"
"PROSER3","0.146995624797688"
"PROX1","0.147272753702337"
"PROX1-AS1","0.145522974266425"
"PROX2","0.145750769643625"
"PROZ","0.145314422512753"
"PRPF18","0.142600153458813"
"PRPF19","0.145000396902513"
"PRPF3","0.147074748681561"
"PRPF31","0.145000396902513"
"PRPF38A","0.146660186355336"
"PRPF38B","0.145132277187231"
"PRPF39","0.142343246594881"
"PRPF4","0.145314422512753"
"PRPF40A","0.143488132863524"
"PRPF40B","0.146463106712652"
"PRPF4B","0.147986857770557"
"PRPF6","0.145000396902513"
"PRPF8","0.145314422512753"
"PRPH","0.145000396902513"
"PRPH2","0.145263642914201"
"PRPS1","0.14756657238511"
"PRPS1L1","0.146660186355336"
"PRPS2","0.144701332621042"
"PRPSAP1","0.145750769643625"
"PRPSAP2","0.145854791669696"
"PRR11","0.144339514473572"
"PRR12","0.147112651237746"
"PRR13","0.14653971069502"
"PRR14","0.147244107972206"
"PRR14L","0.145263642914201"
"PRR15","0.145132277187231"
"PRR15L","0.143957739128589"
"PRR16","0.145314422512753"
"PRR18","0.144450360349457"
"PRR19","0.146772738741477"
"PRR22","0.146995624797688"
"PRR23C","0.144450360349457"
"PRR23D2","0.145750769643625"
"PRR25","0.146705749174818"
"PRR26","0.146660186355336"
"PRR27","0.146995624797688"
"PRR29","0.141442983741105"
"PRR29-AS1","0.147074748681561"
"PRR3","0.142875085656867"
"PRR31","0.147731114720206"
"PRR32","0.14653971069502"
"PRR33","0.145574659461113"
"PRR34","0.144339514473572"
"PRR34-AS1","0.142875085656867"
"PRR35","0.142875085656867"
"PRR36","0.145000396902513"
"PRR4","0.146263294751869"
"PRR5","0.146705749174818"
"PRR5-ARHGAP8","0.144450360349457"
"PRR5L","0.14653971069502"
"PRR7","0.146660186355336"
"PRR7-AS1","0.147074748681561"
"PRR9","0.145314422512753"
"PRRC1","0.147125535664945"
"PRRC2A","0.147895463867024"
"PRRC2B","0.146995624797688"
"PRRC2C","0.145421047112373"
"PRRG1","0.146263294751869"
"PRRG2","0.143103044625501"
"PRRG3","0.145263642914201"
"PRRG4","0.146263294751869"
"PRRT1","0.145416869659617"
"PRRT2","0.145416869659617"
"PRRT3","0.145992855948591"
"PRRT3-AS1","0.145522974266425"
"PRRT4","0.146660186355336"
"PRRX1","0.144339514473572"
"PRRX2","0.145992855948591"
"PRRX2-AS1","0.145854791669696"
"PRSS1","0.146772738741477"
"PRSS12","0.144701332621042"
"PRSS16","0.147125535664945"
"PRSS2","0.142343246594881"
"PRSS21","0.146995624797688"
"PRSS22","0.143103044625501"
"PRSS23","0.144701332621042"
"PRSS27","0.147244107972206"
"PRSS3","0.144339514473572"
"PRSS33","0.147089739311931"
"PRSS35","0.146660186355336"
"PRSS36","0.146660186355336"
"PRSS37","0.147089739311931"
"PRSS38","0.143328669740181"
"PRSS42","0.143103044625501"
"PRSS45","0.143434893946155"
"PRSS46","0.145132277187231"
"PRSS48","0.147277862765543"
"PRSS50","0.147074748681561"
"PRSS51","0.144450360349457"
"PRSS53","0.147203510844862"
"PRSS54","0.144525264363973"
"PRSS55","0.144339514473572"
"PRSS56","0.14418146466328"
"PRSS57","0.145421047112373"
"PRSS58","0.14284306609801"
"PRSS8","0.144701332621042"
"PRTFDC1","0.147112651237746"
"PRTG","0.145750769643625"
"PRTN3","0.144450360349457"
"PRUNE","0.145314422512753"
"PRUNE2","0.145992855948591"
"PRX","0.145132277187231"
"PSAP","0.143957739128589"
"PSAPL1","0.143804036673796"
"PSAT1","0.145416869659617"
"PSCA","0.142875085656867"
"PSD","0.142160982652042"
"PSD2","0.147731114720206"
"PSD3","0.146660186355336"
"PSD4","0.143804036673796"
"PSEN1","0.145750769643625"
"PSEN2","0.147074748681561"
"PSENEN","0.144339514473572"
"PSG1","0.142343246594881"
"PSG2","0.146772738741477"
"PSG3","0.147112651237746"
"PSG4","0.144501209779314"
"PSG5","0.146995624797688"
"PSG6","0.145992855948591"
"PSG8","0.146772738741477"
"PSG9","0.144450360349457"
"PSIP1","0.145421047112373"
"PSKH1","0.146705749174818"
"PSKH2","0.146263294751869"
"PSMA1","0.143328669740181"
"PSMA2","0.146263294751869"
"PSMA3","0.145574659461113"
"PSMA3-AS1","0.144525264363973"
"PSMA4","0.146263294751869"
"PSMA5","0.147112651237746"
"PSMA6","0.145750769643625"
"PSMA7","0.146995624797688"
"PSMA8","0.147089739311931"
"PSMB1","0.145992855948591"
"PSMB10","0.147112651237746"
"PSMB11","0.147420567385048"
"PSMB2","0.144450360349457"
"PSMB3","0.145421047112373"
"PSMB4","0.148129420509792"
"PSMB5","0.145314422512753"
"PSMB6","0.145992855948591"
"PSMB7","0.145854791669696"
"PSMB8","0.147089739311931"
"PSMB8-AS1","0.145992855948591"
"PSMB9","0.145132277187231"
"PSMC1","0.147420567385048"
"PSMC2","0.145000396902513"
"PSMC3","0.146263294751869"
"PSMC3IP","0.145314422512753"
"PSMC4","0.146772738741477"
"PSMC5","0.146660186355336"
"PSMC6","0.147089739311931"
"PSMD1","0.144035429642776"
"PSMD10","0.149067790164972"
"PSMD11","0.147125535664945"
"PSMD12","0.147203510844862"
"PSMD13","0.145263642914201"
"PSMD14","0.144525264363973"
"PSMD2","0.14653971069502"
"PSMD3","0.144339514473572"
"PSMD4","0.146995624797688"
"PSMD5","0.147112651237746"
"PSMD5-AS1","0.149075384623037"
"PSMD6","0.147074748681561"
"PSMD6-AS2","0.144450360349457"
"PSMD7","0.144525264363973"
"PSMD8","0.145992855948591"
"PSMD9","0.147112651237746"
"PSME1","0.147203510844862"
"PSME2","0.147203510844862"
"PSME3","0.145132277187231"
"PSME4","0.146660186355336"
"PSMF1","0.14653971069502"
"PSMG1","0.146263294751869"
"PSMG2","0.14418146466328"
"PSMG3","0.146772738741477"
"PSMG3-AS1","0.148217210217229"
"PSMG4","0.147089739311931"
"PSORS1C1","0.147642796036683"
"PSORS1C2","0.14418146466328"
"PSPC1","0.146995624797688"
"PSPH","0.147074748681561"
"PSPN","0.144411678227548"
"PSRC1","0.147074748681561"
"PSTK","0.145854791669696"
"PSTPIP1","0.145263642914201"
"PSTPIP2","0.142989091507493"
"PTAFR","0.148049278564424"
"PTAR1","0.15011992995967"
"PTBP1","0.148129420509792"
"PTBP2","0.144450360349457"
"PTBP3","0.14794031937408"
"PTCD1","0.146246538586746"
"PTCD2","0.14756657238511"
"PTCD3","0.148401850877231"
"PTCH1","0.147125535664945"
"PTCH2","0.147089739311931"
"PTCHD1","0.14815900181256"
"PTCHD1-AS","0.145574659461113"
"PTCHD2","0.14653971069502"
"PTCHD3","0.145522974266425"
"PTCHD4","0.146995624797688"
"PTCRA","0.14284306609801"
"PTCSC2","0.147112651237746"
"PTCSC3","0.143488132863524"
"PTDSS1","0.144450360349457"
"PTDSS2","0.144701332621042"
"PTEN","0.147125535664945"
"PTENP1-AS","0.145132277187231"
"PTER","0.14756657238511"
"PTF1A","0.147203510844862"
"PTGDR","0.146246538586746"
"PTGDR2","0.145750769643625"
"PTGDS","0.14794031937408"
"PTGER1","0.148034902420004"
"PTGER2","0.147203510844862"
"PTGER3","0.147203510844862"
"PTGER4","0.148374325436418"
"PTGES","0.148318829451158"
"PTGES2","0.147244107972206"
"PTGES2-AS1","0.146772738741477"
"PTGES3","0.147642796036683"
"PTGES3L","0.146772738741477"
"PTGES3L-AARSD1","0.14815900181256"
"PTGFR","0.147089739311931"
"PTGFRN","0.147642796036683"
"PTGIR","0.145132277187231"
"PTGIS","0.146334313345863"
"PTGR1","0.146246538586746"
"PTGR2","0.147420567385048"
"PTGS1","0.146772738741477"
"PTGS2","0.14815900181256"
"PTH1R","0.145854791669696"
"PTH2","0.147277862765543"
"PTH2R","0.145574659461113"
"PTHLH","0.149030744972456"
"PTK2","0.147075411930103"
"PTK2B","0.14756657238511"
"PTK6","0.147973412187842"
"PTK7","0.145574659461113"
"PTMA","0.148401850877231"
"PTMS","0.145000396902513"
"PTN","0.149030744972456"
"PTOV1","0.146334313345863"
"PTOV1-AS1","0.143328669740181"
"PTOV1-AS2","0.148859464136285"
"PTP4A1","0.146334313345863"
"PTP4A2","0.146978351976097"
"PTP4A3","0.147089739311931"
"PTPDC1","0.146593582368408"
"PTPMT1","0.147731114720206"
"PTPN1","0.143488132863524"
"PTPN11","0.146660186355336"
"PTPN12","0.148401850877231"
"PTPN13","0.145992855948591"
"PTPN14","0.147411018808338"
"PTPN18","0.14418146466328"
"PTPN2","0.146246538586746"
"PTPN20","0.146334313345863"
"PTPN21","0.148049278564424"
"PTPN22","0.148049278564424"
"PTPN23","0.146334313345863"
"PTPN3","0.147089739311931"
"PTPN4","0.14653971069502"
"PTPN5","0.147203510844862"
"PTPN6","0.14794031937408"
"PTPN7","0.145276175272469"
"PTPN9","0.147112651237746"
"PTPRA","0.147125535664945"
"PTPRB","0.146997614543314"
"PTPRC","0.148217210217229"
"PTPRCAP","0.14756657238511"
"PTPRD","0.148217210217229"
"PTPRD-AS1","0.15011992995967"
"PTPRD-AS2","0.145000396902513"
"PTPRE","0.147112651237746"
"PTPRF","0.147125535664945"
"PTPRG","0.148129420509792"
"PTPRH","0.145132277187231"
"PTPRJ","0.148482200195025"
"PTPRJ-AS1","0.147112651237746"
"PTPRK","0.145522974266425"
"PTPRM","0.147244107972206"
"PTPRN","0.147112651237746"
"PTPRN2","0.145221221455095"
"PTPRO","0.148442452697706"
"PTPRQ","0.148049278564424"
"PTPRR","0.147112651237746"
"PTPRS","0.148034902420004"
"PTPRT","0.147731114720206"
"PTPRU","0.145574659461113"
"PTPRZ1","0.147277862765543"
"PTRF","0.144339514473572"
"PTRH1","0.147244107972206"
"PTRH2","0.145992855948591"
"PTRHD1","0.147642796036683"
"PTS","0.14756657238511"
"PTTG1","0.146705749174818"
"PTTG1IP","0.145300282026384"
"PTTG2","0.146246538586746"
"PTX3","0.148401850877231"
"PTX4","0.145750769643625"
"PUDP","0.146997614543314"
"PUF60","0.146705749174818"
"PUM1","0.145522974266425"
"PUM2","0.147125535664945"
"PUM3","0.147203510844862"
"PURA","0.148129420509792"
"PURB","0.144701332621042"
"PURG","0.147420567385048"
"PUS1","0.148318829451158"
"PUS10","0.150303042518754"
"PUS3","0.146246538586746"
"PUS7","0.147112651237746"
"PUS7L","0.147089739311931"
"PUSL1","0.147112651237746"
"PVALB","0.147642796036683"
"PVR","0.145574659461113"
"PVRIG","0.145132277187231"
"PVRL1","0.147244107972206"
"PVRL2","0.147642796036683"
"PVRL3","0.147075411930103"
"PVRL3-AS1","0.144525264363973"
"PVRL4","0.145000396902513"
"PVT1","0.147075411930103"
"PWAR6","0.146263294751869"
"PWP1","0.148587614662211"
"PWP2","0.145854791669696"
"PWRN1","0.146334313345863"
"PWRN2","0.149815839187836"
"PWRN4","0.146246538586746"
"PWWP2A","0.146772738741477"
"PWWP2B","0.147731114720206"
"PXDC1","0.147277862765543"
"PXDN","0.144701332621042"
"PXDNL","0.147683124691356"
"PXK","0.14756657238511"
"PXMP2","0.147244107972206"
"PXMP4","0.147075411930103"
"PXN","0.145300282026384"
"PXN-AS1","0.144017813189013"
"PXT1","0.145574659461113"
"PXYLP1","0.144450360349457"
"PYCARD","0.146334313345863"
"PYCARD-AS1","0.144339514473572"
"PYCR1","0.147218838034479"
"PYCR2","0.147125535664945"
"PYCRL","0.148049278564424"
"PYDC1","0.146334313345863"
"PYDC2","0.145574659461113"
"PYGB","0.147277862765543"
"PYGL","0.147203510844862"
"PYGM","0.14815900181256"
"PYGO1","0.145522974266425"
"PYGO2","0.147203510844862"
"PYHIN1","0.145421047112373"
"PYM1","0.14653971069502"
"PYROXD1","0.147125535664945"
"PYROXD2","0.147125535664945"
"PYURF","0.148442452697706"
"PYY","0.147203510844862"
"PZP","0.146660186355336"
"QARS","0.147731114720206"
"QDPR","0.147731114720206"
"QKI","0.148217210217229"
"QPCT","0.146772738741477"
"QPCTL","0.147731114720206"
"QPRT","0.145992855948591"
"QRFP","0.145992855948591"
"QRFPR","0.145750769643625"
"QRICH1","0.146660186355336"
"QRICH2","0.14653971069502"
"QRSL1","0.147277862765543"
"QSER1","0.147203510844862"
"QSOX1","0.14653971069502"
"QSOX2","0.14756657238511"
"QTRT1","0.147203510844862"
"QTRTD1","0.149067790164972"
"R3HCC1","0.149447481515241"
"R3HCC1L","0.148049278564424"
"R3HDM1","0.147112651237746"
"R3HDM2","0.147277862765543"
"R3HDM4","0.14756657238511"
"R3HDML","0.142147773724626"
"RAB10","0.147244107972206"
"RAB11A","0.149067790164972"
"RAB11B","0.145750769643625"
"RAB11B-AS1","0.149067790164972"
"RAB11FIP1","0.147642796036683"
"RAB11FIP2","0.146246538586746"
"RAB11FIP3","0.145854791669696"
"RAB11FIP4","0.149822596837439"
"RAB11FIP5","0.149822596837439"
"RAB12","0.15011992995967"
"RAB13","0.145854791669696"
"RAB14","0.145854791669696"
"RAB15","0.147277862765543"
"RAB17","0.149651236905977"
"RAB18","0.147244107972206"
"RAB19","0.147642796036683"
"RAB1A","0.143804036673796"
"RAB1B","0.147277862765543"
"RAB20","0.145992855948591"
"RAB21","0.148401850877231"
"RAB22A","0.145992855948591"
"RAB23","0.145221221455095"
"RAB24","0.147420567385048"
"RAB25","0.14418146466328"
"RAB26","0.148587614662211"
"RAB27A","0.146263294751869"
"RAB27B","0.149822596837439"
"RAB28","0.146997614543314"
"RAB29","0.147125535664945"
"RAB2A","0.147642796036683"
"RAB2B","0.148914809757521"
"RAB30","0.146705749174818"
"RAB30-AS1","0.145854791669696"
"RAB31","0.149030744972456"
"RAB32","0.145522974266425"
"RAB33A","0.148587614662211"
"RAB33B","0.145522974266425"
"RAB34","0.14653971069502"
"RAB35","0.146334313345863"
"RAB36","0.147125535664945"
"RAB37","0.146334313345863"
"RAB38","0.148442452697706"
"RAB39A","0.146997614543314"
"RAB39B","0.14653971069502"
"RAB3A","0.14756657238511"
"RAB3B","0.145522974266425"
"RAB3C","0.147731114720206"
"RAB3D","0.145300282026384"
"RAB3GAP1","0.147089739311931"
"RAB3GAP2","0.147244107972206"
"RAB3IL1","0.148401850877231"
"RAB3IP","0.147112651237746"
"RAB40A","0.146246538586746"
"RAB40AL","0.147642796036683"
"RAB40B","0.147112651237746"
"RAB40C","0.148217210217229"
"RAB41","0.150206327233041"
"RAB42","0.146705749174818"
"RAB43","0.146660186355336"
"RAB44","0.148401850877231"
"RAB4A","0.14418146466328"
"RAB4B","0.14756657238511"
"RAB5A","0.148318829451158"
"RAB5B","0.146660186355336"
"RAB5C","0.148318829451158"
"RAB6A","0.148401850877231"
"RAB6B","0.147112651237746"
"RAB6C","0.146772738741477"
"RAB7A","0.147089739311931"
"RAB7B","0.148442452697706"
"RAB8A","0.145854791669696"
"RAB8B","0.150303042518754"
"RAB9A","0.149635295339281"
"RAB9B","0.145992855948591"
"RABAC1","0.147244107972206"
"RABEP1","0.146997614543314"
"RABEP2","0.145132277187231"
"RABEPK","0.148587614662211"
"RABGAP1","0.14653971069502"
"RABGAP1L","0.145574659461113"
"RABGEF1","0.147731114720206"
"RABGGTA","0.148587614662211"
"RABGGTB","0.148020276948439"
"RABIF","0.145522974266425"
"RABL2A","0.14653971069502"
"RABL2B","0.147277862765543"
"RABL3","0.148299786539668"
"RABL6","0.147244107972206"
"RAC1","0.147203510844862"
"RAC2","0.145132277187231"
"RAC3","0.145000396902513"
"RACGAP1","0.148442452697706"
"RAD1","0.147642796036683"
"RAD17","0.148587614662211"
"RAD18","0.147277862765543"
"RAD21","0.147861673382501"
"RAD21-AS1","0.147244107972206"
"RAD21L1","0.147886407339888"
"RAD23A","0.145132277187231"
"RAD23B","0.147420567385048"
"RAD50","0.147203510844862"
"RAD51","0.147731114720206"
"RAD51AP1","0.148442452697706"
"RAD51AP2","0.147642796036683"
"RAD51B","0.145221221455095"
"RAD51C","0.149822596837439"
"RAD51D","0.148482200195025"
"RAD52","0.14653971069502"
"RAD54B","0.147112651237746"
"RAD54L","0.146334313345863"
"RAD54L2","0.146997614543314"
"RAD9A","0.14756657238511"
"RAD9B","0.14653971069502"
"RADIL","0.148914809757521"
"RAE1","0.147411018808338"
"RAET1E","0.147642796036683"
"RAET1E-AS1","0.146660186355336"
"RAET1G","0.14756657238511"
"RAET1L","0.149067790164972"
"RAF1","0.14815900181256"
"RAG1","0.145854791669696"
"RAG2","0.147075411930103"
"RAI1","0.145221221455095"
"RAI1-AS1","0.149030744972456"
"RAI14","0.145300282026384"
"RAI2","0.148914809757521"
"RALA","0.145750769643625"
"RALB","0.144339514473572"
"RALBP1","0.148020276948439"
"RALGAPA1","0.149067790164972"
"RALGAPA2","0.146246538586746"
"RALGAPB","0.146660186355336"
"RALGDS","0.146334313345863"
"RALGPS1","0.148587614662211"
"RALGPS2","0.14418146466328"
"RALY","0.148020276948439"
"RALY-AS1","0.144339514473572"
"RALYL","0.145522974266425"
"RAMP1","0.145522974266425"
"RAMP2","0.142147773724626"
"RAMP2-AS1","0.147731114720206"
"RAMP3","0.147089739311931"
"RAN","0.147642796036683"
"RANBP1","0.147642796036683"
"RANBP10","0.147075411930103"
"RANBP17","0.147075411930103"
"RANBP2","0.14653971069502"
"RANBP3","0.147244107972206"
"RANBP3L","0.145854791669696"
"RANBP6","0.148318829451158"
"RANBP9","0.147886407339888"
"RANGAP1","0.146660186355336"
"RANGRF","0.145522974266425"
"RAP1A","0.146705749174818"
"RAP1B","0.147203510844862"
"RAP1GAP","0.14993472806207"
"RAP1GAP2","0.14815900181256"
"RAP1GDS1","0.147886407339888"
"RAP2A","0.147075411930103"
"RAP2B","0.147203510844862"
"RAP2C","0.150527100042392"
"RAP2C-AS1","0.147089739311931"
"RAPGEF1","0.147277862765543"
"RAPGEF2","0.146660186355336"
"RAPGEF3","0.14756657238511"
"RAPGEF4","0.147404082350686"
"RAPGEF4-AS1","0.145000396902513"
"RAPGEF5","0.149651236905977"
"RAPGEF6","0.147112651237746"
"RAPGEFL1","0.148914809757521"
"RAPH1","0.147459457721192"
"RAPSN","0.145854791669696"
"RARA","0.146997614543314"
"RARA-AS1","0.145854791669696"
"RARB","0.147404082350686"
"RARG","0.145000396902513"
"RARRES1","0.147203510844862"
"RARRES2","0.146772738741477"
"RARRES3","0.146334313345863"
"RARS","0.145421047112373"
"RARS2","0.146772738741477"
"RASA1","0.146997614543314"
"RASA2","0.147218838034479"
"RASA3","0.148217210217229"
"RASA4","0.143488132863524"
"RASA4B","0.144339514473572"
"RASAL1","0.147394533773976"
"RASAL2","0.147244107972206"
"RASAL2-AS1","0.145854791669696"
"RASAL3","0.148318829451158"
"RASD1","0.147886407339888"
"RASD2","0.148442452697706"
"RASEF","0.147244107972206"
"RASGEF1A","0.147203510844862"
"RASGEF1B","0.150206327233041"
"RASGEF1C","0.146334313345863"
"RASGRF1","0.147244107972206"
"RASGRF2","0.147125535664945"
"RASGRF2-AS1","0.147394533773976"
"RASGRP1","0.145854791669696"
"RASGRP2","0.146705749174818"
"RASGRP3","0.145421047112373"
"RASGRP4","0.147089739311931"
"RASIP1","0.14700687418523"
"RASL10A","0.147203510844862"
"RASL10B","0.149030744972456"
"RASL11A","0.146997614543314"
"RASL11B","0.146660186355336"
"RASL12","0.146997614543314"
"RASSF1","0.146334313345863"
"RASSF1-AS1","0.147731114720206"
"RASSF10","0.147459457721192"
"RASSF2","0.147244107972206"
"RASSF3","0.147075411930103"
"RASSF4","0.147075411930103"
"RASSF5","0.147075411930103"
"RASSF6","0.147642796036683"
"RASSF7","0.147089739311931"
"RASSF8","0.147112651237746"
"RASSF8-AS1","0.151159212927321"
"RASSF9","0.147112651237746"
"RAVER1","0.145574659461113"
"RAVER2","0.146997614543314"
"RAX","0.148129420509792"
"RAX2","0.147244107972206"
"RB1","0.147394533773976"
"RB1CC1","0.146997614543314"
"RBAK","0.148020276948439"
"RBAK-RBAKDN","0.149981148535392"
"RBAKDN","0.148020276948439"
"RBBP4","0.146705749174818"
"RBBP5","0.147459457721192"
"RBBP6","0.148020276948439"
"RBBP7","0.145300282026384"
"RBBP8","0.145854791669696"
"RBBP8NL","0.147112651237746"
"RBBP9","0.14653971069502"
"RBCK1","0.147244107972206"
"RBFA","0.148020276948439"
"RBFOX1","0.146334313345863"
"RBFOX2","0.147886407339888"
"RBFOX3","0.146705749174818"
"RBKS","0.14475472939141"
"RBL1","0.147125535664945"
"RBL2","0.147089739311931"
"RBM10","0.147244107972206"
"RBM11","0.146334313345863"
"RBM12","0.14653971069502"
"RBM12B","0.147125535664945"
"RBM14","0.147459457721192"
"RBM14-RBM4","0.147089739311931"
"RBM15","0.145522974266425"
"RBM15B","0.14756657238511"
"RBM17","0.146660186355336"
"RBM18","0.145741072145962"
"RBM19","0.147075411930103"
"RBM20","0.146660186355336"
"RBM22","0.145204597448978"
"RBM23","0.142147773724626"
"RBM24","0.148482200195025"
"RBM25","0.147089739311931"
"RBM26","0.147125535664945"
"RBM26-AS1","0.147203510844862"
"RBM27","0.147089739311931"
"RBM28","0.143103044625501"
"RBM3","0.147244107972206"
"RBM33","0.146705749174818"
"RBM34","0.147125535664945"
"RBM38","0.14815900181256"
"RBM39","0.148401850877231"
"RBM4","0.146334313345863"
"RBM41","0.143986362004767"
"RBM42","0.145204597448978"
"RBM43","0.147731114720206"
"RBM44","0.145421047112373"
"RBM45","0.148318829451158"
"RBM46","0.145000515998512"
"RBM47","0.143575918282097"
"RBM48","0.14653971069502"
"RBM4B","0.14418146466328"
"RBM5","0.14653971069502"
"RBM5-AS1","0.147642796036683"
"RBM6","0.147075411930103"
"RBM7","0.149651236905977"
"RBM8A","0.145300282026384"
"RBMS1","0.147394533773976"
"RBMS2","0.146997614543314"
"RBMS3","0.145522974266425"
"RBMS3-AS2","0.148401850877231"
"RBMS3-AS3","0.148217210217229"
"RBMX","0.14756657238511"
"RBMX2","0.148374325436418"
"RBMXL1","0.146772738741477"
"RBMXL2","0.147089739311931"
"RBMY1E","0.145574659461113"
"RBP1","0.147125535664945"
"RBP2","0.142989091507493"
"RBP3","0.147112651237746"
"RBP4","0.145421047112373"
"RBP5","0.145421047112373"
"RBP7","0.145522974266425"
"RBPJ","0.144044970601502"
"RBPJL","0.14756657238511"
"RBPMS","0.146660186355336"
"RBPMS-AS1","0.15011992995967"
"RBPMS2","0.147203510844862"
"RBSN","0.147112651237746"
"RBX1","0.147112651237746"
"RC3H1","0.147089739311931"
"RC3H2","0.147459457721192"
"RCAN1","0.148129420509792"
"RCAN2","0.146772738741477"
"RCAN3","0.148299786539668"
"RCBTB1","0.147112651237746"
"RCBTB2","0.145992855948591"
"RCC1","0.14653971069502"
"RCC2","0.146997614543314"
"RCCD1","0.147394533773976"
"RCE1","0.14418146466328"
"RCHY1","0.148217210217229"
"RCL1","0.14756657238511"
"RCN1","0.146246538586746"
"RCN2","0.145854791669696"
"RCN3","0.148318829451158"
"RCOR1","0.14653971069502"
"RCOR2","0.147459457721192"
"RCOR3","0.147244107972206"
"RCSD1","0.147201345478126"
"RCVRN","0.148482200195025"
"RD3","0.146772738741477"
"RDH10","0.146997614543314"
"RDH10-AS1","0.145204597448978"
"RDH11","0.144525264363973"
"RDH12","0.148020276948439"
"RDH13","0.148217210217229"
"RDH14","0.146997614543314"
"RDH16","0.147976757394341"
"RDH5","0.145854791669696"
"RDH8","0.144450360349457"
"RDM1","0.147089739311931"
"RDX","0.144339514473572"
"REC114","0.147089739311931"
"REC8","0.145992855948591"
"RECK","0.14756657238511"
"RECQL","0.145574659461113"
"RECQL4","0.145854791669696"
"RECQL5","0.146772738741477"
"REEP1","0.147731114720206"
"REEP2","0.146334313345863"
"REEP3","0.14653971069502"
"REEP4","0.147459457721192"
"REEP5","0.145992855948591"
"REEP6","0.14653971069502"
"REG1A","0.147394533773976"
"REG1B","0.147244107972206"
"REG3A","0.149085801503796"
"REG3G","0.145300282026384"
"REG4","0.146246538586746"
"REL","0.145000515998512"
"RELA","0.145204597448978"
"RELB","0.146334313345863"
"RELL1","0.148993469373252"
"RELL2","0.146334313345863"
"RELN","0.147125535664945"
"RELT","0.147125535664945"
"REM1","0.148129420509792"
"REM2","0.143828850303401"
"REN","0.147244107972206"
"RENBP","0.145574659461113"
"REP15","0.147731114720206"
"REPIN1","0.147075411930103"
"REPS1","0.145992855948591"
"REPS2","0.148401850877231"
"RER1","0.148993469373252"
"RERE","0.146997614543314"
"RERG","0.145421047112373"
"RERG-AS1","0.147406681691779"
"RERGL","0.148587614662211"
"RESP18","0.144701332621042"
"REST","0.147089739311931"
"RET","0.148993469373252"
"RETN","0.147203510844862"
"RETSAT","0.14653971069502"
"REV1","0.145300282026384"
"REV3L","0.148318829451158"
"REXO1","0.147089739311931"
"REXO2","0.145750769643625"
"REXO4","0.148993469373252"
"RFC1","0.145204597448978"
"RFC2","0.146705749174818"
"RFC3","0.147112651237746"
"RFC4","0.145300282026384"
"RFC5","0.146772738741477"
"RFESD","0.144450360349457"
"RFFL","0.146263294751869"
"RFK","0.145204597448978"
"RFNG","0.147125535664945"
"RFPL1","0.145300282026384"
"RFPL1S","0.147112651237746"
"RFPL2","0.147203510844862"
"RFPL3","0.14653971069502"
"RFPL3S","0.145992855948591"
"RFPL4A","0.145522974266425"
"RFPL4AL1","0.147112651237746"
"RFPL4B","0.145750769643625"
"RFT1","0.143434893946155"
"RFTN1","0.146660186355336"
"RFTN2","0.145992855948591"
"RFWD2","0.14418146466328"
"RFWD3","0.147285660788821"
"RFX1","0.145992855948591"
"RFX2","0.146246538586746"
"RFX3","0.145574659461113"
"RFX3-AS1","0.14653971069502"
"RFX4","0.146334313345863"
"RFX5","0.146246538586746"
"RFX6","0.148020276948439"
"RFX7","0.146997614543314"
"RFX8","0.147203510844862"
"RFXANK","0.145854791669696"
"RFXAP","0.147731114720206"
"RGAG1","0.146246538586746"
"RGAG4","0.146660186355336"
"RGCC","0.145750769643625"
"RGL1","0.145750769643625"
"RGL2","0.146334313345863"
"RGL3","0.145992855948591"
"RGL4","0.146660186355336"
"RGMA","0.148299786539668"
"RGMB","0.148129420509792"
"RGMB-AS1","0.147203510844862"
"RGN","0.144450360349457"
"RGP1","0.147285660788821"
"RGPD1","0.147285660788821"
"RGPD2","0.147075411930103"
"RGPD3","0.145750769643625"
"RGPD4","0.147642796036683"
"RGPD4-AS1","0.145992855948591"
"RGPD5","0.147125535664945"
"RGPD6","0.14756657238511"
"RGPD8","0.14653971069502"
"RGR","0.148587614662211"
"RGS1","0.145204597448978"
"RGS10","0.147244107972206"
"RGS11","0.145854791669696"
"RGS12","0.147203510844862"
"RGS13","0.14475472939141"
"RGS14","0.147075411930103"
"RGS16","0.146705749174818"
"RGS17","0.147112651237746"
"RGS18","0.145992855948591"
"RGS19","0.143328669740181"
"RGS2","0.145992855948591"
"RGS20","0.147406681691779"
"RGS22","0.145522974266425"
"RGS3","0.147861673382501"
"RGS4","0.145854791669696"
"RGS5","0.147112651237746"
"RGS6","0.144701332621042"
"RGS7","0.147089739311931"
"RGS7BP","0.142756336654685"
"RGS8","0.14756657238511"
"RGS9","0.144411678227548"
"RGS9BP","0.148318829451158"
"RGSL1","0.145574659461113"
"RHAG","0.145522974266425"
"RHBDD1","0.145750769643625"
"RHBDD2","0.144701332621042"
"RHBDD3","0.145300282026384"
"RHBDF1","0.145421047112373"
"RHBDF2","0.142360962345659"
"RHBDL1","0.147075411930103"
"RHBDL2","0.143328669740181"
"RHBDL3","0.145300282026384"
"RHBG","0.145750769643625"
"RHCE","0.147112651237746"
"RHCG","0.146705749174818"
"RHD","0.144465786584735"
"RHEB","0.145204597448978"
"RHEBL1","0.147861673382501"
"RHNO1","0.145750769643625"
"RHO","0.148129420509792"
"RHOA","0.144465786584735"
"RHOB","0.144701332621042"
"RHOBTB1","0.144525264363973"
"RHOBTB2","0.147075411930103"
"RHOBTB3","0.145750769643625"
"RHOC","0.146772738741477"
"RHOD","0.143488132863524"
"RHOF","0.148217210217229"
"RHOG","0.145522974266425"
"RHOH","0.147075411930103"
"RHOJ","0.146660186355336"
"RHOQ","0.145204597448978"
"RHOT1","0.14815900181256"
"RHOT2","0.145750769643625"
"RHOU","0.14756657238511"
"RHOV","0.146334313345863"
"RHOXF1","0.145574659461113"
"RHOXF1-AS1","0.147112651237746"
"RHOXF2","0.145992855948591"
"RHOXF2B","0.143328669740181"
"RHPN1","0.143575918282097"
"RHPN1-AS1","0.146246538586746"
"RHPN2","0.145421047112373"
"RIBC1","0.147285660788821"
"RIBC2","0.146660186355336"
"RIC1","0.145750769643625"
"RIC3","0.143828850303401"
"RIC8A","0.146705749174818"
"RIC8B","0.14177954769777"
"RICTOR","0.14177954769777"
"RIF1","0.145522974266425"
"RIIAD1","0.144701332621042"
"RILP","0.145204597448978"
"RILPL1","0.145204597448978"
"RILPL2","0.144044970601502"
"RIMBP2","0.147075411930103"
"RIMBP3","0.147642796036683"
"RIMBP3C","0.145204597448978"
"RIMKLA","0.147125535664945"
"RIMKLB","0.143575918282097"
"RIMS1","0.147089739311931"
"RIMS2","0.145421047112373"
"RIMS3","0.146334313345863"
"RIMS4","0.145750769643625"
"RIN1","0.145992855948591"
"RIN2","0.14653971069502"
"RIN3","0.143828850303401"
"RING1","0.145522974266425"
"RINL","0.146660186355336"
"RINT1","0.147244107972206"
"RIOK1","0.147285660788821"
"RIOK2","0.145000515998512"
"RIOK3","0.14653971069502"
"RIPK1","0.146772738741477"
"RIPK2","0.147112651237746"
"RIPK3","0.145421047112373"
"RIPK4","0.144465786584735"
"RIPPLY1","0.145421047112373"
"RIPPLY2","0.145421047112373"
"RIPPLY3","0.147285660788821"
"RIT1","0.143009807802376"
"RIT2","0.145421047112373"
"RITA1","0.145854791669696"
"RLBP1","0.145750769643625"
"RLF","0.147642796036683"
"RLIM","0.146246538586746"
"RLN1","0.146997614543314"
"RLN2","0.147075411930103"
"RLTPR","0.145000515998512"
"RMDN1","0.147285660788821"
"RMDN2","0.143828850303401"
"RMDN2-AS1","0.146772738741477"
"RMDN3","0.146660186355336"
"RMI1","0.145854791669696"
"RMI2","0.144425014977566"
"RMND1","0.145750769643625"
"RMND5A","0.145854791669696"
"RMND5B","0.147203510844862"
"RMRP","0.147089739311931"
"RN7SL832P","0.14475472939141"
"RNASE1","0.147285660788821"
"RNASE10","0.143828850303401"
"RNASE13","0.145300282026384"
"RNASE2","0.144044970601502"
"RNASE3","0.145522974266425"
"RNASE4","0.146246538586746"
"RNASE6","0.14756657238511"
"RNASE7","0.146334313345863"
"RNASE9","0.143328669740181"
"RNASEH1","0.14756657238511"
"RNASEH1-AS1","0.143828850303401"
"RNASEH2A","0.145552066759414"
"RNASEH2B","0.14756657238511"
"RNASEH2B-AS1","0.143103044625501"
"RNASEH2C","0.147406681691779"
"RNASEK","0.145428615769395"
"RNASEK-C17orf49","0.144341133502319"
"RNASEL","0.147406681691779"
"RNASET2","0.146246538586746"
"RND1","0.146660186355336"
"RND2","0.14475472939141"
"RND3","0.146334313345863"
"RNF10","0.145000515998512"
"RNF103","0.144450900025706"
"RNF103-CHMP3","0.14653971069502"
"RNF11","0.145122708278611"
"RNF111","0.14756657238511"
"RNF112","0.148318829451158"
"RNF113A","0.146246538586746"
"RNF113B","0.147459457721192"
"RNF114","0.147406681691779"
"RNF115","0.146334313345863"
"RNF121","0.144341133502319"
"RNF122","0.147406681691779"
"RNF123","0.146660186355336"
"RNF125","0.147861673382501"
"RNF126","0.145204597448978"
"RNF128","0.148855133912051"
"RNF13","0.145992855948591"
"RNF130","0.147459457721192"
"RNF133","0.14595805664887"
"RNF135","0.147125535664945"
"RNF138","0.146997614543314"
"RNF139","0.146246538586746"
"RNF139-AS1","0.145428615769395"
"RNF14","0.145750769643625"
"RNF141","0.145976672238217"
"RNF144A","0.146978351976097"
"RNF144B","0.143575918282097"
"RNF145","0.147244107972206"
"RNF146","0.14418146466328"
"RNF148","0.145750769643625"
"RNF149","0.14653971069502"
"RNF150","0.147075411930103"
"RNF151","0.145000515998512"
"RNF152","0.145750769643625"
"RNF157","0.144525264363973"
"RNF165","0.146246538586746"
"RNF166","0.143009807802376"
"RNF167","0.14815900181256"
"RNF168","0.144044970601502"
"RNF169","0.145750769643625"
"RNF17","0.144623293046223"
"RNF170","0.145204597448978"
"RNF175","0.143910322540867"
"RNF180","0.148020276948439"
"RNF181","0.144623293046223"
"RNF182","0.145750769643625"
"RNF183","0.148318829451158"
"RNF185","0.14653971069502"
"RNF185-AS1","0.144728358911808"
"RNF186","0.148318829451158"
"RNF187","0.144044970601502"
"RNF19A","0.147642796036683"
"RNF19B","0.145552066759414"
"RNF2","0.145750769643625"
"RNF20","0.146660186355336"
"RNF207","0.149061995614734"
"RNF208","0.145204597448978"
"RNF212","0.144044970601502"
"RNF212B","0.145000515998512"
"RNF213","0.14756657238511"
"RNF214","0.148389868143734"
"RNF215","0.147459457721192"
"RNF216","0.147203510844862"
"RNF217","0.145854791669696"
"RNF217-AS1","0.146246538586746"
"RNF219","0.148217210217229"
"RNF219-AS1","0.14475472939141"
"RNF220","0.14653971069502"
"RNF222","0.146997614543314"
"RNF223","0.147112651237746"
"RNF224","0.14475472939141"
"RNF225","0.145552066759414"
"RNF24","0.147203510844862"
"RNF25","0.145750769643625"
"RNF26","0.143434893946155"
"RNF31","0.147089739311931"
"RNF32","0.143488132863524"
"RNF34","0.14475472939141"
"RNF38","0.14756657238511"
"RNF39","0.145428615769395"
"RNF4","0.146705749174818"
"RNF40","0.146705749174818"
"RNF41","0.146334313345863"
"RNF43","0.147203510844862"
"RNF44","0.146997614543314"
"RNF5","0.148129420509792"
"RNF6","0.147125535664945"
"RNF7","0.146997614543314"
"RNF8","0.145976672238217"
"RNFT1","0.14653971069502"
"RNFT2","0.147459457721192"
"RNGTT","0.147112651237746"
"RNH1","0.147608922819195"
"RNLS","0.14475472939141"
"RNMT","0.145854791669696"
"RNMTL1","0.147459457721192"
"RNPC3","0.147203510844862"
"RNPEP","0.145854791669696"
"RNPEPL1","0.147203510844862"
"RNPS1","0.14475472939141"
"RNU11","0.147112651237746"
"RNU12","0.147203510844862"
"RNU6ATAC35P","0.146660186355336"
"ROBO1","0.148855133912051"
"ROBO2","0.146246538586746"
"ROBO3","0.147089739311931"
"ROBO4","0.147459457721192"
"ROCK1","0.147089739311931"
"ROCK2","0.146772738741477"
"ROGDI","0.149061995614734"
"ROM1","0.147642796036683"
"ROMO1","0.146660186355336"
"ROPN1","0.148416355294485"
"ROPN1B","0.149085801503796"
"ROPN1L","0.146705749174818"
"ROPN1L-AS1","0.147406681691779"
"ROR1","0.144425014977566"
"ROR1-AS1","0.147285660788821"
"ROR2","0.145750769643625"
"RORA","0.147406681691779"
"RORA-AS1","0.146772738741477"
"RORB","0.148416355294485"
"RORC","0.146847537340239"
"ROS1","0.145854791669696"
"RP1","0.146593582368408"
"RP1-100J12.1","0.145854791669696"
"RP1-101D8.1","0.14815900181256"
"RP1-101G11.3","0.146772738741477"
"RP1-101K10.6","0.146847537340239"
"RP1-102D24.5","0.148855133912051"
"RP1-102E24.10","0.14475472939141"
"RP1-102E24.8","0.148442452697706"
"RP1-102G20.5","0.147459457721192"
"RP1-102K2.6","0.147016126553829"
"RP1-102K2.8","0.147201345478126"
"RP1-10C16.1","0.146334313345863"
"RP1-111B22.3","0.145000515998512"
"RP1-111C20.3","0.148401850877231"
"RP1-111C20.4","0.146334313345863"
"RP1-111D6.2","0.14815900181256"
"RP1-111D6.3","0.149061995614734"
"RP1-116K23.1","0.146772738741477"
"RP1-117B12.4","0.147642796036683"
"RP1-117O3.2","0.14815900181256"
"RP1-117P20.3","0.147112651237746"
"RP1-118J21.25","0.148587614662211"
"RP1-118J21.5","0.14756657238511"
"RP1-120G22.11","0.145428615769395"
"RP1-121G13.2","0.147016126553829"
"RP1-122K4.2","0.148587614662211"
"RP1-122K4.3","0.14653971069502"
"RP1-122O8.7","0.14756657238511"
"RP1-122P22.2","0.148438458453207"
"RP1-122P22.4","0.146705749174818"
"RP1-124C6.1","0.147089739311931"
"RP1-125I3.2","0.147203510844862"
"RP1-125N5.2","0.145992855948591"
"RP1-127D3.4","0.148020276948439"
"RP1-127H14.3","0.148020276948439"
"RP1-127L4.7","0.14961298837126"
"RP1-12G14.7","0.144525264363973"
"RP1-12G14.9","0.147406681691779"
"RP1-130H16.18","0.148993469373252"
"RP1-135L22.1","0.146705749174818"
"RP1-136B1.1","0.149433817749564"
"RP1-137D17.1","0.147025386195745"
"RP1-137D17.2","0.147075411930103"
"RP1-137H15.2","0.149967439127265"
"RP1-137K2.2","0.147642796036683"
"RP1-138A5.3","0.147285660788821"
"RP1-138B7.5","0.145428615769395"
"RP1-138B7.7","0.148217210217229"
"RP1-140A9.1","0.147406681691779"
"RP1-140J1.1","0.148416355294485"
"RP1-140K8.1","0.145204597448978"
"RP1-140K8.5","0.145300282026384"
"RP1-142L7.5","0.148416355294485"
"RP1-142L7.8","0.145854791669696"
"RP1-142L7.9","0.145300282026384"
"RP1-144F13.3","0.14756657238511"
"RP1-148H17.1","0.148416355294485"
"RP1-149A16.12","0.147125535664945"
"RP1-149A16.17","0.147016126553829"
"RP1-149A16.3","0.147112651237746"
"RP1-149C7.1","0.147406681691779"
"RP1-149L1.1","0.147459457721192"
"RP1-14D6.7","0.145552066759414"
"RP1-150O5.3","0.147244107972206"
"RP1-151B14.6","0.146705749174818"
"RP1-151F17.1","0.149447481515241"
"RP1-151F17.2","0.148217210217229"
"RP1-153G14.4","0.148416355294485"
"RP1-153P14.5","0.148389868143734"
"RP1-153P14.8","0.147459457721192"
"RP1-154K9.2","0.14756657238511"
"RP1-155D22.2","0.145750769643625"
"RP1-159A19.4","0.145322987997452"
"RP1-15D23.2","0.144425014977566"
"RP1-163G9.2","0.147285660788821"
"RP1-163M9.7","0.147861673382501"
"RP1-166H1.2","0.145552066759414"
"RP1-166H4.2","0.145204597448978"
"RP1-167A14.2","0.14475472939141"
"RP1-167F1.2","0.148416355294485"
"RP1-167G20.1","0.147244107972206"
"RP1-167O22.1","0.148299786539668"
"RP1-168L15.5","0.147089739311931"
"RP1-16A9.1","0.147244107972206"
"RP1-170O19.14","0.14284306609801"
"RP1-170O19.17","0.147459457721192"
"RP1-171K16.5","0.147089739311931"
"RP1-177I10.1","0.146660186355336"
"RP1-178F10.1","0.147203510844862"
"RP1-178F15.4","0.145854791669696"
"RP1-179N16.6","0.146705749174818"
"RP1-179P9.3","0.148217210217229"
"RP1-17K7.2","0.148704562304043"
"RP1-184J9.2","0.148587614662211"
"RP1-187B23.1","0.148389868143734"
"RP1-18D14.7","0.147089739311931"
"RP1-191J18.66","0.147075411930103"
"RP1-193H18.2","0.148993469373252"
"RP1-193H18.3","0.147244107972206"
"RP1-197B17.3","0.148416355294485"
"RP1-197B17.4","0.147459457721192"
"RP1-198K11.5","0.14653971069502"
"RP1-199J3.7","0.147861673382501"
"RP1-202O8.3","0.147244107972206"
"RP1-205F14P.1","0.146660186355336"
"RP1-206D15.6","0.148318829451158"
"RP1-207H1.3","0.148217210217229"
"RP1-209A6.1","0.149651236905977"
"RP1-20B11.2","0.147406681691779"
"RP1-20B21.4","0.149651236905977"
"RP1-20C7.6","0.147642796036683"
"RP1-212P9.3","0.14815900181256"
"RP1-213J1P--B.1","0.147406681691779"
"RP1-221C16.8","0.147561077373656"
"RP1-223B1.1","0.147244107972206"
"RP1-223E5.4","0.146772738741477"
"RP1-224A6.3","0.147125535664945"
"RP1-224A6.9","0.144728358911808"
"RP1-225E12.2","0.148217210217229"
"RP1-228P16.5","0.148318829451158"
"RP1-228P16.8","0.150027502442705"
"RP1-230L10.1","0.148416355294485"
"RP1-232L24.3","0.148442452697706"
"RP1-232N11.2","0.149562643101823"
"RP1-232P20.1","0.146334313345863"
"RP1-234P15.4","0.146246538586746"
"RP1-239B22.5","0.147406681691779"
"RP1-23E21.2","0.147459457721192"
"RP1-244F24.1","0.148389868143734"
"RP1-249F5.3","0.146847537340239"
"RP1-249I4.2","0.148704562304043"
"RP1-251M9.2","0.148099303824975"
"RP1-251M9.3","0.148318829451158"
"RP1-253P7.4","0.148217210217229"
"RP1-256G22.2","0.148993469373252"
"RP1-257A7.4","0.148993469373252"
"RP1-257A7.5","0.14815900181256"
"RP1-261D10.2","0.14834329979143"
"RP1-261G23.5","0.147203510844862"
"RP1-261G23.7","0.149893599837687"
"RP1-265C24.8","0.147089739311931"
"RP1-266L20.2","0.147285660788821"
"RP1-266L20.4","0.147112651237746"
"RP1-267D11.6","0.147285660788821"
"RP1-267L14.3","0.149061995614734"
"RP1-267L14.6","0.14815900181256"
"RP1-269M15.3","0.146772738741477"
"RP1-272L16.1","0.148389868143734"
"RP1-273N12.4","0.146705749174818"
"RP1-274L7.1","0.147244107972206"
"RP1-276E15.1","0.146705749174818"
"RP1-278C19.8","0.148099303824975"
"RP1-278O22.1","0.14756657238511"
"RP1-278O22.2","0.144465786584735"
"RP1-27K12.2","0.146334313345863"
"RP1-27K12.4","0.147075411930103"
"RP1-27O5.3","0.14815900181256"
"RP1-283K11.2","0.146660186355336"
"RP1-283K11.3","0.147244107972206"
"RP1-286D6.5","0.14756657238511"
"RP1-287H17.1","0.144728358911808"
"RP1-288H2.2","0.149085801503796"
"RP1-28H20.3","0.147125535664945"
"RP1-28O10.1","0.150303042518754"
"RP1-290I10.3","0.147244107972206"
"RP1-290I10.5","0.149967439127265"
"RP1-292B18.3","0.147244107972206"
"RP1-292L20.3","0.147459457721192"
"RP1-293L6.1","0.146847537340239"
"RP1-293L8.2","0.147642796036683"
"RP1-29C18.10","0.147861673382501"
"RP1-29C18.9","0.14888360299178"
"RP1-302D9.1","0.147459457721192"
"RP1-302D9.3","0.148993469373252"
"RP1-302G2.5","0.150206327233041"
"RP1-309F20.3","0.149433817749564"
"RP1-309F20.4","0.148217210217229"
"RP1-30E17.2","0.147075411930103"
"RP1-30M3.5","0.148099303824975"
"RP1-30M3.6","0.14815900181256"
"RP1-310O13.7","0.147203510844862"
"RP1-313I6.12","0.147406681691779"
"RP1-313L4.3","0.149630285950763"
"RP1-315G1.3","0.147089739311931"
"RP1-317E23.3","0.147244107972206"
"RP1-32B1.4","0.147016126553829"
"RP1-32I10.10","0.148217210217229"
"RP1-34B20.21","0.149061995614734"
"RP1-34H18.1","0.145552066759414"
"RP1-35C21.1","0.148576821402962"
"RP1-35C21.2","0.145341305936577"
"RP1-37C10.3","0.149651236905977"
"RP1-37E16.12","0.147642796036683"
"RP1-37N7.1","0.147125535664945"
"RP1-39G22.7","0.147016126553829"
"RP1-39J2.1","0.14961298837126"
"RP1-40E16.11","0.149962060602944"
"RP1-40E16.12","0.147406681691779"
"RP1-40E16.2","0.147016126553829"
"RP1-40E16.9","0.146772738741477"
"RP1-41C23.1","0.147406681691779"
"RP1-41C23.4","0.147125535664945"
"RP1-41P2.7","0.145204597448978"
"RP1-43E13.2","0.147089739311931"
"RP1-45C12.1","0.14653971069502"
"RP1-45I4.2","0.146334313345863"
"RP1-45I4.3","0.147089739311931"
"RP1-45N11.1","0.147642796036683"
"RP1-46F2.3","0.145552066759414"
"RP1-4G17.5","0.14756657238511"
"RP1-50J22.4","0.147075411930103"
"RP1-50O24.6","0.148438458453207"
"RP1-55C23.7","0.14653971069502"
"RP1-56K13.2","0.150527100042392"
"RP1-56K13.3","0.147125535664945"
"RP1-56K13.5","0.144525264363973"
"RP1-59D14.1","0.14756657238511"
"RP1-59D14.10","0.149967439127265"
"RP1-59D14.5","0.147016126553829"
"RP1-5O6.5","0.145552066759414"
"RP1-60O19.1","0.145992855948591"
"RP1-60O19.2","0.148389868143734"
"RP1-63G5.8","0.147406681691779"
"RP1-63M2.5","0.14888360299178"
"RP1-63M2.7","0.145750769643625"
"RP1-65J11.5","0.147075411930103"
"RP1-65P5.5","0.148993469373252"
"RP1-66C13.4","0.149651236905977"
"RP1-67K17.4","0.149433817749564"
"RP1-68D18.3","0.147285660788821"
"RP1-68D18.4","0.146705749174818"
"RP1-69D17.3","0.146705749174818"
"RP1-69D17.4","0.147459457721192"
"RP1-69M21.2","0.147406681691779"
"RP1-71H19.2","0.147089739311931"
"RP1-71H24.1","0.14961298837126"
"RP1-74B13.2","0.144623293046223"
"RP1-76B20.11","0.149061995614734"
"RP1-78B3.1","0.145552066759414"
"RP1-78O14.1","0.147459457721192"
"RP1-79C4.1","0.145750769643625"
"RP1-79C4.4","0.147125535664945"
"RP1-7G5.6","0.149061995614734"
"RP1-80N2.2","0.147406681691779"
"RP1-80N2.3","0.147112651237746"
"RP1-81P11.1","0.147459457721192"
"RP1-84O15.2","0.149562643101823"
"RP1-86C11.7","0.149562643101823"
"RP1-86D1.5","0.147459457721192"
"RP1-8B1.4","0.148217210217229"
"RP1-90G24.10","0.14888360299178"
"RP1-90G24.11","0.14961298837126"
"RP1-90G24.6","0.147016126553829"
"RP1-90J20.8","0.148318829451158"
"RP1-90J4.1","0.146772738741477"
"RP1-90K10.4","0.148438458453207"
"RP1-91J24.3","0.149822596837439"
"RP1-92C8.3","0.146847537340239"
"RP1-92O14.3","0.150206327233041"
"RP1-92O14.6","0.147459457721192"
"RP1-93H18.1","0.147112651237746"
"RP1-93H18.6","0.147112651237746"
"RP1-97G4.1","0.148099303824975"
"RP1-97J1.2","0.14756657238511"
"RP11-1000B6.3","0.14756657238511"
"RP11-1000B6.5","0.149822596837439"
"RP11-1000B6.8","0.150854448728348"
"RP11-1006G14.1","0.14888360299178"
"RP11-1006G14.2","0.148993469373252"
"RP11-1007G5.2","0.149651236905977"
"RP11-1007O24.2","0.148993469373252"
"RP11-1007O24.3","0.148576821402962"
"RP11-1008C21.1","0.146705749174818"
"RP11-1008C21.2","0.146847537340239"
"RP11-100K18.1","0.149433817749564"
"RP11-100L22.1","0.15097301800321"
"RP11-100N20.1","0.14961298837126"
"RP11-1012A1.4","0.148099303824975"
"RP11-1017G21.4","0.147285660788821"
"RP11-1017G21.5","0.148704562304043"
"RP11-1017G21.6","0.14961298837126"
"RP11-1018N14.1","0.147244107972206"
"RP11-1018N14.2","0.150438990537828"
"RP11-1018N14.3","0.14961298837126"
"RP11-1018N14.5","0.146772738741477"
"RP11-101C11.1","0.147244107972206"
"RP11-101C21.4","0.150303042518754"
"RP11-101E13.5","0.14815900181256"
"RP11-101E14.3","0.147125535664945"
"RP11-101E5.1","0.149967439127265"
"RP11-101E7.2","0.143828850303401"
"RP11-1020A11.2","0.149061995614734"
"RP11-1022B3.1","0.148389868143734"
"RP11-1023P17.2","0.150527100042392"
"RP11-1026M7.2","0.147642796036683"
"RP11-1026M7.3","0.15011992995967"
"RP11-1029J19.2","0.147075411930103"
"RP11-1029J19.4","0.150206327233041"
"RP11-1029J19.5","0.148576821402962"
"RP11-102C16.3","0.15011992995967"
"RP11-102G14.1","0.14784755657114"
"RP11-102L12.2","0.148993469373252"
"RP11-102M11.2","0.147089739311931"
"RP11-102N11.1","0.147089739311931"
"RP11-102N12.2","0.148993469373252"
"RP11-102N12.3","0.146660186355336"
"RP11-1030E3.1","0.148099303824975"
"RP11-1033H12.1","0.14815900181256"
"RP11-1035H13.2","0.148855133912051"
"RP11-1035H13.3","0.14815900181256"
"RP11-1036E20.9","0.147016126553829"
"RP11-1038A11.1","0.145204597448978"
"RP11-1038A11.3","0.148704562304043"
"RP11-103C16.2","0.147125535664945"
"RP11-103H7.2","0.146660186355336"
"RP11-103H7.3","0.149433817749564"
"RP11-103H7.5","0.147244107972206"
"RP11-103J17.1","0.148389868143734"
"RP11-103J8.1","0.148704562304043"
"RP11-103J8.2","0.14815900181256"
"RP11-1042B17.3","0.148438458453207"
"RP11-1049A21.2","0.148217210217229"
"RP11-1049H7.2","0.14756657238511"
"RP11-104E19.1","0.147406681691779"
"RP11-104H15.8","0.148438458453207"
"RP11-104H15.9","0.149085801503796"
"RP11-104J23.1","0.147459457721192"
"RP11-104J23.2","0.149822596837439"
"RP11-104L21.3","0.148423954035953"
"RP11-104N10.1","0.147075411930103"
"RP11-104O19.4","0.148217210217229"
"RP11-1055B8.10","0.148217210217229"
"RP11-1055B8.2","0.150438990537828"
"RP11-1055B8.3","0.151232406554952"
"RP11-1055B8.4","0.14815900181256"
"RP11-1055B8.9","0.150438990537828"
"RP11-1057B6.1","0.148099303824975"
"RP11-1057B8.2","0.147861673382501"
"RP11-1058N17.1","0.146828274773021"
"RP11-105C19.1","0.147608922819195"
"RP11-105C19.2","0.147406681691779"
"RP11-105N14.1","0.147089739311931"
"RP11-105N14.2","0.145750769643625"
"RP11-105N14.3","0.149061995614734"
"RP11-1060G2.2","0.148438458453207"
"RP11-1060J15.4","0.15011992995967"
"RP11-1060J15.7","0.148576821402962"
"RP11-1060J15.9","0.149967439127265"
"RP11-1069G10.1","0.147244107972206"
"RP11-1069G10.2","0.146334313345863"
"RP11-106E15.1","0.147112651237746"
"RP11-106M3.2","0.148389868143734"
"RP11-106M3.3","0.146772738741477"
"RP11-106M7.1","0.148099303824975"
"RP11-1070A24.2","0.15005032269779"
"RP11-1070N10.3","0.149085801503796"
"RP11-1070N10.4","0.14756657238511"
"RP11-1070N10.5","0.147112651237746"
"RP11-1070N10.7","0.145552066759414"
"RP11-1072A3.4","0.146660186355336"
"RP11-1072C15.4","0.144341133502319"
"RP11-1078H9.1","0.148438458453207"
"RP11-1078H9.5","0.147244107972206"
"RP11-1079H9.1","0.147089739311931"
"RP11-1079K10.2","0.14815900181256"
"RP11-1079K10.3","0.150303042518754"
"RP11-1079K10.4","0.146660186355336"
"RP11-107D24.2","0.146660186355336"
"RP11-107E5.4","0.145341305936577"
"RP11-107F6.3","0.144525264363973"
"RP11-107I14.4","0.145000515998512"
"RP11-107M16.2","0.147642796036683"
"RP11-107N15.1","0.14961298837126"
"RP11-1080G15.1","0.146189728020199"
"RP11-1080G15.2","0.147125535664945"
"RP11-1081L13.4","0.14888360299178"
"RP11-1081M5.1","0.148993469373252"
"RP11-1081M5.2","0.146705749174818"
"RP11-1082L8.3","0.147203510844862"
"RP11-1082L8.4","0.145750769643625"
"RP11-1084A12.2","0.148099303824975"
"RP11-1084E5.1","0.146660186355336"
"RP11-1084I9.1","0.148576821402962"
"RP11-1085N6.2","0.148099303824975"
"RP11-1085N6.5","0.149562643101823"
"RP11-108H9.1","0.151097707449988"
"RP11-108K14.12","0.145552066759414"
"RP11-108K14.8","0.147075411930103"
"RP11-108K3.1","0.147244107972206"
"RP11-108K3.2","0.149433817749564"
"RP11-108L7.14","0.145000515998512"
"RP11-108L7.15","0.147075411930103"
"RP11-108L7.4","0.147642796036683"
"RP11-108M12.3","0.147459457721192"
"RP11-108M9.1","0.14475472939141"
"RP11-108M9.2","0.14888360299178"
"RP11-108M9.3","0.148438458453207"
"RP11-108M9.4","0.149061995614734"
"RP11-108M9.6","0.148099303824975"
"RP11-108O10.2","0.147642796036683"
"RP11-108O10.8","0.147075411930103"
"RP11-108P20.2","0.148099303824975"
"RP11-108P20.3","0.149630285950763"
"RP11-108P20.4","0.146334313345863"
"RP11-1090M7.1","0.14653971069502"
"RP11-1094H24.3","0.147285660788821"
"RP11-1094H24.4","0.148576821402962"
"RP11-1094M14.10","0.148389868143734"
"RP11-1094M14.11","0.145750769643625"
"RP11-1094M14.12","0.148993469373252"
"RP11-1096G20.5","0.147459457721192"
"RP11-1099M24.7","0.147075411930103"
"RP11-109A6.2","0.148389868143734"
"RP11-109A6.3","0.147861673382501"
"RP11-109D20.1","0.149651236905977"
"RP11-109D20.2","0.146847537340239"
"RP11-109D9.4","0.146847537340239"
"RP11-109E12.1","0.147861673382501"
"RP11-109E24.1","0.147016126553829"
"RP11-109E24.2","0.147406681691779"
"RP11-109G23.3","0.147125535664945"
"RP11-109J4.1","0.147406681691779"
"RP11-109M17.2","0.148099303824975"
"RP11-109M19.1","0.14756657238511"
"RP11-109N23.4","0.147016126553829"
"RP11-109P11.1","0.148993469373252"
"RP11-109P14.10","0.148576821402962"
"RP11-109P14.9","0.147459457721192"
"RP11-109P6.2","0.147203510844862"
"RP11-10A14.3","0.148318829451158"
"RP11-10A14.4","0.147125535664945"
"RP11-10A14.5","0.149085801503796"
"RP11-10A14.6","0.14653971069502"
"RP11-10A14.9","0.147112651237746"
"RP11-10C24.1","0.149433817749564"
"RP11-10C24.2","0.148299786539668"
"RP11-10C24.3","0.147125535664945"
"RP11-10C8.2","0.149822596837439"
"RP11-10H3.1","0.147203510844862"
"RP11-10J18.3","0.148217210217229"
"RP11-10J21.3","0.148217210217229"
"RP11-10J21.4","0.14756657238511"
"RP11-10J21.5","0.147459457721192"
"RP11-10J21.6","0.147016126553829"
"RP11-10J5.1","0.147459457721192"
"RP11-10K16.1","0.147285660788821"
"RP11-10K17.6","0.146334313345863"
"RP11-10L12.4","0.148438458453207"
"RP11-10L7.1","0.147203510844862"
"RP11-10N16.2","0.149967439127265"
"RP11-10N16.3","0.14815900181256"
"RP11-10N23.2","0.149967439127265"
"RP11-10N23.4","0.146189728020199"
"RP11-10N23.5","0.148576821402962"
"RP11-10O17.3","0.148576821402962"
"RP11-10O22.1","0.14815900181256"
"RP11-1100L3.7","0.147459457721192"
"RP11-1100L3.8","0.151232406554952"
"RP11-1101H11.1","0.147075411930103"
"RP11-1102P16.1","0.148704562304043"
"RP11-1103G16.1","0.14756657238511"
"RP11-1105G2.3","0.149562643101823"
"RP11-1105G2.4","0.147406681691779"
"RP11-1109F11.3","0.147406681691779"
"RP11-1109F11.5","0.147642796036683"
"RP11-1109M24.5","0.14888360299178"
"RP11-110A12.2","0.14756657238511"
"RP11-110G21.1","0.148217210217229"
"RP11-110H1.8","0.147089739311931"
"RP11-110I1.11","0.14815900181256"
"RP11-110I1.12","0.147125535664945"
"RP11-110I1.13","0.14815900181256"
"RP11-110I1.14","0.147406681691779"
"RP11-110I1.6","0.14815900181256"
"RP11-110L15.1","0.149085801503796"
"RP11-1112C15.2","0.146772738741477"
"RP11-1112J20.2","0.150303042518754"
"RP11-1113L8.1","0.149967439127265"
"RP11-1114A5.4","0.149061995614734"
"RP11-1114I9.1","0.149069590072799"
"RP11-111A21.1","0.146772738741477"
"RP11-111A22.1","0.148438458453207"
"RP11-111D3.2","0.145204597448978"
"RP11-111E14.1","0.14888360299178"
"RP11-111F5.3","0.147089739311931"
"RP11-111F5.4","0.15011992995967"
"RP11-111H13.1","0.149822596837439"
"RP11-111H3.3","0.148099303824975"
"RP11-111I12.1","0.14815900181256"
"RP11-111J6.2","0.148389868143734"
"RP11-111K18.1","0.147459457721192"
"RP11-111K18.2","0.146828274773021"
"RP11-111M22.2","0.15097301800321"
"RP11-111M22.3","0.149893599837687"
"RP11-111M22.4","0.147089739311931"
"RP11-111M22.5","0.15011992995967"
"RP11-1123I8.1","0.147406681691779"
"RP11-1124B17.1","0.148217210217229"
"RP11-1127D7.1","0.149069590072799"
"RP11-112J3.15","0.147861673382501"
"RP11-112J3.16","0.148299786539668"
"RP11-112L6.2","0.148438458453207"
"RP11-112L6.3","0.147089739311931"
"RP11-112L7.1","0.15005032269779"
"RP11-1134I14.8","0.148102542835564"
"RP11-1136G11.8","0.148389868143734"
"RP11-1136G4.1","0.146705749174818"
"RP11-1136G4.2","0.150854448728348"
"RP11-1136J12.1","0.146705749174818"
"RP11-113I22.1","0.150303042518754"
"RP11-113K21.4","0.147125535664945"
"RP11-1140I5.1","0.147285660788821"
"RP11-1143G9.4","0.14756657238511"
"RP11-1143G9.5","0.15011992995967"
"RP11-1145L24.1","0.14961298837126"
"RP11-1148L6.5","0.14815900181256"
"RP11-1148L6.9","0.149433817749564"
"RP11-1148O4.2","0.148576821402962"
"RP11-1149M10.1","0.147089739311931"
"RP11-1149M10.2","0.150547174027614"
"RP11-1149O23.2","0.147280551725615"
"RP11-1149O23.4","0.14756657238511"
"RP11-114B7.6","0.145552066759414"
"RP11-114F10.2","0.148099303824975"
"RP11-114F10.3","0.148318829451158"
"RP11-114F3.4","0.148576821402962"
"RP11-114G11.5","0.147406681691779"
"RP11-114G22.1","0.147861673382501"
"RP11-114H21.2","0.147459457721192"
"RP11-114H23.1","0.148217210217229"
"RP11-114H23.2","0.14888360299178"
"RP11-114H24.3","0.148217210217229"
"RP11-114H24.6","0.148389868143734"
"RP11-114H24.7","0.147075411930103"
"RP11-114J13.1","0.147459457721192"
"RP11-114M1.1","0.146847537340239"
"RP11-114M1.2","0.147244107972206"
"RP11-114N19.3","0.147089739311931"
"RP11-114O18.1","0.14815900181256"
"RP11-1151B14.3","0.147861673382501"
"RP11-1151B14.4","0.147112651237746"
"RP11-1152H14.1","0.14888360299178"
"RP11-1152H15.1","0.147642796036683"
"RP11-1157N2--B.2","0.148318829451158"
"RP11-115C10.1","0.148438458453207"
"RP11-115C21.2","0.148099303824975"
"RP11-115D19.1","0.147112651237746"
"RP11-115D19.2","0.149562643101823"
"RP11-115D19.3","0.148217210217229"
"RP11-115D19.4","0.149085801503796"
"RP11-115H18.1","0.147203510844862"
"RP11-115J16.1","0.148993469373252"
"RP11-115J16.2","0.148704562304043"
"RP11-115J23.1","0.14756657238511"
"RP11-115N4.1","0.149893599837687"
"RP11-1167A19.2","0.147203510844862"
"RP11-116A1.1","0.147112651237746"
"RP11-116D17.2","0.146847537340239"
"RP11-116D17.3","0.148318829451158"
"RP11-116D17.4","0.148438458453207"
"RP11-116D17.5","0.148855133912051"
"RP11-116D2.1","0.148217210217229"
"RP11-116N8.2","0.147075411930103"
"RP11-116N8.4","0.14653971069502"
"RP11-116O18.3","0.148576821402962"
"RP11-117D22.1","0.14888360299178"
"RP11-117D22.2","0.147125535664945"
"RP11-117L5.4","0.147642796036683"
"RP11-118B18.2","0.147244107972206"
"RP11-118B22.4","0.147285660788821"
"RP11-118E18.2","0.147203510844862"
"RP11-118E18.4","0.148099303824975"
"RP11-118F19.1","0.146847537340239"
"RP11-118G23.1","0.148217210217229"
"RP11-118G23.2","0.147203510844862"
"RP11-118K6.2","0.148576821402962"
"RP11-118K6.3","0.146189728020199"
"RP11-1191J2.2","0.147089739311931"
"RP11-1191J2.5","0.147112651237746"
"RP11-1197K16.2","0.147406681691779"
"RP11-119B16.2","0.148389868143734"
"RP11-119D9.1","0.15005032269779"
"RP11-119H12.6","0.148993469373252"
"RP11-119J18.1","0.150527100042392"
"RP11-11C20.3","0.147285660788821"
"RP11-11K13.1","0.149651236905977"
"RP11-11M20.4","0.148318829451158"
"RP11-11N5.1","0.14756657238511"
"RP11-11N5.3","0.148099303824975"
"RP11-11N7.4","0.147203510844862"
"RP11-11N7.5","0.146334313345863"
"RP11-11N9.4","0.149822596837439"
"RP11-120C12.3","0.149651236905977"
"RP11-120D5.1","0.147561077373656"
"RP11-120I21.2","0.146189728020199"
"RP11-120J1.1","0.149630285950763"
"RP11-120K19.4","0.146772738741477"
"RP11-120K24.3","0.147642796036683"
"RP11-120K9.2","0.148993469373252"
"RP11-120M18.5","0.149433817749564"
"RP11-1212A22.4","0.14815900181256"
"RP11-121A14.2","0.14418146466328"
"RP11-121A8.1","0.147459457721192"
"RP11-121C2.2","0.148704562304043"
"RP11-121C6.5","0.147459457721192"
"RP11-121E16.1","0.148438458453207"
"RP11-121G22.3","0.147244107972206"
"RP11-121M22.1","0.147203510844862"
"RP11-121P12.1","0.14756657238511"
"RP11-1223D19.1","0.147285660788821"
"RP11-1228E12.1","0.147285660788821"
"RP11-1228E12.2","0.146189728020199"
"RP11-122A21.2","0.14815900181256"
"RP11-122C21.1","0.14815900181256"
"RP11-122F24.1","0.149433817749564"
"RP11-122K13.12","0.14756657238511"
"RP11-122K13.15","0.147861673382501"
"RP11-122K13.7","0.147244107972206"
"RP11-122M14.1","0.145341305936577"
"RP11-123B3.2","0.147016126553829"
"RP11-123K19.1","0.147075411930103"
"RP11-123K3.9","0.14756657238511"
"RP11-123M6.2","0.148438458453207"
"RP11-123O10.3","0.147016126553829"
"RP11-123O10.4","0.147089739311931"
"RP11-123O22.1","0.147075411930103"
"RP11-1246C19.1","0.147075411930103"
"RP11-124B13.1","0.145204597448978"
"RP11-124G5.3","0.147075411930103"
"RP11-124N14.3","0.147075411930103"
"RP11-124N19.3","0.148438458453207"
"RP11-124N19.4","0.147285660788821"
"RP11-124N2.1","0.148993469373252"
"RP11-124N3.3","0.147285660788821"
"RP11-124O11.1","0.148099303824975"
"RP11-1250I15.3","0.14815900181256"
"RP11-1252I4.2","0.148318829451158"
"RP11-125M16.1","0.148704562304043"
"RP11-125O18.1","0.147016126553829"
"RP11-125O5.2","0.147861673382501"
"RP11-1260E13.1","0.147861673382501"
"RP11-1260E13.2","0.147406681691779"
"RP11-1260E13.3","0.146705749174818"
"RP11-1263C18.1","0.147089739311931"
"RP11-126H7.4","0.144465786584735"
"RP11-126K1.2","0.147016126553829"
"RP11-126K1.6","0.147089739311931"
"RP11-126K1.8","0.147016126553829"
"RP11-126K1.9","0.145341305936577"
"RP11-126K15.1","0.147608922819195"
"RP11-126L15.4","0.147406681691779"
"RP11-126O1.2","0.147285660788821"
"RP11-126O1.4","0.147075411930103"
"RP11-126O1.5","0.150853418724032"
"RP11-126O1.6","0.147459457721192"
"RP11-1275H24.1","0.147089739311931"
"RP11-1275H24.2","0.147406681691779"
"RP11-1275H24.3","0.14815900181256"
"RP11-1277A3.1","0.146705749174818"
"RP11-1277A3.3","0.147285660788821"
"RP11-127B16.1","0.14756657238511"
"RP11-127B20.2","0.145204597448978"
"RP11-127B20.3","0.149085801503796"
"RP11-127I20.5","0.149651236905977"
"RP11-127L20.3","0.144044970601502"
"RP11-127L20.5","0.147861673382501"
"RP11-127O4.3","0.145204597448978"
"RP11-128A17.1","0.14815900181256"
"RP11-128A17.2","0.146334313345863"
"RP11-128B16.3","0.14961298837126"
"RP11-128L5.1","0.149061995614734"
"RP11-128M1.1","0.147125535664945"
"RP11-128P10.1","0.146772738741477"
"RP11-128P17.2","0.147244107972206"
"RP11-128P17.4","0.14653971069502"
"RP11-1293J14.1","0.147075411930103"
"RP11-1299A16.3","0.14888360299178"
"RP11-129I19.2","0.148993469373252"
"RP11-129K12.1","0.147112651237746"
"RP11-129M16.4","0.149433817749564"
"RP11-129M6.1","0.148576821402962"
"RP11-12C17.2","0.149562643101823"
"RP11-12D16.2","0.147016126553829"
"RP11-12D24.10","0.147244107972206"
"RP11-12G12.7","0.145788639597254"
"RP11-12J10.3","0.147203510844862"
"RP11-12J10.4","0.148576821402962"
"RP11-12K11.2","0.147642796036683"
"RP11-12K22.1","0.149630285950763"
"RP11-12K6.2","0.15011992995967"
"RP11-12L8.1","0.147203510844862"
"RP11-12M5.3","0.147285660788821"
"RP11-12M5.4","0.146334313345863"
"RP11-130C19.3","0.14815900181256"
"RP11-130C6.1","0.148438458453207"
"RP11-130F10.1","0.147861673382501"
"RP11-130L8.1","0.146847537340239"
"RP11-130L8.2","0.14888360299178"
"RP11-131H24.4","0.147089739311931"
"RP11-131K5.1","0.149893599837687"
"RP11-131K5.2","0.149651236905977"
"RP11-131L12.2","0.148318829451158"
"RP11-131L12.3","0.145341305936577"
"RP11-131L12.4","0.147125535664945"
"RP11-131L23.1","0.149630285950763"
"RP11-131L23.2","0.148016933502127"
"RP11-131N11.4","0.146772738741477"
"RP11-132A1.4","0.147089739311931"
"RP11-132N15.2","0.145750769643625"
"RP11-132N15.3","0.146189728020199"
"RP11-1334A24.6","0.147561077373656"
"RP11-1336O20.2","0.148438458453207"
"RP11-133F8.2","0.146705749174818"
"RP11-133K1.6","0.148438458453207"
"RP11-133L14.5","0.149085801503796"
"RP11-133N21.10","0.14815900181256"
"RP11-1348G14.4","0.145552066759414"
"RP11-1348G14.5","0.147089739311931"
"RP11-1348G14.8","0.149061995614734"
"RP11-134D3.1","0.147459457721192"
"RP11-134D3.2","0.149433817749564"
"RP11-134G8.5","0.147642796036683"
"RP11-134G8.7","0.148438458453207"
"RP11-134K13.4","0.148993469373252"
"RP11-134L10.1","0.148099303824975"
"RP11-134N1.2","0.148099303824975"
"RP11-134O21.1","0.146705749174818"
"RP11-135A1.2","0.14815900181256"
"RP11-135A1.3","0.147459457721192"
"RP11-135A24.2","0.14888360299178"
"RP11-135A24.4","0.149085801503796"
"RP11-135D11.2","0.147406681691779"
"RP11-135J2.3","0.147075411930103"
"RP11-135L13.4","0.146847537340239"
"RP11-136C24.3","0.147244107972206"
"RP11-136H19.1","0.148438458453207"
"RP11-136I14.5","0.14756657238511"
"RP11-136K14.3","0.14756657238511"
"RP11-136K7.1","0.147089739311931"
"RP11-136K7.2","0.147861673382501"
"RP11-136K7.3","0.148217210217229"
"RP11-136L23.2","0.15011992995967"
"RP11-136O12.2","0.147075411930103"
"RP11-1376P16.1","0.148576821402962"
"RP11-1376P16.2","0.147112651237746"
"RP11-1379J22.2","0.149061995614734"
"RP11-1379J22.5","0.142963699846125"
"RP11-137H2.4","0.147459457721192"
"RP11-138A9.1","0.14888360299178"
"RP11-138A9.2","0.14815900181256"
"RP11-138B4.1","0.148217210217229"
"RP11-138C9.1","0.146189728020199"
"RP11-138E2.1","0.14815900181256"
"RP11-138E9.2","0.149562643101823"
"RP11-138H11.1","0.144465786584735"
"RP11-138H8.2","0.147459457721192"
"RP11-138H8.3","0.147285660788821"
"RP11-138I1.2","0.147561077373656"
"RP11-138I1.3","0.14888360299178"
"RP11-138I1.4","0.146705749174818"
"RP11-138I17.1","0.147861673382501"
"RP11-138I18.1","0.148318829451158"
"RP11-138I18.2","0.147861673382501"
"RP11-138J23.1","0.147075411930103"
"RP11-138P22.1","0.147406681691779"
"RP11-1391J7.1","0.147244107972206"
"RP11-1398P2.1","0.145788639597254"
"RP11-1399P15.1","0.146847537340239"
"RP11-139I14.2","0.147075411930103"
"RP11-139K4.2","0.146660186355336"
"RP11-13A1.1","0.147016126553829"
"RP11-13A1.3","0.148576821402962"
"RP11-13E5.2","0.148704562304043"
"RP11-13J8.1","0.14756657238511"
"RP11-13K12.1","0.147203510844862"
"RP11-13K12.2","0.148576821402962"
"RP11-13N12.1","0.147119147337954"
"RP11-13N12.2","0.146660186355336"
"RP11-13P5.1","0.15011992995967"
"RP11-13P5.2","0.146705749174818"
"RP11-1406H17.1","0.148576821402962"
"RP11-140A10.3","0.149061995614734"
"RP11-140I16.3","0.147406681691779"
"RP11-140K17.3","0.146687791950355"
"RP11-140L24.4","0.147089739311931"
"RP11-141A19.1","0.14653971069502"
"RP11-141B14.1","0.14888360299178"
"RP11-141J13.3","0.150527100042392"
"RP11-141J13.5","0.148438458453207"
"RP11-141M1.1","0.147459457721192"
"RP11-141M1.3","0.149562643101823"
"RP11-141O11.2","0.14815900181256"
"RP11-141O15.1","0.149651236905977"
"RP11-142A12.1","0.150438990537828"
"RP11-142A22.4","0.148099303824975"
"RP11-142A23.1","0.150527100042392"
"RP11-142C4.6","0.147861673382501"
"RP11-142G1.1","0.14756657238511"
"RP11-142G1.3","0.147861673382501"
"RP11-142J21.1","0.146705749174818"
"RP11-143A12.3","0.148993469373252"
"RP11-143A22.1","0.147861673382501"
"RP11-143E21.6","0.150206327233041"
"RP11-143I21.1","0.147406681691779"
"RP11-143J12.3","0.148099303824975"
"RP11-143J24.1","0.149822596837439"
"RP11-143K11.7","0.149433817749564"
"RP11-143M1.3","0.146705749174818"
"RP11-143N13.2","0.146705749174818"
"RP11-144A16.8","0.147459457721192"
"RP11-144F15.1","0.148099303824975"
"RP11-144G16.1","0.147201345478126"
"RP11-144G7.2","0.145788639597254"
"RP11-145A3.1","0.147203510844862"
"RP11-145E17.2","0.147089739311931"
"RP11-145G20.1","0.147642796036683"
"RP11-145M4.1","0.148704562304043"
"RP11-145M4.2","0.14815900181256"
"RP11-145M9.5","0.147861673382501"
"RP11-145M9.6","0.149433817749564"
"RP11-146F11.1","0.146772738741477"
"RP11-146F11.5","0.14475472939141"
"RP11-146I2.1","0.147119147337954"
"RP11-146N18.1","0.148318829451158"
"RP11-146N23.4","0.147861673382501"
"RP11-147C23.1","0.149651236905977"
"RP11-147L13.11","0.149630285950763"
"RP11-147L13.12","0.14815900181256"
"RP11-147L13.13","0.145300282026384"
"RP11-147L13.14","0.146227781409502"
"RP11-147L13.15","0.147642796036683"
"RP11-147L13.2","0.147108904292905"
"RP11-147L13.8","0.148031050313489"
"RP11-148B18.1","0.147899274032559"
"RP11-148B18.4","0.149061995614734"
"RP11-148B3.2","0.148099303824975"
"RP11-148B6.1","0.146660186355336"
"RP11-148B6.2","0.147016126553829"
"RP11-148E17.1","0.148438458453207"
"RP11-148K1.10","0.147112651237746"
"RP11-148K1.12","0.14888360299178"
"RP11-148L24.1","0.14815900181256"
"RP11-148O21.2","0.147112651237746"
"RP11-148O21.6","0.146660186355336"
"RP11-149B9.2","0.144465786584735"
"RP11-149I23.3","0.14888360299178"
"RP11-149I9.2","0.147016126553829"
"RP11-149P24.1","0.146847537340239"
"RP11-14C10.4","0.148704562304043"
"RP11-14C10.6","0.146334313345863"
"RP11-14C22.3","0.148031050313489"
"RP11-14C22.6","0.149630285950763"
"RP11-14D22.1","0.145788639597254"
"RP11-14N7.2","0.148576821402962"
"RP11-14N9.2","0.14815900181256"
"RP11-14P20.1","0.147255281787888"
"RP11-150C16.1","0.144525264363973"
"RP11-150D20.5","0.149893599837687"
"RP11-150O12.3","0.147075411930103"
"RP11-150O12.5","0.148993469373252"
"RP11-151A10.3","0.147861673382501"
"RP11-151A6.6","0.149085801503796"
"RP11-152D8.1","0.148576821402962"
"RP11-152F13.10","0.147125535664945"
"RP11-152H18.3","0.147642796036683"
"RP11-152H18.4","0.149533885558213"
"RP11-152L20.3","0.147459457721192"
"RP11-152L7.2","0.148389868143734"
"RP11-152N13.16","0.147203510844862"
"RP11-152N13.5","0.148318829451158"
"RP11-152P17.3","0.147089739311931"
"RP11-152P23.2","0.149893599837687"
"RP11-153F1.1","0.147203510844862"
"RP11-153F10.2","0.147459457721192"
"RP11-153K11.3","0.149630285950763"
"RP11-153K16.1","0.149630285950763"
"RP11-153K16.2","0.147125535664945"
"RP11-153M7.5","0.148576821402962"
"RP11-154D17.1","0.148993469373252"
"RP11-154F14.2","0.146772738741477"
"RP11-154H12.2","0.147406681691779"
"RP11-154H12.3","0.149388536415764"
"RP11-154H17.1","0.147280551725615"
"RP11-154H23.3","0.147203510844862"
"RP11-154H23.4","0.149822596837439"
"RP11-154H23.5","0.14815900181256"
"RP11-154J22.1","0.147406681691779"
"RP11-155L15.1","0.145579319485589"
"RP11-155O18.6","0.147861673382501"
"RP11-156E8.1","0.14653971069502"
"RP11-156K13.1","0.149085801503796"
"RP11-156K13.2","0.15097301800321"
"RP11-156K13.3","0.147016126553829"
"RP11-156K23.3","0.147459457721192"
"RP11-156L14.1","0.147406681691779"
"RP11-157B13.7","0.147203510844862"
"RP11-157D23.2","0.146763536876471"
"RP11-157E14.1","0.148704562304043"
"RP11-157E16.1","0.14815900181256"
"RP11-157E21.1","0.149562643101823"
"RP11-157F20.3","0.147861673382501"
"RP11-157I4.4","0.145428615769395"
"RP11-157J24.2","0.151232406554952"
"RP11-157L3.12","0.147280551725615"
"RP11-157P1.4","0.149562643101823"
"RP11-158D2.2","0.148993469373252"
"RP11-158H5.7","0.148704562304043"
"RP11-158H5.8","0.148704562304043"
"RP11-158I23.1","0.144623293046223"
"RP11-158I9.5","0.149042103666244"
"RP11-158I9.8","0.147406681691779"
"RP11-158K1.3","0.149085801503796"
"RP11-158L12.5","0.145300282026384"
"RP11-158M2.2","0.149562643101823"
"RP11-158M2.3","0.14653971069502"
"RP11-158M2.4","0.147861673382501"
"RP11-158M2.5","0.147861673382501"
"RP11-159D12.10","0.149085801503796"
"RP11-159D12.11","0.147861673382501"
"RP11-159D12.2","0.14856545943889"
"RP11-159D12.5","0.147125535664945"
"RP11-159F24.5","0.147406681691779"
"RP11-159F24.6","0.149388536415764"
"RP11-159G9.5","0.148362342702921"
"RP11-159H10.3","0.14418146466328"
"RP11-159H22.2","0.14961298837126"
"RP11-15A1.2","0.147089739311931"
"RP11-15A1.3","0.150099908854524"
"RP11-15A1.7","0.149893599837687"
"RP11-15B17.1","0.149388536415764"
"RP11-15B24.1","0.147861673382501"
"RP11-15B24.4","0.148389868143734"
"RP11-15B24.5","0.147280551725615"
"RP11-15E1.5","0.147608922819195"
"RP11-15E18.1","0.147861673382501"
"RP11-15E18.4","0.145692929346475"
"RP11-15F12.1","0.148217210217229"
"RP11-15F12.3","0.147608922819195"
"RP11-15H20.7","0.146227781409502"
"RP11-15I11.2","0.145788639597254"
"RP11-15I11.3","0.147125535664945"
"RP11-15I20.1","0.148318829451158"
"RP11-15J22.8","0.147089739311931"
"RP11-15K19.2","0.147459457721192"
"RP11-15K3.1","0.147112651237746"
"RP11-15L13.4","0.149630285950763"
"RP11-15M15.1","0.147459457721192"
"RP11-15M15.2","0.150206327233041"
"RP11-160E2.11","0.149822596837439"
"RP11-160E2.17","0.147075411930103"
"RP11-160E2.19","0.14653971069502"
"RP11-160E2.6","0.151159212927321"
"RP11-160H12.2","0.147112651237746"
"RP11-160H22.3","0.148438458453207"
"RP11-160H22.5","0.146772738741477"
"RP11-160N1.10","0.148576821402962"
"RP11-160N1.9","0.148217210217229"
"RP11-160O5.1","0.148099303824975"
"RP11-161D15.1","0.149388536415764"
"RP11-161D15.2","0.147016126553829"
"RP11-161D15.3","0.146660186355336"
"RP11-161H23.5","0.148993469373252"
"RP11-161H23.9","0.147016126553829"
"RP11-161I10.1","0.14815900181256"
"RP11-161I2.1","0.148704562304043"
"RP11-161I6.2","0.149061995614734"
"RP11-161M6.2","0.148362342702921"
"RP11-161M6.3","0.147608922819195"
"RP11-161M6.5","0.148576821402962"
"RP11-162A12.2","0.147608922819195"
"RP11-162A12.4","0.149388536415764"
"RP11-162D16.2","0.14815900181256"
"RP11-162D9.3","0.148389868143734"
"RP11-162G10.5","0.150206327233041"
"RP11-162I7.1","0.149388536415764"
"RP11-162J8.3","0.14815900181256"
"RP11-163F15.1","0.149822596837439"
"RP11-164C1.2","0.149893599837687"
"RP11-164C12.2","0.148031050313489"
"RP11-164H13.1","0.147280551725615"
"RP11-164N3.2","0.148099303824975"
"RP11-164O23.7","0.148438458453207"
"RP11-164O23.8","0.148318829451158"
"RP11-164P12.3","0.147089739311931"
"RP11-164P12.4","0.14815900181256"
"RP11-165A20.3","0.148217210217229"
"RP11-165E7.1","0.146227781409502"
"RP11-165F24.3","0.147861673382501"
"RP11-165H23.1","0.146847537340239"
"RP11-165J3.5","0.148102542835564"
"RP11-165J3.6","0.149615022390471"
"RP11-165M1.3","0.148217210217229"
"RP11-166A12.1","0.147089739311931"
"RP11-166B2.1","0.149630285950763"
"RP11-166B2.5","0.148217210217229"
"RP11-166B2.7","0.149630285950763"
"RP11-166B2.8","0.145750769643625"
"RP11-166N17.1","0.148438458453207"
"RP11-166N17.3","0.148389868143734"
"RP11-166N6.2","0.147608922819195"
"RP11-166N6.3","0.147280551725615"
"RP11-166O4.6","0.147089739311931"
"RP11-166P13.3","0.14653971069502"
"RP11-166P13.4","0.14653971069502"
"RP11-167B3.2","0.149388536415764"
"RP11-167B3.3","0.147255281787888"
"RP11-167H9.3","0.149608433782701"
"RP11-167H9.4","0.148438458453207"
"RP11-167H9.5","0.147608922819195"
"RP11-167J8.3","0.150303042518754"
"RP11-167N4.2","0.149061995614734"
"RP11-167N5.5","0.149533885558213"
"RP11-168E17.1","0.150206327233041"
"RP11-168F9.2","0.150962827317777"
"RP11-168J19.2","0.147861673382501"
"RP11-168K11.2","0.149085801503796"
"RP11-168K11.3","0.149630285950763"
"RP11-168L22.2","0.148099303824975"
"RP11-168L7.1","0.14815900181256"
"RP11-168O16.1","0.149822596837439"
"RP11-168O16.2","0.147861673382501"
"RP11-168P13.1","0.147406681691779"
"RP11-168P8.3","0.148217210217229"
"RP11-169D4.2","0.148576821402962"
"RP11-169E6.1","0.148389868143734"
"RP11-169K16.4","0.147608922819195"
"RP11-169K17.3","0.147459457721192"
"RP11-169K17.4","0.14815900181256"
"RP11-16B13.1","0.14961298837126"
"RP11-16B9.1","0.145300282026384"
"RP11-16C1.1","0.147203510844862"
"RP11-16C1.3","0.150438990537828"
"RP11-16C18.3","0.148993469373252"
"RP11-16D22.2","0.151097707449988"
"RP11-16E12.1","0.147406681691779"
"RP11-16E12.2","0.15191929457076"
"RP11-16E18.3","0.146227781409502"
"RP11-16E23.5","0.147119147337954"
"RP11-16K12.1","0.147280551725615"
"RP11-16L21.7","0.149822596837439"
"RP11-16L9.2","0.149085801503796"
"RP11-16N11.2","0.148576821402962"
"RP11-16N2.1","0.148318829451158"
"RP11-16P20.3","0.148217210217229"
"RP11-16P6.1","0.145788639597254"
"RP11-170M17.1","0.149085801503796"
"RP11-170N16.3","0.147089739311931"
"RP11-171G2.1","0.148438458453207"
"RP11-171I2.1","0.145341305936577"
"RP11-171I2.2","0.14815900181256"
"RP11-171I2.3","0.147861673382501"
"RP11-171I2.4","0.149651236905977"
"RP11-171I2.5","0.149838732410401"
"RP11-171L9.1","0.147280551725615"
"RP11-171N4.1","0.14888360299178"
"RP11-172E10.1","0.149893599837687"
"RP11-172E9.2","0.148389868143734"
"RP11-172H24.4","0.148318829451158"
"RP11-173A16.1","0.148993469373252"
"RP11-173A6.3","0.148318829451158"
"RP11-173C1.1","0.145788639597254"
"RP11-173D14.3","0.150303042518754"
"RP11-173D3.1","0.148318829451158"
"RP11-173M1.4","0.151097707449988"
"RP11-173P15.10","0.145204597448978"
"RP11-173P15.3","0.145697966819663"
"RP11-173P15.5","0.149085801503796"
"RP11-173P15.7","0.147280551725615"
"RP11-173P15.9","0.146705749174818"
"RP11-174G6.1","0.146334313345863"
"RP11-174O3.6","0.145000515998512"
"RP11-175D17.3","0.148576821402962"
"RP11-175I6.5","0.148318829451158"
"RP11-175K6.1","0.147459457721192"
"RP11-175O19.4","0.148704562304043"
"RP11-175P13.2","0.14653971069502"
"RP11-176H8.1","0.148389868143734"
"RP11-176N18.2","0.147125535664945"
"RP11-177B4.2","0.146828274773021"
"RP11-177F15.1","0.147203510844862"
"RP11-177G23.2","0.146227781409502"
"RP11-177H2.2","0.147608922819195"
"RP11-177J6.1","0.145788639597254"
"RP11-178C3.1","0.147603427807741"
"RP11-178C3.2","0.149562643101823"
"RP11-178F10.2","0.149893599837687"
"RP11-178L8.3","0.149651236905977"
"RP11-178L8.7","0.149967439127265"
"RP11-178L8.8","0.14815900181256"
"RP11-178L8.9","0.147089739311931"
"RP11-179A10.1","0.148217210217229"
"RP11-179B15.5","0.145697966819663"
"RP11-179B15.6","0.148438458453207"
"RP11-179B2.2","0.14553695433985"
"RP11-179K3.2","0.148576821402962"
"RP11-17A1.3","0.145300282026384"
"RP11-17A19.2","0.145204597448978"
"RP11-17A4.2","0.147280551725615"
"RP11-17A4.3","0.148299786539668"
"RP11-17E13.2","0.14961298837126"
"RP11-17E3.1","0.145428615769395"
"RP11-17G12.2","0.147203510844862"
"RP11-17G12.3","0.145579319485589"
"RP11-17J14.2","0.149822596837439"
"RP11-17M16.2","0.146828274773021"
"RP11-180C1.1","0.149085801503796"
"RP11-180C16.1","0.146660186355336"
"RP11-180I4.2","0.144525264363973"
"RP11-180I4.4","0.147203510844862"
"RP11-180M15.3","0.14961298837126"
"RP11-180M15.4","0.145920400706484"
"RP11-180M15.6","0.147203510844862"
"RP11-180O5.2","0.147459457721192"
"RP11-180P8.1","0.147861673382501"
"RP11-180P8.3","0.150099908854524"
"RP11-181B11.2","0.147125535664945"
"RP11-181B18.1","0.150438990537828"
"RP11-181C3.1","0.146334313345863"
"RP11-181E10.3","0.145204597448978"
"RP11-181G12.2","0.147203510844862"
"RP11-181G12.4","0.148576821402962"
"RP11-182J1.1","0.14653971069502"
"RP11-182J1.13","0.147016126553829"
"RP11-182J1.17","0.147089739311931"
"RP11-182J1.3","0.149061995614734"
"RP11-182J1.5","0.148389868143734"
"RP11-182J23.1","0.145920400706484"
"RP11-182L21.6","0.149061995614734"
"RP11-182M20.2","0.147459457721192"
"RP11-182N22.8","0.148217210217229"
"RP11-183E24.2","0.149085801503796"
"RP11-183I6.2","0.148318829451158"
"RP11-184A2.2","0.147075411930103"
"RP11-184A2.3","0.148099303824975"
"RP11-184D12.1","0.147459457721192"
"RP11-184E9.1","0.14553695433985"
"RP11-184I16.4","0.14475472939141"
"RP11-184M15.1","0.147075411930103"
"RP11-184M15.2","0.145920400706484"
"RP11-185E12.2","0.147459457721192"
"RP11-185E8.1","0.146334313345863"
"RP11-186B7.7","0.147203510844862"
"RP11-186N15.3","0.145788639597254"
"RP11-187A9.3","0.147861673382501"
"RP11-187E13.1","0.146334313345863"
"RP11-187E13.2","0.147861673382501"
"RP11-187O7.3","0.148993469373252"
"RP11-188D8.1","0.145750769643625"
"RP11-188P17.2","0.147089739311931"
"RP11-188P20.3","0.145920400706484"
"RP11-189B4.7","0.147125535664945"
"RP11-189E14.4","0.147112651237746"
"RP11-18A15.1","0.148099303824975"
"RP11-18B16.2","0.148389868143734"
"RP11-18C24.8","0.147203510844862"
"RP11-18H21.1","0.14954754932389"
"RP11-18H21.2","0.145428615769395"
"RP11-18H21.3","0.147075411930103"
"RP11-18H7.1","0.148099303824975"
"RP11-18I14.11","0.149533885558213"
"RP11-190A12.8","0.144341133502319"
"RP11-190C22.8","0.148099303824975"
"RP11-190C22.9","0.147089739311931"
"RP11-190D6.2","0.148438458453207"
"RP11-190I17.2","0.145788639597254"
"RP11-190J1.3","0.149061995614734"
"RP11-190P13.2","0.147280551725615"
"RP11-191G24.1","0.147125535664945"
"RP11-191L17.1","0.147203510844862"
"RP11-191L9.4","0.147861673382501"
"RP11-191N8.2","0.147203510844862"
"RP11-192H23.4","0.145697966819663"
"RP11-192H23.5","0.147125535664945"
"RP11-192H23.6","0.146828274773021"
"RP11-192H23.7","0.147108904292905"
"RP11-192P3.4","0.145341305936577"
"RP11-193H5.1","0.147075411930103"
"RP11-193M21.1","0.145428615769395"
"RP11-195B17.1","0.148993469373252"
"RP11-195B3.1","0.146828274773021"
"RP11-195C7.1","0.14653971069502"
"RP11-195F19.5","0.148318829451158"
"RP11-195F19.9","0.150099908854524"
"RP11-195L15.2","0.147016126553829"
"RP11-195M16.1","0.147203510844862"
"RP11-195M16.3","0.147125535664945"
"RP11-196B3.3","0.145204597448978"
"RP11-196D18.1","0.145697966819663"
"RP11-196E1.3","0.145579319485589"
"RP11-196G11.2","0.150303042518754"
"RP11-196G11.6","0.149414637173072"
"RP11-196G18.23","0.148099303824975"
"RP11-196G18.24","0.148099303824975"
"RP11-196G18.3","0.147075411930103"
"RP11-196H14.2","0.146334313345863"
"RP11-196H14.3","0.146828274773021"
"RP11-196H14.4","0.147459457721192"
"RP11-196I18.4","0.149085801503796"
"RP11-197K3.1","0.147108904292905"
"RP11-197K6.1","0.147280551725615"
"RP11-197N18.7","0.144465786584735"
"RP11-199F6.4","0.146828274773021"
"RP11-19E11.1","0.145697966819663"
"RP11-19J5.2","0.146660186355336"
"RP11-19N8.4","0.144465786584735"
"RP11-19O2.2","0.148389868143734"
"RP11-19P22.5","0.146334313345863"
"RP11-19P22.8","0.145788639597254"
"RP11-1B20.1","0.147016126553829"
"RP11-1C1.4","0.148217210217229"
"RP11-1C1.5","0.146334313345863"
"RP11-1C1.6","0.145579319485589"
"RP11-1C8.4","0.148389868143734"
"RP11-1C8.5","0.149562643101823"
"RP11-1C8.6","0.144525264363973"
"RP11-1C8.7","0.147406681691779"
"RP11-1E22.1","0.147459457721192"
"RP11-1E4.1","0.145788639597254"
"RP11-1H15.2","0.14653971069502"
"RP11-1L9.1","0.145300282026384"
"RP11-1M18.1","0.149061995614734"
"RP11-200A1.1","0.149651236905977"
"RP11-201E8.1","0.148217210217229"
"RP11-202A13.1","0.147108904292905"
"RP11-202D1.2","0.148099303824975"
"RP11-202G11.2","0.147280551725615"
"RP11-202G18.1","0.147016126553829"
"RP11-202I11.2","0.147406681691779"
"RP11-202K23.1","0.146705749174818"
"RP11-203B7.1","0.148099303824975"
"RP11-203B7.2","0.150853418724032"
"RP11-203B9.4","0.147459457721192"
"RP11-203E8.1","0.145697966819663"
"RP11-203H2.1","0.148099303824975"
"RP11-203H2.2","0.146705749174818"
"RP11-203J24.8","0.148318829451158"
"RP11-203M5.2","0.147861673382501"
"RP11-203M5.7","0.14653971069502"
"RP11-203M5.8","0.145428615769395"
"RP11-204L24.2","0.149630285950763"
"RP11-204N11.1","0.148099303824975"
"RP11-204P2.3","0.14815900181256"
"RP11-205K6.1","0.145920400706484"
"RP11-205M3.3","0.148216130547033"
"RP11-206L10.4","0.147459457721192"
"RP11-206L10.9","0.145788639597254"
"RP11-206M11.7","0.146705749174818"
"RP11-207C16.4","0.147861673382501"
"RP11-209D14.2","0.146828274773021"
"RP11-209E8.1","0.149562643101823"
"RP11-209K10.2","0.147861673382501"
"RP11-20B24.2","0.14475472939141"
"RP11-20B24.4","0.148299786539668"
"RP11-20B24.5","0.144425014977566"
"RP11-20B24.6","0.148318829451158"
"RP11-20B24.7","0.14815900181256"
"RP11-20B7.1","0.14418146466328"
"RP11-20D14.3","0.147608922819195"
"RP11-20D14.6","0.144044970601502"
"RP11-20E24.1","0.149085801503796"
"RP11-20G13.2","0.144465786584735"
"RP11-20G13.3","0.144623293046223"
"RP11-20G13.5","0.14653971069502"
"RP11-20G6.2","0.146660186355336"
"RP11-20I20.2","0.147016126553829"
"RP11-20I20.4","0.145579319485589"
"RP11-20I23.13","0.147108904292905"
"RP11-20I23.3","0.146660186355336"
"RP11-20I23.6","0.146828274773021"
"RP11-20I23.7","0.147280551725615"
"RP11-20I23.8","0.146660186355336"
"RP11-20J15.3","0.147075411930103"
"RP11-210K20.2","0.144525264363973"
"RP11-210L7.3","0.145300282026384"
"RP11-210M15.1","0.150303042518754"
"RP11-210M15.2","0.147203510844862"
"RP11-211C9.1","0.145920400706484"
"RP11-211G23.2","0.147406681691779"
"RP11-211G3.2","0.147108904292905"
"RP11-211G3.3","0.14653971069502"
"RP11-211N11.5","0.14815900181256"
"RP11-211N8.2","0.146227781409502"
"RP11-212D19.4","0.147016126553829"
"RP11-212E8.1","0.145788639597254"
"RP11-212I21.2","0.148217210217229"
"RP11-212I21.4","0.147280551725615"
"RP11-212I21.5","0.148318829451158"
"RP11-212P7.2","0.147108904292905"
"RP11-213G2.2","0.147075411930103"
"RP11-213G6.2","0.145204597448978"
"RP11-213H15.1","0.14653971069502"
"RP11-213H15.4","0.146705749174818"
"RP11-214D15.2","0.147203510844862"
"RP11-214F16.8","0.147608922819195"
"RP11-214K3.24","0.145697966819663"
"RP11-214K3.25","0.147861673382501"
"RP11-214N1.1","0.148993469373252"
"RP11-214N9.1","0.147203510844862"
"RP11-214O1.1","0.14961298837126"
"RP11-214O1.2","0.147406681691779"
"RP11-214O1.3","0.147203510844862"
"RP11-215E13.1","0.146828274773021"
"RP11-215E13.2","0.144525264363973"
"RP11-215P8.3","0.147108904292905"
"RP11-215P8.4","0.147608922819195"
"RP11-216B9.6","0.147861673382501"
"RP11-216B9.9","0.147861673382501"
"RP11-216L13.16","0.145920400706484"
"RP11-216N14.9","0.149967439127265"
"RP11-217B1.2","0.147203510844862"
"RP11-217B7.2","0.147125535664945"
"RP11-217B7.3","0.14475472939141"
"RP11-218C14.5","0.147075411930103"
"RP11-218C14.8","0.147608922819195"
"RP11-218E20.3","0.147203510844862"
"RP11-218E20.5","0.149630285950763"
"RP11-218F10.3","0.149822596837439"
"RP11-218F4.1","0.147108904292905"
"RP11-218I7.2","0.147861673382501"
"RP11-218L14.4","0.146828274773021"
"RP11-218M22.1","0.144525264363973"
"RP11-218M22.2","0.148362342702921"
"RP11-219A15.1","0.145341305936577"
"RP11-219A15.5","0.148438458453207"
"RP11-219B17.3","0.147280551725615"
"RP11-219B4.3","0.14418146466328"
"RP11-219B4.5","0.145204597448978"
"RP11-219B4.7","0.145000515998512"
"RP11-219D15.3","0.147406681691779"
"RP11-219E7.1","0.14653971069502"
"RP11-219E7.4","0.147459457721192"
"RP11-219F10.1","0.14815900181256"
"RP11-219G17.4","0.145204597448978"
"RP11-219O3.2","0.145579319485589"
"RP11-21A7A.2","0.145341305936577"
"RP11-21A7A.3","0.14653971069502"
"RP11-21A7A.4","0.145579319485589"
"RP11-21B21.4","0.147406681691779"
"RP11-21B23.1","0.149437628088527"
"RP11-21B23.2","0.148993469373252"
"RP11-21C4.1","0.147280551725615"
"RP11-21J7.1","0.149261708765417"
"RP11-21K12.3","0.145920400706484"
"RP11-21L1.1","0.144623293046223"
"RP11-21L19.1","0.147105817745599"
"RP11-21L23.3","0.149261708765417"
"RP11-21M24.2","0.148662228642149"
"RP11-21M24.3","0.147603427807741"
"RP11-220C2.1","0.14553695433985"
"RP11-220I1.2","0.14653971069502"
"RP11-220I1.5","0.148389868143734"
"RP11-221J22.1","0.145428615769395"
"RP11-221J22.2","0.149437628088527"
"RP11-221N13.2","0.145697966819663"
"RP11-221N13.3","0.147203510844862"
"RP11-221N13.4","0.146828274773021"
"RP11-222G7.2","0.145428615769395"
"RP11-222K16.1","0.144525264363973"
"RP11-222K16.2","0.144623293046223"
"RP11-223C24.1","0.147406681691779"
"RP11-223C24.2","0.147406681691779"
"RP11-223P11.3","0.147075411930103"
"RP11-225B17.2","0.149166635261742"
"RP11-225H22.4","0.14653971069502"
"RP11-225H22.7","0.146819072908015"
"RP11-225N10.1","0.146828274773021"
"RP11-227B21.2","0.147125535664945"
"RP11-227D13.1","0.145920400706484"
"RP11-227D13.4","0.144623293046223"
"RP11-227D13.5","0.147108904292905"
"RP11-227D2.3","0.144525264363973"
"RP11-227F8.2","0.149437628088527"
"RP11-227G15.10","0.145204597448978"
"RP11-227G15.11","0.148099303824975"
"RP11-227G15.12","0.149261708765417"
"RP11-227G15.2","0.144385793179408"
"RP11-227G15.8","0.146883618281131"
"RP11-227G15.9","0.147075411930103"
"RP11-227H15.4","0.148099303824975"
"RP11-227H4.5","0.148318829451158"
"RP11-228B15.4","0.146828274773021"
"RP11-229E13.4","0.146334313345863"
"RP11-229P13.15","0.145428615769395"
"RP11-229P13.19","0.149562643101823"
"RP11-229P13.22","0.147861673382501"
"RP11-229P13.23","0.148993469373252"
"RP11-22A3.1","0.147406681691779"
"RP11-22A3.2","0.147406681691779"
"RP11-22C11.2","0.147861673382501"
"RP11-22L13.1","0.14529328094159"
"RP11-22N19.2","0.149167972276175"
"RP11-22P4.2","0.147108904292905"
"RP11-22P6.2","0.144341133502319"
"RP11-230B22.1","0.147406681691779"
"RP11-230C9.2","0.148993469373252"
"RP11-230C9.3","0.149630285950763"
"RP11-230C9.4","0.147861673382501"
"RP11-230G5.2","0.149061995614734"
"RP11-231C14.4","0.147021982863955"
"RP11-231C14.7","0.147201345478126"
"RP11-231C18.1","0.146883618281131"
"RP11-231D20.2","0.148318829451158"
"RP11-231E19.1","0.147280551725615"
"RP11-231E4.2","0.147608922819195"
"RP11-231E4.3","0.149651236905977"
"RP11-231E6.1","0.146828274773021"
"RP11-231G15.2","0.145316266270577"
"RP11-231G3.1","0.146705749174818"
"RP11-231I16.1","0.146227781409502"
"RP11-231N3.1","0.145788639597254"
"RP11-232C2.1","0.147201345478126"
"RP11-232D9.3","0.145428615769395"
"RP11-233G1.4","0.145000515998512"
"RP11-234B24.2","0.145697966819663"
"RP11-234B24.4","0.146705749174818"
"RP11-234B24.6","0.146828274773021"
"RP11-234G16.4","0.148318829451158"
"RP11-234G16.5","0.146334313345863"
"RP11-234K19.1","0.148389868143734"
"RP11-234K24.3","0.147608922819195"
"RP11-234K24.6","0.146828274773021"
"RP11-234O6.2","0.147280551725615"
"RP11-235C23.5","0.147108904292905"
"RP11-235E17.2","0.146883618281131"
"RP11-235E17.6","0.148389868143734"
"RP11-235G24.1","0.148993469373252"
"RP11-236B18.2","0.145788639597254"
"RP11-236B18.5","0.149630285950763"
"RP11-236J17.6","0.148217210217229"
"RP11-236L14.1","0.147280551725615"
"RP11-236L14.2","0.147201345478126"
"RP11-236P24.3","0.14529328094159"
"RP11-237D3.1","0.148993469373252"
"RP11-238F2.1","0.147608922819195"
"RP11-238K6.1","0.147021982863955"
"RP11-239A17.1","0.14553695433985"
"RP11-239E10.2","0.14529328094159"
"RP11-239E10.3","0.145579319485589"
"RP11-239H6.2","0.148389868143734"
"RP11-239L20.6","0.145428615769395"
"RP11-23D5.1","0.147201345478126"
"RP11-23E10.3","0.14961298837126"
"RP11-23E19.1","0.144525264363973"
"RP11-23E19.2","0.148217210217229"
"RP11-23F23.2","0.144425014977566"
"RP11-23N2.4","0.145341305936577"
"RP11-23P13.4","0.145788639597254"
"RP11-23P13.6","0.147459457721192"
"RP11-240B13.2","0.147253116421152"
"RP11-240G22.4","0.148217210217229"
"RP11-240G22.5","0.145579319485589"
"RP11-240M16.1","0.149167972276175"
"RP11-241G9.3","0.147075411930103"
"RP11-242D8.1","0.146883618281131"
"RP11-242F24.1","0.14653971069502"
"RP11-242G20.1","0.146334313345863"
"RP11-242J7.1","0.145428615769395"
"RP11-242O24.3","0.147459457721192"
"RP11-242P2.1","0.14529328094159"
"RP11-243A14.1","0.146227781409502"
"RP11-243J16.7","0.145788639597254"
"RP11-243J18.2","0.145579319485589"
"RP11-243M5.1","0.147021982863955"
"RP11-244F12.2","0.145788639597254"
"RP11-244F12.3","0.148662228642149"
"RP11-244H3.4","0.145428615769395"
"RP11-244M2.1","0.145204597448978"
"RP11-244N9.4","0.147021982863955"
"RP11-244N9.6","0.143627403099505"
"RP11-245C17.2","0.147021982863955"
"RP11-245D16.4","0.148099303824975"
"RP11-245G13.2","0.146883618281131"
"RP11-245J9.4","0.144728358911808"
"RP11-245J9.5","0.147108904292905"
"RP11-245J9.6","0.145697966819663"
"RP11-245P10.4","0.146819072908015"
"RP11-245P10.6","0.144728358911808"
"RP11-245P10.8","0.146334313345863"
"RP11-246A10.1","0.147280551725615"
"RP11-246K15.1","0.145697966819663"
"RP11-247A12.2","0.145579319485589"
"RP11-247A12.7","0.146705749174818"
"RP11-247A12.8","0.143627403099505"
"RP11-247C2.2","0.147861673382501"
"RP11-247I13.11","0.145788639597254"
"RP11-247L20.3","0.144525264363973"
"RP11-247L20.4","0.145920400706484"
"RP11-248E9.6","0.145341305936577"
"RP11-248G5.9","0.149076245156275"
"RP11-248J23.7","0.146227781409502"
"RP11-248M19.1","0.14529328094159"
"RP11-248N22.1","0.14653971069502"
"RP11-249C24.10","0.145920400706484"
"RP11-249C24.12","0.146883618281131"
"RP11-24C3.2","0.147459457721192"
"RP11-24F11.2","0.149562643101823"
"RP11-24I21.1","0.148438458453207"
"RP11-24J19.1","0.146883618281131"
"RP11-24M17.6","0.146883618281131"
"RP11-24N18.1","0.146660186355336"
"RP11-250B2.3","0.149085801503796"
"RP11-250B2.5","0.144728358911808"
"RP11-250B2.6","0.146227781409502"
"RP11-251G23.5","0.149056109946365"
"RP11-251M1.1","0.144044970601502"
"RP11-252A24.3","0.146660186355336"
"RP11-252A24.5","0.145788639597254"
"RP11-252C15.1","0.145788639597254"
"RP11-252C24.3","0.148217210217229"
"RP11-252E2.1","0.149092344033117"
"RP11-252E2.2","0.148099303824975"
"RP11-252I13.2","0.145204597448978"
"RP11-252M18.3","0.145920400706484"
"RP11-252P19.1","0.147075411930103"
"RP11-253A20.1","0.145788639597254"
"RP11-253D19.1","0.146828274773021"
"RP11-253D19.2","0.146883618281131"
"RP11-253E3.3","0.148217210217229"
"RP11-253I19.3","0.148099303824975"
"RP11-253M7.1","0.147075411930103"
"RP11-253M7.4","0.146227781409502"
"RP11-254F7.1","0.145579319485589"
"RP11-254F7.2","0.144525264363973"
"RP11-254F7.3","0.146227781409502"
"RP11-254F7.4","0.145697966819663"
"RP11-254I22.1","0.149822596837439"
"RP11-254I22.2","0.145316266270577"
"RP11-254I22.3","0.146705749174818"
"RP11-255A11.2","0.148099303824975"
"RP11-255C15.3","0.145428615769395"
"RP11-255E6.6","0.146227781409502"
"RP11-255G12.2","0.146705749174818"
"RP11-255G12.3","0.14888360299178"
"RP11-255H23.4","0.147021982863955"
"RP11-255M2.3","0.144623293046223"
"RP11-255P5.2","0.146334313345863"
"RP11-255P5.3","0.14529328094159"
"RP11-256I23.1","0.146705749174818"
"RP11-256I23.2","0.147021982863955"
"RP11-256I23.3","0.147406681691779"
"RP11-256L11.3","0.14653971069502"
"RP11-256L6.2","0.147108904292905"
"RP11-256L6.3","0.149085801503796"
"RP11-256P1.1","0.146705749174818"
"RP11-257I14.1","0.146883618281131"
"RP11-257K9.8","0.147075411930103"
"RP11-257O5.4","0.148318829451158"
"RP11-257P3.3","0.143750587989513"
"RP11-258B16.1","0.149085801503796"
"RP11-258C19.7","0.145000515998512"
"RP11-258F1.1","0.14418146466328"
"RP11-258F22.1","0.147280551725615"
"RP11-259K15.2","0.148438458453207"
"RP11-259K5.1","0.145697966819663"
"RP11-259K5.2","0.142813240445675"
"RP11-259N19.1","0.146687791950355"
"RP11-259O18.4","0.144525264363973"
"RP11-259O18.5","0.147280551725615"
"RP11-259O2.1","0.146883618281131"
"RP11-259P20.1","0.145788639597254"
"RP11-25B7.1","0.146660186355336"
"RP11-25C19.3","0.147108904292905"
"RP11-25G10.2","0.14553695433985"
"RP11-25H12.1","0.145204597448978"
"RP11-25I15.3","0.145579319485589"
"RP11-25I9.3","0.147201345478126"
"RP11-25K19.1","0.143575918282097"
"RP11-25K21.1","0.147021982863955"
"RP11-25L3.3","0.144465786584735"
"RP11-25O10.2","0.147406681691779"
"RP11-260A9.6","0.146883618281131"
"RP11-260E18.1","0.147459457721192"
"RP11-260G13.1","0.147861673382501"
"RP11-260M19.2","0.147201345478126"
"RP11-260M2.1","0.146705749174818"
"RP11-260O18.1","0.146660186355336"
"RP11-261C10.5","0.145316266270577"
"RP11-261N11.8","0.146883618281131"
"RP11-261P24.2","0.149076245156275"
"RP11-262A16.1","0.146534125306646"
"RP11-262H14.3","0.147021982863955"
"RP11-262H14.4","0.148217210217229"
"RP11-262I2.2","0.149076245156275"
"RP11-263K19.4","0.147280551725615"
"RP11-263K19.6","0.146883618281131"
"RP11-263K4.3","0.147608922819195"
"RP11-263K4.5","0.149533885558213"
"RP11-264B14.1","0.149092344033117"
"RP11-264B14.2","0.147280551725615"
"RP11-264B17.2","0.147406681691779"
"RP11-264B17.4","0.147253116421152"
"RP11-264B17.5","0.148318829451158"
"RP11-264E18.1","0.148217210217229"
"RP11-264E20.1","0.14815900181256"
"RP11-264E20.2","0.146334313345863"
"RP11-264I13.2","0.146227781409502"
"RP11-264K23.1","0.14815900181256"
"RP11-264L1.4","0.149651236905977"
"RP11-264M12.2","0.145697966819663"
"RP11-265D17.2","0.146883618281131"
"RP11-265D19.6","0.144623293046223"
"RP11-265E18.1","0.147406681691779"
"RP11-265F19.1","0.146883618281131"
"RP11-265N6.1","0.145788639597254"
"RP11-265N6.2","0.148099303824975"
"RP11-265N7.1","0.144465786584735"
"RP11-265N7.2","0.147608922819195"
"RP11-265O12.1","0.147021982863955"
"RP11-265P11.1","0.147608922819195"
"RP11-266A24.1","0.148318829451158"
"RP11-266J6.2","0.146189728020199"
"RP11-266K22.2","0.148318829451158"
"RP11-266K4.13","0.149261708765417"
"RP11-266K4.14","0.146828274773021"
"RP11-266K4.9","0.145000515998512"
"RP11-266L9.5","0.148318829451158"
"RP11-266N13.2","0.147021982863955"
"RP11-266O8.1","0.14815900181256"
"RP11-267A15.3","0.146705749174818"
"RP11-267C16.1","0.149261708765417"
"RP11-267M23.4","0.148099303824975"
"RP11-267N12.1","0.147201345478126"
"RP11-268F1.3","0.146660186355336"
"RP11-268G12.1","0.147406681691779"
"RP11-268G12.3","0.147406681691779"
"RP11-268G13.1","0.147459457721192"
"RP11-268I9.3","0.149056109946365"
"RP11-268J15.5","0.148650866678076"
"RP11-268P4.4","0.147075411930103"
"RP11-268P4.5","0.147861673382501"
"RP11-269C23.5","0.146828274773021"
"RP11-269C4.2","0.147861673382501"
"RP11-269F19.2","0.147406681691779"
"RP11-269F20.1","0.147406681691779"
"RP11-269F21.2","0.14529328094159"
"RP11-269F21.3","0.147201345478126"
"RP11-269G24.3","0.14815900181256"
"RP11-269G24.4","0.14553695433985"
"RP11-269G24.6","0.147861673382501"
"RP11-269M20.3","0.147021982863955"
"RP11-26J3.1","0.147021982863955"
"RP11-26J3.4","0.147603427807741"
"RP11-26L20.3","0.147459457721192"
"RP11-26L20.4","0.145579319485589"
"RP11-26M5.3","0.146883618281131"
"RP11-26N15.2","0.149437628088527"
"RP11-26P13.2","0.148099303824975"
"RP11-270M14.4","0.147201345478126"
"RP11-271C24.2","0.146334313345863"
"RP11-271F18.1","0.145788639597254"
"RP11-271F18.4","0.144341133502319"
"RP11-271M24.2","0.144450900025706"
"RP11-272B17.1","0.146660186355336"
"RP11-272B17.2","0.149056109946365"
"RP11-272D12.2","0.14529328094159"
"RP11-272L13.3","0.145920400706484"
"RP11-273B19.2","0.148993469373252"
"RP11-273B20.1","0.146883618281131"
"RP11-273B20.3","0.146883618281131"
"RP11-273G15.2","0.146227781409502"
"RP11-274B18.4","0.146828274773021"
"RP11-274B21.10","0.147105817745599"
"RP11-274B21.9","0.144728358911808"
"RP11-274H2.3","0.14888360299178"
"RP11-274H24.1","0.144525264363973"
"RP11-274J16.5","0.14553695433985"
"RP11-274M17.3","0.14529328094159"
"RP11-275E15.2","0.146828274773021"
"RP11-275H4.1","0.145788639597254"
"RP11-275I14.4","0.14553695433985"
"RP11-275I4.1","0.149092344033117"
"RP11-275I4.2","0.146883618281131"
"RP11-276E15.4","0.147861673382501"
"RP11-276E17.2","0.147280551725615"
"RP11-276H1.3","0.149056109946365"
"RP11-276H19.2","0.146660186355336"
"RP11-276H7.2","0.146828274773021"
"RP11-276H7.3","0.147608922819195"
"RP11-276M12.1","0.145697966819663"
"RP11-277A4.4","0.148389868143734"
"RP11-277B15.3","0.146705749174818"
"RP11-277P12.10","0.148099303824975"
"RP11-277P12.20","0.147108904292905"
"RP11-277P12.6","0.145920400706484"
"RP11-277P12.9","0.147075411930103"
"RP11-278A23.1","0.14815900181256"
"RP11-278A23.4","0.146828274773021"
"RP11-278C7.4","0.147021982863955"
"RP11-278H7.1","0.147021982863955"
"RP11-278H7.4","0.145788639597254"
"RP11-278I4.2","0.144465786584735"
"RP11-278L15.2","0.146828274773021"
"RP11-279F6.2","0.147021982863955"
"RP11-279N8.1","0.145920400706484"
"RP11-279O17.1","0.147650360284208"
"RP11-279O9.4","0.149056109946365"
"RP11-27G14.4","0.147459457721192"
"RP11-27G24.1","0.147108904292905"
"RP11-27K13.3","0.144341133502319"
"RP11-27M24.1","0.147021982863955"
"RP11-27M9.1","0.147861673382501"
"RP11-280G9.1","0.148993469373252"
"RP11-280O1.2","0.145341305936577"
"RP11-281A20.1","0.149085801503796"
"RP11-281A20.2","0.145341305936577"
"RP11-281N10.1","0.144623293046223"
"RP11-281O15.4","0.147280551725615"
"RP11-281O15.8","0.147108904292905"
"RP11-281P23.1","0.147021982863955"
"RP11-281P23.2","0.147589265127684"
"RP11-282A11.3","0.146883618281131"
"RP11-282A11.4","0.147075411930103"
"RP11-282C5.1","0.147406681691779"
"RP11-282I1.1","0.147075411930103"
"RP11-282O18.3","0.147201345478126"
"RP11-282O18.7","0.148650866678076"
"RP11-283C24.1","0.149056109946365"
"RP11-283G6.3","0.149076245156275"
"RP11-283G6.4","0.144465786584735"
"RP11-283G6.5","0.147201345478126"
"RP11-283G6.6","0.145428615769395"
"RP11-283I3.2","0.144623293046223"
"RP11-284A20.2","0.145920400706484"
"RP11-284A20.3","0.14653971069502"
"RP11-284F21.10","0.145920400706484"
"RP11-284F21.11","0.147021982863955"
"RP11-284F21.7","0.14653971069502"
"RP11-284F21.8","0.14888360299178"
"RP11-284F21.9","0.145697966819663"
"RP11-284G10.1","0.148650866678076"
"RP11-284H18.1","0.149076245156275"
"RP11-284H19.1","0.147201345478126"
"RP11-284J1.1","0.148318829451158"
"RP11-284M14.1","0.147108904292905"
"RP11-284N8.3","0.148099303824975"
"RP11-285A1.1","0.146334313345863"
"RP11-285E23.2","0.14815900181256"
"RP11-285E9.5","0.147459457721192"
"RP11-285E9.6","0.148389868143734"
"RP11-285F16.1","0.145204597448978"
"RP11-285F7.2","0.147201345478126"
"RP11-285G1.2","0.144465786584735"
"RP11-285G1.9","0.147075411930103"
"RP11-285J16.1","0.148099303824975"
"RP11-285M22.1","0.147075411930103"
"RP11-286B14.1","0.147406681691779"
"RP11-286B14.2","0.146883618281131"
"RP11-286E11.1","0.149076245156275"
"RP11-286E11.2","0.14553695433985"
"RP11-286H15.1","0.146207837285581"
"RP11-286N22.8","0.146828274773021"
"RP11-286N3.1","0.146705749174818"
"RP11-286N3.2","0.145338972241645"
"RP11-286O18.1","0.147406681691779"
"RP11-287D1.2","0.144525264363973"
"RP11-287D1.3","0.149651236905977"
"RP11-287D1.4","0.145316266270577"
"RP11-287F9.2","0.148217210217229"
"RP11-288I21.1","0.145788639597254"
"RP11-288L9.1","0.14553695433985"
"RP11-288L9.4","0.149167972276175"
"RP11-289F5.1","0.149056109946365"
"RP11-289H16.1","0.149076245156275"
"RP11-28G8.1","0.147406681691779"
"RP11-28H5.2","0.146705749174818"
"RP11-290C10.1","0.148099303824975"
"RP11-290D2.3","0.14475472939141"
"RP11-290D2.6","0.146207837285581"
"RP11-290F24.6","0.145316266270577"
"RP11-290F5.1","0.147861673382501"
"RP11-290F5.2","0.148362342702921"
"RP11-290H9.2","0.147021982863955"
"RP11-290H9.5","0.147650360284208"
"RP11-290K4.2","0.149056109946365"
"RP11-290L1.2","0.148318829451158"
"RP11-290L1.3","0.145316266270577"
"RP11-290L1.5","0.145920400706484"
"RP11-290M5.2","0.14418146466328"
"RP11-290M5.4","0.145902799765163"
"RP11-290O12.2","0.147589265127684"
"RP11-291B21.2","0.145920400706484"
"RP11-291L22.4","0.145341305936577"
"RP11-292E2.1","0.14529328094159"
"RP11-292E2.4","0.147459457721192"
"RP11-293A10.3","0.147406681691779"
"RP11-293A21.1","0.147108904292905"
"RP11-293E1.2","0.147589265127684"
"RP11-293M10.1","0.147021982863955"
"RP11-293M10.2","0.146705749174818"
"RP11-293M10.6","0.149085801503796"
"RP11-293P20.2","0.146169783896278"
"RP11-294C11.2","0.148318829451158"
"RP11-294C11.5","0.147108904292905"
"RP11-294J22.6","0.145428615769395"
"RP11-294N21.3","0.147108904292905"
"RP11-295G20.2","0.146705749174818"
"RP11-295H24.4","0.148389868143734"
"RP11-295I5.3","0.149893599837687"
"RP11-295I5.4","0.147459457721192"
"RP11-295K2.3","0.147108904292905"
"RP11-295K3.1","0.148217210217229"
"RP11-295M18.6","0.148318829451158"
"RP11-295M3.4","0.146883618281131"
"RP11-295P9.12","0.147650360284208"
"RP11-295P9.13","0.147650360284208"
"RP11-295P9.6","0.14815900181256"
"RP11-296A16.1","0.147201345478126"
"RP11-296A18.6","0.145920400706484"
"RP11-296I10.3","0.146207837285581"
"RP11-296K13.4","0.148650866678076"
"RP11-296L22.8","0.147650360284208"
"RP11-296O14.3","0.147406681691779"
"RP11-297A16.2","0.148650866678076"
"RP11-297A16.4","0.145428615769395"
"RP11-297B17.3","0.146705749174818"
"RP11-297C4.1","0.14553695433985"
"RP11-297C4.2","0.146828274773021"
"RP11-297C4.3","0.14653971069502"
"RP11-297D21.2","0.146310909139433"
"RP11-297D21.4","0.147075411930103"
"RP11-297H3.3","0.143986362004767"
"RP11-297J22.1","0.145579319485589"
"RP11-297K8.2","0.147861673382501"
"RP11-297L17.2","0.147861673382501"
"RP11-297M9.1","0.146705749174818"
"RP11-297N6.4","0.147021982863955"
"RP11-297P16.3","0.148389868143734"
"RP11-297P16.4","0.146883618281131"
"RP11-298D21.1","0.148099303824975"
"RP11-298E2.2","0.147108904292905"
"RP11-298E9.5","0.149056109946365"
"RP11-298H24.1","0.145000515998512"
"RP11-298I3.1","0.145316266270577"
"RP11-298I3.4","0.145579319485589"
"RP11-298J20.3","0.146660186355336"
"RP11-298J23.5","0.146334313345863"
"RP11-298J23.8","0.147459457721192"
"RP11-298O21.2","0.147108904292905"
"RP11-298O21.3","0.14475472939141"
"RP11-298O21.6","0.147406681691779"
"RP11-299D14.2","0.149562643101823"
"RP11-299G20.2","0.147201345478126"
"RP11-299H21.1","0.146334313345863"
"RP11-299H22.1","0.147108904292905"
"RP11-299J3.8","0.143875838864027"
"RP11-299L17.3","0.147075411930103"
"RP11-299P2.2","0.146828274773021"
"RP11-29B2.6","0.146334313345863"
"RP11-29B9.1","0.147589265127684"
"RP11-29B9.2","0.14888360299178"
"RP11-29H23.4","0.145341305936577"
"RP11-2A4.4","0.147650360284208"
"RP11-2B6.2","0.147108904292905"
"RP11-2B6.3","0.147280551725615"
"RP11-2C15.1","0.147406681691779"
"RP11-2C24.7","0.147021982863955"
"RP11-2C24.9","0.146207837285581"
"RP11-2C7.1","0.146883618281131"
"RP11-2E11.5","0.146207837285581"
"RP11-2E11.6","0.149562643101823"
"RP11-2E11.9","0.145341305936577"
"RP11-2E17.2","0.147280551725615"
"RP11-2G1.1","0.143434893946155"
"RP11-2H3.6","0.148318829451158"
"RP11-2H8.2","0.146828274773021"
"RP11-2I17.4","0.148650866678076"
"RP11-2L8.1","0.146660186355336"
"RP11-2N1.2","0.147075411930103"
"RP11-2N1.3","0.14888360299178"
"RP11-2O17.2","0.144728358911808"
"RP11-300A12.2","0.147108904292905"
"RP11-300E4.2","0.148650866678076"
"RP11-300J18.2","0.148389868143734"
"RP11-300M24.1","0.145697966819663"
"RP11-301G19.1","0.14815900181256"
"RP11-301G7.1","0.145000515998512"
"RP11-301L8.2","0.147075411930103"
"RP11-301O19.1","0.14961298837126"
"RP11-302B13.5","0.147021982863955"
"RP11-302F12.10","0.147861673382501"
"RP11-302F12.3","0.147108904292905"
"RP11-302L19.1","0.149076245156275"
"RP11-302L19.3","0.147021982863955"
"RP11-302M6.5","0.149630285950763"
"RP11-303E16.3","0.147406681691779"
"RP11-303E16.5","0.14888360299178"
"RP11-303E16.6","0.145697966819663"
"RP11-303E16.7","0.145428615769395"
"RP11-304C12.3","0.145920400706484"
"RP11-304C12.5","0.149261708765417"
"RP11-304F15.3","0.145920400706484"
"RP11-304F15.4","0.146334313345863"
"RP11-304F15.6","0.14553695433985"
"RP11-304F15.7","0.148650866678076"
"RP11-304L19.11","0.147280551725615"
"RP11-304L19.12","0.147459457721192"
"RP11-304L19.13","0.146660186355336"
"RP11-304L19.2","0.147406681691779"
"RP11-304L19.8","0.147459457721192"
"RP11-304M2.5","0.149092344033117"
"RP11-305A4.3","0.147861673382501"
"RP11-305D15.8","0.149167972276175"
"RP11-305F18.1","0.149261708765417"
"RP11-305K5.1","0.148389868143734"
"RP11-305L7.1","0.145341305936577"
"RP11-305L7.3","0.147201345478126"
"RP11-305L7.6","0.147075411930103"
"RP11-305L7.7","0.149085801503796"
"RP11-305O4.3","0.146334313345863"
"RP11-305P14.1","0.147075411930103"
"RP11-305P22.9","0.148389868143734"
"RP11-306G20.1","0.148318829451158"
"RP11-306I1.2","0.146883618281131"
"RP11-306O13.1","0.149076245156275"
"RP11-307B6.3","0.14653971069502"
"RP11-307C12.11","0.149437628088527"
"RP11-307C12.12","0.148099303824975"
"RP11-307C12.13","0.146334313345863"
"RP11-307C18.1","0.14553695433985"
"RP11-307C19.1","0.147589265127684"
"RP11-307C19.2","0.147608922819195"
"RP11-307E17.8","0.14653971069502"
"RP11-307L14.1","0.147108904292905"
"RP11-307L14.2","0.149167972276175"
"RP11-307L3.4","0.147589265127684"
"RP11-307N16.6","0.147406681691779"
"RP11-307O10.1","0.147021982863955"
"RP11-307O13.1","0.149076245156275"
"RP11-307P5.1","0.148099303824975"
"RP11-308B16.2","0.145428615769395"
"RP11-308B5.2","0.149562643101823"
"RP11-308D13.3","0.147280551725615"
"RP11-308N19.1","0.14815900181256"
"RP11-309H21.3","0.149651236905977"
"RP11-309L24.10","0.147650360284208"
"RP11-309L24.4","0.147650360284208"
"RP11-309M23.1","0.146705749174818"
"RP11-309M7.1","0.146883618281131"
"RP11-309N24.1","0.148650866678076"
"RP11-30G13.1","0.144425014977566"
"RP11-30G8.2","0.148389868143734"
"RP11-30J20.1","0.147280551725615"
"RP11-30K9.5","0.145204597448978"
"RP11-30K9.6","0.14815900181256"
"RP11-30L15.6","0.148389868143734"
"RP11-30L3.2","0.148318829451158"
"RP11-30O15.1","0.148217210217229"
"RP11-30P6.6","0.149056109946365"
"RP11-310E22.4","0.149092344033117"
"RP11-310E22.5","0.146705749174818"
"RP11-310H4.1","0.146334313345863"
"RP11-310H4.3","0.149076245156275"
"RP11-310N16.1","0.146883618281131"
"RP11-310P5.1","0.145697966819663"
"RP11-311F12.1","0.14888360299178"
"RP11-311F12.2","0.149076245156275"
"RP11-312B8.1","0.149092344033117"
"RP11-312J18.6","0.147201345478126"
"RP11-313A24.1","0.148217210217229"
"RP11-313D6.3","0.148650866678076"
"RP11-313E19.2","0.146334313345863"
"RP11-313F23.4","0.147108904292905"
"RP11-313I2.11","0.146310909139433"
"RP11-313P13.5","0.149562643101823"
"RP11-313P18.2","0.149056109946365"
"RP11-313P22.1","0.147021982863955"
"RP11-314A20.2","0.147108904292905"
"RP11-314A20.5","0.148993469373252"
"RP11-314B1.2","0.149437628088527"
"RP11-314C16.1","0.148650866678076"
"RP11-314C9.2","0.146207837285581"
"RP11-314M24.1","0.146705749174818"
"RP11-314N13.10","0.147108904292905"
"RP11-314N13.3","0.14961298837126"
"RP11-314N14.1","0.14758377011623"
"RP11-314P15.2","0.145000515998512"
"RP11-315A16.1","0.148650866678076"
"RP11-315D16.2","0.148299786539668"
"RP11-315D16.4","0.147459457721192"
"RP11-315E17.1","0.146828274773021"
"RP11-315I20.1","0.145316266270577"
"RP11-315I20.3","0.145579319485589"
"RP11-315L6.1","0.148650866678076"
"RP11-315O6.1","0.148993469373252"
"RP11-315O6.2","0.147201345478126"
"RP11-316A16.1","0.146660186355336"
"RP11-316I3.2","0.149533885558213"
"RP11-316M1.12","0.147589265127684"
"RP11-316M1.3","0.149056109946365"
"RP11-316M20.1","0.147108904292905"
"RP11-316M21.6","0.147459457721192"
"RP11-316M21.7","0.149076245156275"
"RP11-316O14.1","0.14653971069502"
"RP11-317G6.1","0.147280551725615"
"RP11-317J19.1","0.147108904292905"
"RP11-317L10.1","0.149533885558213"
"RP11-317N12.1","0.147280551725615"
"RP11-317N8.3","0.148217210217229"
"RP11-317N8.5","0.147108904292905"
"RP11-317P15.4","0.147021982863955"
"RP11-318A15.2","0.148217210217229"
"RP11-318A15.7","0.147075411930103"
"RP11-318A15.8","0.14653971069502"
"RP11-318C2.1","0.145428615769395"
"RP11-318C24.2","0.149085801503796"
"RP11-318E3.9","0.146169783896278"
"RP11-318G21.4","0.145788639597254"
"RP11-318K12.2","0.147589265127684"
"RP11-318M2.3","0.147650360284208"
"RP11-319E12.1","0.149630285950763"
"RP11-319E12.2","0.14888360299178"
"RP11-319E16.1","0.147589265127684"
"RP11-319E16.2","0.147650360284208"
"RP11-319F12.2","0.147406681691779"
"RP11-319G6.1","0.147650360284208"
"RP11-319G6.3","0.149076245156275"
"RP11-31F15.2","0.146334313345863"
"RP11-31K23.2","0.147108904292905"
"RP11-31L22.3","0.146828274773021"
"RP11-320G10.1","0.148993469373252"
"RP11-320G24.1","0.147589265127684"
"RP11-320M16.2","0.149167972276175"
"RP11-320M2.1","0.147650360284208"
"RP11-320N21.1","0.149967439127265"
"RP11-320N21.2","0.146883618281131"
"RP11-320N7.2","0.147459457721192"
"RP11-320P7.2","0.14888360299178"
"RP11-321A17.4","0.146334313345863"
"RP11-321A17.6","0.149437628088527"
"RP11-321C24.1","0.148102542835564"
"RP11-321E2.3","0.14888360299178"
"RP11-321E2.4","0.147406681691779"
"RP11-321F8.4","0.147201345478126"
"RP11-321G12.1","0.148650866678076"
"RP11-321L2.1","0.147108904292905"
"RP11-321M21.3","0.145788639597254"
"RP11-321M21.4","0.148034289324079"
"RP11-321N4.5","0.149630285950763"
"RP11-321P16.1","0.144728358911808"
"RP11-322D14.2","0.149630285950763"
"RP11-322E11.2","0.147459457721192"
"RP11-322E11.5","0.147075411930103"
"RP11-322E11.6","0.147459457721192"
"RP11-322J23.1","0.14888360299178"
"RP11-322N21.2","0.149076245156275"
"RP11-323C15.2","0.145920400706484"
"RP11-323F24.3","0.146334313345863"
"RP11-323I15.5","0.14653971069502"
"RP11-323J4.1","0.14553695433985"
"RP11-323N12.5","0.149085801503796"
"RP11-324D17.1","0.147108904292905"
"RP11-324D17.3","0.148650866678076"
"RP11-324E6.10","0.150970918995225"
"RP11-324E6.6","0.150303042518754"
"RP11-324I22.2","0.145983745467675"
"RP11-324I22.4","0.149076245156275"
"RP11-324J13.2","0.148993469373252"
"RP11-324J3.1","0.149967439127265"
"RP11-324L17.1","0.150527100042392"
"RP11-324O2.3","0.145579319485589"
"RP11-325D15.2","0.147406681691779"
"RP11-325E5.1","0.147861673382501"
"RP11-325F22.2","0.149167972276175"
"RP11-325K19.1","0.146660186355336"
"RP11-325L12.6","0.148993469373252"
"RP11-325L12.7","0.148650866678076"
"RP11-325L7.1","0.147280551725615"
"RP11-325L7.2","0.147459457721192"
"RP11-325N19.3","0.149092344033117"
"RP11-326A13.1","0.147201345478126"
"RP11-326A19.3","0.149630285950763"
"RP11-326A19.4","0.149076245156275"
"RP11-326C3.10","0.149533885558213"
"RP11-326C3.11","0.148102542835564"
"RP11-326C3.12","0.147459457721192"
"RP11-326C3.13","0.148389868143734"
"RP11-326C3.14","0.14553695433985"
"RP11-326C3.15","0.147280551725615"
"RP11-326C3.2","0.149630285950763"
"RP11-326C3.7","0.150527100042392"
"RP11-326E22.1","0.146227781409502"
"RP11-326G21.1","0.146660186355336"
"RP11-326I11.3","0.144525264363973"
"RP11-326I11.4","0.14653971069502"
"RP11-326K13.4","0.14888360299178"
"RP11-326L2.1","0.149437628088527"
"RP11-326N17.2","0.149261708765417"
"RP11-327F22.1","0.148650866678076"
"RP11-327F22.2","0.148650866678076"
"RP11-327F22.4","0.15190645317568"
"RP11-327F22.5","0.147021982863955"
"RP11-327I22.5","0.14888360299178"
"RP11-327J17.2","0.148102542835564"
"RP11-327J17.8","0.151097707449988"
"RP11-327J17.9","0.143986362004767"
"RP11-327L3.3","0.14888360299178"
"RP11-327L9.1","0.146660186355336"
"RP11-327O17.2","0.148389868143734"
"RP11-327P2.5","0.14653971069502"
"RP11-328C8.4","0.146310909139433"
"RP11-328D5.1","0.147650360284208"
"RP11-328J14.1","0.147589265127684"
"RP11-328J2.1","0.14888360299178"
"RP11-328K4.1","0.147459457721192"
"RP11-328P23.4","0.147108904292905"
"RP11-329B9.1","0.146705749174818"
"RP11-329B9.3","0.148650866678076"
"RP11-329B9.4","0.148650866678076"
"RP11-329B9.5","0.14888360299178"
"RP11-329J18.3","0.15167363748857"
"RP11-329N22.1","0.147406681691779"
"RP11-32B5.7","0.144623293046223"
"RP11-32B5.8","0.145788639597254"
"RP11-32D16.1","0.148650866678076"
"RP11-32K4.1","0.149437628088527"
"RP11-330A16.1","0.145920400706484"
"RP11-330M19.1","0.14888360299178"
"RP11-331F9.3","0.149437628088527"
"RP11-331F9.4","0.146207837285581"
"RP11-331K15.1","0.149085801503796"
"RP11-331K21.1","0.148993469373252"
"RP11-332H14.1","0.147021982863955"
"RP11-332H14.2","0.150206327233041"
"RP11-332H18.5","0.15138829767525"
"RP11-332H18.7","0.148102542835564"
"RP11-332J15.1","0.149076245156275"
"RP11-332J15.2","0.145000515998512"
"RP11-332J15.4","0.147650360284208"
"RP11-332K15.1","0.144525264363973"
"RP11-333A23.3","0.149630285950763"
"RP11-333A23.4","0.147589265127684"
"RP11-333B11.1","0.147406681691779"
"RP11-333E1.1","0.149261708765417"
"RP11-333E1.2","0.149167972276175"
"RP11-333I13.1","0.147861673382501"
"RP11-333O1.1","0.149651236905977"
"RP11-334A14.5","0.149036217997874"
"RP11-334A14.8","0.149651236905977"
"RP11-334C17.5","0.147589265127684"
"RP11-334C17.6","0.147021982863955"
"RP11-334E6.10","0.147459457721192"
"RP11-334E6.3","0.147459457721192"
"RP11-334G22.1","0.149651236905977"
"RP11-334J6.6","0.149437628088527"
"RP11-334J6.7","0.148299786539668"
"RP11-335E6.2","0.149089812547096"
"RP11-335E6.3","0.147021982863955"
"RP11-335I12.2","0.148318829451158"
"RP11-335K5.2","0.149092344033117"
"RP11-335L23.4","0.147589265127684"
"RP11-335L23.5","0.147861673382501"
"RP11-335O13.7","0.150206327233041"
"RP11-335O4.3","0.148993469373252"
"RP11-336A10.2","0.146828274773021"
"RP11-336A10.4","0.149630285950763"
"RP11-336A10.5","0.149873422241973"
"RP11-336K24.12","0.148217210217229"
"RP11-336K24.5","0.147201345478126"
"RP11-337A23.6","0.147406681691779"
"RP11-337C18.8","0.14653971069502"
"RP11-337L12.1","0.144623293046223"
"RP11-337N6.1","0.149092344033117"
"RP11-337N6.2","0.148217210217229"
"RP11-338C15.3","0.148299786539668"
"RP11-338C15.5","0.14529328094159"
"RP11-338E21.1","0.145204597448978"
"RP11-338E21.3","0.147021982863955"
"RP11-338H14.1","0.151584884728296"
"RP11-338I21.1","0.148318829451158"
"RP11-338K13.1","0.147201345478126"
"RP11-338K17.8","0.148217210217229"
"RP11-338L22.2","0.149092344033117"
"RP11-338N10.1","0.149056109946365"
"RP11-338N10.2","0.147650360284208"
"RP11-338N10.3","0.147459457721192"
"RP11-339B21.13","0.147650360284208"
"RP11-339D23.1","0.148993469373252"
"RP11-33A14.1","0.149061995614734"
"RP11-33B1.3","0.150099908854524"
"RP11-33B1.4","0.151159212927321"
"RP11-33H15.1","0.146705749174818"
"RP11-33I11.2","0.147861673382501"
"RP11-33N14.3","0.149630285950763"
"RP11-33N14.5","0.149873422241973"
"RP11-33N16.2","0.14961298837126"
"RP11-33O4.1","0.149437628088527"
"RP11-33O4.2","0.147021982863955"
"RP11-340A13.3","0.147650360284208"
"RP11-340E6.1","0.147459457721192"
"RP11-340F14.6","0.147650360284208"
"RP11-340I6.7","0.147459457721192"
"RP11-340I6.8","0.149630285950763"
"RP11-341G23.4","0.146660186355336"
"RP11-341N2.1","0.147861673382501"
"RP11-342A1.1","0.14529328094159"
"RP11-342D11.2","0.147459457721192"
"RP11-342D11.3","0.149650558899573"
"RP11-342D14.1","0.149562643101823"
"RP11-342H21.2","0.147201345478126"
"RP11-342I1.2","0.147075411930103"
"RP11-342K6.1","0.148102542835564"
"RP11-342K6.3","0.147108904292905"
"RP11-342K6.4","0.149056109946365"
"RP11-342M1.3","0.148389868143734"
"RP11-342M3.1","0.147459457721192"
"RP11-342M3.5","0.147861673382501"
"RP11-343C2.11","0.147861673382501"
"RP11-343H19.1","0.14653971069502"
"RP11-343H5.6","0.149092344033117"
"RP11-343J18.1","0.148102542835564"
"RP11-343J3.2","0.147108904292905"
"RP11-343K8.3","0.147108904292905"
"RP11-343L5.2","0.149261708765417"
"RP11-343N15.2","0.146310909139433"
"RP11-343P9.1","0.149533885558213"
"RP11-344A16.2","0.147201345478126"
"RP11-344B2.2","0.148318829451158"
"RP11-344B5.2","0.149630285950763"
"RP11-344B5.3","0.14653971069502"
"RP11-344B5.4","0.148217210217229"
"RP11-344E13.4","0.148217210217229"
"RP11-344F13.1","0.147459457721192"
"RP11-344N10.2","0.14738942471077"
"RP11-344N10.5","0.147589265127684"
"RP11-344P13.4","0.147201345478126"
"RP11-344P13.6","0.149085801503796"
"RP11-345F18.1","0.145697966819663"
"RP11-345J4.3","0.147280551725615"
"RP11-345J4.5","0.148389868143734"
"RP11-345P4.10","0.148102542835564"
"RP11-345P4.7","0.147021982863955"
"RP11-345P4.9","0.149092344033117"
"RP11-346C20.3","0.148318829451158"
"RP11-346C20.4","0.146883618281131"
"RP11-346C4.3","0.147108904292905"
"RP11-346D14.1","0.149261708765417"
"RP11-346D19.1","0.149167972276175"
"RP11-346L1.2","0.14961298837126"
"RP11-347C12.1","0.144623293046223"
"RP11-347C12.10","0.145697966819663"
"RP11-347C12.11","0.149437628088527"
"RP11-347C12.3","0.148102542835564"
"RP11-347C18.5","0.148318829451158"
"RP11-347I19.7","0.147021982863955"
"RP11-347I19.8","0.146660186355336"
"RP11-347J14.7","0.148318829451158"
"RP11-347P5.1","0.148389868143734"
"RP11-348F1.2","0.14529328094159"
"RP11-348F1.3","0.149085801503796"
"RP11-348H3.8","0.149893599837687"
"RP11-348J12.2","0.147021982863955"
"RP11-348J24.1","0.147459457721192"
"RP11-348J24.2","0.146883618281131"
"RP11-348N5.7","0.147459457721192"
"RP11-348N5.9","0.147021982863955"
"RP11-348P10.2","0.147075411930103"
"RP11-349A8.3","0.147650360284208"
"RP11-349E4.1","0.145697966819663"
"RP11-34A14.3","0.149167972276175"
"RP11-34C15.2","0.149437628088527"
"RP11-34D15.2","0.149056109946365"
"RP11-34F13.2","0.148389868143734"
"RP11-34P13.3","0.149893599837687"
"RP11-34P13.7","0.148318829451158"
"RP11-34P13.8","0.146883618281131"
"RP11-34P13.9","0.149076245156275"
"RP11-350D17.2","0.149056109946365"
"RP11-350G24.1","0.14888360299178"
"RP11-350G8.5","0.147108904292905"
"RP11-350G8.9","0.147459457721192"
"RP11-350J20.12","0.147201345478126"
"RP11-350J20.5","0.14961298837126"
"RP11-350N15.3","0.148993469373252"
"RP11-350N15.4","0.147280551725615"
"RP11-350N15.5","0.147589265127684"
"RP11-350N15.6","0.149167972276175"
"RP11-351A11.1","0.148389868143734"
"RP11-351D16.3","0.146705749174818"
"RP11-351E7.1","0.149873422241973"
"RP11-351I21.11","0.148650866678076"
"RP11-351I24.1","0.145788639597254"
"RP11-351J23.1","0.149562643101823"
"RP11-351M16.3","0.147280551725615"
"RP11-351M16.4","0.148119337795392"
"RP11-351M8.1","0.149562643101823"
"RP11-351M8.2","0.147021982863955"
"RP11-351O2.1","0.147280551725615"
"RP11-352B15.2","0.149893599837687"
"RP11-352D13.5","0.147980311773469"
"RP11-352D13.6","0.147589265127684"
"RP11-352D3.2","0.148217210217229"
"RP11-352G18.2","0.147650360284208"
"RP11-352G9.1","0.149261708765417"
"RP11-352M15.1","0.148119337795392"
"RP11-352M15.2","0.147980311773469"
"RP11-353K11.1","0.14888360299178"
"RP11-353M9.1","0.147201345478126"
"RP11-353N14.1","0.149056109946365"
"RP11-353N14.2","0.146705749174818"
"RP11-353N14.3","0.149085801503796"
"RP11-353N14.4","0.147589265127684"
"RP11-353N14.5","0.149967439127265"
"RP11-353N14.7","0.150099908854524"
"RP11-353N4.5","0.147459457721192"
"RP11-353N4.6","0.147980311773469"
"RP11-354A14.1","0.14961298837126"
"RP11-354E11.2","0.150206327233041"
"RP11-354H21.1","0.149076245156275"
"RP11-354K1.1","0.149167972276175"
"RP11-354K1.2","0.147861673382501"
"RP11-354K4.2","0.146334313345863"
"RP11-354M1.2","0.149085801503796"
"RP11-354M20.3","0.148389868143734"
"RP11-354P11.2","0.14961298837126"
"RP11-354P11.3","0.146883618281131"
"RP11-354P11.4","0.149085801503796"
"RP11-354P11.8","0.146883618281131"
"RP11-354P17.15","0.147406681691779"
"RP11-355B11.2","0.145920400706484"
"RP11-355E10.1","0.145788639597254"
"RP11-355F16.1","0.144623293046223"
"RP11-355F22.1","0.149630285950763"
"RP11-355N15.1","0.145510373947918"
"RP11-356C4.3","0.147074924202353"
"RP11-356C4.5","0.147108904292905"
"RP11-356I2.1","0.148299786539668"
"RP11-356I2.4","0.145788639597254"
"RP11-356J5.12","0.149092344033117"
"RP11-356J5.13","0.148389868143734"
"RP11-356J5.4","0.147589265127684"
"RP11-356K23.1","0.147074924202353"
"RP11-356K23.2","0.148389868143734"
"RP11-356N1.2","0.146828274773021"
"RP11-356O9.1","0.14888360299178"
"RP11-356O9.2","0.146828274773021"
"RP11-357F12.1","0.149092344033117"
"RP11-357H14.17","0.149167972276175"
"RP11-357K6.1","0.147861673382501"
"RP11-357N13.2","0.146828274773021"
"RP11-357N13.3","0.146828274773021"
"RP11-357P18.2","0.147021982863955"
"RP11-358B23.1","0.148650866678076"
"RP11-358B23.5","0.148993469373252"
"RP11-358H9.1","0.146207837285581"
"RP11-358M14.2","0.145788639597254"
"RP11-358N2.2","0.147861673382501"
"RP11-359B12.2","0.147201345478126"
"RP11-359D14.2","0.148299786539668"
"RP11-359D14.3","0.147980311773469"
"RP11-359D24.1","0.148650866678076"
"RP11-359E10.1","0.147078335901492"
"RP11-359E19.2","0.146828274773021"
"RP11-359E3.4","0.145341305936577"
"RP11-359G22.2","0.147016126553829"
"RP11-359G22.4","0.149056109946365"
"RP11-359I18.5","0.147980311773469"
"RP11-359J14.2","0.149085801503796"
"RP11-359K18.3","0.147650360284208"
"RP11-359M6.1","0.149076245156275"
"RP11-359N11.1","0.148650866678076"
"RP11-359P5.1","0.147980311773469"
"RP11-35G22.1","0.149810470769181"
"RP11-35G9.3","0.146705749174818"
"RP11-35G9.5","0.146334313345863"
"RP11-35J1.2","0.147650360284208"
"RP11-35J10.4","0.149810470769181"
"RP11-35J10.5","0.149085801503796"
"RP11-35J23.1","0.146310909139433"
"RP11-35L17.3","0.147108904292905"
"RP11-35O15.1","0.149810470769181"
"RP11-35O7.1","0.149056109946365"
"RP11-35P15.1","0.149533885558213"
"RP11-360A18.1","0.147078335901492"
"RP11-360F5.1","0.149167972276175"
"RP11-360F5.3","0.151512850387207"
"RP11-360I2.1","0.147280551725615"
"RP11-360K13.1","0.147589265127684"
"RP11-360L9.4","0.146705749174818"
"RP11-360L9.7","0.149261708765417"
"RP11-360L9.8","0.147406681691779"
"RP11-360O19.4","0.147280551725615"
"RP11-360P21.2","0.14888360299178"
"RP11-361D15.2","0.147459457721192"
"RP11-362A1.1","0.145316266270577"
"RP11-362A9.3","0.149085801503796"
"RP11-362F19.1","0.146207837285581"
"RP11-362F19.3","0.148119337795392"
"RP11-362J17.1","0.147074924202353"
"RP11-362K14.5","0.146334313345863"
"RP11-362K14.6","0.146207837285581"
"RP11-362K14.7","0.148119337795392"
"RP11-362K2.2","0.146593582368408"
"RP11-363D14.1","0.147108904292905"
"RP11-363E6.3","0.145920400706484"
"RP11-363E6.4","0.145788639597254"
"RP11-363J17.1","0.149630285950763"
"RP11-363J20.1","0.148299786539668"
"RP11-363J20.2","0.14888360299178"
"RP11-363N22.2","0.146705749174818"
"RP11-364P22.1","0.147201345478126"
"RP11-365H22.2","0.147861673382501"
"RP11-365N19.2","0.146334313345863"
"RP11-365O16.6","0.149261708765417"
"RP11-365P13.5","0.147021982863955"
"RP11-366F6.2","0.149085801503796"
"RP11-366H4.1","0.146883618281131"
"RP11-366H4.3","0.148119337795392"
"RP11-366L20.2","0.149167972276175"
"RP11-366L5.1","0.148389868143734"
"RP11-367F23.2","0.14888360299178"
"RP11-367G18.1","0.145316266270577"
"RP11-367G6.3","0.147980311773469"
"RP11-367H1.1","0.145788639597254"
"RP11-367J11.2","0.148299786539668"
"RP11-367J11.3","0.146819072908015"
"RP11-367J7.3","0.146334313345863"
"RP11-367N14.2","0.149167972276175"
"RP11-367N14.3","0.149167972276175"
"RP11-368I23.2","0.149167972276175"
"RP11-368I23.3","0.145788639597254"
"RP11-368I23.4","0.147650360284208"
"RP11-368I7.4","0.147861673382501"
"RP11-368I7.6","0.146207837285581"
"RP11-368L12.1","0.147650360284208"
"RP11-368P15.3","0.146883618281131"
"RP11-369C8.1","0.14475472939141"
"RP11-369E15.2","0.149533885558213"
"RP11-369E15.3","0.146207837285581"
"RP11-369E15.4","0.148299786539668"
"RP11-369J9.1","0.147021982863955"
"RP11-369K17.1","0.148389868143734"
"RP11-36B15.1","0.147589265127684"
"RP11-36B6.1","0.145788639597254"
"RP11-370A5.1","0.147459457721192"
"RP11-370B11.3","0.146593582368408"
"RP11-370F5.4","0.147980311773469"
"RP11-370I10.10","0.148993469373252"
"RP11-370I10.11","0.146593582368408"
"RP11-370I10.12","0.147589265127684"
"RP11-370I10.6","0.146334313345863"
"RP11-370P15.2","0.147280551725615"
"RP11-371A19.2","0.147074924202353"
"RP11-371E8.4","0.146819072908015"
"RP11-371F15.3","0.149261708765417"
"RP11-372E1.4","0.147280551725615"
"RP11-372H2.1","0.149056109946365"
"RP11-372K14.2","0.149085801503796"
"RP11-372M18.2","0.147406681691779"
"RP11-373D23.3","0.146207837285581"
"RP11-373I8.1","0.147078335901492"
"RP11-373N22.3","0.144623293046223"
"RP11-374A4.1","0.147650360284208"
"RP11-374M1.3","0.147459457721192"
"RP11-374M1.4","0.147021982863955"
"RP11-374M1.5","0.146819072908015"
"RP11-374P20.4","0.14475472939141"
"RP11-375A5.1","0.145920400706484"
"RP11-375D13.4","0.145920400706484"
"RP11-375H17.1","0.147459457721192"
"RP11-375H19.2","0.147650360284208"
"RP11-375I20.6","0.147589265127684"
"RP11-375N15.2","0.147108904292905"
"RP11-375O18.2","0.147074924202353"
"RP11-377D9.3","0.149236945022542"
"RP11-377G16.2","0.145920400706484"
"RP11-378A12.1","0.146587996980034"
"RP11-378A13.2","0.145316266270577"
"RP11-378E13.4","0.148119337795392"
"RP11-378I13.1","0.14961298837126"
"RP11-378I6.1","0.145697966819663"
"RP11-378J18.8","0.147078335901492"
"RP11-378J18.9","0.148119337795392"
"RP11-379B18.6","0.149437628088527"
"RP11-379B8.1","0.145341305936577"
"RP11-379C10.1","0.146938229477413"
"RP11-379C10.4","0.149076245156275"
"RP11-379F12.3","0.146938229477413"
"RP11-379F12.4","0.146938229477413"
"RP11-379F4.4","0.148993469373252"
"RP11-379F4.6","0.147108904292905"
"RP11-379F4.7","0.148119337795392"
"RP11-379F4.9","0.146310909139433"
"RP11-379H18.1","0.149085801503796"
"RP11-379I19.3","0.14529328094159"
"RP11-379J5.5","0.146334313345863"
"RP11-379K17.12","0.146819072908015"
"RP11-379K17.4","0.147074924202353"
"RP11-379K22.2","0.148389868143734"
"RP11-379K22.3","0.14529328094159"
"RP11-37B2.1","0.146334313345863"
"RP11-37C7.3","0.149085801503796"
"RP11-37L2.1","0.147201345478126"
"RP11-37N22.1","0.149085801503796"
"RP11-380B4.3","0.146593582368408"
"RP11-380D11.2","0.147038234492674"
"RP11-380D15.3","0.14888360299178"
"RP11-380D23.1","0.146938229477413"
"RP11-380D23.2","0.146883618281131"
"RP11-380F14.2","0.148389868143734"
"RP11-380I10.4","0.145579319485589"
"RP11-380J14.1","0.149167972276175"
"RP11-380J14.4","0.14529328094159"
"RP11-380L11.4","0.14888360299178"
"RP11-380M21.4","0.145341305936577"
"RP11-380N8.7","0.147038234492674"
"RP11-380O24.1","0.147855120818664"
"RP11-381K20.2","0.147855120818664"
"RP11-381K20.4","0.147459457721192"
"RP11-381N20.1","0.147201345478126"
"RP11-381N20.2","0.147201345478126"
"RP11-381O7.3","0.145920400706484"
"RP11-381P6.1","0.149261708765417"
"RP11-382A20.3","0.146938229477413"
"RP11-382A20.4","0.144516636014593"
"RP11-382A20.5","0.149092344033117"
"RP11-382A20.7","0.144341133502319"
"RP11-382D12.2","0.148119337795392"
"RP11-383B4.4","0.14888360299178"
"RP11-383C6.2","0.149076245156275"
"RP11-383G10.5","0.147108904292905"
"RP11-383I23.2","0.147406681691779"
"RP11-383J24.1","0.147280551725615"
"RP11-383M4.6","0.146310909139433"
"RP11-384C4.7","0.147074924202353"
"RP11-384F7.1","0.148993469373252"
"RP11-384F7.2","0.14418146466328"
"RP11-384J4.2","0.146207837285581"
"RP11-384K6.8","0.148993469373252"
"RP11-384M15.3","0.149076245156275"
"RP11-384O8.1","0.146207837285581"
"RP11-384P7.5","0.145341305936577"
"RP11-384P7.7","0.146593582368408"
"RP11-385D13.1","0.147855120818664"
"RP11-385D13.3","0.147038234492674"
"RP11-385E5.5","0.145510373947918"
"RP11-385F5.4","0.147980311773469"
"RP11-385F5.5","0.143574906012327"
"RP11-385F7.1","0.143323021282109"
"RP11-385J1.3","0.145510373947918"
"RP11-385M4.1","0.149167972276175"
"RP11-386D6.1","0.147074924202353"
"RP11-386D6.2","0.144623293046223"
"RP11-386G11.10","0.145204597448978"
"RP11-386G11.3","0.148389868143734"
"RP11-386G11.5","0.144044970601502"
"RP11-386G11.8","0.146593582368408"
"RP11-386G21.2","0.144516636014593"
"RP11-386I14.4","0.147074924202353"
"RP11-386I8.6","0.147038234492674"
"RP11-386M24.10","0.145579319485589"
"RP11-386M24.9","0.146310909139433"
"RP11-387A1.5","0.147905505698146"
"RP11-387D10.4","0.14365205162505"
"RP11-387H17.4","0.146883618281131"
"RP11-387H17.6","0.147078335901492"
"RP11-387M24.5","0.146334313345863"
"RP11-388C12.1","0.145579319485589"
"RP11-388G22.1","0.147108904292905"
"RP11-388K12.1","0.146883618281131"
"RP11-388K12.2","0.14529328094159"
"RP11-388K2.1","0.14475472939141"
"RP11-388M20.1","0.148909615258298"
"RP11-388M20.2","0.147074924202353"
"RP11-388M20.6","0.146883618281131"
"RP11-388P9.2","0.146310909139433"
"RP11-388P9.3","0.143755840699383"
"RP11-389G6.3","0.147406681691779"
"RP11-389G6.5","0.146819072908015"
"RP11-38C17.1","0.14888360299178"
"RP11-38F22.1","0.149630285950763"
"RP11-38G5.2","0.147201345478126"
"RP11-38G5.4","0.147280551725615"
"RP11-38H17.1","0.147078335901492"
"RP11-38J22.3","0.145697966819663"
"RP11-38L15.2","0.14475472939141"
"RP11-38L15.3","0.145920400706484"
"RP11-38L15.8","0.145788639597254"
"RP11-38M8.1","0.145204597448978"
"RP11-390B4.3","0.144728358911808"
"RP11-390D11.1","0.147038234492674"
"RP11-390E23.3","0.14418146466328"
"RP11-390E23.6","0.145204597448978"
"RP11-390F4.10","0.143755840699383"
"RP11-390F4.3","0.145920400706484"
"RP11-390F4.6","0.147078335901492"
"RP11-390K5.3","0.146593582368408"
"RP11-390N6.1","0.147038234492674"
"RP11-390P2.4","0.14529328094159"
"RP11-390P24.1","0.148993469373252"
"RP11-391J2.3","0.146593582368408"
"RP11-392B6.1","0.147038234492674"
"RP11-392O1.4","0.146587996980034"
"RP11-392O17.1","0.147406681691779"
"RP11-392O17.2","0.148993469373252"
"RP11-392P7.6","0.146593582368408"
"RP11-392P7.7","0.146593582368408"
"RP11-393I2.4","0.146819072908015"
"RP11-393J16.4","0.146819072908015"
"RP11-393N21.2","0.148299786539668"
"RP11-394A14.4","0.145579319485589"
"RP11-394B2.6","0.14529328094159"
"RP11-394I13.1","0.146819072908015"
"RP11-394I13.2","0.145341305936577"
"RP11-394I13.3","0.145579319485589"
"RP11-394J1.2","0.144516636014593"
"RP11-394O2.3","0.145788639597254"
"RP11-394O4.3","0.145341305936577"
"RP11-394O4.5","0.147074924202353"
"RP11-394O4.6","0.147108904292905"
"RP11-395A13.2","0.14529328094159"
"RP11-395B7.2","0.147201345478126"
"RP11-395B7.4","0.14418146466328"
"RP11-395D3.1","0.148650866678076"
"RP11-395E19.6","0.144623293046223"
"RP11-395G23.3","0.144425014977566"
"RP11-395I14.2","0.143755840699383"
"RP11-395I6.2","0.145316266270577"
"RP11-395L14.3","0.145341305936577"
"RP11-395N3.2","0.145316266270577"
"RP11-395P13.7","0.147078335901492"
"RP11-396B14.2","0.149056109946365"
"RP11-396C23.2","0.145341305936577"
"RP11-396C23.4","0.143986362004767"
"RP11-396F22.1","0.147980311773469"
"RP11-396J6.1","0.147038234492674"
"RP11-396O20.1","0.146310909139433"
"RP11-396O20.2","0.147078335901492"
"RP11-397A16.1","0.146593582368408"
"RP11-397A16.3","0.144728358911808"
"RP11-397G17.1","0.147078335901492"
"RP11-397O8.7","0.145920400706484"
"RP11-398A8.5","0.148650866678076"
"RP11-398C13.6","0.144623293046223"
"RP11-398E10.1","0.147074924202353"
"RP11-398G24.2","0.14418146466328"
"RP11-398H6.1","0.147074924202353"
"RP11-398J10.2","0.146883618281131"
"RP11-398K22.12","0.144425014977566"
"RP11-398M15.1","0.14529328094159"
"RP11-399E6.1","0.147589265127684"
"RP11-399E6.4","0.146819072908015"
"RP11-399H11.2","0.147078335901492"
"RP11-399K21.10","0.145920400706484"
"RP11-399K21.11","0.144623293046223"
"RP11-399K21.13","0.143875838864027"
"RP11-399K21.14","0.144623293046223"
"RP11-39M21.1","0.145316266270577"
"RP11-3B12.2","0.147078335901492"
"RP11-3B12.5","0.146310909139433"
"RP11-3B7.1","0.144728358911808"
"RP11-3D4.2","0.146819072908015"
"RP11-3D4.3","0.147980311773469"
"RP11-3D4.4","0.147201345478126"
"RP11-3G20.2","0.14888360299178"
"RP11-3J1.1","0.147406681691779"
"RP11-3L21.2","0.147605336885603"
"RP11-3L23.2","0.146883618281131"
"RP11-3P17.4","0.147280551725615"
"RP11-3P17.5","0.146334313345863"
"RP11-400D2.2","0.147980311773469"
"RP11-400F19.6","0.149092344033117"
"RP11-400K9.3","0.147855120818664"
"RP11-400K9.4","0.146819072908015"
"RP11-400L8.2","0.147201345478126"
"RP11-400N13.1","0.147038234492674"
"RP11-400N13.2","0.147406681691779"
"RP11-400N13.3","0.146819072908015"
"RP11-400N9.1","0.14894327883725"
"RP11-401F2.3","0.149056109946365"
"RP11-401O9.3","0.149167972276175"
"RP11-401P9.1","0.146207837285581"
"RP11-401P9.4","0.148119337795392"
"RP11-401P9.5","0.147191210206294"
"RP11-401P9.6","0.145510373947918"
"RP11-402D21.2","0.149608433782701"
"RP11-402F9.3","0.147855120818664"
"RP11-402G3.3","0.147459457721192"
"RP11-402G3.5","0.148389868143734"
"RP11-402J6.1","0.145316266270577"
"RP11-402L1.4","0.149167972276175"
"RP11-402L5.1","0.147406681691779"
"RP11-402P6.11","0.147108904292905"
"RP11-403A21.1","0.146593582368408"
"RP11-403A21.3","0.147513168006405"
"RP11-403A3.1","0.146883618281131"
"RP11-403A3.2","0.147406681691779"
"RP11-403A3.3","0.148389868143734"
"RP11-403B2.6","0.144623293046223"
"RP11-403B2.7","0.145697966819663"
"RP11-403I13.5","0.147108904292905"
"RP11-403I13.7","0.145920400706484"
"RP11-403N16.3","0.148119337795392"
"RP11-403P17.3","0.145341305936577"
"RP11-403P17.4","0.149092344033117"
"RP11-403P17.5","0.148389868143734"
"RP11-403P17.6","0.146207837285581"
"RP11-404E16.1","0.145341305936577"
"RP11-404F10.2","0.146593582368408"
"RP11-404H14.1","0.145316266270577"
"RP11-404I7.2","0.145316266270577"
"RP11-404J23.1","0.145697966819663"
"RP11-404L6.2","0.146883618281131"
"RP11-404O13.1","0.146593582368408"
"RP11-404O13.5","0.147074924202353"
"RP11-404P21.3","0.147280551725615"
"RP11-404P21.6","0.145510373947918"
"RP11-404P21.8","0.146207837285581"
"RP11-405A12.2","0.147038234492674"
"RP11-405F3.5","0.147605336885603"
"RP11-405M12.3","0.145920400706484"
"RP11-405M12.4","0.145788639597254"
"RP11-406A20.1","0.146883618281131"
"RP11-406A9.2","0.149167972276175"
"RP11-406D1.2","0.149533885558213"
"RP11-406H21.2","0.148389868143734"
"RP11-406H23.2","0.143627403099505"
"RP11-407A16.3","0.147855120818664"
"RP11-407G23.1","0.147108904292905"
"RP11-407G23.7","0.146334313345863"
"RP11-407H12.8","0.145510373947918"
"RP11-407N17.3","0.147108904292905"
"RP11-407N17.4","0.145920400706484"
"RP11-407N17.5","0.147513168006405"
"RP11-407N8.5","0.146207837285581"
"RP11-407N8.6","0.14888360299178"
"RP11-407P15.2","0.147459457721192"
"RP11-408A13.3","0.147406681691779"
"RP11-408A13.4","0.146819072908015"
"RP11-408B11.2","0.144728358911808"
"RP11-408E5.5","0.148119337795392"
"RP11-408H1.3","0.147855120818664"
"RP11-408H20.3","0.147605336885603"
"RP11-408N14.1","0.149261708765417"
"RP11-408O19.5","0.147078335901492"
"RP11-409I10.2","0.145341305936577"
"RP11-409K20.6","0.148993469373252"
"RP11-40C11.2","0.146334313345863"
"RP11-40E6.2","0.147406681691779"
"RP11-410D17.2","0.145000515998512"
"RP11-410E4.1","0.146334313345863"
"RP11-410K21.2","0.145000515998512"
"RP11-410L14.2","0.145697966819663"
"RP11-410N8.1","0.142865438032639"
"RP11-410N8.3","0.146334313345863"
"RP11-410N8.4","0.146207837285581"
"RP11-411B10.2","0.146819072908015"
"RP11-411B6.6","0.147078335901492"
"RP11-411H5.1","0.148119337795392"
"RP11-411K7.1","0.145788639597254"
"RP11-412B14.1","0.145788639597254"
"RP11-412D9.4","0.145788639597254"
"RP11-412H8.2","0.147038234492674"
"RP11-412H9.2","0.145697966819663"
"RP11-412P11.1","0.146593582368408"
"RP11-413G15.1","0.147280551725615"
"RP11-413H22.2","0.149651236905977"
"RP11-413H22.3","0.147280551725615"
"RP11-413M3.4","0.146334313345863"
"RP11-413P11.1","0.149437628088527"
"RP11-414C23.1","0.14475472939141"
"RP11-414H17.5","0.145316266270577"
"RP11-415A20.1","0.147108904292905"
"RP11-415C15.2","0.144623293046223"
"RP11-415C15.3","0.145510373947918"
"RP11-415D17.3","0.144728358911808"
"RP11-415D17.4","0.146593582368408"
"RP11-415F23.2","0.145510373947918"
"RP11-415F23.3","0.14529328094159"
"RP11-415F23.4","0.14529328094159"
"RP11-415I12.3","0.147108904292905"
"RP11-415J8.3","0.14529328094159"
"RP11-415J8.5","0.146334313345863"
"RP11-415J8.7","0.147459457721192"
"RP11-416I2.1","0.146938229477413"
"RP11-416N2.4","0.14894327883725"
"RP11-416N4.1","0.146207837285581"
"RP11-416N4.4","0.144425014977566"
"RP11-417E7.2","0.145510373947918"
"RP11-417F21.1","0.147078335901492"
"RP11-417F21.2","0.143875838864027"
"RP11-417L19.2","0.145579319485589"
"RP11-417L19.4","0.146310909139433"
"RP11-418H16.1","0.144516636014593"
"RP11-418I22.2","0.144341133502319"
"RP11-418I22.3","0.14475472939141"
"RP11-418J17.1","0.146334313345863"
"RP11-418J17.3","0.14475472939141"
"RP11-419I17.1","0.144341133502319"
"RP11-419J16.1","0.146207837285581"
"RP11-41O4.1","0.146932373167287"
"RP11-41O4.2","0.145788639597254"
"RP11-420A23.1","0.144623293046223"
"RP11-420A6.2","0.146938229477413"
"RP11-420K14.8","0.143755840699383"
"RP11-420K8.1","0.147459457721192"
"RP11-420L9.5","0.146938229477413"
"RP11-420M1.2","0.144341133502319"
"RP11-420N3.2","0.146334313345863"
"RP11-421F16.3","0.145920400706484"
"RP11-421L21.2","0.147280551725615"
"RP11-421L21.3","0.147406681691779"
"RP11-421M1.8","0.147459457721192"
"RP11-422J15.1","0.143487755551232"
"RP11-422N16.3","0.147078335901492"
"RP11-422P24.10","0.145316266270577"
"RP11-422P24.11","0.145122708278611"
"RP11-422P24.12","0.145341305936577"
"RP11-423H2.3","0.146334313345863"
"RP11-423H2.4","0.143574906012327"
"RP11-424G14.1","0.145788639597254"
"RP11-424I19.2","0.147074924202353"
"RP11-424M21.1","0.145579319485589"
"RP11-424M22.3","0.145788639597254"
"RP11-424M24.5","0.144044970601502"
"RP11-424N24.2","0.14529328094159"
"RP11-425A23.1","0.145389492477551"
"RP11-425A6.5","0.145920400706484"
"RP11-425D10.10","0.147108904292905"
"RP11-425D17.1","0.146310909139433"
"RP11-426A6.5","0.145579319485589"
"RP11-426C22.4","0.145204597448978"
"RP11-426C22.5","0.145920400706484"
"RP11-426C22.6","0.146310909139433"
"RP11-426C22.7","0.144516636014593"
"RP11-426C22.8","0.145697966819663"
"RP11-426L16.10","0.145341305936577"
"RP11-426L16.3","0.147074924202353"
"RP11-426L16.9","0.146334313345863"
"RP11-427J23.1","0.143574906012327"
"RP11-427M20.1","0.14529328094159"
"RP11-428C19.4","0.146819072908015"
"RP11-428C19.5","0.143627403099505"
"RP11-428F8.2","0.145316266270577"
"RP11-428G2.1","0.14529328094159"
"RP11-428G5.5","0.144425014977566"
"RP11-428J1.4","0.146819072908015"
"RP11-428J1.5","0.146189728020199"
"RP11-428K3.1","0.145000515998512"
"RP11-428O18.6","0.145341305936577"
"RP11-429A20.4","0.147513168006405"
"RP11-429B14.3","0.146593582368408"
"RP11-429B14.4","0.146334313345863"
"RP11-429E11.2","0.145341305936577"
"RP11-429E11.3","0.147078335901492"
"RP11-429J17.2","0.146819072908015"
"RP11-429J17.4","0.145316266270577"
"RP11-429J17.5","0.145341305936577"
"RP11-429J17.7","0.146819072908015"
"RP11-429J17.8","0.145341305936577"
"RP11-429O1.1","0.146593582368408"
"RP11-429P3.3","0.145697966819663"
"RP11-42A4.1","0.144623293046223"
"RP11-42I10.1","0.147980311773469"
"RP11-42O15.3","0.145579319485589"
"RP11-42O4.2","0.14888360299178"
"RP11-430B1.2","0.14365205162505"
"RP11-430C1.1","0.145920400706484"
"RP11-430C7.4","0.147201345478126"
"RP11-430C7.5","0.146334313345863"
"RP11-430G17.3","0.144044970601502"
"RP11-430H10.1","0.143487755551232"
"RP11-430H10.2","0.147201345478126"
"RP11-431D12.1","0.146207837285581"
"RP11-431J24.2","0.145341305936577"
"RP11-431K24.1","0.142876220324967"
"RP11-431K24.3","0.146334313345863"
"RP11-431K24.4","0.146207837285581"
"RP11-431M3.1","0.147280551725615"
"RP11-431M7.3","0.145523913242569"
"RP11-431N15.2","0.146938229477413"
"RP11-432B6.3","0.146334313345863"
"RP11-432I5.2","0.145389492477551"
"RP11-432I5.4","0.146334313345863"
"RP11-432I5.6","0.145523913242569"
"RP11-432I5.8","0.144623293046223"
"RP11-432J22.2","0.144623293046223"
"RP11-432J24.2","0.145341305936577"
"RP11-432J24.3","0.147038234492674"
"RP11-432J24.5","0.146310909139433"
"RP11-433A10.2","0.145523913242569"
"RP11-433A10.3","0.147074924202353"
"RP11-433C9.2","0.145523913242569"
"RP11-433J20.1","0.145204597448978"
"RP11-433J20.2","0.14418146466328"
"RP11-433J22.3","0.145204597448978"
"RP11-433J8.1","0.145788639597254"
"RP11-433J8.2","0.145204597448978"
"RP11-433M22.2","0.145316266270577"
"RP11-434B12.1","0.147280551725615"
"RP11-434C1.2","0.14529328094159"
"RP11-434D11.4","0.146938229477413"
"RP11-434D12.1","0.146938229477413"
"RP11-434D2.7","0.145920400706484"
"RP11-434D9.1","0.147280551725615"
"RP11-434D9.2","0.145316266270577"
"RP11-434E6.2","0.145579319485589"
"RP11-434E6.4","0.145341305936577"
"RP11-434H14.1","0.145389492477551"
"RP11-434H6.6","0.147605336885603"
"RP11-434H6.7","0.146938229477413"
"RP11-434I12.3","0.147038234492674"
"RP11-434P11.2","0.145920400706484"
"RP11-435D7.3","0.146310909139433"
"RP11-435I10.4","0.145523913242569"
"RP11-435J9.2","0.145316266270577"
"RP11-435O5.2","0.14475472939141"
"RP11-435O5.4","0.146334313345863"
"RP11-435O5.5","0.147074924202353"
"RP11-435O5.6","0.147201345478126"
"RP11-435O5.7","0.145523913242569"
"RP11-436D10.3","0.145697966819663"
"RP11-436D23.1","0.147038234492674"
"RP11-436K8.1","0.145204597448978"
"RP11-437B10.1","0.147038234492674"
"RP11-437F6.1","0.146883618281131"
"RP11-437J19.1","0.14418146466328"
"RP11-438D8.2","0.144425014977566"
"RP11-438F14.3","0.146593582368408"
"RP11-438L19.1","0.143627403099505"
"RP11-439A17.10","0.147038234492674"
"RP11-439A17.9","0.147074924202353"
"RP11-439C15.4","0.145316266270577"
"RP11-439C15.5","0.148389868143734"
"RP11-439C8.1","0.145316266270577"
"RP11-439C8.2","0.145579319485589"
"RP11-439E19.10","0.14475472939141"
"RP11-439E19.7","0.144516636014593"
"RP11-439E19.9","0.147605336885603"
"RP11-439H13.2","0.145920400706484"
"RP11-439H8.4","0.14475472939141"
"RP11-439K3.1","0.145920400706484"
"RP11-439K3.3","0.145204597448978"
"RP11-439L18.1","0.147078335901492"
"RP11-439L18.2","0.146938229477413"
"RP11-439M11.1","0.147074924202353"
"RP11-43A14.2","0.149076245156275"
"RP11-43D2.2","0.14529328094159"
"RP11-43F13.3","0.143627403099505"
"RP11-43F13.4","0.143986362004767"
"RP11-43N5.1","0.145697966819663"
"RP11-440D17.3","0.143986362004767"
"RP11-440D17.4","0.149085801503796"
"RP11-440G5.2","0.145920400706484"
"RP11-440G9.1","0.146207837285581"
"RP11-440I14.2","0.148993469373252"
"RP11-440I14.3","0.146334313345863"
"RP11-440L14.1","0.145697966819663"
"RP11-440L14.3","0.146593582368408"
"RP11-440L14.4","0.147074924202353"
"RP11-441F2.5","0.146334313345863"
"RP11-441O15.3","0.146883618281131"
"RP11-442H21.2","0.145389492477551"
"RP11-442J21.2","0.146310909139433"
"RP11-442N1.2","0.147078335901492"
"RP11-442N24--B.1","0.144728358911808"
"RP11-442O1.3","0.147074924202353"
"RP11-442O1.4","0.14418146466328"
"RP11-442O18.1","0.147038234492674"
"RP11-442O18.2","0.144425014977566"
"RP11-443B20.1","0.145204597448978"
"RP11-443B7.1","0.144623293046223"
"RP11-443B7.2","0.145788639597254"
"RP11-443B7.3","0.146334313345863"
"RP11-443C10.1","0.147513168006405"
"RP11-443N24.2","0.145204597448978"
"RP11-443N24.4","0.145389492477551"
"RP11-443O13.3","0.145338972241645"
"RP11-444D13.1","0.143755840699383"
"RP11-444D3.1","0.145697966819663"
"RP11-444E17.6","0.146819072908015"
"RP11-445F12.1","0.145788639597254"
"RP11-445F12.2","0.144728358911808"
"RP11-445F6.2","0.148996054305385"
"RP11-445K13.2","0.148996054305385"
"RP11-445L13--B.3","0.144623293046223"
"RP11-445L6.3","0.147201345478126"
"RP11-445N18.5","0.145338972241645"
"RP11-445N20.3","0.147605336885603"
"RP11-445O16.3","0.145523913242569"
"RP11-445O3.1","0.146334313345863"
"RP11-445O3.2","0.149085801503796"
"RP11-445O3.3","0.145579319485589"
"RP11-445P17.3","0.146334313345863"
"RP11-445P17.8","0.147406681691779"
"RP11-445P19.3","0.14529328094159"
"RP11-446E24.4","0.146207837285581"
"RP11-446F17.3","0.147038234492674"
"RP11-446F3.2","0.147074924202353"
"RP11-446H18.5","0.14529328094159"
"RP11-446H18.6","0.148941548324179"
"RP11-446J8.1","0.146883618281131"
"RP11-446N19.1","0.143755840699383"
"RP11-447L10.1","0.145920400706484"
"RP11-447M12.2","0.147038234492674"
"RP11-448A19.1","0.144623293046223"
"RP11-448G15.1","0.145788639597254"
"RP11-448G4.4","0.145788639597254"
"RP11-449D8.1","0.146310909139433"
"RP11-449H15.2","0.148996054305385"
"RP11-449H3.3","0.147513168006405"
"RP11-449J1.1","0.145389492477551"
"RP11-449J10.1","0.147406681691779"
"RP11-449J21.5","0.145920400706484"
"RP11-449L23.2","0.14834329979143"
"RP11-449L23.3","0.145697966819663"
"RP11-449P1.1","0.149082890980511"
"RP11-449P15.1","0.144516636014593"
"RP11-449P15.2","0.147074924202353"
"RP11-44B19.1","0.146593582368408"
"RP11-44D19.1","0.147038234492674"
"RP11-44F14.2","0.147074924202353"
"RP11-44F14.8","0.14418146466328"
"RP11-44F21.2","0.143986362004767"
"RP11-44F21.3","0.146207837285581"
"RP11-44F21.5","0.146593582368408"
"RP11-44I10.3","0.145579319485589"
"RP11-44K6.3","0.147507672994951"
"RP11-44K6.4","0.147513168006405"
"RP11-44M6.1","0.146593582368408"
"RP11-44N11.2","0.146883618281131"
"RP11-44N11.3","0.146819072908015"
"RP11-44N12.2","0.146207837285581"
"RP11-44N12.5","0.146207837285581"
"RP11-44N21.1","0.146593582368408"
"RP11-451B8.1","0.146207837285581"
"RP11-451G4.2","0.146593582368408"
"RP11-451G4.3","0.147038234492674"
"RP11-452C13.1","0.145338972241645"
"RP11-452C8.1","0.145389492477551"
"RP11-452D21.1","0.147201345478126"
"RP11-452F19.3","0.144425014977566"
"RP11-452H21.1","0.146938229477413"
"RP11-452H21.2","0.143875838864027"
"RP11-452H21.4","0.146593582368408"
"RP11-452I5.2","0.148119337795392"
"RP11-452K12.4","0.144623293046223"
"RP11-452K12.7","0.144623293046223"
"RP11-452L6.1","0.148996054305385"
"RP11-452L6.5","0.148119337795392"
"RP11-452L6.7","0.146593582368408"
"RP11-452L6.8","0.147038234492674"
"RP11-453A12.1","0.148650866678076"
"RP11-453M23.1","0.146883618281131"
"RP11-454C18.1","0.146310909139433"
"RP11-454K7.1","0.145338972241645"
"RP11-454K7.3","0.14738942471077"
"RP11-454P21.1","0.146819072908015"
"RP11-455B3.1","0.146883618281131"
"RP11-455F5.3","0.147201345478126"
"RP11-455F5.4","0.149056109946365"
"RP11-455F5.5","0.147513168006405"
"RP11-455F5.6","0.145510373947918"
"RP11-455J20.3","0.147108741716988"
"RP11-455O6.8","0.148302556104065"
"RP11-455O6.9","0.146883618281131"
"RP11-455P21.3","0.148650866678076"
"RP11-456D7.1","0.144044970601502"
"RP11-456H18.2","0.146938229477413"
"RP11-456K23.1","0.146819072908015"
"RP11-456O19.2","0.149092344033117"
"RP11-457D2.3","0.145170661011189"
"RP11-457I16.2","0.147201345478126"
"RP11-457K10.1","0.146938229477413"
"RP11-457M11.5","0.147038234492674"
"RP11-457M11.7","0.143123103382618"
"RP11-457P14.5","0.146169783896278"
"RP11-458D21.1","0.148119337795392"
"RP11-458D21.5","0.149437628088527"
"RP11-458F8.4","0.146334313345863"
"RP11-458J1.1","0.148996054305385"
"RP11-459F6.3","0.147459457721192"
"RP11-459I19.1","0.146883618281131"
"RP11-459J23.1","0.14888360299178"
"RP11-459O1.2","0.146207837285581"
"RP11-459O16.8","0.14529328094159"
"RP11-45A12.1","0.148119337795392"
"RP11-45A16.4","0.147116946212689"
"RP11-45A17.2","0.149056109946365"
"RP11-45A17.4","0.14365205162505"
"RP11-45K10.2","0.146310909139433"
"RP11-45L9.1","0.146207837285581"
"RP11-45M22.3","0.146207837285581"
"RP11-45M22.5","0.145122708278611"
"RP11-45P15.4","0.145788639597254"
"RP11-460I13.2","0.145338972241645"
"RP11-460I19.2","0.14834329979143"
"RP11-460M2.1","0.145920400706484"
"RP11-461A8.1","0.147102461660846"
"RP11-461A8.5","0.145579319485589"
"RP11-461F11.3","0.146593582368408"
"RP11-461F16.3","0.147074924202353"
"RP11-461L13.3","0.143875838864027"
"RP11-461L13.4","0.147507672994951"
"RP11-461L13.5","0.148941548324179"
"RP11-461M2.2","0.147406681691779"
"RP11-461O7.1","0.144425014977566"
"RP11-462B18.2","0.146819072908015"
"RP11-462G12.4","0.146819072908015"
"RP11-462G2.1","0.145338972241645"
"RP11-462G2.2","0.145697966819663"
"RP11-462G22.2","0.14529328094159"
"RP11-462L8.1","0.148650866678076"
"RP11-462P6.1","0.147201345478126"
"RP11-463C8.4","0.145920400706484"
"RP11-463C8.7","0.146819072908015"
"RP11-463D19.1","0.148650866678076"
"RP11-463D19.2","0.147605336885603"
"RP11-463H12.2","0.147406681691779"
"RP11-463I20.2","0.145697966819663"
"RP11-463I20.3","0.147459457721192"
"RP11-463J10.2","0.149092344033117"
"RP11-463J10.3","0.145788639597254"
"RP11-463J10.4","0.145338972241645"
"RP11-463J7.2","0.146938229477413"
"RP11-463O12.3","0.145523913242569"
"RP11-463O9.9","0.145579319485589"
"RP11-464C19.2","0.145750769643625"
"RP11-464C19.3","0.147038234492674"
"RP11-464F9.20","0.14294158508436"
"RP11-464F9.21","0.144425014977566"
"RP11-464F9.22","0.145169549632447"
"RP11-465B22.8","0.145697966819663"
"RP11-465L10.10","0.145788639597254"
"RP11-465L8.1","0.147280551725615"
"RP11-465N4.4","0.145338972241645"
"RP11-465N4.5","0.146334313345863"
"RP11-466A19.1","0.14834329979143"
"RP11-466A19.3","0.147280551725615"
"RP11-466F5.10","0.149076245156275"
"RP11-466F5.8","0.144516636014593"
"RP11-466P24.6","0.147513168006405"
"RP11-467C18.1","0.145920400706484"
"RP11-467D6.1","0.145697966819663"
"RP11-467I17.1","0.145788639597254"
"RP11-467J12.4","0.143574906012327"
"RP11-467K18.2","0.145338972241645"
"RP11-467L13.7","0.143487755551232"
"RP11-467L19.16","0.14475472939141"
"RP11-467L24.1","0.144728358911808"
"RP11-467P9.1","0.145338972241645"
"RP11-468E2.10","0.14529328094159"
"RP11-468E2.2","0.146207837285581"
"RP11-468E2.4","0.147102461660846"
"RP11-468E2.5","0.145579319485589"
"RP11-468H14.2","0.147038234492674"
"RP11-468N14.13","0.145389492477551"
"RP11-469A15.2","0.143123103382618"
"RP11-469H8.6","0.144516636014593"
"RP11-469H8.8","0.145338972241645"
"RP11-469J4.3","0.145389492477551"
"RP11-469L4.1","0.147605336885603"
"RP11-469N6.1","0.147074924202353"
"RP11-469N6.2","0.146593582368408"
"RP11-46A10.2","0.147074924202353"
"RP11-46A10.5","0.14475472939141"
"RP11-46C24.3","0.146334313345863"
"RP11-46C24.6","0.147038234492674"
"RP11-46C24.7","0.147201345478126"
"RP11-46D6.1","0.14693883436501"
"RP11-46E17.6","0.148996054305385"
"RP11-46F15.2","0.147406681691779"
"RP11-46H11.12","0.14693883436501"
"RP11-46H11.3","0.145338972241645"
"RP11-46I8.3","0.144044970601502"
"RP11-46J23.1","0.146891289254046"
"RP11-46O21.2","0.145697966819663"
"RP11-470L19.2","0.147199252126078"
"RP11-470M17.2","0.148941548324179"
"RP11-470P21.2","0.145920400706484"
"RP11-471B22.2","0.147980311773469"
"RP11-471B22.3","0.145338972241645"
"RP11-471L13.2","0.144728358911808"
"RP11-471M2.3","0.141752648386523"
"RP11-472G21.2","0.14365205162505"
"RP11-472M19.2","0.148996054305385"
"RP11-472N13.2","0.14834329979143"
"RP11-472N13.3","0.146310909139433"
"RP11-472N19.3","0.14475472939141"
"RP11-473A10.2","0.144425014977566"
"RP11-473C18.3","0.14834329979143"
"RP11-473E2.2","0.14475472939141"
"RP11-473E2.3","0.145169549632447"
"RP11-473E2.4","0.147038234492674"
"RP11-473I1.5","0.144895372548919"
"RP11-473I1.6","0.145338972241645"
"RP11-473L15.3","0.144155006622406"
"RP11-473M10.3","0.142876220324967"
"RP11-473M14.3","0.144044970601502"
"RP11-473M20.16","0.145788639597254"
"RP11-473M20.5","0.146891289254046"
"RP11-473M20.9","0.146883618281131"
"RP11-473O4.3","0.145697966819663"
"RP11-473O4.4","0.145523913242569"
"RP11-473O4.5","0.143875838864027"
"RP11-474B12.1","0.147102461660846"
"RP11-474B16.1","0.145697966819663"
"RP11-474C8.8","0.143084199644417"
"RP11-474D1.2","0.146593582368408"
"RP11-474D1.3","0.143004575137397"
"RP11-474G23.1","0.14365205162505"
"RP11-474G23.2","0.145389492477551"
"RP11-474G23.3","0.145697966819663"
"RP11-474I11.7","0.144597714886891"
"RP11-474I11.8","0.14888360299178"
"RP11-474I16.8","0.146891289254046"
"RP11-474N24.6","0.144895372548919"
"RP11-474O21.5","0.14475472939141"
"RP11-474P2.2","0.145974131916609"
"RP11-474P2.4","0.147406681691779"
"RP11-474P2.6","0.144728358911808"
"RP11-475A13.1","0.143938222065684"
"RP11-475A13.2","0.147116946212689"
"RP11-475E11.9","0.144332314155362"
"RP11-475I24.3","0.147605336885603"
"RP11-475I24.8","0.147116946212689"
"RP11-475O6.1","0.146310909139433"
"RP11-476B1.1","0.146891289254046"
"RP11-476D10.1","0.145579319485589"
"RP11-476H16.1","0.145233284740905"
"RP11-476H20.1","0.145697966819663"
"RP11-476K15.1","0.14365205162505"
"RP11-476M19.2","0.14475472939141"
"RP11-477D19.2","0.147116946212689"
"RP11-477J21.6","0.143997472770895"
"RP11-477N12.5","0.144044970601502"
"RP11-477N12.6","0.147980311773469"
"RP11-477N3.1","0.145338972241645"
"RP11-478H13.1","0.14475472939141"
"RP11-478J18.2","0.147513168006405"
"RP11-478K15.6","0.149608433782701"
"RP11-478K15.7","0.146334313345863"
"RP11-479G22.8","0.146310909139433"
"RP11-479J7.2","0.14332863866205"
"RP11-479O16.1","0.146883618281131"
"RP11-479O9.4","0.143755840699383"
"RP11-47A8.5","0.147074924202353"
"RP11-47I22.1","0.146819072908015"
"RP11-47I22.2","0.146891289254046"
"RP11-47J17.2","0.14693883436501"
"RP11-47J17.3","0.144425014977566"
"RP11-47L3.1","0.147102461660846"
"RP11-47P18.1","0.146593582368408"
"RP11-47P18.2","0.147280551725615"
"RP11-480A16.1","0.145338972241645"
"RP11-480C16.1","0.146327665304556"
"RP11-480C22.1","0.147459457721192"
"RP11-480D4.1","0.14475472939141"
"RP11-480D4.2","0.145579319485589"
"RP11-480D4.6","0.14834329979143"
"RP11-480I12.10","0.147855120818664"
"RP11-481C4.1","0.145233284740905"
"RP11-481E4.2","0.147201345478126"
"RP11-481G8.2","0.146207837285581"
"RP11-481J13.1","0.147459457721192"
"RP11-481J2.1","0.145788639597254"
"RP11-481J2.2","0.147980311773469"
"RP11-481J2.3","0.146169783896278"
"RP11-481J2.4","0.145697966819663"
"RP11-482D24.2","0.147280551725615"
"RP11-482D24.3","0.147201345478126"
"RP11-482E14.1","0.147513168006405"
"RP11-482E14.2","0.148302556104065"
"RP11-482M8.1","0.14529328094159"
"RP11-482M8.3","0.148941548324179"
"RP11-483A20.3","0.146334313345863"
"RP11-483F11.7","0.146310909139433"
"RP11-483H20.4","0.147038234492674"
"RP11-483I13.5","0.14475472939141"
"RP11-483L5.1","0.145389492477551"
"RP11-483P21.2","0.147459457721192"
"RP11-484D2.2","0.145788639597254"
"RP11-484D2.5","0.144044970601502"
"RP11-484K9.4","0.145697966819663"
"RP11-484L8.1","0.144425014977566"
"RP11-484N16.1","0.14529328094159"
"RP11-484O2.1","0.145523913242569"
"RP11-485F13.1","0.145864929811534"
"RP11-485G7.5","0.14332863866205"
"RP11-485G7.6","0.147201345478126"
"RP11-485M7.3","0.14693883436501"
"RP11-485O10.2","0.14529328094159"
"RP11-486A14.2","0.147280551725615"
"RP11-486F17.1","0.145697966819663"
"RP11-486G15.2","0.148593847586946"
"RP11-486I11.2","0.146819072908015"
"RP11-486L19.2","0.145338972241645"
"RP11-486M23.1","0.148941548324179"
"RP11-486M23.2","0.145523913242569"
"RP11-486O12.2","0.144044970601502"
"RP11-486O13.2","0.147038234492674"
"RP11-486O13.4","0.147102461660846"
"RP11-486P11.1","0.145338972241645"
"RP11-488C13.5","0.143487755551232"
"RP11-488C13.6","0.147981874884325"
"RP11-488I20.9","0.144425014977566"
"RP11-488L18.10","0.14693883436501"
"RP11-488L18.8","0.146593582368408"
"RP11-489D6.2","0.148891357788176"
"RP11-489E7.1","0.14390917116241"
"RP11-489E7.4","0.147280551725615"
"RP11-489O18.1","0.147459457721192"
"RP11-48B3.3","0.148419054715983"
"RP11-48B3.4","0.147766178383874"
"RP11-48B3.5","0.146310909139433"
"RP11-48F14.1","0.147406681691779"
"RP11-48G14.1","0.146334313345863"
"RP11-48G14.2","0.144597714886891"
"RP11-48G14.3","0.146819072908015"
"RP11-490B18.5","0.146891289254046"
"RP11-490B18.6","0.146891289254046"
"RP11-490G2.2","0.145338972241645"
"RP11-490M8.1","0.146891289254046"
"RP11-490O6.2","0.146334313345863"
"RP11-491F9.1","0.149056109946365"
"RP11-491F9.5","0.147934616226556"
"RP11-491H19.1","0.14888360299178"
"RP11-492E3.2","0.147166158498613"
"RP11-492E3.51","0.147166158498613"
"RP11-492I21.1","0.143997472770895"
"RP11-493E12.1","0.147102461660846"
"RP11-493L12.3","0.146593582368408"
"RP11-493L12.4","0.148996054305385"
"RP11-493L12.5","0.146883618281131"
"RP11-493L12.7","0.14390917116241"
"RP11-493P1.2","0.145253979859064"
"RP11-494H4.3","0.148996054305385"
"RP11-494O16.4","0.147038234492674"
"RP11-495K9.3","0.147605336885603"
"RP11-495K9.6","0.147934616226556"
"RP11-495K9.7","0.145902799765163"
"RP11-495O10.1","0.14529328094159"
"RP11-495P10.1","0.147102461660846"
"RP11-495P10.3","0.146891289254046"
"RP11-495P10.5","0.148712393669507"
"RP11-495P10.6","0.145523913242569"
"RP11-496B10.3","0.147038234492674"
"RP11-496D24.2","0.147102461660846"
"RP11-496H1.2","0.145697966819663"
"RP11-496I2.2","0.146207837285581"
"RP11-496I9.1","0.147934616226556"
"RP11-496N12.9","0.147217051789418"
"RP11-497D6.3","0.147459457721192"
"RP11-497D6.5","0.147280551725615"
"RP11-497E19.1","0.146593582368408"
"RP11-497E19.2","0.147855120818664"
"RP11-497G19.1","0.146334313345863"
"RP11-497G19.2","0.147166158498613"
"RP11-497G19.3","0.14693883436501"
"RP11-497G19.7","0.147855120818664"
"RP11-497H16.9","0.147855120818664"
"RP11-497H17.1","0.146891289254046"
"RP11-497K21.1","0.147116946212689"
"RP11-498B4.5","0.144895372548919"
"RP11-498C9.12","0.146883618281131"
"RP11-498C9.13","0.145389492477551"
"RP11-498C9.15","0.147406681691779"
"RP11-498C9.16","0.148419054715983"
"RP11-498C9.17","0.148419054715983"
"RP11-498C9.2","0.146819072908015"
"RP11-498C9.3","0.147201345478126"
"RP11-498M15.1","0.145133419228129"
"RP11-498P14.3","0.147280551725615"
"RP11-498P14.4","0.147038234492674"
"RP11-498P14.5","0.147280551725615"
"RP11-499A10.3","0.147038234492674"
"RP11-499E18.1","0.149087362815389"
"RP11-499F3.1","0.147166158498613"
"RP11-499F3.2","0.149651236905977"
"RP11-499O7.7","0.147406681691779"
"RP11-499P20.2","0.147459457721192"
"RP11-49I11.1","0.143997472770895"
"RP11-49I4.3","0.147217051789418"
"RP11-49K24.4","0.147038234492674"
"RP11-49K24.8","0.144895372548919"
"RP11-49P4.7","0.147102461660846"
"RP11-4B14.3","0.149076245156275"
"RP11-4B16.3","0.147038234492674"
"RP11-4B16.4","0.149092344033117"
"RP11-4C20.3","0.148419054715983"
"RP11-4G2.1","0.146891289254046"
"RP11-4K16.2","0.147074924202353"
"RP11-4L24.3","0.145579319485589"
"RP11-4M23.3","0.146883618281131"
"RP11-500B12.1","0.148302556104065"
"RP11-500C11.3","0.146819072908015"
"RP11-500G10.5","0.148302556104065"
"RP11-500G22.4","0.147459457721192"
"RP11-500G22.5","0.146310909139433"
"RP11-500M8.7","0.147605336885603"
"RP11-501C14.5","0.147934616226556"
"RP11-501E14.1","0.147074924202353"
"RP11-501J20.5","0.14693883436501"
"RP11-501O2.3","0.146891289254046"
"RP11-501O2.5","0.146819072908015"
"RP11-502H18.2","0.145902799765163"
"RP11-502I4.3","0.147116946212689"
"RP11-502M1.2","0.14693883436501"
"RP11-502N13.2","0.147406681691779"
"RP11-503C24.1","0.145338972241645"
"RP11-503C24.2","0.147217051789418"
"RP11-503C24.4","0.144425014977566"
"RP11-503E24.2","0.147116946212689"
"RP11-503G7.1","0.146334313345863"
"RP11-503L19.1","0.14888360299178"
"RP11-503P10.1","0.147589265127684"
"RP11-504A18.1","0.147934616226556"
"RP11-504I13.3","0.145902799765163"
"RP11-504P24.9","0.147513168006405"
"RP11-505E24.2","0.145697966819663"
"RP11-505E24.3","0.147217051789418"
"RP11-505K9.1","0.148419054715983"
"RP11-505K9.4","0.146891289254046"
"RP11-505P4.6","0.146819072908015"
"RP11-505P4.7","0.147102461660846"
"RP11-506B6.6","0.147116946212689"
"RP11-506F3.1","0.147038234492674"
"RP11-506H20.1","0.143627403099505"
"RP11-506H21.5","0.147981874884325"
"RP11-506K6.4","0.147280551725615"
"RP11-506M12.1","0.147217051789418"
"RP11-506M13.3","0.147102461660846"
"RP11-506O24.1","0.147513168006405"
"RP11-507B12.1","0.147102461660846"
"RP11-507B12.2","0.147166158498613"
"RP11-507J18.2","0.144895372548919"
"RP11-507K2.2","0.148941548324179"
"RP11-507K2.3","0.147934616226556"
"RP11-507M3.1","0.147074924202353"
"RP11-508M8.1","0.145523913242569"
"RP11-508N12.2","0.147217051789418"
"RP11-508N22.12","0.147513168006405"
"RP11-508N22.13","0.149651236905977"
"RP11-508N22.9","0.148593847586946"
"RP11-509A17.3","0.147981874884325"
"RP11-509J21.2","0.146310909139433"
"RP11-509J21.4","0.145697966819663"
"RP11-50B3.2","0.147074924202353"
"RP11-50B3.4","0.148302556104065"
"RP11-50C13.1","0.147855120818664"
"RP11-50D16.4","0.147074924202353"
"RP11-50D9.3","0.148996054305385"
"RP11-50I19.2","0.149082890980511"
"RP11-510C10.2","0.146207837285581"
"RP11-510C10.3","0.147116946212689"
"RP11-510C10.4","0.147981874884325"
"RP11-510J16.5","0.147459457721192"
"RP11-510J16.6","0.147102461660846"
"RP11-510M2.1","0.147116946212689"
"RP11-510M2.2","0.147038234492674"
"RP11-510M2.6","0.147280551725615"
"RP11-511B23.1","0.145523913242569"
"RP11-511B23.2","0.147166158498613"
"RP11-511B23.3","0.148655760729741"
"RP11-511P7.5","0.147513168006405"
"RP11-512C24.3","0.147102461660846"
"RP11-512N21.3","0.147605336885603"
"RP11-513D5.2","0.147459457721192"
"RP11-513D5.5","0.148891357788176"
"RP11-513G11.3","0.144582828327861"
"RP11-513G11.4","0.146152182954957"
"RP11-513G19.1","0.144425014977566"
"RP11-513H8.1","0.145697966819663"
"RP11-513M1.1","0.147934616226556"
"RP11-513M16.7","0.147074924202353"
"RP11-513M16.8","0.146227781409502"
"RP11-513N24.1","0.147513168006405"
"RP11-513O17.3","0.148593847586946"
"RP11-514D23.3","0.148712393669507"
"RP11-514F3.4","0.148996054305385"
"RP11-514F8.2","0.148593847586946"
"RP11-514O12.4","0.147038234492674"
"RP11-514P8.2","0.147934616226556"
"RP11-514P8.6","0.144895372548919"
"RP11-514P8.7","0.145902799765163"
"RP11-515E23.1","0.147459457721192"
"RP11-515E23.2","0.147074924202353"
"RP11-515O17.2","0.147116946212689"
"RP11-515O17.3","0.146310909139433"
"RP11-516C1.1","0.145579319485589"
"RP11-517A5.5","0.144895372548919"
"RP11-517A5.7","0.147406681691779"
"RP11-517B11.4","0.148302556104065"
"RP11-517C16.2","0.147459457721192"
"RP11-517C16.4","0.149608433782701"
"RP11-517I3.1","0.144425014977566"
"RP11-517O13.1","0.149167972276175"
"RP11-517O13.3","0.145697966819663"
"RP11-517P14.2","0.149630285950763"
"RP11-518L10.5","0.147280551725615"
"RP11-519G16.2","0.147605336885603"
"RP11-519G16.3","0.146891289254046"
"RP11-519G16.5","0.146819072908015"
"RP11-519M16.1","0.149437628088527"
"RP11-51F16.8","0.146310909139433"
"RP11-51J9.4","0.147507672994951"
"RP11-51J9.5","0.149533885558213"
"RP11-51J9.6","0.149091373858689"
"RP11-51M24.1","0.147859810151234"
"RP11-51P8.1","0.147074924202353"
"RP11-520A21.1","0.145697966819663"
"RP11-521B24.3","0.147605336885603"
"RP11-521B24.5","0.147116946212689"
"RP11-521C20.2","0.147605336885603"
"RP11-521C20.5","0.146587996980034"
"RP11-521D12.1","0.148419054715983"
"RP11-521D12.2","0.149087362815389"
"RP11-521D12.5","0.147280551725615"
"RP11-521L9.1","0.149261708765417"
"RP11-521O16.1","0.149076245156275"
"RP11-521O16.2","0.146819072908015"
"RP11-522B15.3","0.149167972276175"
"RP11-522I20.3","0.14693883436501"
"RP11-522M21.3","0.146883618281131"
"RP11-522N14.2","0.149056109946365"
"RP11-523H20.3","0.147981874884325"
"RP11-523H24.3","0.147406681691779"
"RP11-523L1.2","0.146587996980034"
"RP11-523L20.1","0.149533885558213"
"RP11-523L20.2","0.146891289254046"
"RP11-524C21.2","0.146587996980034"
"RP11-524D16--A.3","0.147280551725615"
"RP11-524F11.1","0.148996054305385"
"RP11-524F11.2","0.147980311773469"
"RP11-524G24.2","0.149967439127265"
"RP11-524H19.2","0.14693883436501"
"RP11-524K22.1","0.147406681691779"
"RP11-524N5.1","0.145697966819663"
"RP11-524O1.4","0.148593847586946"
"RP11-525A16.4","0.148941548324179"
"RP11-525G13.2","0.149261708765417"
"RP11-525J21.1","0.147217051789418"
"RP11-525K10.1","0.149087362815389"
"RP11-525K10.3","0.147855120818664"
"RP11-526A4.1","0.147605336885603"
"RP11-526F3.1","0.144425014977566"
"RP11-526I2.1","0.148302556104065"
"RP11-526I2.5","0.145902799765163"
"RP11-527D7.1","0.149056109946365"
"RP11-527F13.1","0.147855120818664"
"RP11-527H14.4","0.148593847586946"
"RP11-527J8.1","0.149082890980511"
"RP11-527L4.2","0.148302556104065"
"RP11-527N22.2","0.147507672994951"
"RP11-528A4.2","0.147038234492674"
"RP11-528G1.2","0.147406681691779"
"RP11-528I4.2","0.147280551725615"
"RP11-529E10.7","0.147074924202353"
"RP11-529E15.1","0.147855120818664"
"RP11-529G21.2","0.145902799765163"
"RP11-529K1.4","0.147166158498613"
"RP11-52J3.2","0.145338972241645"
"RP11-52J3.3","0.149608433782701"
"RP11-52L5.6","0.148593847586946"
"RP11-530C5.1","0.148588953535281"
"RP11-530C5.2","0.148593847586946"
"RP11-530N7.3","0.149608433782701"
"RP11-531A24.3","0.148302556104065"
"RP11-531A24.5","0.146310909139433"
"RP11-531A24.7","0.147406681691779"
"RP11-531F16.4","0.145389492477551"
"RP11-531H8.1","0.145164672226946"
"RP11-531H8.2","0.149056109946365"
"RP11-532E4.2","0.149056109946365"
"RP11-532F12.5","0.147166158498613"
"RP11-532F6.3","0.145697966819663"
"RP11-532F6.4","0.146819072908015"
"RP11-532F6.5","0.147116946212689"
"RP11-532L16.3","0.147605336885603"
"RP11-532M24.1","0.148302556104065"
"RP11-532N4.2","0.148302556104065"
"RP11-533E19.5","0.148287324255094"
"RP11-533E19.7","0.145523913242569"
"RP11-533O20.2","0.147981874884325"
"RP11-534C12.1","0.147934616226556"
"RP11-534L20.5","0.146587996980034"
"RP11-534L6.2","0.149082890980511"
"RP11-535A19.1","0.147166158498613"
"RP11-535A19.2","0.148302556104065"
"RP11-535A5.1","0.14693883436501"
"RP11-535M15.1","0.148941548324179"
"RP11-536C10.7","0.147280551725615"
"RP11-536C5.2","0.14693883436501"
"RP11-536C5.7","0.147981874884325"
"RP11-536G4.1","0.147981874884325"
"RP11-536G4.2","0.146819072908015"
"RP11-536I6.2","0.149076245156275"
"RP11-536K7.3","0.147280551725615"
"RP11-536K7.5","0.148302556104065"
"RP11-536N17.1","0.149076245156275"
"RP11-536O18.1","0.148593847586946"
"RP11-536P6.3","0.147406681691779"
"RP11-537A6.9","0.149167972276175"
"RP11-537H15.3","0.150902020273864"
"RP11-538C21.2","0.149893599837687"
"RP11-538D16.2","0.146286146068879"
"RP11-538D16.3","0.147074924202353"
"RP11-538I12.2","0.147507672994951"
"RP11-538I12.3","0.150388248474921"
"RP11-538P18.2","0.147038234492674"
"RP11-539E17.5","0.149076245156275"
"RP11-539G18.3","0.148941548324179"
"RP11-539I5.1","0.145389492477551"
"RP11-539L10.2","0.147217051789418"
"RP11-539L10.3","0.147280551725615"
"RP11-53B2.3","0.146207837285581"
"RP11-53B2.4","0.1484309392835"
"RP11-53B2.5","0.145164672226946"
"RP11-53B5.1","0.147507672994951"
"RP11-53I6.3","0.146587996980034"
"RP11-53I6.4","0.149261708765417"
"RP11-53M11.3","0.146883618281131"
"RP11-53O19.1","0.147507672994951"
"RP11-53O19.3","0.149533885558213"
"RP11-540A21.2","0.147074924202353"
"RP11-540K16.1","0.146891289254046"
"RP11-540N6.1","0.150205284738231"
"RP11-540O11.1","0.149056109946365"
"RP11-540O11.4","0.148712393669507"
"RP11-540O11.6","0.147217051789418"
"RP11-540O11.7","0.148302556104065"
"RP11-541P9.3","0.147217051789418"
"RP11-542A14.1","0.145523913242569"
"RP11-542A14.2","0.147981874884325"
"RP11-542B15.1","0.149082890980511"
"RP11-542C16.1","0.147406681691779"
"RP11-542C16.2","0.147934616226556"
"RP11-542F9.1","0.147406681691779"
"RP11-542G1.1","0.149076245156275"
"RP11-542K23.10","0.1484309392835"
"RP11-542K23.7","0.148302556104065"
"RP11-542K23.9","0.145164672226946"
"RP11-542M13.2","0.149810470769181"
"RP11-542M13.3","0.146819072908015"
"RP11-543C4.1","0.148419054715983"
"RP11-543D10.2","0.147406681691779"
"RP11-544A12.4","0.148712393669507"
"RP11-544A12.8","0.146883618281131"
"RP11-544D21.2","0.148596177758896"
"RP11-544I20.2","0.146883618281131"
"RP11-544L8--B.4","0.14888360299178"
"RP11-544M22.1","0.1484309392835"
"RP11-544M22.13","0.147166158498613"
"RP11-544M22.8","0.147855120818664"
"RP11-545A16.1","0.147981874884325"
"RP11-545D19.1","0.149056109946365"
"RP11-545E17.3","0.14888360299178"
"RP11-545G3.1","0.148712393669507"
"RP11-545H22.1","0.149810470769181"
"RP11-545I10.2","0.148419054715983"
"RP11-545I5.3","0.148941548324179"
"RP11-545J16.1","0.147855120818664"
"RP11-545M17.1","0.149810470769181"
"RP11-545P6.2","0.145164672226946"
"RP11-545P7.4","0.148419054715983"
"RP11-546B15.1","0.147217051789418"
"RP11-546B8.6","0.147116946212689"
"RP11-546J1.1","0.147605336885603"
"RP11-546K22.1","0.14738942471077"
"RP11-546K22.3","0.147074924202353"
"RP11-546M21.6","0.148302556104065"
"RP11-546O6.4","0.149167972276175"
"RP11-547C5.1","0.149091373858689"
"RP11-547C5.2","0.146883618281131"
"RP11-547D23.1","0.147507672994951"
"RP11-547D24.1","0.148419054715983"
"RP11-547D24.3","0.147038234492674"
"RP11-548H3.1","0.147280551725615"
"RP11-548L20.1","0.148419054715983"
"RP11-548P2.2","0.147038234492674"
"RP11-549B18.1","0.146865873489814"
"RP11-549K20.1","0.147038234492674"
"RP11-549L6.3","0.147507672994951"
"RP11-54A4.2","0.146891289254046"
"RP11-54A9.1","0.145523913242569"
"RP11-54C4.3","0.147074924202353"
"RP11-54G14.1","0.14693883436501"
"RP11-54H7.4","0.145164672226946"
"RP11-54O15.3","0.149091373858689"
"RP11-54O7.1","0.146207837285581"
"RP11-54O7.11","0.148712393669507"
"RP11-54O7.16","0.146207837285581"
"RP11-54O7.17","0.149167972276175"
"RP11-54O7.18","0.147507672994951"
"RP11-54O7.2","0.147038234492674"
"RP11-54O7.3","0.146883618281131"
"RP11-550A5.2","0.148419054715983"
"RP11-550H2.2","0.146865873489814"
"RP11-550P17.5","0.147074924202353"
"RP11-551L14.4","0.148596177758896"
"RP11-551L14.6","0.147116946212689"
"RP11-552D4.1","0.148996054305385"
"RP11-552D8.1","0.145379590125597"
"RP11-552E20.1","0.145389492477551"
"RP11-552F3.10","0.145233284740905"
"RP11-552F3.12","0.147934616226556"
"RP11-552F3.13","0.149533885558213"
"RP11-552F3.4","0.145389492477551"
"RP11-552F3.9","0.145035972899208"
"RP11-552M14.1","0.147074924202353"
"RP11-552O4.1","0.146310909139433"
"RP11-553A10.1","0.145164672226946"
"RP11-553A21.3","0.149091373858689"
"RP11-553E24.3","0.14473499352397"
"RP11-553K8.2","0.146587996980034"
"RP11-553K8.5","0.144597714886891"
"RP11-553L6.2","0.146883618281131"
"RP11-553L6.5","0.146891289254046"
"RP11-553P9.2","0.148419054715983"
"RP11-554A11.7","0.147507672994951"
"RP11-554A11.9","0.148596177758896"
"RP11-554D13.1","0.147981874884325"
"RP11-554D14.6","0.149651236905977"
"RP11-554D14.7","0.146587996980034"
"RP11-554D14.8","0.148596177758896"
"RP11-554D15.1","0.14529328094159"
"RP11-554D15.3","0.144895372548919"
"RP11-554D15.4","0.146587996980034"
"RP11-554D20.1","0.145523913242569"
"RP11-554E23.2","0.149630285950763"
"RP11-554E23.4","0.146865873489814"
"RP11-554F20.1","0.146865873489814"
"RP11-554I8.1","0.147108741716988"
"RP11-554I8.2","0.147605336885603"
"RP11-554J4.1","0.147406681691779"
"RP11-554L12.1","0.147855120818664"
"RP11-555G19.1","0.147099537689458"
"RP11-555H7.2","0.147507672994951"
"RP11-555K2.4","0.147116946212689"
"RP11-555M1.3","0.147166158498613"
"RP11-556E13.1","0.1484309392835"
"RP11-556H2.4","0.146227781409502"
"RP11-556I13.2","0.147406681691779"
"RP11-556I14.1","0.149630285950763"
"RP11-556I14.2","0.146587996980034"
"RP11-556N4.1","0.147022587751551"
"RP11-556O15.1","0.148712393669507"
"RP11-556O5.6","0.144184639025898"
"RP11-557C18.3","0.147981874884325"
"RP11-557C18.4","0.147166158498613"
"RP11-557H15.3","0.145233284740905"
"RP11-557H15.4","0.147981874884325"
"RP11-557H15.5","0.148712393669507"
"RP11-557J10.4","0.147038234492674"
"RP11-557L19.1","0.147116946212689"
"RP11-557N21.1","0.145697966819663"
"RP11-559M23.1","0.147166158498613"
"RP11-55K13.1","0.149437628088527"
"RP11-55L3.1","0.147855120818664"
"RP11-560A15.3","0.1484309392835"
"RP11-560G2.1","0.147038234492674"
"RP11-560I19.1","0.144425014977566"
"RP11-560J1.2","0.148419054715983"
"RP11-561B11.2","0.145389492477551"
"RP11-561B11.3","0.146207837285581"
"RP11-561B11.6","0.147406681691779"
"RP11-561E1.1","0.146865873489814"
"RP11-561I11.3","0.143627403099505"
"RP11-561O23.5","0.145579319485589"
"RP11-561O23.7","0.144597714886891"
"RP11-561O23.8","0.145233284740905"
"RP11-561P12.5","0.147099537689458"
"RP11-562A8.4","0.147102461660846"
"RP11-563D10.1","0.146883618281131"
"RP11-563E2.2","0.145164672226946"
"RP11-563J2.2","0.145338972241645"
"RP11-563J2.3","0.147934616226556"
"RP11-563K23.1","0.145233284740905"
"RP11-563N4.1","0.151097707449988"
"RP11-563P16.1","0.148941548324179"
"RP11-565A3.2","0.147116946212689"
"RP11-565F19.3","0.147164065146566"
"RP11-565F19.4","0.146587996980034"
"RP11-565N2.2","0.147074924202353"
"RP11-566H8.3","0.148419054715983"
"RP11-566J3.2","0.147074924202353"
"RP11-566K11.4","0.150365094866265"
"RP11-566K11.5","0.14693883436501"
"RP11-567C2.1","0.148596177758896"
"RP11-567E21.3","0.147038234492674"
"RP11-567G11.1","0.147166158498613"
"RP11-567I13.1","0.147507672994951"
"RP11-567J20.2","0.1484309392835"
"RP11-567J20.3","0.146865873489814"
"RP11-567L7.5","0.149056109946365"
"RP11-567M16.3","0.146865873489814"
"RP11-567M16.5","0.147038234492674"
"RP11-567M16.6","0.147074924202353"
"RP11-567N4.3","0.147116946212689"
"RP11-568A7.2","0.147116946212689"
"RP11-568A7.3","0.147981874884325"
"RP11-568A7.4","0.14693883436501"
"RP11-568J23.4","0.147268822732444"
"RP11-568J23.5","0.1484309392835"
"RP11-568N6.1","0.147268822732444"
"RP11-569A11.1","0.147166158498613"
"RP11-569G13.2","0.147406681691779"
"RP11-569G13.3","0.147116946212689"
"RP11-56B16.4","0.147981874884325"
"RP11-56B16.5","0.148596177758896"
"RP11-56D16.8","0.146231898490123"
"RP11-56F10.3","0.147406681691779"
"RP11-56G10.2","0.147038234492674"
"RP11-56I23.1","0.14693883436501"
"RP11-56N19.5","0.1484309392835"
"RP11-570L15.1","0.14473499352397"
"RP11-570L15.2","0.14888360299178"
"RP11-571E6.3","0.147855120818664"
"RP11-571I18.4","0.148712393669507"
"RP11-571I18.5","0.147605336885603"
"RP11-571L19.7","0.149056109946365"
"RP11-571L19.8","0.14888360299178"
"RP11-571M6.17","0.147507672994951"
"RP11-571M6.18","0.144895372548919"
"RP11-571M6.7","0.145338972241645"
"RP11-572B2.1","0.148596177758896"
"RP11-572C15.5","0.148302556104065"
"RP11-572C21.1","0.145692929346475"
"RP11-572M11.1","0.14888360299178"
"RP11-572M11.3","0.147934616226556"
"RP11-572M11.4","0.147855120818664"
"RP11-572O17.1","0.149437628088527"
"RP11-572O6.1","0.147268822732444"
"RP11-573D15.2","0.147166158498613"
"RP11-573D15.3","0.149091373858689"
"RP11-573D15.8","0.147102461660846"
"RP11-573D15.9","0.14693883436501"
"RP11-573G6.10","0.147268822732444"
"RP11-573G6.6","0.149593340004767"
"RP11-573G6.8","0.149056109946365"
"RP11-573G6.9","0.148419054715983"
"RP11-574F11.3","0.147507672994951"
"RP11-574F21.2","0.147038234492674"
"RP11-574F21.3","0.146883618281131"
"RP11-574H6.1","0.1484309392835"
"RP11-574K11.29","0.149630285950763"
"RP11-574K11.31","0.147855120818664"
"RP11-574K11.5","0.147074924202353"
"RP11-574O7.1","0.147102461660846"
"RP11-575A19.2","0.147406681691779"
"RP11-575F12.1","0.146728398725431"
"RP11-575F12.2","0.145035972899208"
"RP11-575F12.3","0.1484309392835"
"RP11-575H3.1","0.145389492477551"
"RP11-575I8.1","0.145389492477551"
"RP11-575L7.2","0.147981874884325"
"RP11-575L7.4","0.144670223173474"
"RP11-575L7.8","0.14693883436501"
"RP11-576D8.4","0.145864929811534"
"RP11-576E20.1","0.148596177758896"
"RP11-576I22.2","0.147268822732444"
"RP11-576N17.5","0.14693883436501"
"RP11-577H5.5","0.146891289254046"
"RP11-578F21.6","0.147074924202353"
"RP11-579A4.1","0.148351921811599"
"RP11-579D7.2","0.145523913242569"
"RP11-579D7.4","0.145164672226946"
"RP11-57A1.1","0.14888360299178"
"RP11-57A19.2","0.149533885558213"
"RP11-57A19.5","0.147605336885603"
"RP11-57C13.3","0.146728398725431"
"RP11-57C13.6","0.146891289254046"
"RP11-57G10.8","0.146883618281131"
"RP11-57H12.3","0.146865873489814"
"RP11-57H12.5","0.14888360299178"
"RP11-57H14.2","0.145060598424522"
"RP11-57J16.1","0.145902799765163"
"RP11-580I16.2","0.14888360299178"
"RP11-582E3.2","0.147268822732444"
"RP11-582E3.6","0.147268822732444"
"RP11-582J16.3","0.14693883436501"
"RP11-582J16.4","0.145697966819663"
"RP11-582J16.5","0.14693883436501"
"RP11-583F2.2","0.145902799765163"
"RP11-583F2.5","0.145523913242569"
"RP11-583F24.8","0.14693883436501"
"RP11-584P21.2","0.146865873489814"
"RP11-585P4.5","0.14888360299178"
"RP11-586D19.1","0.147855120818664"
"RP11-586D19.2","0.148712393669507"
"RP11-586K2.1","0.148302556104065"
"RP11-586L23.1","0.147981874884325"
"RP11-587P21.2","0.14693883436501"
"RP11-587P21.3","0.147268822732444"
"RP11-588G21.2","0.146310909139433"
"RP11-588H23.3","0.147102461660846"
"RP11-588L15.2","0.146728398725431"
"RP11-588P8.1","0.145523913242569"
"RP11-589B3.6","0.147116946212689"
"RP11-589C21.5","0.145060598424522"
"RP11-589C21.6","0.148419054715983"
"RP11-589M4.1","0.148419054715983"
"RP11-589M4.3","0.148596177758896"
"RP11-589P10.5","0.147605336885603"
"RP11-58A17.4","0.145338972241645"
"RP11-58A18.1","0.147855120818664"
"RP11-58A18.2","0.14888360299178"
"RP11-58B2.1","0.148596177758896"
"RP11-58C22.1","0.147253116421152"
"RP11-58C22.2","0.147116946212689"
"RP11-58G13.1","0.147102461660846"
"RP11-58K22.4","0.146883618281131"
"RP11-58K22.5","0.146883618281131"
"RP11-58O15.1","0.147038234492674"
"RP11-593F23.1","0.14693883436501"
"RP11-594C13.1","0.147507672994951"
"RP11-595B24.1","0.146030637709411"
"RP11-595B24.2","0.14693883436501"
"RP11-596C23.2","0.145389492477551"
"RP11-596C23.6","0.149533885558213"
"RP11-596D21.1","0.147605336885603"
"RP11-597A11.6","0.147038234492674"
"RP11-597D13.8","0.149091373858689"
"RP11-597D13.9","0.147038234492674"
"RP11-597M12.1","0.145579319485589"
"RP11-597M12.2","0.151097707449988"
"RP11-597M17.1","0.147507672994951"
"RP11-598D14.1","0.146865873489814"
"RP11-598F7.3","0.145697966819663"
"RP11-598F7.4","0.145902799765163"
"RP11-598F7.5","0.146310909139433"
"RP11-598F7.6","0.147116946212689"
"RP11-598P20.5","0.148712393669507"
"RP11-599B13.3","0.147406681691779"
"RP11-599B13.7","0.146030637709411"
"RP11-59C5.3","0.144670223173474"
"RP11-59D5--B.2","0.149087850657639"
"RP11-59E19.4","0.147038234492674"
"RP11-59H7.4","0.146883618281131"
"RP11-59N23.1","0.147406681691779"
"RP11-59N23.3","0.147038234492674"
"RP11-59O6.3","0.145389492477551"
"RP11-5A19.5","0.146030637709411"
"RP11-5C23.1","0.147507672994951"
"RP11-5C23.2","0.145697966819663"
"RP11-5N11.5","0.147102461660846"
"RP11-5P22.3","0.147268822732444"
"RP11-600F24.7","0.145338972241645"
"RP11-602N24.3","0.148941548324179"
"RP11-603J24.14","0.147102461660846"
"RP11-603J24.17","0.14529328094159"
"RP11-603J24.21","0.147507672994951"
"RP11-603J24.4","0.147038234492674"
"RP11-603J24.5","0.146231898490123"
"RP11-603J24.6","0.147166158498613"
"RP11-605B16.1","0.145523913242569"
"RP11-605F20.1","0.147605336885603"
"RP11-605F22.2","0.147099537689458"
"RP11-607P23.1","0.147406681691779"
"RP11-608O21.1","0.148419054715983"
"RP11-609N14.1","0.147605336885603"
"RP11-60A24.3","0.147268822732444"
"RP11-60A8.1","0.145233284740905"
"RP11-60H5.1","0.145158044753443"
"RP11-60I3.4","0.147406681691779"
"RP11-60L3.1","0.147605336885603"
"RP11-60L3.6","0.147116946212689"
"RP11-610J23.1","0.14888360299178"
"RP11-610P16.1","0.146728398725431"
"RP11-611O2.1","0.147102461660846"
"RP11-611O2.5","0.14693883436501"
"RP11-612A1.1","0.147038234492674"
"RP11-612B6.1","0.147102461660846"
"RP11-613C6.2","0.145579319485589"
"RP11-613D13.5","0.147605336885603"
"RP11-613D13.8","0.146865873489814"
"RP11-613M10.6","0.147855120818664"
"RP11-613M10.9","0.147406681691779"
"RP11-614F17.2","0.146030637709411"
"RP11-615I2.1","0.145523913242569"
"RP11-615I2.2","0.146728398725431"
"RP11-615I2.6","0.147102461660846"
"RP11-616K22.2","0.147038234492674"
"RP11-616M22.1","0.143574906012327"
"RP11-616M22.11","0.147268822732444"
"RP11-616M22.12","0.14693883436501"
"RP11-616M22.2","0.147605336885603"
"RP11-616M22.3","0.146891289254046"
"RP11-616M22.7","0.1484309392835"
"RP11-617D20.2","0.147074924202353"
"RP11-617F23.1","0.145016090478699"
"RP11-617I14.1","0.145338972241645"
"RP11-618K13.2","0.147116946212689"
"RP11-618L22.1","0.147897980659331"
"RP11-618M23.2","0.148709788890141"
"RP11-619A14.3","0.145523913242569"
"RP11-619L12.4","0.146883618281131"
"RP11-61A14.1","0.147102461660846"
"RP11-61A14.4","0.148732163123983"
"RP11-61E11.1","0.147038234492674"
"RP11-61E11.2","0.145902799765163"
"RP11-61F12.1","0.147116946212689"
"RP11-61G19.1","0.146883618281131"
"RP11-61G19.2","0.147102461660846"
"RP11-61G23.2","0.149056109946365"
"RP11-61I13.3","0.145579319485589"
"RP11-61J19.2","0.146310909139433"
"RP11-61J19.3","0.145902799765163"
"RP11-61J19.5","0.147038234492674"
"RP11-61K9.2","0.146728398725431"
"RP11-61K9.3","0.14688543294392"
"RP11-61L14.6","0.145523913242569"
"RP11-61L19.2","0.147605336885603"
"RP11-61O1.1","0.146030637709411"
"RP11-61O1.2","0.147166158498613"
"RP11-61O11.1","0.14529328094159"
"RP11-620J15.1","0.147605336885603"
"RP11-620J15.2","0.147605336885603"
"RP11-620J15.3","0.147102461660846"
"RP11-620J15.4","0.147102461660846"
"RP11-621L6.2","0.148709788890141"
"RP11-621L6.3","0.147102461660846"
"RP11-622A1.2","0.147934616226556"
"RP11-622C24.2","0.147605336885603"
"RP11-622J8.1","0.149630285950763"
"RP11-622O11.4","0.145338972241645"
"RP11-624C23.1","0.144332314155362"
"RP11-624D11.2","0.146030637709411"
"RP11-624G17.3","0.144425014977566"
"RP11-624J12.1","0.144735350811966"
"RP11-624L4.1","0.147022587751551"
"RP11-624L4.2","0.145164672226946"
"RP11-624M8.1","0.145016090478699"
"RP11-625H11.2","0.146891289254046"
"RP11-625L16.1","0.144425014977566"
"RP11-625L16.3","0.147601564110407"
"RP11-626G11.1","0.1484309392835"
"RP11-626G11.3","0.146231898490123"
"RP11-626G11.4","0.146030637709411"
"RP11-626G11.5","0.145697966819663"
"RP11-626G11.6","0.148709788890141"
"RP11-626H12.1","0.147268822732444"
"RP11-626H12.2","0.147934616226556"
"RP11-626H12.3","0.146865873489814"
"RP11-626K17.3","0.147116946212689"
"RP11-626P14.1","0.147507672994951"
"RP11-626P14.2","0.147855120818664"
"RP11-627G18.1","0.145164672226946"
"RP11-627G18.2","0.147166158498613"
"RP11-627G18.4","0.147507672994951"
"RP11-627J17.1","0.146231898490123"
"RP11-629B11.5","0.146891289254046"
"RP11-629E24.2","0.149630285950763"
"RP11-629G13.1","0.147829755111571"
"RP11-629N8.3","0.148302556104065"
"RP11-629O1.2","0.14529328094159"
"RP11-62C3.6","0.146310909139433"
"RP11-62C7.2","0.145579319485589"
"RP11-62F24.2","0.147934616226556"
"RP11-62H20.1","0.148302556104065"
"RP11-62I21.1","0.145389492477551"
"RP11-62J1.4","0.145233284740905"
"RP11-62L18.3","0.146883618281131"
"RP11-630C16.1","0.145579319485589"
"RP11-630C16.2","0.147377695717599"
"RP11-630D6.5","0.146030637709411"
"RP11-631F7.1","0.146231898490123"
"RP11-631F7.2","0.145902799765163"
"RP11-631N16.2","0.147605336885603"
"RP11-631N16.4","0.147268822732444"
"RP11-632B21.1","0.147981874884325"
"RP11-632K5.3","0.145523913242569"
"RP11-632L2.2","0.143854705944083"
"RP11-634B7.4","0.144895372548919"
"RP11-634H22.1","0.147855120818664"
"RP11-635L1.3","0.145704345760657"
"RP11-635N19.1","0.146883618281131"
"RP11-635O16.2","0.145902799765163"
"RP11-636O21.1","0.147934616226556"
"RP11-637A17.2","0.14688543294392"
"RP11-637O11.2","0.150205284738231"
"RP11-637O19.2","0.147981874884325"
"RP11-637O19.3","0.146030637709411"
"RP11-638I2.4","0.148419054715983"
"RP11-638I2.6","0.145016090478699"
"RP11-638I2.8","0.147268822732444"
"RP11-638I2.9","0.147102461660846"
"RP11-638L3.1","0.147507672994951"
"RP11-638L3.3","0.149056109946365"
"RP11-639B1.1","0.145016090478699"
"RP11-63A1.1","0.147934616226556"
"RP11-63A1.2","0.144735350811966"
"RP11-63A11.1","0.146883618281131"
"RP11-63A2.2","0.147605336885603"
"RP11-63B13.1","0.146891289254046"
"RP11-63C8.1","0.145704345760657"
"RP11-63D14.1","0.145704345760657"
"RP11-63E9.1","0.147855120818664"
"RP11-63G10.2","0.145338972241645"
"RP11-63G10.3","0.143931177759036"
"RP11-63K6.7","0.147166158498613"
"RP11-63L7.5","0.147507672994951"
"RP11-63M22.2","0.144670223173474"
"RP11-63N3.1","0.144184639025898"
"RP11-63N8.3","0.147507672994951"
"RP11-63P12.7","0.145016090478699"
"RP11-640A1.3","0.147038234492674"
"RP11-640I15.1","0.145060598424522"
"RP11-640L9.1","0.143760224959549"
"RP11-640N11.2","0.145233284740905"
"RP11-642C5.1","0.146728398725431"
"RP11-642D21.2","0.144735350811966"
"RP11-642M2.1","0.147102461660846"
"RP11-643A5.2","0.144597714886891"
"RP11-643C9.2","0.146251842614043"
"RP11-643M14.1","0.146883618281131"
"RP11-644C3.1","0.145579319485589"
"RP11-644F5.10","0.146231898490123"
"RP11-644F5.11","0.147166158498613"
"RP11-644F5.16","0.145338972241645"
"RP11-644K8.1","0.147406681691779"
"RP11-644L4.1","0.146883618281131"
"RP11-644N4.1","0.146728398725431"
"RP11-645C24.5","0.145603493781758"
"RP11-645N11.3","0.147855120818664"
"RP11-646E18.2","0.147038234492674"
"RP11-646E18.4","0.146891289254046"
"RP11-646I6.5","0.145233284740905"
"RP11-646I6.6","0.146891289254046"
"RP11-646J21.6","0.147038234492674"
"RP11-647K16.1","0.148941548324179"
"RP11-647P12.1","0.144425014977566"
"RP11-648K4.2","0.143760224959549"
"RP11-648L3.2","0.145389492477551"
"RP11-649A16.1","0.147934616226556"
"RP11-649A18.12","0.145389492477551"
"RP11-649E7.5","0.145603493781758"
"RP11-649G15.2","0.145389492477551"
"RP11-64B16.3","0.145338972241645"
"RP11-64B16.4","0.145902799765163"
"RP11-64C12.8","0.146030637709411"
"RP11-64D22.5","0.148302556104065"
"RP11-64D24.4","0.14693883436501"
"RP11-64K12.4","0.144895372548919"
"RP11-64K12.9","0.147934616226556"
"RP11-64P14.7","0.145389492477551"
"RP11-650K20.2","0.147981874884325"
"RP11-650K20.3","0.145523913242569"
"RP11-650L12.1","0.147981874884325"
"RP11-650L12.2","0.145523913242569"
"RP11-650P15.1","0.146030637709411"
"RP11-651L5.3","0.146728398725431"
"RP11-651P23.5","0.147605336885603"
"RP11-653B10.1","0.147268822732444"
"RP11-653J6.1","0.147102461660846"
"RP11-654A16.3","0.145060598424522"
"RP11-654C22.2","0.145902799765163"
"RP11-654D12.2","0.145603493781758"
"RP11-654D12.3","0.145579319485589"
"RP11-655C2.3","0.145060598424522"
"RP11-655G22.1","0.143760224959549"
"RP11-655M14.12","0.144670223173474"
"RP11-655M14.13","0.144184639025898"
"RP11-656D10.3","0.145539025662133"
"RP11-656D10.5","0.144597714886891"
"RP11-656D10.6","0.145164672226946"
"RP11-656E20.5","0.147268822732444"
"RP11-658F2.8","0.144184639025898"
"RP11-659E9.2","0.145603493781758"
"RP11-659E9.4","0.146883618281131"
"RP11-659P15.1","0.145704345760657"
"RP11-65B7.2","0.146310909139433"
"RP11-65D17.1","0.146728398725431"
"RP11-65D24.2","0.147268822732444"
"RP11-65G9.1","0.145579319485589"
"RP11-65I12.1","0.146030637709411"
"RP11-65J21.1","0.145579319485589"
"RP11-65J21.4","0.145164672226946"
"RP11-65J3.14","0.144332314155362"
"RP11-65J3.15","0.145164672226946"
"RP11-65J3.2","0.143760224959549"
"RP11-65J3.3","0.143931177759036"
"RP11-65L19.4","0.146030637709411"
"RP11-65L3.2","0.14529328094159"
"RP11-65L3.4","0.144735350811966"
"RP11-65M17.1","0.147855120818664"
"RP11-65M17.3","0.145060598424522"
"RP11-65N13.8","0.145060598424522"
"RP11-660L16.2","0.14693883436501"
"RP11-660M5.1","0.144670223173474"
"RP11-661A12.12","0.144670223173474"
"RP11-661A12.4","0.147268822732444"
"RP11-661A12.5","0.145603493781758"
"RP11-661A12.7","0.147102461660846"
"RP11-661A12.9","0.146231898490123"
"RP11-661C8.3","0.146310909139433"
"RP11-661D19.3","0.145902799765163"
"RP11-661G16.2","0.145603493781758"
"RP11-661O13.1","0.145523913242569"
"RP11-662B19.2","0.14529328094159"
"RP11-662G23.1","0.147605336885603"
"RP11-662I13.2","0.145579319485589"
"RP11-662J14.1","0.147164065146566"
"RP11-662J14.2","0.145902799765163"
"RP11-663N22.1","0.146231898490123"
"RP11-663P9.1","0.144735350811966"
"RP11-664D1.1","0.145579319485589"
"RP11-664H17.1","0.148941548324179"
"RP11-664I21.5","0.146865873489814"
"RP11-664I21.6","0.145704345760657"
"RP11-665C16.5","0.14693883436501"
"RP11-665C16.6","0.147038234492674"
"RP11-665G4.1","0.14693883436501"
"RP11-665I14.1","0.145060598424522"
"RP11-665J16.1","0.145704345760657"
"RP11-666A20.4","0.147038234492674"
"RP11-666A8.8","0.145338972241645"
"RP11-666A8.9","0.147102461660846"
"RP11-666F17.1","0.147507672994951"
"RP11-666O2.2","0.146891289254046"
"RP11-667K14.3","0.143931177759036"
"RP11-667K14.4","0.14529328094159"
"RP11-667K14.5","0.146030637709411"
"RP11-667M19.10","0.145902799765163"
"RP11-667M19.2","0.145233284740905"
"RP11-669C19.1","0.144425014977566"
"RP11-669E14.6","0.146310909139433"
"RP11-669I1.1","0.145060598424522"
"RP11-669M16.1","0.147164065146566"
"RP11-669M16.2","0.145016090478699"
"RP11-669N7.2","0.145322987997452"
"RP11-66A2.2","0.145060598424522"
"RP11-66B24.1","0.146883618281131"
"RP11-66B24.2","0.145389492477551"
"RP11-66B24.4","0.146728398725431"
"RP11-66B24.5","0.145338972241645"
"RP11-66B24.9","0.148709788890141"
"RP11-66D17.3","0.146231898490123"
"RP11-66D17.5","0.147605336885603"
"RP11-66H6.3","0.144735350811966"
"RP11-66N11.7","0.147934616226556"
"RP11-66N11.8","0.145704345760657"
"RP11-66N24.3","0.145697966819663"
"RP11-66N24.6","0.145338972241645"
"RP11-66N24.7","0.145338972241645"
"RP11-670E13.6","0.144425014977566"
"RP11-671J11.4","0.147102461660846"
"RP11-671J11.7","0.147102461660846"
"RP11-671P2.1","0.146721750684124"
"RP11-672A2.1","0.143627403099505"
"RP11-672A2.3","0.147038234492674"
"RP11-672A2.4","0.147406681691779"
"RP11-672A2.5","0.146865873489814"
"RP11-672A2.6","0.145158044753443"
"RP11-672F9.1","0.144735350811966"
"RP11-672L10.6","0.145704345760657"
"RP11-673E1.1","0.144425014977566"
"RP11-673E1.4","0.143487755551232"
"RP11-673E11.2","0.145016090478699"
"RP11-673P17.4","0.145523913242569"
"RP11-674C21.9","0.146231898490123"
"RP11-674P19.2","0.145060598424522"
"RP11-675F6.3","0.147164065146566"
"RP11-675F6.4","0.146883618281131"
"RP11-676J12.4","0.145704345760657"
"RP11-676J12.6","0.145363605881404"
"RP11-676J12.7","0.146865873489814"
"RP11-676J12.8","0.145016090478699"
"RP11-676J12.9","0.145164672226946"
"RP11-676J15.1","0.144597714886891"
"RP11-677I18.3","0.148772594317785"
"RP11-677M14.2","0.14559845630857"
"RP11-677M14.3","0.147507672994951"
"RP11-677M14.7","0.146030637709411"
"RP11-678G14.2","0.14365205162505"
"RP11-678G14.3","0.14529328094159"
"RP11-678G14.4","0.14332863866205"
"RP11-678G15.2","0.143627403099505"
"RP11-679B17.2","0.146310909139433"
"RP11-679B19.1","0.145523913242569"
"RP11-679B19.2","0.1484309392835"
"RP11-679C8.2","0.144895372548919"
"RP11-67C2.2","0.147074924202353"
"RP11-67H2.1","0.145233284740905"
"RP11-67H24.2","0.148709788890141"
"RP11-67K19.3","0.145338972241645"
"RP11-67L2.2","0.144597714886891"
"RP11-67L3.2","0.143997472770895"
"RP11-67L3.4","0.145902799765163"
"RP11-67L3.5","0.145389492477551"
"RP11-67M9.1","0.146728398725431"
"RP11-680A11.5","0.146030637709411"
"RP11-680B3.2","0.147074924202353"
"RP11-680C21.1","0.145016090478699"
"RP11-680F20.10","0.147038234492674"
"RP11-680F20.12","0.147164065146566"
"RP11-680F20.4","0.146030637709411"
"RP11-680F20.6","0.147164065146566"
"RP11-680F20.9","0.147268822732444"
"RP11-680F8.1","0.14693883436501"
"RP11-680F8.3","0.1484309392835"
"RP11-680G24.6","0.147855120818664"
"RP11-680N20.1","0.144895372548919"
"RP11-681H18.2","0.147102461660846"
"RP11-683L23.7","0.147038234492674"
"RP11-684B21.1","0.145164672226946"
"RP11-685G9.4","0.145016090478699"
"RP11-685M7.3","0.146030637709411"
"RP11-685M7.5","0.14758377011623"
"RP11-685N10.1","0.148596177758896"
"RP11-686D16.1","0.147102461660846"
"RP11-686D22.4","0.146030637709411"
"RP11-686D22.5","0.146891289254046"
"RP11-686D22.9","0.145704345760657"
"RP11-686F15.2","0.145389492477551"
"RP11-686G23.2","0.147164065146566"
"RP11-686G8.2","0.148596177758896"
"RP11-686G8.5","0.14693883436501"
"RP11-686O6.1","0.147406681691779"
"RP11-686O6.2","0.146231898490123"
"RP11-687D19.1","0.143931177759036"
"RP11-687F6.5","0.143997472770895"
"RP11-687M24.8","0.148302556104065"
"RP11-688G15.3","0.148419054715983"
"RP11-688I9.2","0.147074924202353"
"RP11-688I9.4","0.1484309392835"
"RP11-689B22.2","0.149889557814935"
"RP11-689C9.1","0.147605336885603"
"RP11-689K5.3","0.146865873489814"
"RP11-689P11.2","0.147268822732444"
"RP11-689P11.3","0.146310909139433"
"RP11-68I3.5","0.148419054715983"
"RP11-68I3.7","0.147981874884325"
"RP11-68L1.2","0.148709788890141"
"RP11-68L18.1","0.146231898490123"
"RP11-690C23.2","0.148596177758896"
"RP11-690J15.1","0.147074924202353"
"RP11-690P14.4","0.143997472770895"
"RP11-691G17.1","0.148941548324179"
"RP11-691H4.4","0.146231898490123"
"RP11-691N7.6","0.147507672994951"
"RP11-692C24.1","0.148896790636451"
"RP11-692C24.2","0.145389492477551"
"RP11-692D12.1","0.148419054715983"
"RP11-693J15.5","0.146865873489814"
"RP11-693J15.6","0.146231898490123"
"RP11-693L9.2","0.146728398725431"
"RP11-696D21.2","0.1484309392835"
"RP11-696F12.1","0.14529328094159"
"RP11-696N14.1","0.145233284740905"
"RP11-697E2.11","0.145060598424522"
"RP11-697E2.12","0.146728398725431"
"RP11-697E2.6","0.147038234492674"
"RP11-697E22.1","0.148302556104065"
"RP11-697E22.2","0.146310909139433"
"RP11-697E22.3","0.14559845630857"
"RP11-697H9.3","0.147934616226556"
"RP11-697M17.2","0.147038234492674"
"RP11-698F20.3","0.146310909139433"
"RP11-699A5.2","0.147855120818664"
"RP11-699L21.1","0.146728398725431"
"RP11-69C13.1","0.147074924202353"
"RP11-69E11.4","0.145233284740905"
"RP11-69E11.8","0.145902799765163"
"RP11-69E9.1","0.146883618281131"
"RP11-69G7.1","0.145389492477551"
"RP11-69H7.3","0.146891289254046"
"RP11-69I8.2","0.146865873489814"
"RP11-69I8.3","0.14559845630857"
"RP11-69L16.4","0.146231898490123"
"RP11-69M1.8","0.144895372548919"
"RP11-6B19.1","0.147507672994951"
"RP11-6B19.2","0.145871308752528"
"RP11-6B4.1","0.146030637709411"
"RP11-6D1.3","0.144670223173474"
"RP11-6E9.5","0.14559845630857"
"RP11-6F2.5","0.147074924202353"
"RP11-6I2.3","0.145164672226946"
"RP11-6I2.4","0.145902799765163"
"RP11-6J21.2","0.145902799765163"
"RP11-6L6.2","0.145164672226946"
"RP11-6L6.7","0.144597714886891"
"RP11-6N13.1","0.145902799765163"
"RP11-6N13.4","0.145060598424522"
"RP11-6N17.10","0.146883618281131"
"RP11-6N17.2","0.146891289254046"
"RP11-6N17.3","0.145389492477551"
"RP11-6N17.6","0.147855120818664"
"RP11-6O2.2","0.145060598424522"
"RP11-6O2.3","0.145233284740905"
"RP11-6O2.4","0.147934616226556"
"RP11-700F16.3","0.145338972241645"
"RP11-700H6.1","0.146865873489814"
"RP11-700H6.2","0.147507672994951"
"RP11-700H6.4","0.148596177758896"
"RP11-700J17.1","0.147981874884325"
"RP11-700J17.2","0.149167972276175"
"RP11-700N1.1","0.143997472770895"
"RP11-701H16.4","0.149651236905977"
"RP11-701H24.3","0.147507672994951"
"RP11-701H24.4","0.146030637709411"
"RP11-701H24.9","0.147038234492674"
"RP11-701I24.3","0.143854705944083"
"RP11-701P16.2","0.146865873489814"
"RP11-702B10.1","0.145164672226946"
"RP11-702B10.2","0.147855120818664"
"RP11-702F3.1","0.147855120818664"
"RP11-702F3.3","0.146728398725431"
"RP11-702F3.4","0.148419054715983"
"RP11-702H23.4","0.14559845630857"
"RP11-702H23.6","0.147268822732444"
"RP11-703G6.1","0.147855120818664"
"RP11-703H8.7","0.146728398725431"
"RP11-703H8.9","0.147268822732444"
"RP11-703I16.1","0.146932373167287"
"RP11-703M24.5","0.144670223173474"
"RP11-704C2.1","0.14529328094159"
"RP11-704J17.5","0.147934616226556"
"RP11-704M14.1","0.147038234492674"
"RP11-705C15.4","0.143123103382618"
"RP11-705O1.8","0.145902799765163"
"RP11-705O24.1","0.145902799765163"
"RP11-705O24.2","0.147934616226556"
"RP11-706C16.7","0.147605336885603"
"RP11-706C16.8","0.146728398725431"
"RP11-706D8.3","0.147605336885603"
"RP11-706F1.1","0.147038234492674"
"RP11-706J10.2","0.147164065146566"
"RP11-706O15.1","0.146728398725431"
"RP11-706O15.3","0.145060598424522"
"RP11-706O15.5","0.147406681691779"
"RP11-706O15.7","0.145902799765163"
"RP11-706P11.2","0.147406681691779"
"RP11-707A18.1","0.146865873489814"
"RP11-707G14.1","0.143370615757438"
"RP11-707G18.1","0.145500471595964"
"RP11-707M3.3","0.148302556104065"
"RP11-707P17.1","0.146865873489814"
"RP11-707P17.2","0.147074924202353"
"RP11-708J19.1","0.147102461660846"
"RP11-709A23.1","0.146310909139433"
"RP11-709D24.5","0.147074924202353"
"RP11-709D24.6","0.147855120818664"
"RP11-70C1.1","0.144332314155362"
"RP11-70C1.3","0.145389492477551"
"RP11-70D24.2","0.147406681691779"
"RP11-70D24.3","0.147164065146566"
"RP11-70D24.4","0.145164672226946"
"RP11-70F11.11","0.147406681691779"
"RP11-70F11.8","0.147074924202353"
"RP11-70L8.4","0.14693883436501"
"RP11-70P17.1","0.147027587355562"
"RP11-710C12.1","0.1484309392835"
"RP11-710E1.2","0.145060598424522"
"RP11-710F7.2","0.148941548324179"
"RP11-710F7.3","0.145704345760657"
"RP11-711C17.2","0.144184639025898"
"RP11-711D18.2","0.145338972241645"
"RP11-711K1.8","0.143760224959549"
"RP11-712B9.2","0.147164065146566"
"RP11-712L6.5","0.147507672994951"
"RP11-712L6.7","0.145233284740905"
"RP11-713D19.1","0.1484309392835"
"RP11-713M15.1","0.143627403099505"
"RP11-713M15.2","0.146231898490123"
"RP11-713M6.2","0.145338972241645"
"RP11-713N11.4","0.147164065146566"
"RP11-713N11.5","0.147855120818664"
"RP11-713N11.6","0.147027587355562"
"RP11-713P17.3","0.14559845630857"
"RP11-713P17.4","0.1484309392835"
"RP11-713P17.5","0.146030637709411"
"RP11-714G18.1","0.14529328094159"
"RP11-714L20.1","0.147102461660846"
"RP11-714M23.2","0.145060598424522"
"RP11-715J22.2","0.145338972241645"
"RP11-715J22.3","0.147981874884325"
"RP11-715J22.4","0.147855120818664"
"RP11-716H6.1","0.14529328094159"
"RP11-716H6.2","0.146721750684124"
"RP11-716O23.1","0.147102461660846"
"RP11-716O23.2","0.144670223173474"
"RP11-717A5.2","0.147027587355562"
"RP11-717F1.1","0.14559845630857"
"RP11-717F1.2","0.148302556104065"
"RP11-718G2.5","0.146030637709411"
"RP11-718O11.1","0.145164672226946"
"RP11-71E19.1","0.148596177758896"
"RP11-71E19.2","0.146231898490123"
"RP11-71G12.1","0.147406681691779"
"RP11-71J2.1","0.147605336885603"
"RP11-71L14.4","0.147062603242484"
"RP11-71N10.1","0.146310909139433"
"RP11-720L2.4","0.147507672994951"
"RP11-720L8.1","0.147164065146566"
"RP11-722E23.2","0.145233284740905"
"RP11-722G7.1","0.149437628088527"
"RP11-722M1.1","0.145060598424522"
"RP11-723D22.3","0.146231898490123"
"RP11-723G8.2","0.145164672226946"
"RP11-723O4.2","0.146231898490123"
"RP11-723O4.6","0.145523913242569"
"RP11-723O4.9","0.144425014977566"
"RP11-724N1.1","0.145060598424522"
"RP11-725G5.2","0.146865873489814"
"RP11-725M22.1","0.146728398725431"
"RP11-725P16.2","0.145164672226946"
"RP11-727A23.10","0.144425014977566"
"RP11-727A23.7","0.146231898490123"
"RP11-727F15.11","0.147406681691779"
"RP11-727F15.12","0.147605336885603"
"RP11-727F15.9","0.14529328094159"
"RP11-727M10.1","0.146231898490123"
"RP11-728E14.2","0.147605336885603"
"RP11-728E14.3","0.145704345760657"
"RP11-728F11.3","0.143854705944083"
"RP11-728F11.4","0.147102461660846"
"RP11-728G15.1","0.148419054715983"
"RP11-728K20.2","0.1484309392835"
"RP11-728K20.3","0.145704345760657"
"RP11-729I10.2","0.145902799765163"
"RP11-729L2.2","0.146231898490123"
"RP11-729M20.1","0.148596177758896"
"RP11-72I8.1","0.143931177759036"
"RP11-72L22.1","0.147855120818664"
"RP11-72M17.1","0.147027587355562"
"RP11-730K11.1","0.144332314155362"
"RP11-730N24.1","0.14693883436501"
"RP11-730N24.2","0.147102461660846"
"RP11-731C17.2","0.147102461660846"
"RP11-731D1.4","0.147251023069105"
"RP11-731F5.1","0.144425014977566"
"RP11-731F5.2","0.145016090478699"
"RP11-731K22.1","0.145902799765163"
"RP11-732A19.5","0.147507672994951"
"RP11-732A19.6","0.147164065146566"
"RP11-732A19.8","0.148419054715983"
"RP11-732A19.9","0.147164065146566"
"RP11-732A21.2","0.146231898490123"
"RP11-732A21.3","0.147164065146566"
"RP11-733D4.1","0.145704345760657"
"RP11-733O18.1","0.147605336885603"
"RP11-734I18.1","0.147268822732444"
"RP11-734K2.4","0.145523913242569"
"RP11-734K21.3","0.147507672994951"
"RP11-734K21.5","0.14693883436501"
"RP11-734K23.9","0.147934616226556"
"RP11-735G4.1","0.1484309392835"
"RP11-736G13.1","0.14529328094159"
"RP11-736K20.5","0.143627403099505"
"RP11-736K20.6","0.145060598424522"
"RP11-736N17.10","0.145159653558852"
"RP11-736N17.11","0.147027587355562"
"RP11-737O24.1","0.146030637709411"
"RP11-737O24.2","0.146030637709411"
"RP11-737O24.5","0.145523913242569"
"RP11-738E22.3","0.145523913242569"
"RP11-739B23.1","0.146883618281131"
"RP11-739G5.1","0.146030637709411"
"RP11-739L10.1","0.143487755551232"
"RP11-739N10.1","0.146030637709411"
"RP11-739N20.2","0.147268822732444"
"RP11-73E17.2","0.145338972241645"
"RP11-73G16.2","0.146721750684124"
"RP11-73K9.2","0.146891289254046"
"RP11-73K9.3","0.145902799765163"
"RP11-73M14.1","0.14559845630857"
"RP11-73M18.10","0.14529328094159"
"RP11-73M18.2","0.14529328094159"
"RP11-73M7.1","0.146883618281131"
"RP11-73M7.6","0.148709788890141"
"RP11-73M7.9","0.145060598424522"
"RP11-73O6.3","0.144133867811977"
"RP11-742B18.1","0.146721750684124"
"RP11-744A16.4","0.14559845630857"
"RP11-744D14.2","0.144735350811966"
"RP11-744I24.2","0.145233284740905"
"RP11-744I24.3","0.147981874884325"
"RP11-744K17.1","0.148419054715983"
"RP11-744N12.3","0.143997472770895"
"RP11-745C15.2","0.145704345760657"
"RP11-745L13.2","0.144133867811977"
"RP11-745O10.4","0.145060598424522"
"RP11-746M1.1","0.147268822732444"
"RP11-747D18.1","0.147268822732444"
"RP11-748L13.6","0.146865873489814"
"RP11-74C13.3","0.146891289254046"
"RP11-74E22.3","0.146721750684124"
"RP11-74E22.5","0.146883618281131"
"RP11-74E22.6","0.145016090478699"
"RP11-74E22.8","0.147071375156649"
"RP11-74J13.8","0.146231898490123"
"RP11-74K11.2","0.145159653558852"
"RP11-74M11.2","0.14693883436501"
"RP11-750H9.5","0.146883618281131"
"RP11-752D24.2","0.146721750684124"
"RP11-752G15.8","0.146231898490123"
"RP11-752L20.5","0.145389492477551"
"RP11-753A21.1","0.144895372548919"
"RP11-753A21.2","0.145060598424522"
"RP11-753C18.12","0.145523913242569"
"RP11-753D20.3","0.145338972241645"
"RP11-753D20.4","0.147071375156649"
"RP11-753H16.3","0.145523913242569"
"RP11-753H16.5","0.147268822732444"
"RP11-754B17.1","0.143931177759036"
"RP11-754N21.1","0.14559845630857"
"RP11-755B10.3","0.145338972241645"
"RP11-755E23.3","0.148709788890141"
"RP11-755F10.1","0.146721750684124"
"RP11-755F10.3","0.146891289254046"
"RP11-755O11.2","0.145338972241645"
"RP11-756G20.1","0.148596177758896"
"RP11-756H20.1","0.149167972276175"
"RP11-756H6.1","0.145016090478699"
"RP11-756J15.3","0.143004575137397"
"RP11-756P10.2","0.145902799765163"
"RP11-757A13.1","0.146865873489814"
"RP11-757F18.5","0.14693883436501"
"RP11-757G1.6","0.145195481447222"
"RP11-757O6.1","0.147855120818664"
"RP11-758H9.2","0.146721750684124"
"RP11-758M4.4","0.147605336885603"
"RP11-758N13.1","0.146721750684124"
"RP11-758P17.2","0.148941548324179"
"RP11-758P17.3","0.144735350811966"
"RP11-759A24.3","0.145159653558852"
"RP11-75C10.9","0.144670223173474"
"RP11-75C23.1","0.145704345760657"
"RP11-75C9.2","0.146721750684124"
"RP11-75L1.1","0.147268822732444"
"RP11-760D2.5","0.144332314155362"
"RP11-760H22.2","0.145902799765163"
"RP11-761B3.1","0.145389492477551"
"RP11-761I4.5","0.146891289254046"
"RP11-761N21.1","0.145195481447222"
"RP11-762E8.1","0.144670223173474"
"RP11-762H8.1","0.142938369209618"
"RP11-762H8.3","0.147934616226556"
"RP11-762H8.5","0.14559845630857"
"RP11-762I7.5","0.146231898490123"
"RP11-763B22.4","0.146030637709411"
"RP11-763B22.6","0.143931177759036"
"RP11-764E7.1","0.145523913242569"
"RP11-764K9.1","0.147102461660846"
"RP11-766F14.1","0.147268822732444"
"RP11-766F14.2","0.145902799765163"
"RP11-766N7.3","0.146231898490123"
"RP11-766N7.4","0.145389492477551"
"RP11-767C1.1","0.147027587355562"
"RP11-767C1.2","0.145389492477551"
"RP11-767I20.1","0.14559845630857"
"RP11-767N15.1","0.14559845630857"
"RP11-768B22.2","0.14693883436501"
"RP11-768F21.1","0.146030637709411"
"RP11-768G7.2","0.147071375156649"
"RP11-768G7.3","0.146865873489814"
"RP11-769N22.1","0.145159653558852"
"RP11-769O8.1","0.144332314155362"
"RP11-769O8.2","0.143760224959549"
"RP11-76C10.2","0.144133867811977"
"RP11-76C10.5","0.145281237473483"
"RP11-76E12.1","0.145523913242569"
"RP11-76E17.2","0.145523913242569"
"RP11-76E17.3","0.145523913242569"
"RP11-76E17.4","0.145338972241645"
"RP11-76I14.1","0.1484309392835"
"RP11-76I23.7","0.147406681691779"
"RP11-76K13.3","0.148302556104065"
"RP11-76P2.4","0.145338972241645"
"RP11-770E5.1","0.146883618281131"
"RP11-770E5.3","0.143931177759036"
"RP11-770G2.5","0.145060598424522"
"RP11-770J1.3","0.145902799765163"
"RP11-770J1.4","0.14365205162505"
"RP11-770J1.5","0.145338972241645"
"RP11-771K4.1","0.148302556104065"
"RP11-773H22.4","0.1484309392835"
"RP11-774D14.1","0.145902799765163"
"RP11-774O3.1","0.147507672994951"
"RP11-774O3.2","0.14559845630857"
"RP11-774O3.3","0.147027587355562"
"RP11-775C24.3","0.144735350811966"
"RP11-775C24.5","0.146891289254046"
"RP11-775D22.2","0.149091373858689"
"RP11-775D22.3","0.143931177759036"
"RP11-775H9.3","0.145338972241645"
"RP11-776A13.3","0.144133867811977"
"RP11-776H12.1","0.146721750684124"
"RP11-778D9.12","0.145523913242569"
"RP11-778D9.13","0.146231898490123"
"RP11-778H2.1","0.145902799765163"
"RP11-778J15.1","0.146030637709411"
"RP11-778J16.3","0.146891289254046"
"RP11-779O18.1","0.143760224959549"
"RP11-779O18.3","0.146891289254046"
"RP11-779P15.1","0.146231898490123"
"RP11-779P15.2","0.145523913242569"
"RP11-77A13.1","0.147164065146566"
"RP11-77E14.2","0.147027587355562"
"RP11-77G23.2","0.146891289254046"
"RP11-77G23.5","0.145523913242569"
"RP11-77H9.2","0.147071375156649"
"RP11-77H9.5","0.147605336885603"
"RP11-77H9.6","0.148709788890141"
"RP11-77H9.8","0.14693883436501"
"RP11-77I22.2","0.145060598424522"
"RP11-77K12.1","0.146883618281131"
"RP11-77K12.10","0.146231898490123"
"RP11-77K12.4","0.146883618281131"
"RP11-77K12.7","0.148426045231835"
"RP11-77K12.9","0.145389492477551"
"RP11-77M5.1","0.147164065146566"
"RP11-77P16.4","0.145562922202935"
"RP11-77P6.2","0.145159653558852"
"RP11-780K2.1","0.146030637709411"
"RP11-780O24.2","0.147406681691779"
"RP11-781A6.1","0.143854705944083"
"RP11-781P6.1","0.151586757562354"
"RP11-783K16.13","0.14693883436501"
"RP11-783K16.14","0.147268822732444"
"RP11-783K16.5","0.145704345760657"
"RP11-784B15.1","0.148419054715983"
"RP11-785D18.3","0.146883618281131"
"RP11-787B4.2","0.147406681691779"
"RP11-787I22.3","0.145389492477551"
"RP11-788A4.1","0.149091373858689"
"RP11-789C1.2","0.146231898490123"
"RP11-789C17.3","0.146865873489814"
"RP11-789C17.5","0.145704345760657"
"RP11-789C2.1","0.146883618281131"
"RP11-78A19.3","0.147164065146566"
"RP11-78A19.4","0.147981874884325"
"RP11-78B10.2","0.144332314155362"
"RP11-78C3.1","0.145902799765163"
"RP11-78F17.1","0.147855120818664"
"RP11-78I14.1","0.147164065146566"
"RP11-78J21.4","0.146721750684124"
"RP11-78L16.1","0.147406681691779"
"RP11-78O22.1","0.146865873489814"
"RP11-78O7.2","0.146883618281131"
"RP11-78O7.3","0.146883618281131"
"RP11-791G15.2","0.147102461660846"
"RP11-791M20.1","0.146231898490123"
"RP11-792A8.4","0.147268822732444"
"RP11-793H13.10","0.145195481447222"
"RP11-793H13.11","0.145281237473483"
"RP11-793H13.3","0.14693883436501"
"RP11-794G24.1","0.14559845630857"
"RP11-794M8.1","0.145060598424522"
"RP11-794P6.2","0.147027587355562"
"RP11-794P6.6","0.146891289254046"
"RP11-795F19.1","0.144735350811966"
"RP11-795F19.5","0.147507672994951"
"RP11-795H16.3","0.147855120818664"
"RP11-795J1.1","0.145195481447222"
"RP11-796E10.1","0.147855120818664"
"RP11-796E2.4","0.14693883436501"
"RP11-797A18.3","0.147605336885603"
"RP11-797D24.3","0.145338972241645"
"RP11-797D24.4","0.147268822732444"
"RP11-797H7.5","0.145016090478699"
"RP11-797M17.1","0.147406681691779"
"RP11-798G7.5","0.146865873489814"
"RP11-798G7.6","0.149038802930007"
"RP11-798G7.8","0.147859810151234"
"RP11-798K23.4","0.145060598424522"
"RP11-798K3.2","0.14758377011623"
"RP11-798K3.3","0.149803035113174"
"RP11-798L4.1","0.147981874884325"
"RP11-798M19.3","0.145281237473483"
"RP11-798M19.6","0.146865873489814"
"RP11-799B12.2","0.147102461660846"
"RP11-799B12.4","0.147605336885603"
"RP11-799D4.3","0.147507672994951"
"RP11-799D4.4","0.147859810151234"
"RP11-799M12.2","0.146721750684124"
"RP11-799N11.1","0.147859810151234"
"RP11-799O21.2","0.145389492477551"
"RP11-79C6.3","0.147406681691779"
"RP11-79E3.2","0.147102461660846"
"RP11-79H23.3","0.147071375156649"
"RP11-79M19.2","0.147507672994951"
"RP11-79N23.1","0.147834444444141"
"RP11-79O8.1","0.14693883436501"
"RP11-79P5.9","0.144133867811977"
"RP11-7C6.1","0.148596177758896"
"RP11-7F17.3","0.145523913242569"
"RP11-7F17.4","0.145159653558852"
"RP11-7F17.5","0.148596177758896"
"RP11-7F17.8","0.14693883436501"
"RP11-7F18.2","0.145704345760657"
"RP11-7I15.3","0.147507672994951"
"RP11-7I15.4","0.148302556104065"
"RP11-7K24.3","0.147981874884325"
"RP11-7M8.2","0.148302556104065"
"RP11-7N14.1","0.147406681691779"
"RP11-7O11.3","0.147164065146566"
"RP11-800A18.4","0.147027587355562"
"RP11-800A3.2","0.149080929091054"
"RP11-800A3.3","0.147268822732444"
"RP11-800A3.7","0.147027587355562"
"RP11-801F7.1","0.145281237473483"
"RP11-802D6.1","0.146865873489814"
"RP11-802E16.3","0.147268822732444"
"RP11-802O23.3","0.1484309392835"
"RP11-803B1.8","0.148896790636451"
"RP11-803D5.4","0.146883618281131"
"RP11-803P9.1","0.149482909422328"
"RP11-804A23.1","0.14559845630857"
"RP11-804A23.2","0.146721750684124"
"RP11-804A23.4","0.146030637709411"
"RP11-804F13.1","0.148655486122325"
"RP11-804H8.6","0.146721750684124"
"RP11-804H8.7","0.147268822732444"
"RP11-804N13.1","0.147071375156649"
"RP11-805F19.1","0.149167972276175"
"RP11-805F19.2","0.145523913242569"
"RP11-805I24.1","0.145281237473483"
"RP11-805I24.3","0.147981874884325"
"RP11-805J14.5","0.148709788890141"
"RP11-806H10.4","0.147859810151234"
"RP11-806J6.1","0.147102461660846"
"RP11-806L2.2","0.148709788890141"
"RP11-806L2.6","0.146865873489814"
"RP11-807H17.1","0.146865873489814"
"RP11-807H22.7","0.147981874884325"
"RP11-807H7.2","0.148709788890141"
"RP11-809C18.3","0.146865873489814"
"RP11-809H16.4","0.146883618281131"
"RP11-809H16.5","0.148904545432847"
"RP11-809N8.2","0.146891289254046"
"RP11-809N8.4","0.147981874884325"
"RP11-809O17.1","0.145523913242569"
"RP11-80A15.1","0.148596177758896"
"RP11-80B9.4","0.147102461660846"
"RP11-80F22.14","0.148709788890141"
"RP11-80F22.15","0.147406681691779"
"RP11-80H18.3","0.148596177758896"
"RP11-80H18.4","0.146721750684124"
"RP11-80H5.2","0.143997472770895"
"RP11-80H5.7","0.14693883436501"
"RP11-80H5.9","0.146231898490123"
"RP11-80H8.3","0.147981874884325"
"RP11-80I15.4","0.145159653558852"
"RP11-80I3.1","0.148772594317785"
"RP11-810M2.2","0.147605336885603"
"RP11-810P12.5","0.147859810151234"
"RP11-810P8.1","0.149167972276175"
"RP11-812E19.3","0.147102461660846"
"RP11-812E19.9","0.147027587355562"
"RP11-814H16.2","0.145195481447222"
"RP11-814P5.1","0.147406906897581"
"RP11-815J21.2","0.146231898490123"
"RP11-815J21.3","0.148302556104065"
"RP11-815J21.4","0.145704345760657"
"RP11-815M8.1","0.149167972276175"
"RP11-816J6.3","0.144332314155362"
"RP11-816J8.1","0.144425014977566"
"RP11-817G13.3","0.147268822732444"
"RP11-817J15.2","0.14559845630857"
"RP11-817J15.3","0.1449057105853"
"RP11-817O13.8","0.14688543294392"
"RP11-817O13.9","0.147102461660846"
"RP11-818F20.4","0.147406681691779"
"RP11-818F20.5","0.149049372533156"
"RP11-818O24.3","0.1449057105853"
"RP11-819C21.1","0.147981874884325"
"RP11-81A22.5","0.147027587355562"
"RP11-81F13.1","0.147027587355562"
"RP11-81F13.2","0.1449057105853"
"RP11-81H14.1","0.145310944529346"
"RP11-81H14.2","0.146865873489814"
"RP11-81H3.2","0.145389492477551"
"RP11-81K13.1","0.14559845630857"
"RP11-81K2.1","0.147507672994951"
"RP11-820I16.1","0.147507672994951"
"RP11-820I16.3","0.147102461660846"
"RP11-820I16.4","0.148302556104065"
"RP11-823E8.3","0.146030637709411"
"RP11-826N14.1","0.146231898490123"
"RP11-826N14.2","0.148302556104065"
"RP11-826N14.4","0.149038802930007"
"RP11-829H16.3","0.150365094866265"
"RP11-82L20.1","0.145060598424522"
"RP11-82L7.4","0.146207837285581"
"RP11-82O19.1","0.148709788890141"
"RP11-830F9.5","0.145281237473483"
"RP11-830F9.6","0.147102461660846"
"RP11-831A10.2","0.14559845630857"
"RP11-831F12.2","0.150700048117108"
"RP11-831H9.11","0.145523913242569"
"RP11-834C11.10","0.149533885558213"
"RP11-834C11.11","0.145902799765163"
"RP11-834C11.12","0.146030637709411"
"RP11-834C11.15","0.147102461660846"
"RP11-834C11.4","0.149091373858689"
"RP11-834C11.5","0.148596177758896"
"RP11-834C11.6","0.149437628088527"
"RP11-834C11.8","0.147102461660846"
"RP11-835E18.5","0.1474713819999"
"RP11-837J7.4","0.146030637709411"
"RP11-838N2.3","0.146030637709411"
"RP11-838N2.5","0.148772594317785"
"RP11-839D17.3","0.147027587355562"
"RP11-839G9.1","0.146865873489814"
"RP11-83A16.1","0.147071375156649"
"RP11-83A24.2","0.149091373858689"
"RP11-83B20.1","0.145389492477551"
"RP11-83C7.1","0.147071375156649"
"RP11-83J21.3","0.1484309392835"
"RP11-83M16.5","0.148596177758896"
"RP11-83M16.6","0.149803035113174"
"RP11-83N9.5","0.145902799765163"
"RP11-83N9.6","0.148596177758896"
"RP11-840I19.3","0.147027587355562"
"RP11-840I19.5","0.149261139071458"
"RP11-841O20.2","0.148596177758896"
"RP11-843A23.1","0.148709788890141"
"RP11-843B15.2","0.147605336885603"
"RP11-843P14.1","0.148596177758896"
"RP11-843P14.2","0.147164065146566"
"RP11-844P9.1","0.147859810151234"
"RP11-844P9.2","0.148896790636451"
"RP11-845C23.3","0.14693883436501"
"RP11-845M18.6","0.150851491418447"
"RP11-845M18.7","0.147981874884325"
"RP11-847H18.2","0.146865873489814"
"RP11-847H18.3","0.145338972241645"
"RP11-848P1.3","0.147859810151234"
"RP11-848P1.4","0.148709788890141"
"RP11-848P1.5","0.149284509782886"
"RP11-849F2.4","0.149091373858689"
"RP11-849F2.5","0.149831296754394"
"RP11-849F2.7","0.148302556104065"
"RP11-849F2.9","0.146721750684124"
"RP11-849H4.2","0.148896790636451"
"RP11-849H4.4","0.148655486122325"
"RP11-849I19.1","0.1474713819999"
"RP11-849N15.1","0.147268822732444"
"RP11-849N15.4","0.148772594317785"
"RP11-84A14.5","0.148302556104065"
"RP11-84A19.2","0.14693883436501"
"RP11-84A19.3","0.149080929091054"
"RP11-84A19.4","0.148426045231835"
"RP11-84C10.2","0.147027587355562"
"RP11-84C10.4","0.148709788890141"
"RP11-84C13.2","0.147027587355562"
"RP11-84D1.1","0.149049372533156"
"RP11-84D1.2","0.150535929955884"
"RP11-84G21.1","0.148302556104065"
"RP11-850A17.1","0.147027587355562"
"RP11-854K16.3","0.149533885558213"
"RP11-855A2.3","0.149261139071458"
"RP11-855A2.5","0.148941548324179"
"RP11-855O10.2","0.149284509782886"
"RP11-855O10.3","0.147605336885603"
"RP11-856F16.2","0.148596177758896"
"RP11-856M7.1","0.150205284738231"
"RP11-856M7.2","0.148419054715983"
"RP11-856M7.6","0.148709788890141"
"RP11-857B24.1","0.148419054715983"
"RP11-857B24.5","0.147071375156649"
"RP11-85A1.3","0.147027587355562"
"RP11-85B7.2","0.148593847586946"
"RP11-85B7.4","0.14693883436501"
"RP11-85B7.5","0.1474713819999"
"RP11-85E16.1","0.146231898490123"
"RP11-85G18.6","0.148419054715983"
"RP11-85G21.3","0.148941548324179"
"RP11-85I21.1","0.150700048117108"
"RP11-85L21.4","0.1474713819999"
"RP11-85O21.2","0.145704345760657"
"RP11-860B13.1","0.14559845630857"
"RP11-861E21.2","0.146891289254046"
"RP11-862G15.1","0.143760224959549"
"RP11-862G15.2","0.146891289254046"
"RP11-862L9.3","0.145159653558852"
"RP11-862P13.1","0.148941548324179"
"RP11-863H1.1","0.147981874884325"
"RP11-863K10.2","0.147859810151234"
"RP11-863K10.7","0.145902799765163"
"RP11-863P13.1","0.149167972276175"
"RP11-863P13.2","0.148941548324179"
"RP11-863P13.3","0.149080929091054"
"RP11-863P13.4","0.146883618281131"
"RP11-863P13.5","0.147164065146566"
"RP11-863P13.6","0.149091373858689"
"RP11-864G5.3","0.146030637709411"
"RP11-864I4.1","0.147268822732444"
"RP11-864I4.3","0.148596177758896"
"RP11-864I4.4","0.146883618281131"
"RP11-864J10.4","0.146883618281131"
"RP11-865I6.2","0.148732163123983"
"RP11-866E20.3","0.148419054715983"
"RP11-867G2.5","0.147027587355562"
"RP11-867G2.6","0.148419054715983"
"RP11-867G2.8","0.146231898490123"
"RP11-867G23.1","0.147859810151234"
"RP11-867G23.12","0.146721750684124"
"RP11-867G23.13","0.147102461660846"
"RP11-867G23.2","0.149889557814935"
"RP11-867G23.3","0.147027587355562"
"RP11-867G23.4","0.149038802930007"
"RP11-867G23.8","0.148302556104065"
"RP11-867O8.5","0.146891289254046"
"RP11-86A5.1","0.1474713819999"
"RP11-86H7.6","0.149091373858689"
"RP11-872D17.4","0.148596177758896"
"RP11-872D17.8","0.148772594317785"
"RP11-872J21.3","0.148941548324179"
"RP11-873E20.1","0.1474713819999"
"RP11-874J12.4","0.144597714886891"
"RP11-875H7.2","0.148772594317785"
"RP11-875H7.5","0.149080929091054"
"RP11-875O11.1","0.146231898490123"
"RP11-875O11.2","0.149261139071458"
"RP11-875O11.3","0.148709788890141"
"RP11-876N24.2","0.148896790636451"
"RP11-876N24.4","0.147268822732444"
"RP11-879F14.1","0.151853496984634"
"RP11-879F14.2","0.148596177758896"
"RP11-879F14.3","0.149080929091054"
"RP11-87C12.2","0.14559845630857"
"RP11-87C12.5","0.146891289254046"
"RP11-87C12.6","0.148772594317785"
"RP11-87C7.3","0.146030637709411"
"RP11-87F15.2","0.149091373858689"
"RP11-87G24.6","0.14559845630857"
"RP11-87M18.2","0.148709788890141"
"RP11-87P13.2","0.146231898490123"
"RP11-881L2.1","0.149080929091054"
"RP11-881M11.1","0.148896790636451"
"RP11-881M11.2","0.1474713819999"
"RP11-881M11.4","0.150535929955884"
"RP11-881M11.8","0.146883618281131"
"RP11-882G5.1","0.147981874884325"
"RP11-883A18.3","0.146030637709411"
"RP11-883G14.1","0.146891289254046"
"RP11-884K10.6","0.146891289254046"
"RP11-884K10.7","0.149038802930007"
"RP11-885B4.2","0.146891289254046"
"RP11-885N19.6","0.147164065146566"
"RP11-886D15.1","0.147164065146566"
"RP11-886P16.6","0.147605336885603"
"RP11-887P2.5","0.148302556104065"
"RP11-888D10.3","0.1484309392835"
"RP11-88E10.4","0.148709788890141"
"RP11-88E10.5","0.148896790636451"
"RP11-88G17.6","0.145338972241645"
"RP11-88H10.2","0.144766364921107"
"RP11-88H9.2","0.150851491418447"
"RP11-88I18.2","0.1484309392835"
"RP11-88I21.2","0.149091373858689"
"RP11-890B15.2","0.149038802930007"
"RP11-890B15.3","0.147027587355562"
"RP11-893F2.13","0.148772594317785"
"RP11-893F2.14","0.150851491418447"
"RP11-893F2.15","0.147071375156649"
"RP11-893F2.6","0.147027587355562"
"RP11-894J14.5","0.149803035113174"
"RP11-894P9.1","0.147268822732444"
"RP11-894P9.2","0.147605336885603"
"RP11-895M11.3","0.148772594317785"
"RP11-897M7.1","0.148772594317785"
"RP11-897M7.4","0.143670457115419"
"RP11-899L11.1","0.147605336885603"
"RP11-89C3.3","0.146782810050251"
"RP11-89C3.4","0.147605336885603"
"RP11-89F3.2","0.146231898490123"
"RP11-89G4.1","0.147268822732444"
"RP11-89H19.1","0.147071375156649"
"RP11-89H19.2","0.147071375156649"
"RP11-89K10.1","0.144332314155362"
"RP11-89K11.1","0.148709788890141"
"RP11-89K21.1","0.148709788890141"
"RP11-89M20.2","0.149038802930007"
"RP11-89M22.3","0.14688543294392"
"RP11-89N17.1","0.14559845630857"
"RP11-89N17.2","0.146865873489814"
"RP11-89N17.4","0.149038802930007"
"RP11-8L8.2","0.1449057105853"
"RP11-900F13.2","0.147268822732444"
"RP11-900F13.3","0.147981874884325"
"RP11-902B17.1","0.147605336885603"
"RP11-903H12.3","0.148904545432847"
"RP11-905K4.1","0.149091373858689"
"RP11-907D1.1","0.1484309392835"
"RP11-909N17.2","0.148709788890141"
"RP11-90B22.1","0.147102461660846"
"RP11-90B9.3","0.148709788890141"
"RP11-90C1.1","0.146865873489814"
"RP11-90C4.1","0.149284509782886"
"RP11-90C4.2","0.147102461660846"
"RP11-90D11.1","0.149533885558213"
"RP11-90D4.3","0.143760224959549"
"RP11-90E5.1","0.146030637709411"
"RP11-90J7.2","0.14744239602572"
"RP11-90J7.3","0.144597714886891"
"RP11-90J7.4","0.149091373858689"
"RP11-90K6.1","0.148732163123983"
"RP11-90L1.8","0.148596177758896"
"RP11-90L20.2","0.146782810050251"
"RP11-90M2.5","0.146883618281131"
"RP11-90P13.1","0.149269255769642"
"RP11-90P5.2","0.149038802930007"
"RP11-90P5.5","0.148426045231835"
"RP11-91A18.4","0.147164065146566"
"RP11-91G21.1","0.145159653558852"
"RP11-91I20.2","0.147071375156649"
"RP11-91I20.3","0.149889557814935"
"RP11-91I20.4","0.146782810050251"
"RP11-91I8.1","0.147164065146566"
"RP11-91I8.3","0.14559845630857"
"RP11-91J19.3","0.146891289254046"
"RP11-91J3.3","0.146891289254046"
"RP11-91K11.2","0.148709788890141"
"RP11-91K8.5","0.146231898490123"
"RP11-91P17.1","0.147164065146566"
"RP11-91P24.5","0.147027587355562"
"RP11-91P24.6","0.146474143113892"
"RP11-91P24.7","0.148302556104065"
"RP11-923I11.3","0.150205284738231"
"RP11-923I11.4","0.149217086113603"
"RP11-923I11.5","0.14701194061444"
"RP11-923I11.6","0.14693883436501"
"RP11-923I11.8","0.148596177758896"
"RP11-927P21.1","0.148596177758896"
"RP11-927P21.2","0.146891289254046"
"RP11-92A5.2","0.14559845630857"
"RP11-92B11.4","0.146865873489814"
"RP11-92C4.3","0.147981874884325"
"RP11-92C4.6","0.150851491418447"
"RP11-92F20.1","0.148419054715983"
"RP11-92G12.3","0.147071375156649"
"RP11-92J19.3","0.147981874884325"
"RP11-92K15.1","0.150388248474921"
"RP11-92K15.3","0.147605336885603"
"RP11-930O11.1","0.149091373858689"
"RP11-930O11.2","0.146891289254046"
"RP11-930O11.3","0.146865873489814"
"RP11-930P14.1","0.148302556104065"
"RP11-930P14.2","0.149167972276175"
"RP11-932A10.1","0.14693883436501"
"RP11-932O9.10","0.144425014977566"
"RP11-932O9.7","0.147605336885603"
"RP11-932O9.8","0.147011335726843"
"RP11-932O9.9","0.143760224959549"
"RP11-936I5.1","0.14693883436501"
"RP11-93B14.10","0.147859810151234"
"RP11-93B14.4","0.149284509782886"
"RP11-93B14.6","0.146891289254046"
"RP11-93B14.9","0.145281237473483"
"RP11-93G5.1","0.148419054715983"
"RP11-93H12.4","0.143854705944083"
"RP11-93H24.3","0.146883618281131"
"RP11-93I21.3","0.146030637709411"
"RP11-93K22.13","0.148419054715983"
"RP11-93K22.6","0.144597714886891"
"RP11-944C7.1","0.147071375156649"
"RP11-944L7.4","0.14693883436501"
"RP11-945A11.1","0.145016090478699"
"RP11-946L16.1","0.147164065146566"
"RP11-946L16.2","0.145338972241645"
"RP11-94A24.1","0.147605336885603"
"RP11-94B19.3","0.145338972241645"
"RP11-94B19.4","0.14693883436501"
"RP11-94B19.7","0.144184639025898"
"RP11-94C24.13","0.14808922179584"
"RP11-94C24.6","0.146865873489814"
"RP11-94H18.1","0.146782810050251"
"RP11-94I2.4","0.144766364921107"
"RP11-94M14.2","0.146782810050251"
"RP11-94P11.4","0.146782810050251"
"RP11-950C14.3","0.147859810151234"
"RP11-950C14.7","0.14693883436501"
"RP11-953B20.1","0.147164065146566"
"RP11-955H22.1","0.144766364921107"
"RP11-956E11.1","0.147605336885603"
"RP11-95D17.1","0.145523913242569"
"RP11-95H3.1","0.147605336885603"
"RP11-95I16.2","0.145704345760657"
"RP11-95I16.4","0.147102461660846"
"RP11-95I16.6","0.145704345760657"
"RP11-95L3.2","0.148709788890141"
"RP11-95M15.1","0.14559845630857"
"RP11-95M5.1","0.148709788890141"
"RP11-95O2.1","0.144670223173474"
"RP11-95O2.5","0.147071375156649"
"RP11-95P13.1","0.145902799765163"
"RP11-95P13.2","0.148709788890141"
"RP11-95P2.3","0.145704345760657"
"RP11-960D24.1","0.146030637709411"
"RP11-960L18.1","0.147981874884325"
"RP11-961A15.1","0.146883618281131"
"RP11-961A15.3","0.14693883436501"
"RP11-962G15.1","0.146883618281131"
"RP11-963H4.3","0.146474143113892"
"RP11-963H4.5","0.145195481447222"
"RP11-964E11.2","0.146474143113892"
"RP11-966I7.2","0.145159653558852"
"RP11-966I7.4","0.147102461660846"
"RP11-967K21.1","0.147981874884325"
"RP11-968A15.2","0.148302556104065"
"RP11-96A1.5","0.148419054715983"
"RP11-96A15.1","0.147102461660846"
"RP11-96B2.1","0.143854705944083"
"RP11-96B5.3","0.146891289254046"
"RP11-96C21.1","0.145281237473483"
"RP11-96C21.2","0.144766364921107"
"RP11-96C23.15","0.148772594317785"
"RP11-96D1.11","0.147981874884325"
"RP11-96D1.5","0.146891289254046"
"RP11-96D1.7","0.147102461660846"
"RP11-96D24.1","0.146782810050251"
"RP11-96H19.1","0.147071375156649"
"RP11-96K19.2","0.14744239602572"
"RP11-96K19.5","0.146030637709411"
"RP11-96L14.7","0.14693883436501"
"RP11-96L14.8","0.146883618281131"
"RP11-96L7.2","0.145195481447222"
"RP11-96O20.2","0.145338972241645"
"RP11-96O20.4","0.148772594317785"
"RP11-96O20.5","0.146891289254046"
"RP11-96P7.1","0.146891289254046"
"RP11-973D8.4","0.14559845630857"
"RP11-973F15.2","0.148419054715983"
"RP11-973H7.1","0.146474143113892"
"RP11-973H7.4","0.146231898490123"
"RP11-973H7.5","0.14693883436501"
"RP11-973N13.3","0.147859810151234"
"RP11-973N13.4","0.146474143113892"
"RP11-976B16.1","0.145902799765163"
"RP11-977B10.2","0.145281237473483"
"RP11-977G19.10","0.147027587355562"
"RP11-977G19.11","0.14693883436501"
"RP11-977G19.12","0.145523913242569"
"RP11-977G19.14","0.145704345760657"
"RP11-977P2.1","0.14365205162505"
"RP11-97C16.1","0.143670457115419"
"RP11-97E7.1","0.144534787182745"
"RP11-981G7.6","0.146030637709411"
"RP11-981P6.1","0.1484309392835"
"RP11-982M15.2","0.147027587355562"
"RP11-982M15.5","0.146891289254046"
"RP11-982M15.6","0.146865873489814"
"RP11-982M15.7","0.14701194061444"
"RP11-982M15.8","0.14515302608535"
"RP11-983C2.2","0.145060598424522"
"RP11-983P16.4","0.1484309392835"
"RP11-986G18.2","0.146474143113892"
"RP11-989E6.10","0.148904545432847"
"RP11-989F5.1","0.147605336885603"
"RP11-989F5.3","0.145338972241645"
"RP11-98D18.1","0.149167972276175"
"RP11-98D18.15","0.14744239602572"
"RP11-98D18.16","0.145060598424522"
"RP11-98D18.17","0.14831723825906"
"RP11-98D18.3","0.14701194061444"
"RP11-98D18.9","0.145281237473483"
"RP11-98F14.11","0.146030637709411"
"RP11-98G13.1","0.145060598424522"
"RP11-98G7.1","0.146474143113892"
"RP11-98I9.4","0.146474143113892"
"RP11-98O2.1","0.148487137078358"
"RP11-991C1.1","0.147164065146566"
"RP11-993B23.3","0.149091373858689"
"RP11-996F15.2","0.147027587355562"
"RP11-996F15.4","0.146474143113892"
"RP11-996F15.5","0.149167972276175"
"RP11-996F15.6","0.145195481447222"
"RP11-998D10.1","0.14693883436501"
"RP11-998D10.4","0.145523913242569"
"RP11-99A1.2","0.147164065146566"
"RP11-99E15.2","0.147071375156649"
"RP11-99H20.1","0.148655486122325"
"RP11-99J16--A.2","0.147605336885603"
"RP11-99L13.1","0.146030637709411"
"RP11-99L13.2","0.147859810151234"
"RP11-9B6.1","0.1449057105853"
"RP11-9G1.3","0.148596177758896"
"RP11-9M16.2","0.1449057105853"
"RP11-9N12.2","0.147981874884325"
"RP11-9N20.3","0.145704345760657"
"RP13-1016M1.2","0.1484309392835"
"RP13-1032I1.11","0.14744239602572"
"RP13-1032I1.7","0.147164065146566"
"RP13-1039J1.2","0.145902799765163"
"RP13-1039J1.3","0.147859810151234"
"RP13-126C7.1","0.14559845630857"
"RP13-126P21.2","0.147424596362381"
"RP13-131K19.1","0.147071375156649"
"RP13-131K19.2","0.149038802930007"
"RP13-131K19.6","0.1449057105853"
"RP13-131K19.7","0.147102461660846"
"RP13-143G15.4","0.146782810050251"
"RP13-16H11.2","0.147027587355562"
"RP13-16H11.5","0.147164065146566"
"RP13-188A5.1","0.146474143113892"
"RP13-192B19.2","0.144184639025898"
"RP13-20L14.1","0.147071375156649"
"RP13-20L14.6","0.147027587355562"
"RP13-212L9.1","0.145704345760657"
"RP13-216E22.4","0.145016090478699"
"RP13-225O21.2","0.14455469101923"
"RP13-228J13.1","0.145195481447222"
"RP13-270P17.1","0.146782810050251"
"RP13-270P17.2","0.146891289254046"
"RP13-270P17.3","0.151425566330664"
"RP13-279N23.2","0.146030637709411"
"RP13-297E16.4","0.148732163123983"
"RP13-297E16.5","0.148596177758896"
"RP13-30A9.2","0.149269255769642"
"RP13-314C10.5","0.145704345760657"
"RP13-317D12.3","0.146231898490123"
"RP13-347D8.7","0.14693883436501"
"RP13-349O20.2","0.145704345760657"
"RP13-379L11.4","0.143487755551232"
"RP13-379O24.3","0.146865873489814"
"RP13-39P12.3","0.148732163123983"
"RP13-401N8.1","0.147981874884325"
"RP13-436F16.1","0.145281237473483"
"RP13-43E11.1","0.145159653558852"
"RP13-444H2.1","0.147071375156649"
"RP13-463N16.6","0.146474143113892"
"RP13-465B17.4","0.146782810050251"
"RP13-465B17.5","0.1484309392835"
"RP13-467H17.1","0.1449057105853"
"RP13-46H24.1","0.14693883436501"
"RP13-476E20.1","0.147071375156649"
"RP13-487K5.1","0.148732163123983"
"RP13-494C23.1","0.148596177758896"
"RP13-497K6.1","0.147071375156649"
"RP13-49I15.6","0.145379590125597"
"RP13-512J5.1","0.14559845630857"
"RP13-514E23.2","0.148732163123983"
"RP13-516M14.1","0.14390917116241"
"RP13-516M14.10","0.14360157720013"
"RP13-516M14.2","0.147859810151234"
"RP13-516M14.4","0.14693883436501"
"RP13-539F13.3","0.146231898490123"
"RP13-539J13.1","0.146883618281131"
"RP13-554M15.8","0.146883618281131"
"RP13-560N11.1","0.142526969291829"
"RP13-577H12.2","0.14559845630857"
"RP13-578N3.3","0.145523913242569"
"RP13-57D9.3","0.146030637709411"
"RP13-580B18.4","0.145060598424522"
"RP13-580F15.2","0.145704345760657"
"RP13-582O9.7","0.143487755551232"
"RP13-614K11.2","0.14559845630857"
"RP13-616I3.1","0.145379590125597"
"RP13-631K18.2","0.148732163123983"
"RP13-631K18.3","0.14831723825906"
"RP13-631K18.5","0.14455469101923"
"RP13-638C3.3","0.145704345760657"
"RP13-638C3.4","0.147605336885603"
"RP13-650J16.1","0.148596177758896"
"RP13-672B3.2","0.144117821165616"
"RP13-714J12.1","0.142815058145452"
"RP13-726E6.1","0.146030637709411"
"RP13-726E6.2","0.144766364921107"
"RP13-735L24.1","0.146865873489814"
"RP13-753N3.1","0.144117821165616"
"RP13-753N3.3","0.146030637709411"
"RP13-766D20.2","0.147164065146566"
"RP13-766D20.4","0.146865873489814"
"RP13-786C16.1","0.14455469101923"
"RP13-81N3.2","0.145523913242569"
"RP13-820C6.2","0.14455469101923"
"RP13-820C6.4","0.147102461660846"
"RP13-870H17.3","0.145379590125597"
"RP13-884E18.2","0.145902799765163"
"RP13-884E18.4","0.145195481447222"
"RP13-890H12.2","0.146883618281131"
"RP13-895J2.2","0.146030637709411"
"RP13-895J2.3","0.142170128857214"
"RP13-895J2.6","0.146231898490123"
"RP13-895J2.7","0.143370615757438"
"RP13-923O23.6","0.144117821165616"
"RP13-941N14.1","0.146474143113892"
"RP13-942N8.1","0.144766364921107"
"RP13-977J11.2","0.148904545432847"
"RP13-977J11.8","0.145379590125597"
"RP13-977J11.9","0.146883618281131"
"RP13-991F5.2","0.145523913242569"
"RP1L1","0.142939767676499"
"RP2","0.147164065146566"
"RP3-322G13.7","0.144766364921107"
"RP3-323A16.1","0.14831723825906"
"RP3-323N1.2","0.147983099334182"
"RP3-323P24.3","0.143009362457176"
"RP3-324O17.8","0.149080929091054"
"RP3-325F22.3","0.14455469101923"
"RP3-325F22.5","0.145159653558852"
"RP3-326I13.1","0.144117821165616"
"RP3-329A5.8","0.146782810050251"
"RP3-329E20.2","0.147102461660846"
"RP3-330M21.5","0.1484309392835"
"RP3-331H24.5","0.146030637709411"
"RP3-332B22.1","0.148732163123983"
"RP3-333A15.1","0.14455469101923"
"RP3-333B15.5","0.149541895126116"
"RP3-333H23.8","0.142441760111142"
"RP3-335E1.1","0.143760224959549"
"RP3-337H4.10","0.145159653558852"
"RP3-337H4.8","0.148709788890141"
"RP3-337H4.9","0.14559845630857"
"RP3-337O18.9","0.148596177758896"
"RP3-339A18.6","0.143487755551232"
"RP3-340B19.3","0.146231898490123"
"RP3-340N1.2","0.145704345760657"
"RP3-340N1.6","0.145159653558852"
"RP3-355L5.4","0.14693883436501"
"RP3-355L5.5","0.147027587355562"
"RP3-359N14.2","0.147981874884325"
"RP3-369A17.4","0.143854705944083"
"RP3-380B4.1","0.145016090478699"
"RP3-380B8.4","0.145060598424522"
"RP3-382I10.7","0.143931177759036"
"RP3-388E23.2","0.147859810151234"
"RP3-388M5.9","0.144766364921107"
"RP3-388N13.5","0.14365205162505"
"RP3-393E18.2","0.145902799765163"
"RP3-393K13.1","0.144184639025898"
"RP3-394A18.1","0.145704345760657"
"RP3-395M20.12","0.145195481447222"
"RP3-395M20.2","0.143854705944083"
"RP3-395M20.3","0.146231898490123"
"RP3-395M20.8","0.1449057105853"
"RP3-395M20.9","0.145379590125597"
"RP3-395P12.2","0.145523913242569"
"RP3-398G3.5","0.143084199644417"
"RP3-399L15.3","0.14831723825906"
"RP3-400B16.1","0.146474143113892"
"RP3-400B16.4","0.146883442420191"
"RP3-402G11.25","0.146030637709411"
"RP3-402G11.26","0.14365205162505"
"RP3-402G11.27","0.143084199644417"
"RP3-402G11.28","0.145902799765163"
"RP3-403A15.5","0.148596177758896"
"RP3-403L10.3","0.145159653558852"
"RP3-404K8.2","0.146883442420191"
"RP3-405J10.4","0.145379590125597"
"RP3-406A7.7","0.146474143113892"
"RP3-406P24.3","0.143123103382618"
"RP3-406P24.4","0.145704345760657"
"RP3-412A9.16","0.146782810050251"
"RP3-413H6.2","0.14831723825906"
"RP3-414A15.10","0.145523913242569"
"RP3-414A15.2","0.142888253121212"
"RP3-416H24.1","0.145060598424522"
"RP3-416J7.4","0.143376233137378"
"RP3-417L20.4","0.145704345760657"
"RP3-422G23.4","0.145016090478699"
"RP3-425P12.1","0.146891289254046"
"RP3-425P12.2","0.146030637709411"
"RP3-425P12.5","0.145523913242569"
"RP3-428L16.1","0.145281237473483"
"RP3-428L16.2","0.143931177759036"
"RP3-429O6.1","0.145060598424522"
"RP3-430A16.1","0.144184639025898"
"RP3-430N8.10","0.145523913242569"
"RP3-430N8.11","0.14744239602572"
"RP3-431P23.5","0.146782810050251"
"RP3-437I16.1","0.14559845630857"
"RP3-438O4.4","0.146782810050251"
"RP3-439F8.1","0.149080929091054"
"RP3-441A12.1","0.14455469101923"
"RP3-443C4.2","0.14365205162505"
"RP3-446N13.5","0.144766364921107"
"RP3-448I9.2","0.145016090478699"
"RP3-449M8.6","0.145060598424522"
"RP3-449M8.9","0.145281237473483"
"RP3-453C12.15","0.146883442420191"
"RP3-454B23.1","0.147605336885603"
"RP3-455J7.4","0.147102461660846"
"RP3-460G2.2","0.145281237473483"
"RP3-461F17.3","0.145016090478699"
"RP3-461P17.10","0.143670457115419"
"RP3-461P17.9","0.146030637709411"
"RP3-462D8.2","0.143670457115419"
"RP3-465N24.6","0.147859810151234"
"RP3-466P17.1","0.143826244749428"
"RP3-466P17.2","0.148596177758896"
"RP3-467D16.3","0.142978527961087"
"RP3-467K16.2","0.145704345760657"
"RP3-467K16.4","0.147859810151234"
"RP3-467K16.7","0.147155860650864"
"RP3-467L1.4","0.147071375156649"
"RP3-467N11.1","0.144117821165616"
"RP3-468B3.2","0.145281237473483"
"RP3-468K18.5","0.143760224959549"
"RP3-468K18.7","0.147102461660846"
"RP3-470B24.5","0.14693883436501"
"RP3-470L22.1","0.147102461660846"
"RP3-471C18.1","0.147102461660846"
"RP3-471C18.2","0.143931177759036"
"RP3-471M13.2","0.146782810050251"
"RP3-473B4.3","0.145195481447222"
"RP3-473L9.4","0.14693883436501"
"RP3-475N16.1","0.14744239602572"
"RP3-476K8.3","0.14455469101923"
"RP3-477O4.14","0.144766364921107"
"RP3-483K16.4","0.145902799765163"
"RP3-486I3.5","0.1449057105853"
"RP3-486I3.7","0.145692929346475"
"RP3-492J12.2","0.14701194061444"
"RP3-495K2.2","0.1449057105853"
"RP3-496C20.1","0.1449057105853"
"RP3-500L14.2","0.143591904437159"
"RP3-503A6.2","0.143376233137378"
"RP3-507I15.2","0.146782810050251"
"RP3-508I15.10","0.143854705944083"
"RP3-508I15.14","0.145902799765163"
"RP3-508I15.18","0.145159653558852"
"RP3-508I15.19","0.146782810050251"
"RP3-508I15.21","0.146883442420191"
"RP3-508I15.22","0.143670457115419"
"RP3-508I15.9","0.145902799765163"
"RP3-510D11.2","0.146030637709411"
"RP3-510H16.3","0.143670457115419"
"RP3-510L9.1","0.145902799765163"
"RP3-510O8.4","0.143931177759036"
"RP3-512B11.3","0.146030637709411"
"RP3-512E2.2","0.144117821165616"
"RP3-513G18.2","0.145159653558852"
"RP3-514A23.2","0.145523913242569"
"RP3-518E13.2","0.145281237473483"
"RP3-521E19.2","0.147027587355562"
"RP3-522D1.1","0.146782810050251"
"RP3-522J7.6","0.147027587355562"
"RP3-522J7.7","0.145704345760657"
"RP3-522P13.3","0.146883442420191"
"RP3-523C21.2","0.147859810151234"
"RP3-523E19.2","0.145281237473483"
"RP3-525N10.2","0.149080929091054"
"RP4-529N6.1","0.146883442420191"
"RP4-529N6.2","0.147859810151234"
"RP4-530I15.6","0.14559845630857"
"RP4-530I15.9","0.147859810151234"
"RP4-533D7.4","0.146231898490123"
"RP4-533D7.5","0.14365205162505"
"RP4-534N18.2","0.147071375156649"
"RP4-535B20.1","0.145379590125597"
"RP4-535B20.4","0.146231898490123"
"RP4-536B24.2","0.145159653558852"
"RP4-536B24.3","0.143931177759036"
"RP4-536B24.4","0.148596177758896"
"RP4-537K23.4","0.147027587355562"
"RP4-539M6.14","0.146030637709411"
"RP4-539M6.19","0.147494899153385"
"RP4-539M6.22","0.14693883436501"
"RP4-541C22.5","0.142815058145452"
"RP4-545C24.1","0.146782810050251"
"RP4-545L17.11","0.145281237473483"
"RP4-548D19.3","0.145060598424522"
"RP4-549L20.3","0.14693883436501"
"RP4-550H1.4","0.146231898490123"
"RP4-550H1.5","0.145281237473483"
"RP4-550H1.7","0.145016090478699"
"RP4-553F4.2","0.146782810050251"
"RP4-555D20.2","0.143084199644417"
"RP4-555D20.3","0.147027587355562"
"RP4-555D20.4","0.143931177759036"
"RP4-555L14.4","0.145159653558852"
"RP4-559A3.7","0.143084199644417"
"RP4-561L24.3","0.144766364921107"
"RP4-563E14.1","0.145281237473483"
"RP4-564F22.5","0.148709788890141"
"RP4-564F22.7","0.147339374192901"
"RP4-564M11.2","0.143931177759036"
"RP4-565E6.1","0.14365205162505"
"RP4-566L20.1","0.142978527961087"
"RP4-568C11.4","0.148709788890141"
"RP4-568F9.3","0.145704345760657"
"RP4-568F9.6","0.147071375156649"
"RP4-569D19.8","0.147859810151234"
"RP4-569M23.2","0.146474143113892"
"RP4-569M23.5","0.1484309392835"
"RP4-575N6.4","0.14455469101923"
"RP4-576H24.4","0.144117821165616"
"RP4-580N22.2","0.145195481447222"
"RP4-583K8.1","0.147339374192901"
"RP4-583P15.10","0.144184639025898"
"RP4-583P15.15","0.145159653558852"
"RP4-583P15.16","0.143591904437159"
"RP4-584D14.5","0.1484309392835"
"RP4-584D14.6","0.145159653558852"
"RP4-585I14.3","0.145523913242569"
"RP4-591C20.9","0.146415076588502"
"RP4-591N18.2","0.145523913242569"
"RP4-593C16.4","0.146815293564338"
"RP4-593H12.1","0.145016090478699"
"RP4-594A5.1","0.145704345760657"
"RP4-594I10.3","0.145195481447222"
"RP4-597A16.2","0.146632653022279"
"RP4-597N16.4","0.144117821165616"
"RP4-598P13.1","0.146815293564338"
"RP4-601P9.2","0.145704345760657"
"RP4-604G5.1","0.14693883436501"
"RP4-604K5.3","0.143670457115419"
"RP4-605O3.4","0.145159653558852"
"RP4-607I7.1","0.14455469101923"
"RP4-612B15.3","0.147071375156649"
"RP4-613A2.1","0.143931177759036"
"RP4-613B23.1","0.146891289254046"
"RP4-613B23.5","0.146883442420191"
"RP4-614C15.2","0.144766364921107"
"RP4-614O4.11","0.147071375156649"
"RP4-616B8.4","0.146474143113892"
"RP4-616B8.5","0.146030637709411"
"RP4-620F22.2","0.147164065146566"
"RP4-621B10.8","0.14559845630857"
"RP4-621F18.2","0.146474143113892"
"RP4-621N11.2","0.146891289254046"
"RP4-622L5.7","0.145902799765163"
"RP4-625H18.2","0.146231898490123"
"RP4-630C24.3","0.1484309392835"
"RP4-631H13.2","0.144117821165616"
"RP4-633I8.4","0.145902799765163"
"RP4-633O19--A.1","0.147027587355562"
"RP4-635E18.6","0.147027587355562"
"RP4-635E18.7","0.145379590125597"
"RP4-635E18.8","0.145704345760657"
"RP4-635E18.9","0.14455469101923"
"RP4-639F20.1","0.147027587355562"
"RP4-639J15.3","0.145704345760657"
"RP4-640H8.2","0.145060598424522"
"RP4-644L1.2","0.147494899153385"
"RP4-646N3.1","0.148596177758896"
"RP4-647C14.2","0.14559845630857"
"RP4-647C14.3","0.14693883436501"
"RP4-650F12.2","0.146231898490123"
"RP4-651E10.4","0.147027587355562"
"RP4-655C5.4","0.143376233137378"
"RP4-655C5.9","0.1449057105853"
"RP4-655J12.4","0.146030637709411"
"RP4-655J12.5","0.147981874884325"
"RP4-656G21.1","0.14831723825906"
"RP4-657D16.3","0.145016090478699"
"RP4-657D16.6","0.14455469101923"
"RP4-660H19.1","0.149038802930007"
"RP4-663N10.1","0.143854705944083"
"RP4-665J23.1","0.148709788890141"
"RP4-665J23.2","0.143665204405549"
"RP4-665J23.4","0.147102461660846"
"RP4-665N4.8","0.14559845630857"
"RP4-666F24.3","0.148709788890141"
"RP4-668E10.4","0.143931177759036"
"RP4-668J24.2","0.147071375156649"
"RP4-669B10.3","0.14693883436501"
"RP4-669H2.1","0.147164065146566"
"RP4-669L17.10","0.145281237473483"
"RP4-669L17.2","0.148771726057996"
"RP4-669P10.16","0.145902799765163"
"RP4-669P10.20","0.142805879356434"
"RP4-671G15.2","0.146891289254046"
"RP4-671O14.7","0.146474143113892"
"RP4-673M15.1","0.146883442420191"
"RP4-676J13.2","0.145704345760657"
"RP4-677H15.4","0.144766364921107"
"RP4-678D15.1","0.144184639025898"
"RP4-680D5.2","0.145016090478699"
"RP4-680D5.8","0.147027587355562"
"RP4-680D5.9","0.145902799765163"
"RP4-681L3.2","0.145704345760657"
"RP4-681N20.5","0.145379590125597"
"RP4-682C21.5","0.146474143113892"
"RP4-683L5.1","0.143931177759036"
"RP4-684O24.5","0.14693883436501"
"RP4-686C3.7","0.147164065146566"
"RP4-693M11.3","0.147027587355562"
"RP4-694A7.2","0.146231898490123"
"RP4-694B14.8","0.1484309392835"
"RP4-697K14.15","0.145523913242569"
"RP4-697K14.3","0.149091373858689"
"RP4-704D21.2","0.142805879356434"
"RP4-704D23.1","0.149038802930007"
"RP4-705F19.1","0.14559845630857"
"RP4-706G24.1","0.145523913242569"
"RP4-710M16.2","0.145060598424522"
"RP4-710M3.2","0.147981874884325"
"RP4-712E4.1","0.147164065146566"
"RP4-712E4.2","0.147027587355562"
"RP4-714D9.2","0.144184639025898"
"RP4-715N11.2","0.149080929091054"
"RP4-718J7.4","0.14365205162505"
"RP4-719C8.1","0.146632653022279"
"RP4-724E16.2","0.14831723825906"
"RP4-726F1.1","0.146231898490123"
"RP4-726N1.2","0.145902799765163"
"RP4-728D4.2","0.146340098871392"
"RP4-734G22.3","0.143084199644417"
"RP4-734P14.4","0.145379590125597"
"RP4-735C1.4","0.143931177759036"
"RP4-735C1.6","0.146891289254046"
"RP4-736H5.3","0.143931177759036"
"RP4-736L20.3","0.148904545432847"
"RP4-737E23.2","0.147071375156649"
"RP4-738P15.1","0.146891289254046"
"RP4-742C19.13","0.14365205162505"
"RP4-742J24.2","0.14693883436501"
"RP4-745E8.2","0.147339374192901"
"RP4-745K6.1","0.147071375156649"
"RP4-751H13.7","0.14693883436501"
"RP4-752I6.1","0.145523913242569"
"RP4-753D10.5","0.145379590125597"
"RP4-753F5.1","0.146030637709411"
"RP4-756G23.5","0.145195481447222"
"RP4-758J18.10","0.145060598424522"
"RP4-758J18.13","0.143931177759036"
"RP4-758J18.7","0.147071375156649"
"RP4-760C5.3","0.145281237473483"
"RP4-760C5.5","0.144184639025898"
"RP4-761J14.10","0.145060598424522"
"RP4-761J14.8","0.14693883436501"
"RP4-764O22.1","0.145523913242569"
"RP4-765H13.1","0.146632653022279"
"RP4-769N13.7","0.146883442420191"
"RP4-771M4.3","0.14365205162505"
"RP4-773N10.4","0.145281237473483"
"RP4-777L9.2","0.14559845630857"
"RP4-777L9.3","0.143760224959549"
"RP4-777O23.1","0.14559845630857"
"RP4-777O23.2","0.144117821165616"
"RP4-777O23.3","0.142939767676499"
"RP4-778K6.3","0.145195481447222"
"RP4-781K5.2","0.143670457115419"
"RP4-781K5.4","0.1449057105853"
"RP4-781K5.5","0.147981874884325"
"RP4-781K5.6","0.145902799765163"
"RP4-781K5.7","0.145704345760657"
"RP4-781K5.9","0.146815293564338"
"RP4-782L23.2","0.143760224959549"
"RP4-784A16.1","0.143931177759036"
"RP4-784A16.2","0.146891289254046"
"RP4-784A16.5","0.145379590125597"
"RP4-789D17.5","0.146891289254046"
"RP4-790G17.7","0.145195481447222"
"RP4-791M13.3","0.146030637709411"
"RP4-791M13.4","0.145523913242569"
"RP4-794H19.1","0.142978527961087"
"RP4-794I6.4","0.146231898490123"
"RP4-797C5.2","0.145281237473483"
"RP4-798A10.2","0.14455469101923"
"RP4-798A10.4","0.146883442420191"
"RP4-798A10.7","0.14365205162505"
"RP4-799D16.1","0.144766364921107"
"RP4-799P18.2","0.146231898490123"
"RP4-800J21.3","0.145195481447222"
"RP4-803J11.2","0.144766364921107"
"RP4-806M20.3","0.146340098871392"
"RP4-806M20.4","0.14455469101923"
"RP4-806M20.5","0.146891289254046"
"RP4-809F18.1","0.146891289254046"
"RP4-809F18.2","0.143591904437159"
"RP4-811H24.9","0.143376233137378"
"RP4-813D12.3","0.147494899153385"
"RP4-816N1.6","0.147027587355562"
"RP4-816N1.7","0.145379590125597"
"RP5-1004I9.1","0.14455469101923"
"RP5-1007H16.1","0.145159653558852"
"RP5-1009E24.8","0.145195481447222"
"RP5-1011O1.2","0.146231898490123"
"RP5-1011O1.3","0.146815293564338"
"RP5-1017F8.2","0.148904545432847"
"RP5-1018K9.1","0.1449057105853"
"RP5-1021I20.1","0.144184639025898"
"RP5-1021I20.2","0.146490521065852"
"RP5-1021I20.4","0.146490521065852"
"RP5-1021I20.5","0.146231898490123"
"RP5-1021I20.8","0.147605336885603"
"RP5-1022P6.4","0.143931177759036"
"RP5-1022P6.5","0.145523913242569"
"RP5-1022P6.7","0.145159653558852"
"RP5-1023B21.1","0.145016090478699"
"RP5-1024C24.1","0.146231898490123"
"RP5-1024G6.2","0.143931177759036"
"RP5-1024G6.5","0.149269255769642"
"RP5-1024G6.7","0.147494899153385"
"RP5-1024N4.2","0.146891289254046"
"RP5-1024N4.4","0.146632653022279"
"RP5-1025A1.3","0.145060598424522"
"RP5-1027G4.3","0.145704345760657"
"RP5-1027O15.1","0.1449057105853"
"RP5-1028K7.2","0.14831723825906"
"RP5-1028K7.3","0.148709788890141"
"RP5-1029F21.2","0.147164065146566"
"RP5-1029F21.3","0.149049372533156"
"RP5-1029F21.4","0.147071375156649"
"RP5-1030M6.3","0.142170128857214"
"RP5-1031D4.2","0.146490521065852"
"RP5-1031J8.1","0.145902799765163"
"RP5-1033H22.2","0.145060598424522"
"RP5-1039K5.13","0.145159653558852"
"RP5-1039K5.16","0.14693883436501"
"RP5-1039K5.17","0.145159653558852"
"RP5-1039K5.18","0.145281237473483"
"RP5-1042K10.10","0.147339374192901"
"RP5-1042K10.13","0.142441760111142"
"RP5-1050D4.2","0.146231898490123"
"RP5-1050D4.3","0.14831723825906"
"RP5-1050D4.4","0.146891289254046"
"RP5-1050D4.5","0.146632653022279"
"RP5-1050E16.1","0.146891289254046"
"RP5-1050E16.2","0.14559845630857"
"RP5-1051H14.2","0.143670457115419"
"RP5-1052I5.2","0.146891289254046"
"RP5-1056H1.2","0.145902799765163"
"RP5-1056L3.1","0.146835204740323"
"RP5-1057B20.3","0.146231898490123"
"RP5-1057I20.4","0.146231898490123"
"RP5-1057I20.5","0.145164672226946"
"RP5-1057J7.7","0.14693883436501"
"RP5-1061H20.4","0.14693883436501"
"RP5-1061H20.5","0.14693883436501"
"RP5-1063M23.1","0.146891289254046"
"RP5-1063M23.2","0.147071375156649"
"RP5-1065J22.8","0.14455469101923"
"RP5-1065O2.4","0.147494899153385"
"RP5-1065P14.2","0.147981874884325"
"RP5-1065P14.3","0.14693883436501"
"RP5-1066H13.4","0.143931177759036"
"RP5-1068E13.7","0.147164065146566"
"RP5-1068H6.6","0.146632653022279"
"RP5-1069C8.2","0.14559845630857"
"RP5-1069C8.3","0.146883442420191"
"RP5-1070A16.1","0.146231898490123"
"RP5-1070G24.2","0.146815293564338"
"RP5-1071N3.1","0.147605336885603"
"RP5-1073O3.2","0.143854705944083"
"RP5-1074L1.1","0.148771726057996"
"RP5-1074L1.4","0.143760224959549"
"RP5-1077I2.3","0.147339374192901"
"RP5-1085F17.3","0.146340098871392"
"RP5-1085F17.4","0.146490521065852"
"RP5-1086K13.1","0.142056602222397"
"RP5-1087E8.3","0.147494899153385"
"RP5-1091N2.9","0.147859810151234"
"RP5-1092A11.2","0.145016090478699"
"RP5-1092A11.5","0.148771726057996"
"RP5-1092A3.4","0.145902799765163"
"RP5-1092A3.5","0.145704345760657"
"RP5-1093G23.1","0.14559845630857"
"RP5-1096D14.3","0.146632653022279"
"RP5-1096D14.6","0.149167972276175"
"RP5-1096J16.1","0.144766364921107"
"RP5-1097P24.1","0.146815293564338"
"RP5-1098D14.1","0.145902799765163"
"RP5-1101C3.1","0.148596177758896"
"RP5-1102E8.3","0.146883442420191"
"RP5-1103B4.3","0.146632653022279"
"RP5-1103G7.10","0.146883442420191"
"RP5-1107A17.3","0.14693883436501"
"RP5-1112D6.4","0.145281237473483"
"RP5-1112D6.7","0.145704345760657"
"RP5-1112D6.8","0.14693883436501"
"RP5-1113E3.3","0.147494899153385"
"RP5-1115A15.1","0.146632653022279"
"RP5-1116H23.3","0.146883442420191"
"RP5-1116H23.4","0.146883442420191"
"RP5-1116H23.5","0.145902799765163"
"RP5-1116H23.6","0.145281237473483"
"RP5-1119A7.10","0.1449057105853"
"RP5-1119A7.14","0.145016090478699"
"RP5-1119O21.2","0.147071375156649"
"RP5-1120P11.1","0.1449057105853"
"RP5-1120P11.3","0.145379590125597"
"RP5-1121A15.3","0.146340098871392"
"RP5-1121E10.2","0.145159653558852"
"RP5-1121H13.3","0.1449057105853"
"RP5-1125A11.6","0.148709788890141"
"RP5-1125A11.7","0.141378497565453"
"RP5-1125N11.1","0.144766364921107"
"RP5-1125N11.2","0.146030637709411"
"RP5-1136G13.2","0.147071375156649"
"RP5-1139B12.2","0.146815293564338"
"RP5-1139B12.3","0.144117821165616"
"RP5-1139I1.1","0.144184639025898"
"RP5-1139I1.2","0.147339374192901"
"RP5-1142A6.10","0.144184639025898"
"RP5-1142A6.2","0.146883442420191"
"RP5-1142A6.5","0.144766364921107"
"RP5-1142A6.8","0.141828758410571"
"RP5-1142A6.9","0.145379590125597"
"RP5-1142J19.1","0.146883442420191"
"RP5-1148A21.3","0.1449057105853"
"RP5-1157M23.2","0.148771726057996"
"RP5-1158E12.3","0.148794148052463"
"RP5-1159O4.1","0.146938229477413"
"RP5-1159O4.2","0.146632653022279"
"RP5-1160K1.6","0.145902799765163"
"RP5-1160K1.8","0.147570996274664"
"RP5-1166F10.1","0.147164065146566"
"RP5-1170K4.7","0.146490521065852"
"RP5-1171I10.5","0.147859810151234"
"RP5-1172A22.1","0.145195481447222"
"RP5-1172N10.2","0.147494899153385"
"RP5-1177I5.3","0.145379590125597"
"RP5-1177M21.1","0.146030637709411"
"RP5-1178H5.2","0.145379590125597"
"RP5-1180C18.1","0.142558356093088"
"RP5-1180E21.4","0.146883442420191"
"RP5-1180E21.5","0.149269255769642"
"RP5-1182A14.5","0.146340098871392"
"RP5-1184F4.5","0.147494899153385"
"RP5-1184F4.7","0.146587971608112"
"RP5-1185H19.2","0.143084199644417"
"RP5-1185I7.1","0.14515302608535"
"RP5-1185K9.1","0.149269255769642"
"RP5-1186N24.3","0.145016090478699"
"RP5-1186P10.2","0.146891289254046"
"RP5-1187M17.10","0.147981874884325"
"RP5-1195D24.1","0.145195481447222"
"RP5-1198O20.4","0.143123103382618"
"RP5-821D11.7","0.146883442420191"
"RP5-823G15.5","0.146030637709411"
"RP5-826L7.1","0.145060598424522"
"RP5-827C21.2","0.145902799765163"
"RP5-827C21.4","0.144349642169603"
"RP5-827C21.6","0.142441760111142"
"RP5-828H9.1","0.145060598424522"
"RP5-828H9.4","0.142056602222397"
"RP5-832C2.5","0.146632653022279"
"RP5-834N19.1","0.145016090478699"
"RP5-836J3.1","0.14693883436501"
"RP5-837I24.4","0.143854705944083"
"RP5-837J1.4","0.146815293564338"
"RP5-837J1.6","0.144906545018701"
"RP5-837M10.4","0.146490521065852"
"RP5-839B4.8","0.145704345760657"
"RP5-842K16.1","0.146891289254046"
"RP5-843L14.1","0.147339374192901"
"RP5-851M4.1","0.146490521065852"
"RP5-855D21.1","0.146340098871392"
"RP5-855D21.2","0.144608508169094"
"RP5-855F14.2","0.147339374192901"
"RP5-855F16.1","0.146030637709411"
"RP5-856G1.1","0.143931177759036"
"RP5-857K21.2","0.142610773382772"
"RP5-857K21.4","0.145195481447222"
"RP5-858B6.1","0.146883442420191"
"RP5-858B6.3","0.144798703933136"
"RP5-858L17.1","0.146632653022279"
"RP5-862P8.2","0.145704345760657"
"RP5-864K19.4","0.146883442420191"
"RP5-864K19.6","0.145704345760657"
"RP5-866L20.1","0.145016090478699"
"RP5-867C24.5","0.145704345760657"
"RP5-874C20.8","0.14239071486101"
"RP5-875H18.10","0.146030637709411"
"RP5-875H18.4","0.144798703933136"
"RP5-875H18.9","0.143670457115419"
"RP5-875O13.1","0.146632653022279"
"RP5-881L22.5","0.145379590125597"
"RP5-881P19.7","0.145902799765163"
"RP5-882C2.2","0.146030637709411"
"RP5-884C9.2","0.147605336885603"
"RP5-884G6.2","0.14559845630857"
"RP5-884M6.1","0.14559845630857"
"RP5-887A10.1","0.145281237473483"
"RP5-888M10.2","0.145060598424522"
"RP5-890E16.5","0.144906545018701"
"RP5-892K4.1","0.145902799765163"
"RP5-893G23.1","0.145281237473483"
"RP5-894A10.2","0.143854705944083"
"RP5-894D12.4","0.146883442420191"
"RP5-894D12.5","0.144608508169094"
"RP5-897D18.1","0.142610773382772"
"RP5-899B16.1","0.146815293564338"
"RP5-899B16.2","0.146030637709411"
"RP5-899E9.1","0.145902799765163"
"RP5-901A4.1","0.143931177759036"
"RP5-902P8.10","0.147027587355562"
"RP5-902P8.12","0.146815293564338"
"RP5-903G2.2","0.146883442420191"
"RP5-905G11.3","0.144766364921107"
"RP5-905N1.2","0.142558356093088"
"RP5-906A24.2","0.145016090478699"
"RP5-906C1.1","0.149167972276175"
"RP5-907D15.3","0.145902799765163"
"RP5-907D15.4","0.14559845630857"
"RP5-908M14.5","0.14693883436501"
"RP5-908M14.9","0.14559845630857"
"RP5-919F19.5","0.14693883436501"
"RP5-921G16.1","0.147027587355562"
"RP5-921G16.2","0.14559845630857"
"RP5-930J4.2","0.147424596362381"
"RP5-933B4.1","0.143854705944083"
"RP5-933E2.1","0.146231898490123"
"RP5-933K21.3","0.14831723825906"
"RP5-936J12.1","0.146632653022279"
"RP5-937E21.8","0.148907334129516"
"RP5-940F7.2","0.146815293564338"
"RP5-940J5.3","0.14559845630857"
"RP5-940J5.6","0.145195481447222"
"RP5-940J5.8","0.144906545018701"
"RP5-940J5.9","0.143123103382618"
"RP5-942I16.1","0.14455469101923"
"RP5-943J3.2","0.144798703933136"
"RP5-944M2.1","0.146231898490123"
"RP5-944M2.2","0.145016090478699"
"RP5-944M2.3","0.143084199644417"
"RP5-945I17.2","0.144798703933136"
"RP5-947P14.1","0.145195481447222"
"RP5-951N9.1","0.144128476247963"
"RP5-952N6.1","0.145281237473483"
"RP5-955M13.4","0.145016090478699"
"RP5-956O18.2","0.14831723825906"
"RP5-956O18.3","0.144349642169603"
"RP5-963E22.4","0.147027587355562"
"RP5-963E22.5","0.147164065146566"
"RP5-963E22.6","0.146231898490123"
"RP5-965F6.2","0.145523913242569"
"RP5-965G21.3","0.143854705944083"
"RP5-965G21.4","0.149307486361742"
"RP5-965G21.5","0.14693883436501"
"RP5-965G21.6","0.144117821165616"
"RP5-966M1.6","0.145159653558852"
"RP5-967N21.11","0.145902799765163"
"RP5-968D22.1","0.144766364921107"
"RP5-968D22.3","0.14693883436501"
"RP5-968J1.1","0.147859810151234"
"RP5-968P14.2","0.147981874884325"
"RP5-971N18.3","0.144766364921107"
"RP5-973N23.4","0.147164065146566"
"RP5-978I12.1","0.14693883436501"
"RP5-981O7.2","0.14559845630857"
"RP5-983L19.2","0.146883442420191"
"RP5-984P4.6","0.147071375156649"
"RP5-991G20.1","0.147047006406839"
"RP5-991G20.2","0.144766364921107"
"RP5-991G20.6","0.147102461660846"
"RP5-994D16.11","0.14559845630857"
"RP5-994D16.3","0.147859810151234"
"RP5-997D16.2","0.145523913242569"
"RP5-997D24.3","0.146490521065852"
"RP5-998N21.4","0.146490521065852"
"RP5-998N21.7","0.147071375156649"
"RP5-999L4.2","0.143931177759036"
"RP6-109B7.2","0.146231898490123"
"RP6-109B7.4","0.145704345760657"
"RP6-109B7.5","0.144766364921107"
"RP6-114E22.1","0.148771726057996"
"RP6-159A1.3","0.144906545018701"
"RP6-159A1.4","0.148709788890141"
"RP6-191P20.4","0.145523913242569"
"RP6-1O2.1","0.145902799765163"
"RP6-201G10.2","0.147027587355562"
"RP6-24A23.3","0.145159653558852"
"RP6-65G23.3","0.146340098871392"
"RP6-65G23.5","0.145902799765163"
"RP6-74O6.2","0.1484309392835"
"RP6-74O6.6","0.148794148052463"
"RP6-91H8.1","0.146815293564338"
"RP6-91H8.2","0.146891289254046"
"RP6-91H8.3","0.147164065146566"
"RP6-91H8.5","0.146815293564338"
"RP6-99M1.3","0.148649715441338"
"RP9","0.146891289254046"
"RPA1","0.147047006406839"
"RPA2","0.147494899153385"
"RPA3","0.143854705944083"
"RPA4","0.149091373858689"
"RPAIN","0.147494899153385"
"RPAP1","0.147102461660846"
"RPAP2","0.144768868221312"
"RPAP3","0.14693883436501"
"RPE","0.145523913242569"
"RPE65","0.145902799765163"
"RPEL1","0.1484309392835"
"RPF1","0.149269255769642"
"RPF2","0.143509400312219"
"RPGR","0.147339374192901"
"RPGRIP1","0.147605336885603"
"RPGRIP1L","0.147605336885603"
"RPH3A","0.146815293564338"
"RPH3AL","0.146231898490123"
"RPIA","0.1484309392835"
"RPL10","0.144766364921107"
"RPL10A","0.146490521065852"
"RPL10L","0.146474143113892"
"RPL11","0.147164065146566"
"RPL12","0.144798703933136"
"RPL13","0.14559845630857"
"RPL13A","0.143854705944083"
"RPL14","0.144184639025898"
"RPL15","0.145060598424522"
"RPL17","0.145523913242569"
"RPL17-C18orf32","0.145379590125597"
"RPL18","0.1484309392835"
"RPL18A","0.147605336885603"
"RPL19","0.146340098871392"
"RPL21","0.146632653022279"
"RPL22","0.145060598424522"
"RPL22L1","0.147859810151234"
"RPL23","0.143760224959549"
"RPL23A","0.149080929091054"
"RPL24","0.142954129635834"
"RPL26","0.149091373858689"
"RPL26L1","0.145195481447222"
"RPL27","0.146632653022279"
"RPL27A","0.145379590125597"
"RPL28","0.145281237473483"
"RPL29","0.145159653558852"
"RPL3","0.145902799765163"
"RPL30","0.146587971608112"
"RPL31","0.146340098871392"
"RPL32","0.14693883436501"
"RPL34","0.147102461660846"
"RPL34-AS1","0.147494899153385"
"RPL35","0.146883442420191"
"RPL35A","0.146231898490123"
"RPL36","0.146632653022279"
"RPL36A","0.147164065146566"
"RPL36A-HNRNPH2","0.144906545018701"
"RPL36AL","0.146231898490123"
"RPL37","0.144117821165616"
"RPL37A","0.143826244749428"
"RPL38","0.147102461660846"
"RPL39","0.146883442420191"
"RPL39L","0.144766364921107"
"RPL3L","0.145016090478699"
"RPL4","0.145523913242569"
"RPL41","0.147164065146566"
"RPL5","0.147027587355562"
"RPL6","0.147102461660846"
"RPL7","0.148302006410089"
"RPL7A","0.148593882502774"
"RPL7L1","0.147859810151234"
"RPL8","0.146231898490123"
"RPL9","0.147164065146566"
"RPLP0","0.145016090478699"
"RPLP1","0.144608508169094"
"RPLP2","0.145379590125597"
"RPN1","0.147102461660846"
"RPN2","0.14559845630857"
"RPP14","0.146883442420191"
"RPP21","0.146340098871392"
"RPP25","0.146030637709411"
"RPP25L","0.147339374192901"
"RPP30","0.145281237473483"
"RPP38","0.146030637709411"
"RPP40","0.147339374192901"
"RPPH1","0.146510995261909"
"RPRD1A","0.143670457115419"
"RPRD1B","0.147825376052874"
"RPRD2","0.146510995261909"
"RPRM","0.145871308752528"
"RPRML","0.146815293564338"
"RPS10","0.145159653558852"
"RPS10-NUDT3","0.147933156540324"
"RPS11","0.146030637709411"
"RPS12","0.146231898490123"
"RPS13","0.14693883436501"
"RPS14","0.146417899411523"
"RPS15","0.147164065146566"
"RPS15A","0.147027587355562"
"RPS16","0.148593882502774"
"RPS17","0.148096913705821"
"RPS18","0.143670457115419"
"RPS19","0.144608508169094"
"RPS19BP1","0.145159653558852"
"RPS2","0.144906545018701"
"RPS20","0.144798703933136"
"RPS21","0.146891289254046"
"RPS23","0.14365205162505"
"RPS24","0.145871308752528"
"RPS25","0.146632653022279"
"RPS26","0.146815293564338"
"RPS27","0.147494899153385"
"RPS27A","0.146231898490123"
"RPS27L","0.146231898490123"
"RPS28","0.1484309392835"
"RPS29","0.146815293564338"
"RPS3","0.147981874884325"
"RPS3A","0.146510995261909"
"RPS4X","0.144798703933136"
"RPS4Y1","0.144184639025898"
"RPS4Y2","0.146030637709411"
"RPS5","0.147494899153385"
"RPS6","0.145060598424522"
"RPS6KA1","0.146815293564338"
"RPS6KA2","0.146231898490123"
"RPS6KA3","0.146632653022279"
"RPS6KA4","0.146030637709411"
"RPS6KA5","0.144766364921107"
"RPS6KA6","0.145523913242569"
"RPS6KB1","0.147494899153385"
"RPS6KB2","0.146891289254046"
"RPS6KC1","0.144766364921107"
"RPS6KL1","0.147494899153385"
"RPS7","0.147981874884325"
"RPS8","0.14559845630857"
"RPS9","0.144766364921107"
"RPSA","0.146030637709411"
"RPTN","0.144906545018701"
"RPTOR","0.148096913705821"
"RPUSD1","0.145060598424522"
"RPUSD2","0.147047006406839"
"RPUSD3","0.144766364921107"
"RPUSD4","0.149167972276175"
"RQCD1","0.145379590125597"
"RRAD","0.147339374192901"
"RRAGA","0.147071375156649"
"RRAGB","0.145281237473483"
"RRAGC","0.143123103382618"
"RRAGD","0.148350507249902"
"RRAS","0.142202291592678"
"RRAS2","0.143123103382618"
"RRBP1","0.145159653558852"
"RREB1","0.145523913242569"
"RRH","0.146030637709411"
"RRM1","0.147071375156649"
"RRM1-AS1","0.143931177759036"
"RRM2","0.146340098871392"
"RRM2B","0.14559845630857"
"RRN3","0.146207837285581"
"RRNAD1","0.145871308752528"
"RRP1","0.147071375156649"
"RRP12","0.144349642169603"
"RRP15","0.143931177759036"
"RRP1B","0.147102461660846"
"RRP36","0.146632653022279"
"RRP7A","0.143123103382618"
"RRP8","0.146815293564338"
"RRP9","0.145281237473483"
"RRS1","0.145060598424522"
"RRS1-AS1","0.14256706657267"
"RS1","0.143509400312219"
"RSAD1","0.146231898490123"
"RSAD2","0.148771726057996"
"RSBN1","0.146340098871392"
"RSBN1L","0.14256706657267"
"RSF1","0.146231898490123"
"RSG1","0.145060598424522"
"RSL1D1","0.145159653558852"
"RSL24D1","0.143009362457176"
"RSPH1","0.144906545018701"
"RSPH10B","0.145060598424522"
"RSPH10B2","0.146510995261909"
"RSPH14","0.14559845630857"
"RSPH3","0.147071375156649"
"RSPH4A","0.146891289254046"
"RSPH6A","0.143931177759036"
"RSPH9","0.144906545018701"
"RSPO1","0.144184639025898"
"RSPO2","0.145195481447222"
"RSPO3","0.144349642169603"
"RSPO4","0.146030637709411"
"RSPRY1","0.147027587355562"
"RSRC1","0.145523913242569"
"RSRC2","0.14365205162505"
"RSRP1","0.144766364921107"
"RSU1","0.14365205162505"
"RTBDN","0.147023761981394"
"RTCA","0.144117821165616"
"RTCA-AS1","0.145159653558852"
"RTCB","0.145195481447222"
"RTEL1","0.146417899411523"
"RTEL1-TNFRSF6B","0.143009362457176"
"RTF1","0.146510995261909"
"RTFDC1","0.14455469101923"
"RTKN","0.145195481447222"
"RTKN2","0.145159653558852"
"RTL1","0.14559845630857"
"RTN1","0.144766364921107"
"RTN2","0.146632653022279"
"RTN3","0.146417899411523"
"RTN4","0.147027587355562"
"RTN4IP1","0.145060598424522"
"RTN4R","0.147071375156649"
"RTN4RL1","0.144906545018701"
"RTN4RL2","0.14559845630857"
"RTP1","0.146510995261909"
"RTP2","0.143854705944083"
"RTP3","0.147071375156649"
"RTP4","0.143084199644417"
"RTP5","0.144798703933136"
"RTTN","0.147494899153385"
"RUBCN","0.144349642169603"
"RUFY1","0.145195481447222"
"RUFY2","0.146891289254046"
"RUFY3","0.14559845630857"
"RUFY4","0.145523913242569"
"RUNDC1","0.144766364921107"
"RUNDC3A","0.14559845630857"
"RUNDC3A-AS1","0.145523913242569"
"RUNDC3B","0.145195481447222"
"RUNX1","0.147027587355562"
"RUNX1T1","0.145281237473483"
"RUNX2","0.147027587355562"
"RUNX3","0.143509400312219"
"RUSC1","0.145060598424522"
"RUSC1-AS1","0.145281237473483"
"RUSC2","0.147027587355562"
"RUVBL1","0.144906545018701"
"RUVBL1-AS1","0.146417899411523"
"RUVBL2","0.142823688452512"
"RWDD1","0.147605336885603"
"RWDD2A","0.144980421594644"
"RWDD2B","0.145281237473483"
"RWDD3","0.145060598424522"
"RWDD4","0.146632653022279"
"RXFP1","0.144608508169094"
"RXFP2","0.14693883436501"
"RXFP3","0.145281237473483"
"RXFP4","0.143760224959549"
"RXRA","0.146231898490123"
"RXRB","0.147102461660846"
"RXRG","0.146231898490123"
"RYBP","0.146340098871392"
"RYK","0.148709788890141"
"RYR1","0.147339374192901"
"RYR2","0.143509400312219"
"RYR3","0.149167972276175"
"S100A1","0.145016090478699"
"S100A10","0.143931177759036"
"S100A11","0.144906545018701"
"S100A12","0.143931177759036"
"S100A13","0.143509400312219"
"S100A14","0.145943492366153"
"S100A16","0.144906545018701"
"S100A2","0.143760224959549"
"S100A3","0.144349642169603"
"S100A4","0.143760224959549"
"S100A5","0.144608508169094"
"S100A6","0.145016090478699"
"S100A7","0.142113258203607"
"S100A7A","0.146417899411523"
"S100A8","0.144117821165616"
"S100A9","0.145379590125597"
"S100B","0.145429894655412"
"S100G","0.146510995261909"
"S100P","0.145429894655412"
"S100PBP","0.146510995261909"
"S100Z","0.144766364921107"
"S1PR1","0.144906545018701"
"S1PR2","0.144349642169603"
"S1PR3","0.145016090478699"
"S1PR4","0.144184639025898"
"S1PR5","0.147027587355562"
"SAA1","0.145281237473483"
"SAA2","0.142960066001193"
"SAA2-SAA4","0.14693883436501"
"SAA4","0.145159653558852"
"SAAL1","0.145567116779518"
"SAC3D1","0.144798703933136"
"SACM1L","0.144798703933136"
"SACS","0.145195481447222"
"SACS-AS1","0.144906545018701"
"SAE1","0.146883442420191"
"SAFB","0.143854705944083"
"SAFB2","0.147027587355562"
"SAG","0.145429894655412"
"SAGE1","0.144349642169603"
"SALL1","0.146231898490123"
"SALL2","0.144906545018701"
"SALL3","0.144117821165616"
"SALL4","0.144798703933136"
"SALRNA1","0.147102461660846"
"SALRNA2","0.143084199644417"
"SAMD1","0.144798703933136"
"SAMD10","0.143670457115419"
"SAMD11","0.144349642169603"
"SAMD12","0.147494899153385"
"SAMD12-AS1","0.145159653558852"
"SAMD13","0.144184639025898"
"SAMD14","0.147850741759966"
"SAMD15","0.143123103382618"
"SAMD3","0.147605336885603"
"SAMD4A","0.146231898490123"
"SAMD4B","0.143509400312219"
"SAMD5","0.147494899153385"
"SAMD7","0.143931177759036"
"SAMD8","0.147850741759966"
"SAMD9","0.146883442420191"
"SAMD9L","0.144117821165616"
"SAMHD1","0.143084199644417"
"SAMM50","0.143509400312219"
"SAMSN1","0.146815293564338"
"SAMSN1-AS1","0.143854705944083"
"SAP130","0.145281237473483"
"SAP18","0.143123103382618"
"SAP25","0.142202291592678"
"SAP30","0.146510995261909"
"SAP30BP","0.145379590125597"
"SAP30L","0.146510995261909"
"SAP30L-AS1","0.146340098871392"
"SAPCD1","0.146417899411523"
"SAPCD1-AS1","0.144349642169603"
"SAPCD2","0.145379590125597"
"SAR1A","0.144798703933136"
"SAR1B","0.143931177759036"
"SARAF","0.144349642169603"
"SARDH","0.145279564584119"
"SARM1","0.146891289254046"
"SARNP","0.146510995261909"
"SARS","0.145159653558852"
"SARS2","0.146417899411523"
"SART1","0.145016090478699"
"SART3","0.145016090478699"
"SASH1","0.144608508169094"
"SASH3","0.142501322607394"
"SASS6","0.145195481447222"
"SAT1","0.146891289254046"
"SAT2","0.143084199644417"
"SATB1","0.145379590125597"
"SATB2","0.145429894655412"
"SATB2-AS1","0.146891289254046"
"SATL1","0.147494899153385"
"SAV1","0.146632653022279"
"SAXO1","0.144608508169094"
"SAXO2","0.144798703933136"
"SAYSD1","0.146340098871392"
"SBDS","0.145379590125597"
"SBF1","0.143670457115419"
"SBF2","0.145195481447222"
"SBF2-AS1","0.143931177759036"
"SBK1","0.144798703933136"
"SBK3","0.145195481447222"
"SBNO1","0.142202291592678"
"SBNO2","0.146510995261909"
"SBSN","0.146510995261909"
"SBSPON","0.144608508169094"
"SC22CB-1D7.1","0.143509400312219"
"SC5D","0.145159653558852"
"SCAANT1","0.147333180347481"
"SCAF1","0.146510995261909"
"SCAF11","0.145281237473483"
"SCAF4","0.144349642169603"
"SCAF8","0.142113258203607"
"SCAI","0.146231898490123"
"SCAMP1","0.143670457115419"
"SCAMP1-AS1","0.146891289254046"
"SCAMP2","0.142544469129517"
"SCAMP3","0.145060598424522"
"SCAMP4","0.146281032346002"
"SCAMP5","0.144184639025898"
"SCAND1","0.145379590125597"
"SCAP","0.144184639025898"
"SCAPER","0.145943492366153"
"SCARA3","0.143760224959549"
"SCARA5","0.143760224959549"
"SCARB1","0.143931177759036"
"SCARB2","0.147027587355562"
"SCARF1","0.143009362457176"
"SCARF2","0.146883442420191"
"SCARNA2","0.145016090478699"
"SCARNA9","0.145159653558852"
"SCCPDH","0.14693883436501"
"SCD","0.146417899411523"
"SCD5","0.145159653558852"
"SCEL","0.145195481447222"
"SCFD1","0.145195481447222"
"SCFD2","0.145016090478699"
"SCG2","0.141069487029642"
"SCG3","0.143123103382618"
"SCG5","0.145016090478699"
"SCGB1A1","0.144608508169094"
"SCGB1B2P","0.144766364921107"
"SCGB1C1","0.145016090478699"
"SCGB1C2","0.14365205162505"
"SCGB1D1","0.14365205162505"
"SCGB1D2","0.144117821165616"
"SCGB1D4","0.144608508169094"
"SCGB2A1","0.142003288267237"
"SCGB2A2","0.145379590125597"
"SCGB2B2","0.145016090478699"
"SCGB3A1","0.145060598424522"
"SCGB3A2","0.144906545018701"
"SCGN","0.142823688452512"
"SCHIP1","0.144766364921107"
"SCHLAP1","0.146340098871392"
"SCIMP","0.146340098871392"
"SCIN","0.145159653558852"
"SCLT1","0.14256706657267"
"SCLY","0.144608508169094"
"SCMH1","0.143760224959549"
"SCML1","0.144766364921107"
"SCML2","0.142544469129517"
"SCML4","0.144184639025898"
"SCN10A","0.144184639025898"
"SCN11A","0.146510995261909"
"SCN1A","0.145567116779518"
"SCN1B","0.142597433915333"
"SCN2A","0.145060598424522"
"SCN2B","0.145159653558852"
"SCN3A","0.144798703933136"
"SCN3B","0.145943492366153"
"SCN4A","0.146417899411523"
"SCN4B","0.143854705944083"
"SCN5A","0.14365205162505"
"SCN7A","0.144608508169094"
"SCN8A","0.144766364921107"
"SCN9A","0.144608508169094"
"SCNM1","0.145943492366153"
"SCNN1A","0.143670457115419"
"SCNN1B","0.144349642169603"
"SCNN1D","0.14117935326567"
"SCNN1G","0.14365205162505"
"SCO1","0.145060598424522"
"SCO2","0.143931177759036"
"SCOC","0.143670457115419"
"SCOC-AS1","0.146231898490123"
"SCP2","0.146815293564338"
"SCPEP1","0.143009362457176"
"SCRG1","0.143665204405549"
"SCRIB","0.146231898490123"
"SCRN1","0.146340098871392"
"SCRN2","0.145016090478699"
"SCRN3","0.145379590125597"
"SCRT1","0.144117821165616"
"SCT","0.144117821165616"
"SCTR","0.142144799252575"
"SCUBE1","0.144906545018701"
"SCUBE2","0.145379590125597"
"SCUBE3","0.143670457115419"
"SCX","0.144117821165616"
"SCYL1","0.145943492366153"
"SCYL2","0.145429894655412"
"SCYL3","0.144608508169094"
"SDAD1","0.144608508169094"
"SDC1","0.142501322607394"
"SDC2","0.141067616111376"
"SDC3","0.145567116779518"
"SDC4","0.143931177759036"
"SDCBP","0.146883442420191"
"SDCBP2","0.145943492366153"
"SDCBP2-AS1","0.144117821165616"
"SDCCAG3","0.14256706657267"
"SDCCAG8","0.145016090478699"
"SDE2","0.145060598424522"
"SDF2","0.146417899411523"
"SDF2L1","0.146340098871392"
"SDF4","0.146417899411523"
"SDHA","0.14256706657267"
"SDHAF1","0.146632653022279"
"SDHAF2","0.142202291592678"
"SDHAF3","0.141586753686121"
"SDHAF4","0.147027587355562"
"SDHB","0.145943492366153"
"SDHC","0.142202291592678"
"SDHD","0.143931177759036"
"SDK1","0.144906545018701"
"SDK2","0.143509400312219"
"SDPR","0.147027587355562"
"SDR16C5","0.143509400312219"
"SDR39U1","0.144766364921107"
"SDR42E1","0.146417899411523"
"SDR42E2","0.145060598424522"
"SDR9C7","0.14365205162505"
"SDS","0.143084199644417"
"SDSL","0.143854705944083"
"SEC11A","0.143123103382618"
"SEC11C","0.145195481447222"
"SEC13","0.141378497565453"
"SEC14L1","0.145016090478699"
"SEC14L2","0.144184639025898"
"SEC14L3","0.142823688452512"
"SEC14L4","0.143123103382618"
"SEC14L5","0.147605336885603"
"SEC14L6","0.144349642169603"
"SEC16A","0.145567116779518"
"SEC16B","0.142823688452512"
"SEC22A","0.144906545018701"
"SEC22B","0.145281237473483"
"SEC22C","0.143509400312219"
"SEC23A","0.145281237473483"
"SEC23B","0.143084199644417"
"SEC23IP","0.143760224959549"
"SEC24A","0.142960066001193"
"SEC24B","0.145016090478699"
"SEC24B-AS1","0.143854705944083"
"SEC24C","0.145060598424522"
"SEC24D","0.143009362457176"
"SEC31A","0.146632653022279"
"SEC31B","0.143084199644417"
"SEC61A1","0.144349642169603"
"SEC61A2","0.143009362457176"
"SEC61B","0.145429894655412"
"SEC61G","0.147027587355562"
"SEC62","0.145016090478699"
"SEC62-AS1","0.143009362457176"
"SEC63","0.143123103382618"
"SECISBP2","0.142170128857214"
"SECISBP2L","0.145195481447222"
"SECTM1","0.146815293564338"
"SEH1L","0.143931177759036"
"SEL1L","0.143509400312219"
"SEL1L2","0.142170128857214"
"SEL1L3","0.144906545018701"
"SELE","0.143084199644417"
"SELENBP1","0.144117821165616"
"SELK","0.143084199644417"
"SELL","0.144798703933136"
"SELM","0.144798703933136"
"SELO","0.143760224959549"
"SELP","0.148350507249902"
"SELPLG","0.143084199644417"
"SELT","0.144349642169603"
"SELV","0.142153704380751"
"SEMA3A","0.146815293564338"
"SEMA3B","0.143123103382618"
"SEMA3B-AS1","0.144798703933136"
"SEMA3C","0.1422992134468"
"SEMA3D","0.148649715441338"
"SEMA3E","0.14688525708298"
"SEMA3F","0.145379590125597"
"SEMA3F-AS1","0.143084199644417"
"SEMA3G","0.144798703933136"
"SEMA4A","0.146883442420191"
"SEMA4B","0.143084199644417"
"SEMA4C","0.146340098871392"
"SEMA4D","0.144117821165616"
"SEMA4F","0.145379590125597"
"SEMA4G","0.146417899411523"
"SEMA5A","0.145281237473483"
"SEMA5B","0.144184639025898"
"SEMA6A","0.145379590125597"
"SEMA6A-AS1","0.144349642169603"
"SEMA6B","0.146891289254046"
"SEMA6C","0.142434888764803"
"SEMA6D","0.145060598424522"
"SEMA7A","0.142610773382772"
"SEMG1","0.142960066001193"
"SEMG2","0.144906545018701"
"SENCR","0.146417899411523"
"SENP1","0.145429894655412"
"SENP2","0.143854705944083"
"SENP3","0.14256706657267"
"SENP3-EIF4A1","0.144349642169603"
"SENP5","0.144346090475488"
"SENP6","0.143854705944083"
"SENP7","0.144117821165616"
"SENP8","0.147333180347481"
"SEP15","0.143854705944083"
"SEPHS1","0.144766364921107"
"SEPHS2","0.14256706657267"
"SEPN1","0.145379590125597"
"SEPP1","0.145195481447222"
"SEPSECS","0.145060598424522"
"SEPSECS-AS1","0.144349642169603"
"SEPT1","0.145195481447222"
"SEPT10","0.142893436291529"
"SEPT11","0.142419776885859"
"SEPT12","0.143931177759036"
"SEPT14","0.143670457115419"
"SEPT2","0.143854705944083"
"SEPT3","0.144608508169094"
"SEPT4","0.145281237473483"
"SEPT4-AS1","0.146417899411523"
"SEPT5","0.145195481447222"
"SEPT6","0.144184639025898"
"SEPT7","0.143760224959549"
"SEPT7-AS1","0.143509400312219"
"SEPT8","0.145195481447222"
"SEPT9","0.14365205162505"
"SEPW1","0.142823688452512"
"SERAC1","0.145060598424522"
"SERBP1","0.145159653558852"
"SERF1A","0.14256706657267"
"SERF1B","0.145195481447222"
"SERF2","0.147389812705427"
"SERGEF","0.143931177759036"
"SERHL2","0.1449057105853"
"SERINC1","0.144608508169094"
"SERINC2","0.146510995261909"
"SERINC3","0.142610773382772"
"SERINC4","0.146510995261909"
"SERINC5","0.14365205162505"
"SERP1","0.146417899411523"
"SERP2","0.142153704380751"
"SERPINA1","0.143084199644417"
"SERPINA10","0.144906545018701"
"SERPINA11","0.143816175306304"
"SERPINA3","0.144608508169094"
"SERPINA4","0.143863868994782"
"SERPINA5","0.144766364921107"
"SERPINA6","0.144608508169094"
"SERPINA7","0.147071375156649"
"SERPINA9","0.143670457115419"
"SERPINB1","0.144184639025898"
"SERPINB10","0.14256706657267"
"SERPINB11","0.145429894655412"
"SERPINB12","0.14365205162505"
"SERPINB13","0.147071375156649"
"SERPINB2","0.145016090478699"
"SERPINB3","0.141787514041851"
"SERPINB4","0.145379590125597"
"SERPINB5","0.141787514041851"
"SERPINB6","0.144798703933136"
"SERPINB7","0.146417899411523"
"SERPINB8","0.143670457115419"
"SERPINB9","0.145281237473483"
"SERPINB9P1","0.144798703933136"
"SERPINC1","0.146632653022279"
"SERPIND1","0.14256706657267"
"SERPINE1","0.144184639025898"
"SERPINE2","0.144184639025898"
"SERPINE3","0.143123103382618"
"SERPINF1","0.147933156540324"
"SERPINF2","0.143863868994782"
"SERPING1","0.14256706657267"
"SERPINH1","0.144117821165616"
"SERPINI1","0.143009362457176"
"SERPINI2","0.14365205162505"
"SERTAD1","0.146883442420191"
"SERTAD2","0.143009362457176"
"SERTAD3","0.146340098871392"
"SERTAD4","0.142501322607394"
"SERTAD4-AS1","0.143816175306304"
"SERTM1","0.142960066001193"
"SESN1","0.146417899411523"
"SESN2","0.143863868994782"
"SESN3","0.144117821165616"
"SESTD1","0.144634626786919"
"SET","0.144481815172941"
"SETBP1","0.14256706657267"
"SETD1A","0.143863868994782"
"SETD1B","0.143084199644417"
"SETD2","0.144481815172941"
"SETD3","0.146417899411523"
"SETD4","0.146632653022279"
"SETD5","0.145379590125597"
"SETD6","0.143760224959549"
"SETD7","0.141316997464171"
"SETD9","0.14256706657267"
"SETDB1","0.143863868994782"
"SETDB2","0.145060598424522"
"SETMAR","0.143760224959549"
"SETSIP","0.143009362457176"
"SETX","0.146815293564338"
"SEZ6","0.143816175306304"
"SEZ6L","0.146231898490123"
"SEZ6L2","0.147071375156649"
"SF1","0.143760224959549"
"SF3A1","0.145429894655412"
"SF3A2","0.145567116779518"
"SF3A3","0.142432184890712"
"SF3B1","0.143760224959549"
"SF3B2","0.143503782932279"
"SF3B3","0.145159653558852"
"SF3B4","0.142501322607394"
"SF3B5","0.142960066001193"
"SF3B6","0.145016090478699"
"SFI1","0.143123103382618"
"SFMBT1","0.14256706657267"
"SFMBT2","0.142153704380751"
"SFN","0.145159653558852"
"SFPQ","0.14256706657267"
"SFR1","0.145016090478699"
"SFRP1","0.142153704380751"
"SFRP2","0.144766364921107"
"SFRP4","0.142365499486208"
"SFRP5","0.142365499486208"
"SFSWAP","0.142501322607394"
"SFT2D1","0.142823688452512"
"SFT2D2","0.143009362457176"
"SFT2D3","0.142170128857214"
"SFTA1P","0.145379590125597"
"SFTA2","0.142153704380751"
"SFTA3","0.145060598424522"
"SFTPA1","0.143509400312219"
"SFTPA2","0.142501322607394"
"SFTPB","0.145195481447222"
"SFTPC","0.145943492366153"
"SFTPD","0.145195481447222"
"SFTPD-AS1","0.144117821165616"
"SFXN1","0.143863868994782"
"SFXN2","0.145379590125597"
"SFXN3","0.144766364921107"
"SFXN4","0.14365205162505"
"SFXN5","0.144980421594644"
"SGCA","0.146340098871392"
"SGCB","0.142432184890712"
"SGCD","0.143009362457176"
"SGCE","0.144349642169603"
"SGCG","0.142432184890712"
"SGCZ","0.142365499486208"
"SGF29","0.142113258203607"
"SGIP1","0.143123103382618"
"SGK1","0.142170128857214"
"SGK2","0.145060598424522"
"SGK223","0.144634626786919"
"SGK3","0.143084199644417"
"SGK494","0.144634626786919"
"SGMS1","0.142153704380751"
"SGMS1-AS1","0.145159653558852"
"SGMS2","0.146883442420191"
"SGOL1","0.144117821165616"
"SGOL2","0.144798703933136"
"SGPL1","0.146340098871392"
"SGPP1","0.142113258203607"
"SGPP2","0.1422992134468"
"SGSH","0.145060598424522"
"SGSM1","0.143816175306304"
"SGSM2","0.142544469129517"
"SGSM3","0.142823688452512"
"SGTA","0.143670457115419"
"SGTB","0.144634626786919"
"SH2B1","0.14256706657267"
"SH2B2","0.141787514041851"
"SH2B3","0.145159653558852"
"SH2D1A","0.144184639025898"
"SH2D1B","0.145351562413298"
"SH2D2A","0.141787514041851"
"SH2D3A","0.146208150266207"
"SH2D3C","0.141586753686121"
"SH2D4A","0.144117821165616"
"SH2D4B","0.143009362457176"
"SH2D5","0.143863868994782"
"SH2D6","0.141264404215654"
"SH2D7","0.144766364921107"
"SH3BGR","0.145351562413298"
"SH3BGRL","0.146632653022279"
"SH3BGRL2","0.143009362457176"
"SH3BGRL3","0.14256706657267"
"SH3BP1","0.142432184890712"
"SH3BP2","0.145060598424522"
"SH3BP4","0.144481815172941"
"SH3BP5","0.143123103382618"
"SH3BP5-AS1","0.144349642169603"
"SH3BP5L","0.145016090478699"
"SH3D19","0.145060598424522"
"SH3D21","0.143931177759036"
"SH3GL1","0.14256706657267"
"SH3GL2","0.142202291592678"
"SH3GL3","0.143816175306304"
"SH3GLB1","0.144184639025898"
"SH3GLB2","0.143854705944083"
"SH3KBP1","0.142501322607394"
"SH3PXD2A","0.142113258203607"
"SH3PXD2A-AS1","0.144798703933136"
"SH3PXD2B","0.144184639025898"
"SH3RF1","0.141396405321856"
"SH3RF2","0.142823688452512"
"SH3RF3","0.144634626786919"
"SH3RF3-AS1","0.1422992134468"
"SH3TC1","0.143863868994782"
"SH3TC2","0.143525158441829"
"SH3YL1","0.144634626786919"
"SHANK1","0.140713984473812"
"SHANK2","0.142365499486208"
"SHANK2-AS1","0.143084199644417"
"SHANK2-AS3","0.143670457115419"
"SHANK3","0.142003288267237"
"SHARPIN","0.143084199644417"
"SHB","0.143009362457176"
"SHBG","0.143123103382618"
"SHC1","0.14256706657267"
"SHC2","0.146632653022279"
"SHC3","0.144906545018701"
"SHC4","0.145567116779518"
"SHCBP1","0.142170128857214"
"SHCBP1L","0.145351562413298"
"SHD","0.147102461660846"
"SHE","0.143863868994782"
"SHF","0.144634626786919"
"SHFM1","0.144481815172941"
"SHH","0.14084930762367"
"SHISA2","0.145060598424522"
"SHISA3","0.144481815172941"
"SHISA4","0.144481815172941"
"SHISA5","0.143863868994782"
"SHISA6","0.143787714111649"
"SHISA7","0.143670457115419"
"SHISA8","0.142823688452512"
"SHISA9","0.145159653558852"
"SHKBP1","0.142610773382772"
"SHMT1","0.142153704380751"
"SHMT2","0.142170128857214"
"SHOC2","0.143787714111649"
"SHOX","0.144349642169603"
"SHOX2","0.143084199644417"
"SHPK","0.145195481447222"
"SHPRH","0.141586753686121"
"SHQ1","0.142850691939087"
"SHROOM1","0.145567116779518"
"SHROOM2","0.144798703933136"
"SHROOM3","0.142704809783245"
"SHROOM4","0.14515302608535"
"SHTN1","0.143123103382618"
"SI","0.142960066001193"
"SIAE","0.141586753686121"
"SIAH1","0.141586753686121"
"SIAH2","0.142704809783245"
"SIAH2-AS1","0.143525158441829"
"SIAH3","0.144634626786919"
"SIDT1","0.143525158441829"
"SIDT1-AS1","0.145943492366153"
"SIDT2","0.143787714111649"
"SIGIRR","0.142003288267237"
"SIGLEC1","0.145060598424522"
"SIGLEC10","0.143084199644417"
"SIGLEC11","0.145195481447222"
"SIGLEC12","0.145351562413298"
"SIGLEC14","0.145159653558852"
"SIGLEC15","0.144349642169603"
"SIGLEC5","0.1449057105853"
"SIGLEC6","0.144798703933136"
"SIGLEC7","0.142419776885859"
"SIGLEC8","0.142704809783245"
"SIGLEC9","0.143931177759036"
"SIGLECL1","0.14256706657267"
"SIGMAR1","0.143670457115419"
"SIK1","0.144349642169603"
"SIK2","0.142610773382772"
"SIK3","0.143123103382618"
"SIKE1","0.143084199644417"
"SIL1","0.145195481447222"
"SIM1","0.141102692373198"
"SIM2","0.141102692373198"
"SIMC1","0.144766364921107"
"SIN3A","0.143787714111649"
"SIN3B","0.143931177759036"
"SIPA1","0.142544469129517"
"SIPA1L1","0.143123103382618"
"SIPA1L2","0.146417899411523"
"SIPA1L3","0.143783329851482"
"SIRPA","0.145429894655412"
"SIRPB1","0.145351562413298"
"SIRPB2","0.143123103382618"
"SIRPD","0.14256706657267"
"SIRPG","0.144481815172941"
"SIRPG-AS1","0.142170128857214"
"SIRT1","0.142202291592678"
"SIRT2","0.142544469129517"
"SIRT3","0.143670457115419"
"SIRT4","0.146208150266207"
"SIRT5","0.141102692373198"
"SIRT6","0.142501322607394"
"SIRT7","0.143123103382618"
"SIT1","0.144906545018701"
"SIVA1","0.145195481447222"
"SIX1","0.143525158441829"
"SIX2","0.143084199644417"
"SIX3","0.144766364921107"
"SIX3-AS1","0.142501322607394"
"SIX4","0.145429894655412"
"SIX5","0.144798703933136"
"SIX6","0.143670457115419"
"SKA1","0.146208150266207"
"SKA2","0.143525158441829"
"SKA3","0.143826244749428"
"SKAP1","0.143670457115419"
"SKAP2","0.143931177759036"
"SKI","0.143525158441829"
"SKIDA1","0.145016090478699"
"SKIL","0.146208150266207"
"SKIV2L","0.143009362457176"
"SKIV2L2","0.142960066001193"
"SKOR1","0.145943492366153"
"SKOR2","0.143863868994782"
"SKP1","0.144634626786919"
"SKP2","0.14256706657267"
"SLA","0.142544469129517"
"SLA2","0.145195481447222"
"SLAIN1","0.14256706657267"
"SLAIN2","0.142432184890712"
"SLAMF1","0.144634626786919"
"SLAMF6","0.144906545018701"
"SLAMF7","0.144766364921107"
"SLAMF8","0.142153704380751"
"SLAMF9","0.146283048940874"
"SLBP","0.142704809783245"
"SLC10A1","0.144184639025898"
"SLC10A2","0.142960066001193"
"SLC10A3","0.143084199644417"
"SLC10A4","0.145943492366153"
"SLC10A5","0.144798703933136"
"SLC10A6","0.147389812705427"
"SLC10A7","0.144766364921107"
"SLC11A1","0.145016090478699"
"SLC11A2","0.142170128857214"
"SLC12A1","0.143525158441829"
"SLC12A2","0.144349642169603"
"SLC12A3","0.143084199644417"
"SLC12A4","0.143519541061889"
"SLC12A5","0.14693883436501"
"SLC12A6","0.144117821165616"
"SLC12A7","0.142170128857214"
"SLC12A8","0.143783329851482"
"SLC12A9","0.141083524452189"
"SLC13A1","0.143009362457176"
"SLC13A2","0.141396405321856"
"SLC13A3","0.142113258203607"
"SLC13A4","0.144906545018701"
"SLC13A5","0.143931177759036"
"SLC14A1","0.142202291592678"
"SLC14A2","0.144481815172941"
"SLC14A2-AS1","0.147154037456203"
"SLC15A1","0.142170128857214"
"SLC15A2","0.141083524452189"
"SLC15A3","0.143670457115419"
"SLC15A4","0.143931177759036"
"SLC15A5","0.143863868994782"
"SLC16A1","0.144906545018701"
"SLC16A1-AS1","0.142704809783245"
"SLC16A10","0.142704809783245"
"SLC16A11","0.145429894655412"
"SLC16A12","0.14256706657267"
"SLC16A12-AS1","0.142610773382772"
"SLC16A13","0.145195481447222"
"SLC16A14","0.144184639025898"
"SLC16A2","0.145159653558852"
"SLC16A3","0.144481815172941"
"SLC16A4","0.142850691939087"
"SLC16A5","0.142432184890712"
"SLC16A6","0.143084199644417"
"SLC16A7","0.14688525708298"
"SLC16A8","0.141083524452189"
"SLC16A9","0.144481815172941"
"SLC17A1","0.144349642169603"
"SLC17A3","0.145159653558852"
"SLC17A4","0.142501322607394"
"SLC17A5","0.142850691939087"
"SLC17A7","0.144766364921107"
"SLC17A8","0.144634626786919"
"SLC17A9","0.142432184890712"
"SLC18A1","0.144481815172941"
"SLC18A2","0.145060598424522"
"SLC18A3","0.143009362457176"
"SLC18B1","0.146208150266207"
"SLC19A1","0.144634626786919"
"SLC19A2","0.147027587355562"
"SLC19A3","0.142153704380751"
"SLC1A1","0.142544469129517"
"SLC1A2","0.145943492366153"
"SLC1A3","0.142432184890712"
"SLC1A4","0.143863868994782"
"SLC1A5","0.1422992134468"
"SLC1A6","0.145195481447222"
"SLC1A7","0.144766364921107"
"SLC20A1","0.144184639025898"
"SLC20A2","0.146417899411523"
"SLC22A1","0.142170128857214"
"SLC22A10","0.144184639025898"
"SLC22A11","0.142170128857214"
"SLC22A13","0.143525158441829"
"SLC22A14","0.143787714111649"
"SLC22A15","0.143123103382618"
"SLC22A16","0.144184639025898"
"SLC22A17","0.14256706657267"
"SLC22A18","0.141396405321856"
"SLC22A18AS","0.144481815172941"
"SLC22A2","0.146208150266207"
"SLC22A23","0.143670457115419"
"SLC22A25","0.145159653558852"
"SLC22A3","0.144798703933136"
"SLC22A31","0.142960066001193"
"SLC22A4","0.142202291592678"
"SLC22A5","0.143863868994782"
"SLC22A6","0.14256706657267"
"SLC22A7","0.143863868994782"
"SLC22A8","0.146208150266207"
"SLC22A9","0.145060598424522"
"SLC23A1","0.143918334213109"
"SLC23A2","0.142610773382772"
"SLC23A3","0.144481815172941"
"SLC24A1","0.142850691939087"
"SLC24A2","0.144906545018701"
"SLC24A3","0.144906545018701"
"SLC24A4","0.143670457115419"
"SLC24A5","0.144906545018701"
"SLC25A1","0.144481815172941"
"SLC25A10","0.146208150266207"
"SLC25A11","0.144798703933136"
"SLC25A12","0.142850691939087"
"SLC25A13","0.144634626786919"
"SLC25A14","0.142365499486208"
"SLC25A15","0.142610773382772"
"SLC25A16","0.144634626786919"
"SLC25A17","0.145159653558852"
"SLC25A18","0.142850691939087"
"SLC25A19","0.145900736422919"
"SLC25A2","0.143931177759036"
"SLC25A20","0.144798703933136"
"SLC25A21","0.145060598424522"
"SLC25A21-AS1","0.142365499486208"
"SLC25A22","0.146283048940874"
"SLC25A23","0.143525158441829"
"SLC25A24","0.144481815172941"
"SLC25A25","0.146632653022279"
"SLC25A25-AS1","0.146632653022279"
"SLC25A26","0.143123103382618"
"SLC25A27","0.144634626786919"
"SLC25A28","0.144798703933136"
"SLC25A29","0.145429894655412"
"SLC25A3","0.142501322607394"
"SLC25A30","0.142365499486208"
"SLC25A30-AS1","0.144184639025898"
"SLC25A31","0.143075517252314"
"SLC25A32","0.14458756547807"
"SLC25A33","0.143787714111649"
"SLC25A34","0.146815293564338"
"SLC25A35","0.145351562413298"
"SLC25A36","0.142850691939087"
"SLC25A37","0.142704809783245"
"SLC25A38","0.144349642169603"
"SLC25A39","0.143525158441829"
"SLC25A4","0.143123103382618"
"SLC25A40","0.145429894655412"
"SLC25A41","0.145159653558852"
"SLC25A42","0.142610773382772"
"SLC25A43","0.144906545018701"
"SLC25A44","0.145943492366153"
"SLC25A45","0.145195481447222"
"SLC25A46","0.144798703933136"
"SLC25A47","0.146632653022279"
"SLC25A48","0.144634626786919"
"SLC25A5","0.14688525708298"
"SLC25A51","0.142850691939087"
"SLC25A52","0.144798703933136"
"SLC25A53","0.145195481447222"
"SLC25A6","0.145060598424522"
"SLC26A1","0.147494899153385"
"SLC26A10","0.144906545018701"
"SLC26A11","0.143075517252314"
"SLC26A2","0.146283048940874"
"SLC26A3","0.146815293564338"
"SLC26A4","0.145943492366153"
"SLC26A4-AS1","0.146332182796753"
"SLC26A5","0.14256706657267"
"SLC26A6","0.14256706657267"
"SLC26A7","0.145159653558852"
"SLC26A8","0.143525158441829"
"SLC26A9","0.144184639025898"
"SLC27A1","0.145159653558852"
"SLC27A2","0.146417899411523"
"SLC27A3","0.142850691939087"
"SLC27A4","0.142610773382772"
"SLC27A5","0.144798703933136"
"SLC27A6","0.143670457115419"
"SLC28A1","0.142501322607394"
"SLC28A2","0.144906545018701"
"SLC28A3","0.146283048940874"
"SLC29A1","0.146490521065852"
"SLC29A2","0.144766364921107"
"SLC29A3","0.145195481447222"
"SLC29A4","0.144349642169603"
"SLC2A1","0.142202291592678"
"SLC2A1-AS1","0.144117821165616"
"SLC2A10","0.146208150266207"
"SLC2A11","0.142610773382772"
"SLC2A12","0.145035972899208"
"SLC2A13","0.145429894655412"
"SLC2A14","0.147154037456203"
"SLC2A2","0.144349642169603"
"SLC2A3","0.144481815172941"
"SLC2A4","0.143931177759036"
"SLC2A4RG","0.144481815172941"
"SLC2A5","0.144117821165616"
"SLC2A6","0.143787714111649"
"SLC2A7","0.143405398537656"
"SLC2A8","0.145159653558852"
"SLC2A9","0.143075517252314"
"SLC30A1","0.146632653022279"
"SLC30A10","0.141396405321856"
"SLC30A2","0.144349642169603"
"SLC30A3","0.145195481447222"
"SLC30A4","0.143617384366862"
"SLC30A5","0.145567116779518"
"SLC30A6","0.144349642169603"
"SLC30A7","0.143405398537656"
"SLC30A8","0.145429894655412"
"SLC30A9","0.144481815172941"
"SLC31A1","0.144798703933136"
"SLC31A2","0.143075517252314"
"SLC32A1","0.146632653022279"
"SLC33A1","0.146510995261909"
"SLC34A1","0.147494899153385"
"SLC34A2","0.143670457115419"
"SLC34A3","0.143123103382618"
"SLC35A1","0.143617384366862"
"SLC35A2","0.143405398537656"
"SLC35A3","0.147333180347481"
"SLC35A4","0.144349642169603"
"SLC35A5","0.145943492366153"
"SLC35B1","0.143787714111649"
"SLC35B2","0.145195481447222"
"SLC35B3","0.146815293564338"
"SLC35B4","0.144906545018701"
"SLC35C1","0.144766364921107"
"SLC35C2","0.143670457115419"
"SLC35D1","0.144634626786919"
"SLC35D2","0.143670457115419"
"SLC35D3","0.145943492366153"
"SLC35E1","0.144634626786919"
"SLC35E2","0.144906545018701"
"SLC35E2B","0.145195481447222"
"SLC35E3","0.145351562413298"
"SLC35E4","0.145351562413298"
"SLC35F1","0.143931177759036"
"SLC35F2","0.146417899411523"
"SLC35F3","0.144634626786919"
"SLC35F4","0.144117821165616"
"SLC35F5","0.142960066001193"
"SLC35F6","0.145943492366153"
"SLC35G1","0.14688525708298"
"SLC35G2","0.145016090478699"
"SLC35G3","0.145351562413298"
"SLC35G5","0.143617384366862"
"SLC35G6","0.144481815172941"
"SLC36A1","0.145429894655412"
"SLC36A2","0.142153704380751"
"SLC36A3","0.146332182796753"
"SLC36A4","0.146417899411523"
"SLC37A1","0.145164672226946"
"SLC37A2","0.145159653558852"
"SLC37A3","0.143863868994782"
"SLC37A4","0.145159653558852"
"SLC38A1","0.144349642169603"
"SLC38A10","0.146208150266207"
"SLC38A11","0.142544469129517"
"SLC38A2","0.142960066001193"
"SLC38A3","0.144798703933136"
"SLC38A4","0.144184639025898"
"SLC38A5","0.146417899411523"
"SLC38A6","0.145159653558852"
"SLC38A7","0.146510995261909"
"SLC38A8","0.146510995261909"
"SLC38A9","0.142850691939087"
"SLC39A1","0.144184639025898"
"SLC39A10","0.143787714111649"
"SLC39A11","0.145943492366153"
"SLC39A12","0.143617384366862"
"SLC39A12-AS1","0.146217598665922"
"SLC39A13","0.142960066001193"
"SLC39A14","0.145060598424522"
"SLC39A2","0.143123103382618"
"SLC39A3","0.145351562413298"
"SLC39A4","0.142960066001193"
"SLC39A5","0.14688525708298"
"SLC39A6","0.143075517252314"
"SLC39A7","0.142432184890712"
"SLC39A8","0.144766364921107"
"SLC39A9","0.143931177759036"
"SLC3A1","0.143931177759036"
"SLC3A2","0.144349642169603"
"SLC40A1","0.145159653558852"
"SLC41A1","0.144798703933136"
"SLC41A2","0.143863868994782"
"SLC41A3","0.144766364921107"
"SLC43A1","0.144117821165616"
"SLC43A2","0.145159653558852"
"SLC43A3","0.145159653558852"
"SLC44A1","0.144906545018701"
"SLC44A2","0.146815293564338"
"SLC44A3","0.145351562413298"
"SLC44A4","0.144634626786919"
"SLC44A5","0.145943492366153"
"SLC45A1","0.147389812705427"
"SLC45A2","0.146417899411523"
"SLC45A3","0.145429894655412"
"SLC45A4","0.146332182796753"
"SLC46A1","0.145016090478699"
"SLC46A2","0.145943492366153"
"SLC46A3","0.145195481447222"
"SLC47A1","0.147178522246451"
"SLC47A2","0.14688525708298"
"SLC48A1","0.146217598665922"
"SLC4A1","0.143787714111649"
"SLC4A10","0.147178522246451"
"SLC4A11","0.144906545018701"
"SLC4A1AP","0.145567116779518"
"SLC4A2","0.145943492366153"
"SLC4A3","0.144117821165616"
"SLC4A4","0.147333180347481"
"SLC4A5","0.146083044113099"
"SLC4A7","0.145060598424522"
"SLC4A8","0.144798703933136"
"SLC4A9","0.143787714111649"
"SLC50A1","0.145016090478699"
"SLC51A","0.143123103382618"
"SLC51B","0.144634626786919"
"SLC52A1","0.145195481447222"
"SLC52A2","0.145351562413298"
"SLC52A3","0.143863868994782"
"SLC5A1","0.146510995261909"
"SLC5A10","0.145060598424522"
"SLC5A11","0.148593882502774"
"SLC5A12","0.143617384366862"
"SLC5A2","0.146815293564338"
"SLC5A3","0.143123103382618"
"SLC5A4","0.144481815172941"
"SLC5A5","0.143931177759036"
"SLC5A6","0.145159653558852"
"SLC5A7","0.145195481447222"
"SLC5A8","0.145016090478699"
"SLC5A9","0.147663513234102"
"SLC6A1","0.143787714111649"
"SLC6A11","0.145060598424522"
"SLC6A12","0.14688525708298"
"SLC6A13","0.145351562413298"
"SLC6A14","0.144481815172941"
"SLC6A15","0.144481815172941"
"SLC6A16","0.144906545018701"
"SLC6A17","0.144117821165616"
"SLC6A18","0.145195481447222"
"SLC6A19","0.143931177759036"
"SLC6A2","0.143787714111649"
"SLC6A20","0.147071375156649"
"SLC6A3","0.145351562413298"
"SLC6A4","0.144766364921107"
"SLC6A6","0.145943492366153"
"SLC6A7","0.145195481447222"
"SLC6A8","0.146815293564338"
"SLC6A9","0.146332182796753"
"SLC7A1","0.144798703933136"
"SLC7A10","0.144184639025898"
"SLC7A11","0.145943492366153"
"SLC7A13","0.145195481447222"
"SLC7A14","0.145195481447222"
"SLC7A2","0.147389812705427"
"SLC7A3","0.144481815172941"
"SLC7A4","0.144634626786919"
"SLC7A5","0.143931177759036"
"SLC7A6","0.144798703933136"
"SLC7A6OS","0.143075517252314"
"SLC7A7","0.145567116779518"
"SLC7A8","0.146083044113099"
"SLC7A9","0.142960066001193"
"SLC8A1","0.145429894655412"
"SLC8A1-AS1","0.145016090478699"
"SLC8A2","0.143123103382618"
"SLC8A3","0.146815293564338"
"SLC8B1","0.144184639025898"
"SLC9A1","0.145195481447222"
"SLC9A2","0.146217598665922"
"SLC9A3R1","0.145195481447222"
"SLC9A3R2","0.143863868994782"
"SLC9A4","0.146332182796753"
"SLC9A5","0.146490521065852"
"SLC9A6","0.142704809783245"
"SLC9A7","0.145567116779518"
"SLC9A8","0.145060598424522"
"SLC9A9","0.144634626786919"
"SLC9A9-AS1","0.145567116779518"
"SLC9A9-AS2","0.144481815172941"
"SLC9B1","0.146417899411523"
"SLC9B2","0.142850691939087"
"SLC9C1","0.145973992446216"
"SLC9C2","0.145060598424522"
"SLCO1A2","0.142850691939087"
"SLCO1B1","0.144906545018701"
"SLCO1B3","0.144117821165616"
"SLCO1B7","0.144117821165616"
"SLCO1C1","0.14693883436501"
"SLCO2A1","0.145973992446216"
"SLCO2B1","0.144117821165616"
"SLCO3A1","0.143931177759036"
"SLCO4A1","0.141586753686121"
"SLCO4A1-AS1","0.145973992446216"
"SLCO4C1","0.144634626786919"
"SLCO5A1","0.143931177759036"
"SLCO6A1","0.144798703933136"
"SLF1","0.146217598665922"
"SLF2","0.142960066001193"
"SLFN11","0.147389812705427"
"SLFN12","0.143931177759036"
"SLFN12L","0.145195481447222"
"SLFN13","0.1422992134468"
"SLFN14","0.147154037456203"
"SLFN5","0.143863868994782"
"SLFNL1","0.145016090478699"
"SLFNL1-AS1","0.146083044113099"
"SLIRP","0.143630537147361"
"SLIT1","0.142153704380751"
"SLIT2","0.145159653558852"
"SLIT3","0.143032395065119"
"SLITRK1","0.144766364921107"
"SLITRK2","0.142170128857214"
"SLITRK3","0.143931177759036"
"SLITRK4","0.143617384366862"
"SLITRK5","0.143931177759036"
"SLITRK6","0.144906545018701"
"SLK","0.143863868994782"
"SLMAP","0.144766364921107"
"SLN","0.143405398537656"
"SLPI","0.144766364921107"
"SLTM","0.144481815172941"
"SLU7","0.143405398537656"
"SLURP1","0.1422992134468"
"SLX1A","0.142960066001193"
"SLX1B","0.145351562413298"
"SLX4","0.143931177759036"
"SLX4IP","0.146217598665922"
"SMAD1","0.143617384366862"
"SMAD1-AS1","0.142501322607394"
"SMAD2","0.142850691939087"
"SMAD3","0.142170128857214"
"SMAD4","0.144184639025898"
"SMAD5","0.143863868994782"
"SMAD5-AS1","0.145429894655412"
"SMAD6","0.146417899411523"
"SMAD7","0.144481815172941"
"SMAD9","0.146332182796753"
"SMAGP","0.145060598424522"
"SMAP1","0.14310872932022"
"SMAP2","0.144349642169603"
"SMARCA1","0.144634626786919"
"SMARCA2","0.141787514041851"
"SMARCA4","0.145567116779518"
"SMARCA5","0.144798703933136"
"SMARCA5-AS1","0.143032395065119"
"SMARCAD1","0.145973992446216"
"SMARCAL1","0.145701372962942"
"SMARCB1","0.143617384366862"
"SMARCC1","0.142544469129517"
"SMARCC2","0.143032395065119"
"SMARCD1","0.146083044113099"
"SMARCD2","0.144766364921107"
"SMARCD3","0.144117821165616"
"SMARCE1","0.145016090478699"
"SMC1A","0.143670457115419"
"SMC1B","0.145159653558852"
"SMC2","0.142432184890712"
"SMC2-AS1","0.144798703933136"
"SMC3","0.145195481447222"
"SMC4","0.145016090478699"
"SMC5","0.145567116779518"
"SMC5-AS1","0.143787714111649"
"SMC6","0.145567116779518"
"SMCHD1","0.144349642169603"
"SMCO1","0.142610773382772"
"SMCO2","0.144766364921107"
"SMCO3","0.144349642169603"
"SMCO4","0.144906545018701"
"SMCP","0.144906545018701"
"SMCR2","0.143405398537656"
"SMCR5","0.142704809783245"
"SMCR8","0.144349642169603"
"SMDT1","0.144798703933136"
"SMG1","0.144634626786919"
"SMG5","0.143931177759036"
"SMG6","0.142850691939087"
"SMG7","0.144906545018701"
"SMG8","0.14256706657267"
"SMG9","0.145159653558852"
"SMIM1","0.142960066001193"
"SMIM10","0.142960066001193"
"SMIM10L1","0.144117821165616"
"SMIM10L2A","0.140523438308047"
"SMIM10L2B","0.144766364921107"
"SMIM11A","0.144184639025898"
"SMIM11B","0.142432184890712"
"SMIM12","0.142432184890712"
"SMIM13","0.144481815172941"
"SMIM14","0.146815293564338"
"SMIM15","0.14256706657267"
"SMIM17","0.143405398537656"
"SMIM18","0.142501322607394"
"SMIM19","0.145351562413298"
"SMIM2","0.144634626786919"
"SMIM2-AS1","0.145567116779518"
"SMIM20","0.143863868994782"
"SMIM21","0.143405398537656"
"SMIM22","0.142202291592678"
"SMIM24","0.141316997464171"
"SMIM3","0.142850691939087"
"SMIM4","0.142704809783245"
"SMIM5","0.14256706657267"
"SMIM6","0.146332182796753"
"SMIM7","0.14256706657267"
"SMIM8","0.145701372962942"
"SMIM9","0.144349642169603"
"SMKR1","0.142610773382772"
"SMN1","0.143931177759036"
"SMN2","0.143670457115419"
"SMNDC1","0.142960066001193"
"SMO","0.144766364921107"
"SMOC1","0.142704809783245"
"SMOC2","0.14310872932022"
"SMOX","0.143505166999491"
"SMPD1","0.145159653558852"
"SMPD2","0.143032395065119"
"SMPD3","0.145658617019708"
"SMPD4","0.144184639025898"
"SMPD5","0.144117821165616"
"SMPDL3A","0.143863868994782"
"SMPDL3B","0.142170128857214"
"SMPX","0.143863868994782"
"SMR3A","0.144798703933136"
"SMR3B","0.141083524452189"
"SMS","0.144117821165616"
"SMTN","0.142501322607394"
"SMTNL1","0.144798703933136"
"SMTNL2","0.144184639025898"
"SMU1","0.144481815172941"
"SMUG1","0.140479199955417"
"SMURF1","0.143670457115419"
"SMURF2","0.142960066001193"
"SMYD1","0.142704809783245"
"SMYD2","0.143032395065119"
"SMYD3","0.14310872932022"
"SMYD4","0.14252745404614"
"SMYD5","0.145351562413298"
"SNAI1","0.144349642169603"
"SNAI2","0.144766364921107"
"SNAI3","0.142113258203607"
"SNAI3-AS1","0.143787714111649"
"SNAP23","0.143787714111649"
"SNAP25","0.142170128857214"
"SNAP25-AS1","0.143405398537656"
"SNAP29","0.142170128857214"
"SNAP47","0.144766364921107"
"SNAP91","0.145351562413298"
"SNAPC1","0.142153704380751"
"SNAPC2","0.142610773382772"
"SNAPC3","0.142003288267237"
"SNAPC4","0.143032395065119"
"SNAPC5","0.144184639025898"
"SNAPIN","0.144117821165616"
"SNCA","0.142704809783245"
"SNCA-AS1","0.141083524452189"
"SNCAIP","0.143670457115419"
"SNCB","0.143931177759036"
"SNCG","0.143617384366862"
"SND1","0.143670457115419"
"SND1-IT1","0.142610773382772"
"SNED1","0.144766364921107"
"SNF8","0.144798703933136"
"SNHG10","0.145159653558852"
"SNHG12","0.143032395065119"
"SNHG15","0.142365499486208"
"SNHG18","0.142153704380751"
"SNHG19","0.142884613850071"
"SNHG21","0.141787514041851"
"SNHG22","0.142170128857214"
"SNHG23","0.14252745404614"
"SNHG24","0.142960066001193"
"SNHG25","0.143617384366862"
"SNHG7","0.144906545018701"
"SNHG8","0.143092369392135"
"SNHG9","0.143931177759036"
"SNIP1","0.143863868994782"
"SNN","0.144117821165616"
"SNPH","0.142432184890712"
"SNRK","0.142833579002774"
"SNRK-AS1","0.142202291592678"
"SNRNP200","0.142704809783245"
"SNRNP25","0.14310872932022"
"SNRNP27","0.144634626786919"
"SNRNP35","0.144481815172941"
"SNRNP40","0.143787714111649"
"SNRNP48","0.142170128857214"
"SNRNP70","0.142003288267237"
"SNRPA","0.144184639025898"
"SNRPA1","0.143032395065119"
"SNRPB","0.143617384366862"
"SNRPB2","0.142003288267237"
"SNRPC","0.143787714111649"
"SNRPD1","0.144766364921107"
"SNRPD2","0.144349642169603"
"SNRPD3","0.144349642169603"
"SNRPE","0.142153704380751"
"SNRPF","0.141067616111376"
"SNRPG","0.142884613850071"
"SNRPN","0.143032395065119"
"SNTA1","0.142113258203607"
"SNTB1","0.143670457115419"
"SNTB2","0.142704809783245"
"SNTG1","0.143863868994782"
"SNTG2","0.143032395065119"
"SNTN","0.143931177759036"
"SNU13","0.141316997464171"
"SNUPN","0.145429894655412"
"SNURF","0.141238230295268"
"SNW1","0.142610773382772"
"SNX1","0.143670457115419"
"SNX10","0.14310872932022"
"SNX11","0.143032395065119"
"SNX12","0.14310872932022"
"SNX13","0.142960066001193"
"SNX14","0.143931177759036"
"SNX15","0.142704809783245"
"SNX16","0.145351562413298"
"SNX17","0.144798703933136"
"SNX18","0.142960066001193"
"SNX19","0.145016090478699"
"SNX2","0.14310872932022"
"SNX20","0.144117821165616"
"SNX21","0.141316997464171"
"SNX22","0.142704809783245"
"SNX24","0.14310872932022"
"SNX25","0.143863868994782"
"SNX27","0.144184639025898"
"SNX29","0.142610773382772"
"SNX3","0.144349642169603"
"SNX30","0.14252745404614"
"SNX31","0.143617384366862"
"SNX32","0.144766364921107"
"SNX33","0.143617384366862"
"SNX4","0.143931177759036"
"SNX5","0.143787714111649"
"SNX6","0.14256706657267"
"SNX7","0.142170128857214"
"SNX8","0.142610773382772"
"SNX9","0.144766364921107"
"SOAT1","0.142884613850071"
"SOAT2","0.144634626786919"
"SOBP","0.142606144394915"
"SOCS1","0.143405398537656"
"SOCS2","0.143405398537656"
"SOCS3","0.143032395065119"
"SOCS4","0.143863868994782"
"SOCS5","0.14310872932022"
"SOCS6","0.141787514041851"
"SOCS7","0.145701372962942"
"SOD1","0.14310872932022"
"SOD2","0.146510995261909"
"SOD3","0.144634626786919"
"SOGA1","0.142202291592678"
"SOGA3","0.142153704380751"
"SOHLH1","0.1422992134468"
"SOHLH2","0.142113258203607"
"SON","0.142286522270487"
"SORBS1","0.142113258203607"
"SORBS2","0.142884613850071"
"SORBS3","0.143032395065119"
"SORCS1","0.142884613850071"
"SORCS2","0.142884613850071"
"SORCS3","0.14252745404614"
"SORD","0.141316997464171"
"SORL1","0.143863868994782"
"SORT1","0.141586753686121"
"SOS1","0.145159653558852"
"SOS2","0.1422992134468"
"SOST","0.14310872932022"
"SOSTDC1","0.143863868994782"
"SOWAHA","0.145351562413298"
"SOWAHB","0.142202291592678"
"SOWAHC","0.14310872932022"
"SOWAHD","0.143787714111649"
"SOX1","0.145060598424522"
"SOX10","0.142432184890712"
"SOX11","0.143863868994782"
"SOX12","0.143787714111649"
"SOX13","0.143405398537656"
"SOX14","0.1422992134468"
"SOX15","0.144906545018701"
"SOX17","0.141284029892186"
"SOX18","0.143863868994782"
"SOX2","0.145429894655412"
"SOX21","0.144798703933136"
"SOX21-AS1","0.142432184890712"
"SOX3","0.145016090478699"
"SOX30","0.142365499486208"
"SOX4","0.143032395065119"
"SOX5","0.142432184890712"
"SOX6","0.145351562413298"
"SOX7","0.142170128857214"
"SOX8","0.145973992446216"
"SOX9","0.142704809783245"
"SP1","0.144634626786919"
"SP100","0.143670457115419"
"SP110","0.143787714111649"
"SP140","0.145195481447222"
"SP140L","0.1422992134468"
"SP2","0.14310872932022"
"SP2-AS1","0.142704809783245"
"SP3","0.143787714111649"
"SP4","0.14256706657267"
"SP5","0.14310872932022"
"SP6","0.142833579002774"
"SP7","0.144634626786919"
"SP8","0.145016090478699"
"SP9","0.143863868994782"
"SPA17","0.142884613850071"
"SPACA1","0.144184639025898"
"SPACA3","0.142960066001193"
"SPACA4","0.14252745404614"
"SPACA6P-AS","0.144184639025898"
"SPACA7","0.145351562413298"
"SPAG1","0.144634626786919"
"SPAG11A","0.142833579002774"
"SPAG11B","0.142960066001193"
"SPAG16","0.14310872932022"
"SPAG17","0.142960066001193"
"SPAG4","0.143931177759036"
"SPAG5","0.142170128857214"
"SPAG6","0.140987637644317"
"SPAG7","0.142365499486208"
"SPAG8","0.14310872932022"
"SPAG9","0.142365499486208"
"SPAM1","0.144634626786919"
"SPANXA2-OT1","0.145973992446216"
"SPANXB1","0.14252745404614"
"SPANXC","0.142833579002774"
"SPANXD","0.143787714111649"
"SPANXN1","0.145195481447222"
"SPANXN2","0.144117821165616"
"SPANXN3","0.144353095667651"
"SPANXN4","0.142610773382772"
"SPANXN5","0.142202291592678"
"SPARC","0.141787514041851"
"SPARCL1","0.142884613850071"
"SPAST","0.145973992446216"
"SPATA12","0.145060598424522"
"SPATA13","0.141067616111376"
"SPATA13-AS1","0.142153704380751"
"SPATA16","0.144353095667651"
"SPATA17","0.144906545018701"
"SPATA18","0.14256706657267"
"SPATA19","0.142113258203607"
"SPATA2","0.14256706657267"
"SPATA20","0.142365499486208"
"SPATA21","0.141787514041851"
"SPATA22","0.142833579002774"
"SPATA24","0.144766364921107"
"SPATA25","0.141586753686121"
"SPATA2L","0.14252745404614"
"SPATA3","0.146632653022279"
"SPATA3-AS1","0.144634626786919"
"SPATA31A7","0.142960066001193"
"SPATA31D3","0.142704809783245"
"SPATA31E1","0.143931177759036"
"SPATA32","0.1422992134468"
"SPATA33","0.144766364921107"
"SPATA4","0.144634626786919"
"SPATA41","0.144906545018701"
"SPATA42","0.142432184890712"
"SPATA45","0.144117821165616"
"SPATA5","0.142833579002774"
"SPATA5L1","0.142704809783245"
"SPATA6","0.144766364921107"
"SPATA6L","0.145701372962942"
"SPATA7","0.141586753686121"
"SPATA8","0.145159653558852"
"SPATA9","0.145060598424522"
"SPATC1","0.14310872932022"
"SPATC1L","0.14310872932022"
"SPATS1","0.142884613850071"
"SPATS2","0.144798703933136"
"SPATS2L","0.142153704380751"
"SPC24","0.143405398537656"
"SPC25","0.144198551214156"
"SPCS1","0.145060598424522"
"SPCS2","0.145016090478699"
"SPCS3","0.143787714111649"
"SPDEF","0.143787714111649"
"SPDL1","0.143863868994782"
"SPDYA","0.144634626786919"
"SPDYC","0.146417899411523"
"SPDYE1","0.142960066001193"
"SPDYE16","0.142833579002774"
"SPDYE3","0.14310872932022"
"SPDYE4","0.143931177759036"
"SPDYE5","0.145429894655412"
"SPDYE6","0.143863868994782"
"SPECC1","0.142610773382772"
"SPECC1L","0.142610773382772"
"SPECC1L-ADORA2A","0.144198551214156"
"SPEF1","0.144198551214156"
"SPEF2","0.143787714111649"
"SPEG","0.143931177759036"
"SPEM1","0.145159653558852"
"SPEN","0.143032395065119"
"SPERT","0.144198551214156"
"SPESP1","0.142432184890712"
"SPG11","0.145159653558852"
"SPG20","0.142884613850071"
"SPG20-AS1","0.144198551214156"
"SPG21","0.143032395065119"
"SPG7","0.144117821165616"
"SPHK1","0.143863868994782"
"SPHK2","0.144353095667651"
"SPHKAP","0.142432184890712"
"SPI1","0.144634626786919"
"SPIB","0.144766364921107"
"SPIC","0.145060598424522"
"SPICE1","0.146417899411523"
"SPIDR","0.143863868994782"
"SPIN1","0.142170128857214"
"SPIN2A","0.142643713998838"
"SPIN2B","0.141379469064046"
"SPIN3","0.144634626786919"
"SPIN4","0.143630537147361"
"SPIN4-AS1","0.143032395065119"
"SPINK1","0.144634626786919"
"SPINK13","0.145973992446216"
"SPINK14","0.143405398537656"
"SPINK2","0.143931177759036"
"SPINK4","0.147134377596463"
"SPINK5","0.141284029892186"
"SPINK6","0.142541341009711"
"SPINK7","0.14310872932022"
"SPINK8","0.143931177759036"
"SPINK9","0.144481815172941"
"SPINT1","0.146815293564338"
"SPINT2","0.141316997464171"
"SPINT3","0.141102692373198"
"SPINT4","0.143863868994782"
"SPIRE1","0.143032395065119"
"SPIRE2","0.146217598665922"
"SPN","0.142610773382772"
"SPNS1","0.144481815172941"
"SPNS2","0.143787714111649"
"SPNS3","0.143948652000922"
"SPOCD1","0.144198551214156"
"SPOCK1","0.146083044113099"
"SPOCK2","0.144353095667651"
"SPOCK3","0.145060598424522"
"SPON1","0.142202291592678"
"SPON2","0.143405398537656"
"SPOP","0.143032395065119"
"SPOPL","0.142884613850071"
"SPP1","0.14252745404614"
"SPP2","0.146217598665922"
"SPPL2A","0.145060598424522"
"SPPL2B","0.144198551214156"
"SPPL3","0.143630537147361"
"SPR","0.142419776885859"
"SPRED1","0.143787714111649"
"SPRED2","0.143538311222329"
"SPRED3","0.14310872932022"
"SPRN","0.142432184890712"
"SPRR1A","0.143929135266368"
"SPRR1B","0.146217598665922"
"SPRR2A","0.145016090478699"
"SPRR2B","0.142170128857214"
"SPRR2D","0.144634626786919"
"SPRR2E","0.144353095667651"
"SPRR2F","0.143032395065119"
"SPRR2G","0.147268747642097"
"SPRR3","0.143787714111649"
"SPRR4","0.145060598424522"
"SPRTN","0.145351562413298"
"SPRY1","0.14256706657267"
"SPRY2","0.144184639025898"
"SPRY3","0.143032395065119"
"SPRY4","0.145351562413298"
"SPRY4-IT1","0.144184639025898"
"SPRYD3","0.144766364921107"
"SPRYD4","0.144353095667651"
"SPRYD7","0.143405398537656"
"SPSB1","0.139792515292327"
"SPSB2","0.144103210580809"
"SPSB3","0.142833579002774"
"SPSB4","0.144798703933136"
"SPTA1","0.145159653558852"
"SPTAN1","0.143948652000922"
"SPTB","0.143630537147361"
"SPTBN1","0.145351562413298"
"SPTBN2","0.143929135266368"
"SPTBN4","0.143863868994782"
"SPTBN5","0.143787714111649"
"SPTLC1","0.145060598424522"
"SPTLC2","0.142610773382772"
"SPTLC3","0.143863868994782"
"SPTSSA","0.143405398537656"
"SPTSSB","0.14252745404614"
"SPTY2D1","0.144353095667651"
"SPTY2D1-AS1","0.145701372962942"
"SPX","0.144103210580809"
"SPZ1","0.144184639025898"
"SQLE","0.145159653558852"
"SQRDL","0.144184639025898"
"SQSTM1","0.145567116779518"
"SRA1","0.142884613850071"
"SRBD1","0.143630537147361"
"SRC","0.142884613850071"
"SRCAP","0.142170128857214"
"SRCIN1","0.143032395065119"
"SRD5A1","0.143032395065119"
"SRD5A2","0.141787514041851"
"SRD5A3","0.14256706657267"
"SREBF1","0.144169113748615"
"SREBF2","0.1422992134468"
"SREK1","0.142884613850071"
"SREK1IP1","0.142610773382772"
"SRF","0.142199336195941"
"SRFBP1","0.144353095667651"
"SRGAP1","0.144198551214156"
"SRGAP2","0.144169113748615"
"SRGAP2-AS1","0.142704809783245"
"SRGAP2B","0.142432184890712"
"SRGAP2C","0.143630537147361"
"SRGAP3","0.144798703933136"
"SRGAP3-AS1","0.145060598424522"
"SRGAP3-AS2","0.142365499486208"
"SRGAP3-AS3","0.142610773382772"
"SRGAP3-AS4","0.142610773382772"
"SRGN","0.14084930762367"
"SRI","0.145973992446216"
"SRL","0.141787514041851"
"SRM","0.144766364921107"
"SRMS","0.144353095667651"
"SRP14","0.1422992134468"
"SRP14-AS1","0.14310872932022"
"SRP19","0.145429894655412"
"SRP54","0.14310872932022"
"SRP68","0.142162570570962"
"SRP72","0.14252745404614"
"SRP9","0.141083524452189"
"SRPK1","0.141787514041851"
"SRPK2","0.145195481447222"
"SRPK3","0.144103210580809"
"SRPRA","0.142365499486208"
"SRPRB","0.142135933062365"
"SRPX","0.143405398537656"
"SRPX2","0.142884613850071"
"SRR","0.143948652000922"
"SRRD","0.143405398537656"
"SRRM1","0.14256706657267"
"SRRM2","0.143787714111649"
"SRRM2-AS1","0.142610773382772"
"SRRM3","0.143863868994782"
"SRRM4","0.14688525708298"
"SRRM5","0.144798703933136"
"SRRT","0.143929135266368"
"SRSF1","0.142704809783245"
"SRSF10","0.144766364921107"
"SRSF11","0.143929135266368"
"SRSF12","0.144768868221312"
"SRSF2","0.143630537147361"
"SRSF3","0.142202291592678"
"SRSF4","0.142113258203607"
"SRSF5","0.142610773382772"
"SRSF6","0.1422992134468"
"SRSF7","0.145701372962942"
"SRSF8","0.142960066001193"
"SRSF9","0.141787514041851"
"SRXN1","0.143948652000922"
"SRY","0.14472413392239"
"SS18","0.14701194061444"
"SS18L1","0.142610773382772"
"SS18L2","0.145060598424522"
"SSB","0.147870133876132"
"SSBP1","0.145060598424522"
"SSBP2","0.144634626786919"
"SSBP3","0.146217598665922"
"SSBP3-AS1","0.144309069726238"
"SSBP4","0.144198551214156"
"SSC4D","0.145351562413298"
"SSC5D","0.14256706657267"
"SSFA2","0.145159653558852"
"SSH1","0.145429894655412"
"SSH2","0.145909345654152"
"SSH3","0.143863868994782"
"SSMEM1","0.144481815172941"
"SSNA1","0.143787714111649"
"SSPN","0.144169113748615"
"SSPO","0.146332182796753"
"SSR1","0.145060598424522"
"SSR2","0.146417899411523"
"SSR3","0.142610773382772"
"SSR4","0.145016090478699"
"SSRP1","0.145351562413298"
"SSSCA1","0.145429894655412"
"SST","0.14701194061444"
"SSTR1","0.14688525708298"
"SSTR2","0.144766364921107"
"SSTR3","0.142432184890712"
"SSTR5","0.146815293564338"
"SSU72","0.145060598424522"
"SSUH2","0.14410252974992"
"SSX1","0.146332182796753"
"SSX2IP","0.14310872932022"
"SSX5","0.144103210580809"
"ST13","0.145060598424522"
"ST14","0.147095988643754"
"ST18","0.145567116779518"
"ST20","0.142704809783245"
"ST20-AS1","0.144353095667651"
"ST20-MTHFS","0.144198551214156"
"ST3GAL1","0.144184639025898"
"ST3GAL2","0.144525964711191"
"ST3GAL3","0.143929135266368"
"ST3GAL4","0.143948652000922"
"ST3GAL4-AS1","0.144766364921107"
"ST3GAL5","0.145060598424522"
"ST3GAL5-AS1","0.144103210580809"
"ST3GAL6","0.145909345654152"
"ST3GAL6-AS1","0.143630537147361"
"ST5","0.144184639025898"
"ST6GAL1","0.145195481447222"
"ST6GAL2","0.147268747642097"
"ST6GALNAC1","0.142704809783245"
"ST6GALNAC2","0.142202291592678"
"ST6GALNAC3","0.143630537147361"
"ST6GALNAC4","0.142170128857214"
"ST6GALNAC5","0.146632653022279"
"ST6GALNAC6","0.143405398537656"
"ST7","0.145909345654152"
"ST7-AS1","0.143405398537656"
"ST7-AS2","0.144906545018701"
"ST7L","0.144906545018701"
"ST8SIA1","0.144103210580809"
"ST8SIA2","0.145060598424522"
"ST8SIA4","0.144525964711191"
"ST8SIA5","0.146033149983265"
"ST8SIA6","0.144766364921107"
"ST8SIA6-AS1","0.143863868994782"
"STAB1","0.143630537147361"
"STAB2","0.145567116779518"
"STAC","0.145016090478699"
"STAC2","0.144766364921107"
"STAC3","0.144198551214156"
"STAG1","0.145159653558852"
"STAG2","0.146632653022279"
"STAG3","0.145351562413298"
"STAM","0.146083044113099"
"STAM-AS1","0.146332182796753"
"STAM2","0.146632653022279"
"STAMBP","0.144103210580809"
"STAMBPL1","0.145195481447222"
"STAP1","0.144198551214156"
"STAP2","0.144198551214156"
"STAR","0.145195481447222"
"STARD10","0.145567116779518"
"STARD13","0.146217598665922"
"STARD3","0.144184639025898"
"STARD3NL","0.145060598424522"
"STARD4","0.144481815172941"
"STARD4-AS1","0.146083044113099"
"STARD5","0.145567116779518"
"STARD6","0.144169113748615"
"STARD7","0.144353095667651"
"STARD8","0.144525964711191"
"STARD9","0.144640637093727"
"STAT1","0.145195481447222"
"STAT2","0.143948652000922"
"STAT3","0.142704809783245"
"STAT4","0.142833579002774"
"STAT5A","0.145567116779518"
"STAT5B","0.143630537147361"
"STAT6","0.144640637093727"
"STATH","0.144481815172941"
"STAU1","0.145159653558852"
"STAU2","0.142960066001193"
"STAU2-AS1","0.145159653558852"
"STBD1","0.144798703933136"
"STC1","0.147095988643754"
"STC2","0.144198551214156"
"STEAP1","0.143929135266368"
"STEAP1B","0.1422992134468"
"STEAP2","0.145016090478699"
"STEAP3","0.144798703933136"
"STEAP3-AS1","0.144198551214156"
"STEAP4","0.144640637093727"
"STH","0.145159653558852"
"STIL","0.14256706657267"
"STIM1","0.144353095667651"
"STIM2","0.144525964711191"
"STIP1","0.144353095667651"
"STK10","0.144169113748615"
"STK11","0.144481815172941"
"STK11IP","0.143787714111649"
"STK16","0.144640637093727"
"STK17A","0.14310872932022"
"STK17B","0.146510995261909"
"STK19","0.143787714111649"
"STK24","0.145429894655412"
"STK24-AS1","0.144103210580809"
"STK25","0.145159653558852"
"STK26","0.142850691939087"
"STK3","0.141787514041851"
"STK31","0.145701372962942"
"STK32A","0.142884613850071"
"STK32B","0.143931177759036"
"STK32C","0.144481815172941"
"STK33","0.144525964711191"
"STK35","0.144798703933136"
"STK36","0.147389812705427"
"STK38","0.142170128857214"
"STK38L","0.143787714111649"
"STK39","0.145060598424522"
"STK4","0.145973992446216"
"STK4-AS1","0.143863868994782"
"STK40","0.143630537147361"
"STKLD1","0.144198551214156"
"STMN1","0.14256706657267"
"STMN2","0.145351562413298"
"STMN3","0.144481815172941"
"STMN4","0.146083044113099"
"STMND1","0.147134377596463"
"STOM","0.14252745404614"
"STOML1","0.144525964711191"
"STOML2","0.143630537147361"
"STOML3","0.144640637093727"
"STON1","0.144353095667651"
"STON1-GTF2A1L","0.143405398537656"
"STON2","0.145909345654152"
"STOX1","0.146083044113099"
"STOX2","0.142704809783245"
"STPG1","0.146033149983265"
"STPG2","0.143929135266368"
"STPG2-AS1","0.144481815172941"
"STRA13","0.144766364921107"
"STRA6","0.144103210580809"
"STRA8","0.144525964711191"
"STRADA","0.146217598665922"
"STRADB","0.14160801448027"
"STRAP","0.1422992134468"
"STRBP","0.145701372962942"
"STRC","0.142704809783245"
"STRIP1","0.14515302608535"
"STRIP2","0.143929135266368"
"STRN","0.142704809783245"
"STRN3","0.145429894655412"
"STRN4","0.143863868994782"
"STS","0.145195481447222"
"STT3A","0.145351562413298"
"STT3A-AS1","0.143929135266368"
"STT3B","0.144798703933136"
"STUB1","0.142153704380751"
"STX10","0.147095988643754"
"STX11","0.143929135266368"
"STX12","0.144353095667651"
"STX16","0.144103210580809"
"STX16-NPEPL1","0.145351562413298"
"STX17","0.147362141291545"
"STX17-AS1","0.143630537147361"
"STX18","0.145195481447222"
"STX18-AS1","0.145159653558852"
"STX19","0.143032395065119"
"STX1A","0.143630537147361"
"STX1B","0.144525964711191"
"STX2","0.145351562413298"
"STX3","0.146332182796753"
"STX4","0.144766364921107"
"STX5","0.144184639025898"
"STX6","0.144525964711191"
"STX7","0.144198551214156"
"STX8","0.145016090478699"
"STXBP1","0.144184639025898"
"STXBP2","0.146033149983265"
"STXBP3","0.145159653558852"
"STXBP4","0.143405398537656"
"STXBP5","0.143405398537656"
"STXBP5-AS1","0.14310872932022"
"STXBP5L","0.144103210580809"
"STXBP6","0.145159653558852"
"STYK1","0.144184639025898"
"STYX","0.144766364921107"
"STYXL1","0.144766364921107"
"SUB1","0.144103210580809"
"SUCLA2","0.144353095667651"
"SUCLA2-AS1","0.143863868994782"
"SUCLG1","0.146632653022279"
"SUCLG2","0.144906545018701"
"SUCLG2-AS1","0.143787714111649"
"SUCNR1","0.145429894655412"
"SUCO","0.145701372962942"
"SUDS3","0.14701194061444"
"SUFU","0.145159653558852"
"SUGCT","0.14310872932022"
"SUGP1","0.146033149983265"
"SUGP2","0.144169113748615"
"SUGT1","0.146417899411523"
"SULF1","0.145159653558852"
"SULF2","0.144640637093727"
"SULT1A1","0.147265405078643"
"SULT1A2","0.147362141291545"
"SULT1A3","0.143948652000922"
"SULT1A4","0.145016090478699"
"SULT1B1","0.146033149983265"
"SULT1C2","0.144353095667651"
"SULT1C4","0.143032395065119"
"SULT1E1","0.144525964711191"
"SULT2A1","0.143929135266368"
"SULT2B1","0.147389812705427"
"SULT4A1","0.146083044113099"
"SULT6B1","0.145701372962942"
"SUMF1","0.144198551214156"
"SUMF2","0.143929135266368"
"SUMO1","0.144169113748615"
"SUMO2","0.143405398537656"
"SUMO3","0.142704809783245"
"SUMO4","0.144481815172941"
"SUN1","0.145016090478699"
"SUN2","0.146083044113099"
"SUN3","0.145195481447222"
"SUN5","0.143630537147361"
"SUOX","0.145567116779518"
"SUPT16H","0.144640637093727"
"SUPT20H","0.14688525708298"
"SUPT3H","0.143630537147361"
"SUPT4H1","0.144766364921107"
"SUPT5H","0.144906545018701"
"SUPT6H","0.145195481447222"
"SUPT7L","0.143538311222329"
"SUPV3L1","0.144766364921107"
"SURF1","0.146510995261909"
"SURF2","0.144184639025898"
"SURF4","0.144103210580809"
"SURF6","0.143929135266368"
"SUSD1","0.146510995261909"
"SUSD2","0.14256706657267"
"SUSD3","0.147178522246451"
"SUSD4","0.144198551214156"
"SUSD5","0.144481815172941"
"SUSD6","0.142884613850071"
"SUV39H1","0.142884613850071"
"SUV39H2","0.143948652000922"
"SUZ12","0.143405398537656"
"SV2A","0.144481815172941"
"SV2B","0.146083044113099"
"SV2C","0.144353095667651"
"SVBP","0.144353095667651"
"SVEP1","0.145159653558852"
"SVIL","0.145195481447222"
"SVIL-AS1","0.145016090478699"
"SVIP","0.144766364921107"
"SVOP","0.145351562413298"
"SVOPL","0.146083044113099"
"SWAP70","0.144353095667651"
"SWI5","0.145909345654152"
"SWSAP1","0.142884613850071"
"SWT1","0.145060598424522"
"SYAP1","0.144198551214156"
"SYBU","0.144906545018701"
"SYCE1","0.144906545018701"
"SYCE1L","0.147362141291545"
"SYCE2","0.145159653558852"
"SYCE3","0.145429894655412"
"SYCN","0.143948652000922"
"SYCP1","0.146417899411523"
"SYCP2","0.147095988643754"
"SYCP2L","0.143863868994782"
"SYCP3","0.14205363529725"
"SYDE1","0.143948652000922"
"SYDE2","0.144906545018701"
"SYF2","0.144198551214156"
"SYK","0.144798703933136"
"SYMPK","0.145195481447222"
"SYN1","0.145567116779518"
"SYN2","0.146632653022279"
"SYN3","0.143405398537656"
"SYNC","0.145429894655412"
"SYNCRIP","0.143929135266368"
"SYNDIG1","0.143032395065119"
"SYNDIG1L","0.143032395065119"
"SYNE1","0.144169113748615"
"SYNE1-AS1","0.144184639025898"
"SYNE2","0.143948652000922"
"SYNE3","0.143929135266368"
"SYNE4","0.14688525708298"
"SYNGAP1","0.144169113748615"
"SYNGR1","0.144640637093727"
"SYNGR2","0.143630537147361"
"SYNGR3","0.145378425296509"
"SYNGR4","0.146083044113099"
"SYNJ1","0.145060598424522"
"SYNJ2","0.142833579002774"
"SYNJ2BP","0.143630537147361"
"SYNJ2BP-COX16","0.142704809783245"
"SYNM","0.144798703933136"
"SYNPO","0.142547706825967"
"SYNPO2","0.144169113748615"
"SYNPO2L","0.145195481447222"
"SYNPR","0.143948652000922"
"SYNPR-AS1","0.144766364921107"
"SYNRG","0.144184639025898"
"SYP","0.144640637093727"
"SYP-AS1","0.145195481447222"
"SYPL1","0.145016090478699"
"SYPL2","0.144198551214156"
"SYS1","0.142704809783245"
"SYS1-DBNDD2","0.145909345654152"
"SYT1","0.144103210580809"
"SYT10","0.144353095667651"
"SYT11","0.146815293564338"
"SYT12","0.143929135266368"
"SYT13","0.145378425296509"
"SYT14","0.143787714111649"
"SYT15","0.146815293564338"
"SYT16","0.143863868994782"
"SYT17","0.142833579002774"
"SYT2","0.14391526275444"
"SYT3","0.145159653558852"
"SYT4","0.145909345654152"
"SYT5","0.145016090478699"
"SYT6","0.144198551214156"
"SYT7","0.143630537147361"
"SYT8","0.143385407095317"
"SYT9","0.144103210580809"
"SYTL1","0.14391526275444"
"SYTL2","0.144184639025898"
"SYTL3","0.144766364921107"
"SYTL4","0.146083044113099"
"SYTL5","0.145060598424522"
"SYVN1","0.145159653558852"
"SZRD1","0.144766364921107"
"SZT2","0.143787714111649"
"SZT2-AS1","0.144198551214156"
"T","0.146033149983265"
"TAAR2","0.144198551214156"
"TAB1","0.146417899411523"
"TAB2","0.145016090478699"
"TAB3","0.144103210580809"
"TAB3-AS1","0.143948652000922"
"TAB3-AS2","0.144169113748615"
"TAC1","0.146815293564338"
"TAC3","0.144198551214156"
"TAC4","0.142170128857214"
"TACC1","0.145378425296509"
"TACC2","0.143630537147361"
"TACC3","0.144906545018701"
"TACO1","0.143405398537656"
"TACR1","0.143941985337612"
"TACR2","0.144481815172941"
"TACR3","0.142547706825967"
"TACSTD2","0.144481815172941"
"TADA1","0.144640637093727"
"TADA2A","0.142704809783245"
"TADA2B","0.144481815172941"
"TADA3","0.144198551214156"
"TAF1","0.142511035696745"
"TAF10","0.144525964711191"
"TAF11","0.142113258203607"
"TAF12","0.144169113748615"
"TAF13","0.145567116779518"
"TAF15","0.144103210580809"
"TAF1A","0.142884613850071"
"TAF1A-AS1","0.144198551214156"
"TAF1B","0.145909345654152"
"TAF1C","0.144525964711191"
"TAF1D","0.142960066001193"
"TAF1L","0.146417899411523"
"TAF2","0.144766364921107"
"TAF3","0.146033149983265"
"TAF4","0.144353095667651"
"TAF4B","0.144353095667651"
"TAF5","0.144525964711191"
"TAF5L","0.147178522246451"
"TAF6","0.142610773382772"
"TAF6L","0.144184639025898"
"TAF7","0.143405398537656"
"TAF7L","0.143863868994782"
"TAF8","0.143787714111649"
"TAF9","0.144906545018701"
"TAF9B","0.145060598424522"
"TAGAP","0.145159653558852"
"TAGLN","0.145159653558852"
"TAGLN2","0.146697971437081"
"TAGLN3","0.145016090478699"
"TAL1","0.14391526275444"
"TAL2","0.144640637093727"
"TALDO1","0.145909345654152"
"TAMM41","0.14310872932022"
"TANC1","0.144798703933136"
"TANC2","0.143863868994782"
"TANGO2","0.146083044113099"
"TANGO6","0.144906545018701"
"TANK","0.146083044113099"
"TAOK1","0.144766364921107"
"TAOK2","0.143941985337612"
"TAOK3","0.14256706657267"
"TAP1","0.144766364921107"
"TAP2","0.145378425296509"
"TAPBP","0.143863868994782"
"TAPBPL","0.144481815172941"
"TAPT1","0.146217598665922"
"TAPT1-AS1","0.144353095667651"
"TARBP1","0.144169113748615"
"TARBP2","0.144525964711191"
"TARDBP","0.143630537147361"
"TARID","0.14391526275444"
"TARM1","0.142113258203607"
"TARS","0.144525964711191"
"TARS2","0.145378425296509"
"TARSL2","0.146632653022279"
"TAS1R1","0.144198551214156"
"TAS1R3","0.146510995261909"
"TAS2R1","0.145701372962942"
"TAS2R10","0.145016090478699"
"TAS2R13","0.143405398537656"
"TAS2R14","0.142833579002774"
"TAS2R19","0.143948652000922"
"TAS2R20","0.14310872932022"
"TAS2R3","0.144184639025898"
"TAS2R30","0.14310872932022"
"TAS2R31","0.146033149983265"
"TAS2R38","0.147389812705427"
"TAS2R4","0.144798703933136"
"TAS2R41","0.142960066001193"
"TAS2R43","0.146217598665922"
"TAS2R46","0.144481815172941"
"TAS2R5","0.142610773382772"
"TAS2R50","0.145195481447222"
"TAS2R60","0.143941985337612"
"TAS2R8","0.143787714111649"
"TAS2R9","0.145195481447222"
"TASP1","0.144906545018701"
"TAT","0.144798703933136"
"TAT-AS1","0.14391526275444"
"TATDN1","0.145909345654152"
"TATDN2","0.143787714111649"
"TATDN3","0.144766364921107"
"TAX1BP1","0.146632653022279"
"TAX1BP3","0.144525964711191"
"TAZ","0.146083044113099"
"TBATA","0.14391526275444"
"TBC1D1","0.144798703933136"
"TBC1D10A","0.145567116779518"
"TBC1D10B","0.144798703933136"
"TBC1D10C","0.146217598665922"
"TBC1D12","0.143826244749428"
"TBC1D13","0.144906545018701"
"TBC1D14","0.144640637093727"
"TBC1D15","0.146217598665922"
"TBC1D16","0.145909345654152"
"TBC1D17","0.145567116779518"
"TBC1D19","0.142365499486208"
"TBC1D2","0.14518775218306"
"TBC1D20","0.144103210580809"
"TBC1D22A","0.149190015181866"
"TBC1D22B","0.142704809783245"
"TBC1D23","0.144184639025898"
"TBC1D24","0.143405398537656"
"TBC1D25","0.14518775218306"
"TBC1D26","0.144103210580809"
"TBC1D29","0.147095988643754"
"TBC1D2B","0.145195481447222"
"TBC1D30","0.145378425296509"
"TBC1D31","0.143863868994782"
"TBC1D32","0.144798703933136"
"TBC1D3B","0.144766364921107"
"TBC1D3C","0.145909345654152"
"TBC1D3D","0.145195481447222"
"TBC1D3I","0.145378425296509"
"TBC1D3L","0.14391526275444"
"TBC1D3P1-DHX40P1","0.14391526275444"
"TBC1D4","0.144169113748615"
"TBC1D5","0.146217598665922"
"TBC1D7","0.144481815172941"
"TBC1D8","0.144766364921107"
"TBC1D8B","0.144198551214156"
"TBC1D9","0.144906545018701"
"TBC1D9B","0.144353095667651"
"TBCA","0.147161941269508"
"TBCB","0.145151521770648"
"TBCC","0.142511035696745"
"TBCCD1","0.144184639025898"
"TBCD","0.143948652000922"
"TBCE","0.145909345654152"
"TBCEL","0.144634626786919"
"TBCK","0.144198551214156"
"TBK1","0.144766364921107"
"TBKBP1","0.145378425296509"
"TBL1X","0.142704809783245"
"TBL1XR1","0.142511035696745"
"TBL1XR1-AS1","0.146815293564338"
"TBL1Y","0.147362141291545"
"TBL2","0.148226368359643"
"TBL3","0.143863868994782"
"TBP","0.144798703933136"
"TBPL1","0.147161941269508"
"TBPL2","0.146815293564338"
"TBR1","0.145151521770648"
"TBRG1","0.142833579002774"
"TBRG4","0.14256706657267"
"TBX1","0.146217598665922"
"TBX10","0.145195481447222"
"TBX15","0.14518775218306"
"TBX18","0.146332182796753"
"TBX19","0.144798703933136"
"TBX2","0.146217598665922"
"TBX2-AS1","0.14518775218306"
"TBX20","0.145701372962942"
"TBX21","0.142884613850071"
"TBX22","0.144640637093727"
"TBX3","0.146632653022279"
"TBX4","0.144640637093727"
"TBX5","0.147937330419118"
"TBX5-AS1","0.144198551214156"
"TBX6","0.144481815172941"
"TBXA2R","0.14701194061444"
"TBXAS1","0.145151521770648"
"TC2N","0.144525964711191"
"TCAF1","0.144525964711191"
"TCAF2","0.146033149983265"
"TCAIM","0.14391526275444"
"TCAP","0.144481815172941"
"TCEA1","0.144640637093727"
"TCEA2","0.146033149983265"
"TCEA3","0.148120409208148"
"TCEAL1","0.146417899411523"
"TCEAL2","0.145701372962942"
"TCEAL3","0.144353095667651"
"TCEAL3-AS1","0.145701372962942"
"TCEAL4","0.146417899411523"
"TCEAL5","0.147362141291545"
"TCEAL6","0.144169113748615"
"TCEAL7","0.144525964711191"
"TCEAL8","0.14391526275444"
"TCEANC","0.145151521770648"
"TCEANC2","0.146217598665922"
"TCEB1","0.144198551214156"
"TCEB2","0.145016090478699"
"TCEB3","0.146632653022279"
"TCEB3-AS1","0.143385407095317"
"TCEB3B","0.145060598424522"
"TCERG1","0.142833579002774"
"TCERG1L","0.145909345654152"
"TCERG1L-AS1","0.145195481447222"
"TCF12","0.145909345654152"
"TCF15","0.146033149983265"
"TCF19","0.145016090478699"
"TCF20","0.142833579002774"
"TCF21","0.145701372962942"
"TCF23","0.145195481447222"
"TCF24","0.145909345654152"
"TCF25","0.144353095667651"
"TCF3","0.144184639025898"
"TCF4","0.145909345654152"
"TCF4-AS1","0.146033149983265"
"TCF4-AS2","0.145195481447222"
"TCF7","0.144766364921107"
"TCF7L1","0.145909345654152"
"TCF7L2","0.146033149983265"
"TCFL5","0.144103210580809"
"TCHH","0.146033149983265"
"TCHHL1","0.146332182796753"
"TCHP","0.144906545018701"
"TCIRG1","0.144640637093727"
"TCL1A","0.144798703933136"
"TCL1B","0.143948652000922"
"TCN1","0.144640637093727"
"TCN2","0.145567116779518"
"TCOF1","0.145701372962942"
"TCP1","0.145909345654152"
"TCP10","0.146510995261909"
"TCP10L","0.14391526275444"
"TCP10L2","0.14688525708298"
"TCP11","0.145701372962942"
"TCP11L1","0.144798703933136"
"TCP11L2","0.146332182796753"
"TCP11X2","0.146217598665922"
"TCTA","0.146083044113099"
"TCTE1","0.144640637093727"
"TCTE3","0.142884613850071"
"TCTEX1D1","0.144766364921107"
"TCTEX1D2","0.147268747642097"
"TCTEX1D4","0.144980421594644"
"TCTN1","0.144481815172941"
"TCTN2","0.144184639025898"
"TCTN3","0.145195481447222"
"TDG","0.144980421594644"
"TDGF1","0.146217598665922"
"TDO2","0.144798703933136"
"TDP1","0.146632653022279"
"TDP2","0.147161941269508"
"TDRD1","0.145378425296509"
"TDRD10","0.146632653022279"
"TDRD12","0.146083044113099"
"TDRD15","0.14701822933275"
"TDRD3","0.143630537147361"
"TDRD5","0.143385407095317"
"TDRD6","0.145378425296509"
"TDRD7","0.146632653022279"
"TDRD9","0.145909345654152"
"TDRG1","0.146815293564338"
"TDRKH","0.145567116779518"
"TDRP","0.144184639025898"
"TEAD1","0.143630537147361"
"TEAD2","0.144798703933136"
"TEAD3","0.145701372962942"
"TEAD4","0.144198551214156"
"TEC","0.145567116779518"
"TECPR1","0.147362141291545"
"TECPR2","0.142432184890712"
"TECR","0.146904123237911"
"TECRL","0.144766364921107"
"TECTA","0.146815293564338"
"TECTB","0.145567116779518"
"TEDDM1","0.145060598424522"
"TEF","0.146417899411523"
"TEFM","0.145701372962942"
"TEK","0.145378425296509"
"TEKT1","0.14391526275444"
"TEKT2","0.145878845574089"
"TEKT3","0.145658617019708"
"TEKT4","0.144184639025898"
"TEKT5","0.145567116779518"
"TELO2","0.145567116779518"
"TEN1","0.146332182796753"
"TEN1-CDK3","0.146510995261909"
"TENM1","0.144798703933136"
"TENM2","0.144184639025898"
"TENM3","0.143743409883425"
"TENM4","0.143787714111649"
"TEP1","0.144980421594644"
"TEPP","0.145909345654152"
"TERC","0.144980421594644"
"TERF1","0.144103210580809"
"TERF2","0.145195481447222"
"TERF2IP","0.14419499952004"
"TERT","0.145151521770648"
"TES","0.145195481447222"
"TESC","0.146217598665922"
"TESC-AS1","0.144980421594644"
"TESK1","0.144798703933136"
"TESK2","0.144169113748615"
"TESPA1","0.144766364921107"
"TET1","0.145151521770648"
"TET2","0.14419499952004"
"TET2-AS1","0.144103210580809"
"TET3","0.145909345654152"
"TEX10","0.142547706825967"
"TEX101","0.144766364921107"
"TEX11","0.144525964711191"
"TEX12","0.146815293564338"
"TEX13C","0.145701372962942"
"TEX13D","0.146417899411523"
"TEX14","0.143630537147361"
"TEX15","0.145909345654152"
"TEX19","0.144481815172941"
"TEX2","0.146417899411523"
"TEX22","0.143787714111649"
"TEX26","0.146510995261909"
"TEX26-AS1","0.14518775218306"
"TEX261","0.144766364921107"
"TEX264","0.146332182796753"
"TEX28","0.145567116779518"
"TEX29","0.145151521770648"
"TEX30","0.145701372962942"
"TEX33","0.142833579002774"
"TEX35","0.146083044113099"
"TEX36","0.146510995261909"
"TEX37","0.146510995261909"
"TEX38","0.146083044113099"
"TEX40","0.144634626786919"
"TEX41","0.144640637093727"
"TEX43","0.144798703933136"
"TEX9","0.145909345654152"
"TF","0.146033149983265"
"TFAM","0.144097905579277"
"TFAP2A","0.146815293564338"
"TFAP2A-AS1","0.143787714111649"
"TFAP2B","0.148780092148003"
"TFAP2C","0.145151521770648"
"TFAP2D","0.146510995261909"
"TFAP2E","0.145376752407144"
"TFAP4","0.146083044113099"
"TFB1M","0.145701372962942"
"TFB2M","0.146332182796753"
"TFCP2","0.145151521770648"
"TFCP2L1","0.147119700083669"
"TFDP1","0.146332182796753"
"TFDP2","0.144169113748615"
"TFDP3","0.145060598424522"
"TFE3","0.147178522246451"
"TFEB","0.144169113748615"
"TFEC","0.145151521770648"
"TFF1","0.144980421594644"
"TFF2","0.146083044113099"
"TFF3","0.14391526275444"
"TFG","0.144353095667651"
"TFIP11","0.144353095667651"
"TFPI","0.143863868994782"
"TFPI2","0.14518775218306"
"TFPT","0.147268747642097"
"TFR2","0.144481815172941"
"TFRC","0.144980421594644"
"TG","0.145567116779518"
"TGDS","0.144169113748615"
"TGFA","0.145909345654152"
"TGFB1","0.146217598665922"
"TGFB1I1","0.145376752407144"
"TGFB2","0.144980421594644"
"TGFB2-AS1","0.14160801448027"
"TGFB3","0.145376752407144"
"TGFBI","0.145701372962942"
"TGFBR1","0.146083044113099"
"TGFBR2","0.145376752407144"
"TGFBR3","0.146815293564338"
"TGFBR3L","0.144766364921107"
"TGFBRAP1","0.144766364921107"
"TGIF1","0.142610773382772"
"TGIF2","0.144766364921107"
"TGIF2-C20orf24","0.143941985337612"
"TGIF2LX","0.144169113748615"
"TGM1","0.147178522246451"
"TGM2","0.145151521770648"
"TGM3","0.144798703933136"
"TGM4","0.146217598665922"
"TGM5","0.144640637093727"
"TGM7","0.146033149983265"
"TGOLN2","0.143032395065119"
"TGS1","0.145505020236846"
"TH","0.144481815172941"
"TH2LCRR","0.146083044113099"
"THADA","0.14701822933275"
"THAP1","0.145701372962942"
"THAP10","0.143630537147361"
"THAP11","0.143941985337612"
"THAP2","0.146510995261909"
"THAP3","0.144481815172941"
"THAP4","0.14518775218306"
"THAP5","0.141102692373198"
"THAP6","0.146904123237911"
"THAP7","0.146083044113099"
"THAP7-AS1","0.144640637093727"
"THAP8","0.146083044113099"
"THAP9","0.144481815172941"
"THAP9-AS1","0.147178522246451"
"THBD","0.146904123237911"
"THBS1","0.14701822933275"
"THBS2","0.143385407095317"
"THBS3","0.14419499952004"
"THBS4","0.142833579002774"
"THCAT158","0.145701372962942"
"THEG","0.145909345654152"
"THEGL","0.143863868994782"
"THEM4","0.144525964711191"
"THEM5","0.146033149983265"
"THEM6","0.145060598424522"
"THEMIS","0.148709023804767"
"THEMIS2","0.143941985337612"
"THG1L","0.148656731032931"
"THNSL1","0.142511035696745"
"THNSL2","0.14701822933275"
"THOC1","0.147870133876132"
"THOC2","0.144640637093727"
"THOC3","0.144353095667651"
"THOC5","0.146332182796753"
"THOC6","0.142610773382772"
"THOC7","0.144640637093727"
"THOC7-AS1","0.14419499952004"
"THOP1","0.148409869269443"
"THPO","0.14701822933275"
"THRA","0.146083044113099"
"THRA1/BTR","0.146217598665922"
"THRAP3","0.14256706657267"
"THRB","0.146083044113099"
"THRIL","0.147161941269508"
"THRSP","0.145060598424522"
"THSD1","0.144353095667651"
"THSD4","0.146904123237911"
"THSD4-AS1","0.14256706657267"
"THSD7A","0.144525964711191"
"THSD7B","0.143863868994782"
"THTPA","0.146033149983265"
"THUMPD1","0.147647770810839"
"THUMPD2","0.144353095667651"
"THUMPD3","0.142610773382772"
"THUMPD3-AS1","0.144353095667651"
"THY1","0.144798703933136"
"THYN1","0.142191777909689"
"TIA1","0.143941985337612"
"TIAF1","0.143863868994782"
"TIAL1","0.143385407095317"
"TIAM1","0.143929135266368"
"TIAM2","0.146632653022279"
"TICAM1","0.144766364921107"
"TICAM2","0.14391526275444"
"TICRR","0.143941985337612"
"TIE1","0.144980421594644"
"TIFA","0.14518775218306"
"TIFAB","0.146332182796753"
"TIGAR","0.145909345654152"
"TIGD1","0.146417899411523"
"TIGD2","0.142704809783245"
"TIGD3","0.146033149983265"
"TIGD4","0.142610773382772"
"TIGD5","0.143385407095317"
"TIGD6","0.14518775218306"
"TIGD7","0.145376752407144"
"TIGIT","0.143863868994782"
"TIMD4","0.146083044113099"
"TIMELESS","0.144169113748615"
"TIMM10","0.142954361689088"
"TIMM10B","0.146033149983265"
"TIMM13","0.146217598665922"
"TIMM17A","0.14419499952004"
"TIMM17B","0.14518775218306"
"TIMM21","0.146815293564338"
"TIMM22","0.144798703933136"
"TIMM23","0.148406134537624"
"TIMM23B","0.144481815172941"
"TIMM44","0.145701372962942"
"TIMM50","0.146417899411523"
"TIMM8A","0.146033149983265"
"TIMM8B","0.144640637093727"
"TIMM9","0.143941985337612"
"TIMMDC1","0.145374041811076"
"TIMP1","0.147362141291545"
"TIMP2","0.145060598424522"
"TIMP3","0.146815293564338"
"TIMP4","0.146083044113099"
"TINAG","0.145909345654152"
"TINAGL1","0.142704809783245"
"TINCR","0.145060598424522"
"TINF2","0.147265405078643"
"TIPARP","0.145060598424522"
"TIPARP-AS1","0.144766364921107"
"TIPIN","0.147362141291545"
"TIPRL","0.144640637093727"
"TIRAP","0.145060598424522"
"TISP43","0.143941985337612"
"TJAP1","0.14419499952004"
"TJP1","0.147934307622029"
"TJP2","0.144766364921107"
"TJP3","0.145909345654152"
"TK1","0.143032395065119"
"TK2","0.144525964711191"
"TKFC","0.145909345654152"
"TKT","0.14410252974992"
"TKTL1","0.146510995261909"
"TKTL2","0.144525964711191"
"TLCD1","0.14391526275444"
"TLCD2","0.144640637093727"
"TLDC1","0.143863868994782"
"TLDC2","0.144525964711191"
"TLE1","0.144766364921107"
"TLE2","0.146332182796753"
"TLE3","0.142199336195941"
"TLE4","0.144798703933136"
"TLE6","0.145973992446216"
"TLK1","0.146632653022279"
"TLK2","0.144640637093727"
"TLL1","0.142884613850071"
"TLL2","0.144481815172941"
"TLN1","0.145151521770648"
"TLN2","0.143941985337612"
"TLR1","0.144640637093727"
"TLR10","0.144169113748615"
"TLR2","0.144169113748615"
"TLR3","0.145060598424522"
"TLR4","0.145909345654152"
"TLR5","0.144481815172941"
"TLR6","0.147362141291545"
"TLR7","0.144097905579277"
"TLR8","0.144640637093727"
"TLR8-AS1","0.145060598424522"
"TLR9","0.142704809783245"
"TLX1","0.14205363529725"
"TLX2","0.145060598424522"
"TLX3","0.143385407095317"
"TM2D1","0.145151521770648"
"TM2D2","0.14518775218306"
"TM2D3","0.143863868994782"
"TM4SF1","0.146632653022279"
"TM4SF1-AS1","0.145376752407144"
"TM4SF18","0.14410252974992"
"TM4SF19","0.145909345654152"
"TM4SF19-AS1","0.14410252974992"
"TM4SF19-TCTEX1D2","0.147265405078643"
"TM4SF20","0.142884613850071"
"TM4SF4","0.146033149983265"
"TM4SF5","0.144766364921107"
"TM6SF1","0.145701372962942"
"TM6SF2","0.144481815172941"
"TM7SF2","0.143630537147361"
"TM7SF3","0.142833579002774"
"TM9SF1","0.144798703933136"
"TM9SF2","0.144766364921107"
"TM9SF3","0.145151521770648"
"TM9SF4","0.144798703933136"
"TMA16","0.146083044113099"
"TMA7","0.146510995261909"
"TMBIM1","0.147362141291545"
"TMBIM4","0.143385407095317"
"TMBIM6","0.146510995261909"
"TMC1","0.143385407095317"
"TMC2","0.145376752407144"
"TMC3","0.143630537147361"
"TMC3-AS1","0.14391526275444"
"TMC4","0.145567116779518"
"TMC5","0.144353095667651"
"TMC6","0.144980421594644"
"TMC7","0.146510995261909"
"TMC8","0.145060598424522"
"TMCC1","0.146033149983265"
"TMCC1-AS1","0.142833579002774"
"TMCC2","0.141993200391412"
"TMCC3","0.145701372962942"
"TMCO1","0.146083044113099"
"TMCO2","0.144346090475488"
"TMCO3","0.143787714111649"
"TMCO4","0.144481815172941"
"TMCO5A","0.143630537147361"
"TMCO6","0.148052745085208"
"TMED1","0.146332182796753"
"TMED10","0.146815293564338"
"TMED2","0.144097905579277"
"TMED3","0.145060598424522"
"TMED4","0.145701372962942"
"TMED5","0.144346090475488"
"TMED6","0.145151521770648"
"TMED7","0.145151521770648"
"TMED7-TICAM2","0.144525964711191"
"TMED8","0.145376752407144"
"TMED9","0.146083044113099"
"TMEFF1","0.143032395065119"
"TMEFF2","0.144980421594644"
"TMEM100","0.145909345654152"
"TMEM101","0.144980421594644"
"TMEM102","0.144525964711191"
"TMEM104","0.145567116779518"
"TMEM105","0.143032395065119"
"TMEM106A","0.143787714111649"
"TMEM106B","0.143369047167233"
"TMEM106C","0.14518775218306"
"TMEM107","0.143630537147361"
"TMEM108","0.144798703933136"
"TMEM108-AS1","0.144798703933136"
"TMEM109","0.145567116779518"
"TMEM11","0.145909345654152"
"TMEM110","0.143941985337612"
"TMEM110-MUSTN1","0.146083044113099"
"TMEM114","0.144481815172941"
"TMEM115","0.142884613850071"
"TMEM116","0.145701372962942"
"TMEM117","0.14256706657267"
"TMEM119","0.146033149983265"
"TMEM120A","0.146217598665922"
"TMEM120B","0.146217598665922"
"TMEM121","0.14701822933275"
"TMEM123","0.146510995261909"
"TMEM125","0.143863868994782"
"TMEM126A","0.146523080233334"
"TMEM126B","0.142610773382772"
"TMEM127","0.143863868994782"
"TMEM128","0.14391526275444"
"TMEM129","0.14780132338987"
"TMEM130","0.14410252974992"
"TMEM131","0.146083044113099"
"TMEM132A","0.14419499952004"
"TMEM132B","0.14518775218306"
"TMEM132C","0.142365499486208"
"TMEM132D","0.143941985337612"
"TMEM132E","0.142610773382772"
"TMEM133","0.145567116779518"
"TMEM134","0.14419499952004"
"TMEM135","0.146632653022279"
"TMEM136","0.143787714111649"
"TMEM138","0.147265405078643"
"TMEM139","0.143385407095317"
"TMEM140","0.146904123237911"
"TMEM141","0.144640637093727"
"TMEM143","0.144169113748615"
"TMEM144","0.141472263826981"
"TMEM145","0.145151521770648"
"TMEM147","0.146474628521856"
"TMEM147-AS1","0.144169113748615"
"TMEM14A","0.143941985337612"
"TMEM14B","0.14410252974992"
"TMEM14C","0.142704809783245"
"TMEM14EP","0.145909345654152"
"TMEM150A","0.143863868994782"
"TMEM150B","0.143032395065119"
"TMEM150C","0.146083044113099"
"TMEM151A","0.144798703933136"
"TMEM151B","0.148120409208148"
"TMEM154","0.144980421594644"
"TMEM155","0.14391526275444"
"TMEM156","0.144980421594644"
"TMEM158","0.146332182796753"
"TMEM159","0.144169113748615"
"TMEM160","0.146083044113099"
"TMEM161A","0.143863868994782"
"TMEM161B","0.146417899411523"
"TMEM161B-AS1","0.146904123237911"
"TMEM163","0.14391526275444"
"TMEM164","0.144980421594644"
"TMEM165","0.14391526275444"
"TMEM167A","0.14419499952004"
"TMEM167B","0.144481815172941"
"TMEM168","0.14256706657267"
"TMEM169","0.14256706657267"
"TMEM17","0.14518775218306"
"TMEM170A","0.144730144229198"
"TMEM170B","0.146033149983265"
"TMEM171","0.143385407095317"
"TMEM173","0.14391526275444"
"TMEM174","0.142960066001193"
"TMEM175","0.144481815172941"
"TMEM176A","0.145701372962942"
"TMEM176B","0.144353095667651"
"TMEM177","0.146033149983265"
"TMEM178A","0.14518775218306"
"TMEM178B","0.143863868994782"
"TMEM179","0.144730144229198"
"TMEM179B","0.147647770810839"
"TMEM18","0.14518775218306"
"TMEM181","0.144798703933136"
"TMEM182","0.146332182796753"
"TMEM183A","0.146523080233334"
"TMEM184A","0.14518775218306"
"TMEM184B","0.144730144229198"
"TMEM184C","0.145909345654152"
"TMEM185A","0.145567116779518"
"TMEM185B","0.145144894297145"
"TMEM186","0.142884613850071"
"TMEM187","0.144798703933136"
"TMEM189","0.146332182796753"
"TMEM189-UBE2V1","0.144730144229198"
"TMEM19","0.146523080233334"
"TMEM190","0.145376752407144"
"TMEM191B","0.14419499952004"
"TMEM191C","0.14518775218306"
"TMEM192","0.146632653022279"
"TMEM196","0.144798703933136"
"TMEM198","0.144730144229198"
"TMEM199","0.144169113748615"
"TMEM2","0.145376752407144"
"TMEM200A","0.143630537147361"
"TMEM200B","0.14701822933275"
"TMEM200C","0.147119700083669"
"TMEM201","0.144353095667651"
"TMEM202","0.14518775218306"
"TMEM203","0.146815293564338"
"TMEM204","0.14419499952004"
"TMEM205","0.144525964711191"
"TMEM206","0.144730144229198"
"TMEM207","0.145701372962942"
"TMEM208","0.146083044113099"
"TMEM209","0.14419499952004"
"TMEM210","0.147265405078643"
"TMEM211","0.144481815172941"
"TMEM212","0.142884613850071"
"TMEM213","0.145376752407144"
"TMEM214","0.147362141291545"
"TMEM215","0.144798703933136"
"TMEM216","0.146033149983265"
"TMEM217","0.145909345654152"
"TMEM218","0.14410252974992"
"TMEM219","0.143032395065119"
"TMEM220","0.1422992134468"
"TMEM220-AS1","0.146332182796753"
"TMEM221","0.146217598665922"
"TMEM222","0.146632653022279"
"TMEM223","0.145701372962942"
"TMEM229A","0.14780132338987"
"TMEM229B","0.144980421594644"
"TMEM230","0.145909345654152"
"TMEM231","0.144525964711191"
"TMEM232","0.14518775218306"
"TMEM233","0.145505020236846"
"TMEM234","0.145909345654152"
"TMEM235","0.144353095667651"
"TMEM236","0.142960066001193"
"TMEM237","0.146904123237911"
"TMEM238","0.142960066001193"
"TMEM239","0.145144894297145"
"TMEM240","0.144730144229198"
"TMEM241","0.145144894297145"
"TMEM242","0.146815293564338"
"TMEM243","0.14701822933275"
"TMEM244","0.147389812705427"
"TMEM245","0.142113258203607"
"TMEM246","0.145567116779518"
"TMEM246-AS1","0.147258851792063"
"TMEM247","0.144525964711191"
"TMEM248","0.143032395065119"
"TMEM249","0.144525964711191"
"TMEM25","0.146217598665922"
"TMEM251","0.144169113748615"
"TMEM252","0.14518775218306"
"TMEM253","0.146217598665922"
"TMEM254","0.144980421594644"
"TMEM254-AS1","0.141859837256911"
"TMEM255A","0.143787714111649"
"TMEM255B","0.143929135266368"
"TMEM256","0.143630537147361"
"TMEM256-PLSCR3","0.147265405078643"
"TMEM257","0.146083044113099"
"TMEM258","0.14410252974992"
"TMEM259","0.14410252974992"
"TMEM26","0.14410252974992"
"TMEM26-AS1","0.144481815172941"
"TMEM260","0.142432184890712"
"TMEM261","0.146332182796753"
"TMEM262","0.143369047167233"
"TMEM263","0.144169113748615"
"TMEM266","0.143787714111649"
"TMEM27","0.143787714111649"
"TMEM30A","0.146815293564338"
"TMEM30B","0.144525964711191"
"TMEM30C","0.143630537147361"
"TMEM31","0.144980421594644"
"TMEM33","0.14410252974992"
"TMEM35","0.14780132338987"
"TMEM37","0.142833579002774"
"TMEM38A","0.146332182796753"
"TMEM38B","0.142833579002774"
"TMEM39A","0.145909345654152"
"TMEM39B","0.147362141291545"
"TMEM40","0.142704809783245"
"TMEM41A","0.144190129325104"
"TMEM41B","0.146217598665922"
"TMEM42","0.143630537147361"
"TMEM43","0.142960066001193"
"TMEM44","0.142960066001193"
"TMEM44-AS1","0.146417899411523"
"TMEM45A","0.143941985337612"
"TMEM45B","0.143941985337612"
"TMEM47","0.146815293564338"
"TMEM5","0.146033149983265"
"TMEM5-AS1","0.142884613850071"
"TMEM50A","0.144730144229198"
"TMEM50B","0.14518775218306"
"TMEM51","0.144980421594644"
"TMEM51-AS1","0.144481815172941"
"TMEM52","0.146854070895254"
"TMEM52B","0.146632653022279"
"TMEM53","0.14701822933275"
"TMEM54","0.144525964711191"
"TMEM55A","0.146854070895254"
"TMEM55B","0.14701822933275"
"TMEM56","0.145144894297145"
"TMEM56-RWDD3","0.143941985337612"
"TMEM57","0.143787714111649"
"TMEM59","0.14518775218306"
"TMEM59L","0.145701372962942"
"TMEM60","0.147119700083669"
"TMEM61","0.146217598665922"
"TMEM62","0.144190129325104"
"TMEM63A","0.146632653022279"
"TMEM63B","0.147447671883598"
"TMEM63C","0.14518775218306"
"TMEM64","0.147265405078643"
"TMEM65","0.143385407095317"
"TMEM67","0.144353095667651"
"TMEM68","0.144353095667651"
"TMEM69","0.144353095667651"
"TMEM70","0.145909345654152"
"TMEM71","0.14518775218306"
"TMEM72","0.14391526275444"
"TMEM72-AS1","0.146332182796753"
"TMEM74","0.145144894297145"
"TMEM74B","0.144980421594644"
"TMEM78","0.144798703933136"
"TMEM79","0.145376752407144"
"TMEM80","0.144481815172941"
"TMEM81","0.143630537147361"
"TMEM82","0.144980421594644"
"TMEM86A","0.147265405078643"
"TMEM86B","0.145909345654152"
"TMEM87A","0.147389812705427"
"TMEM87B","0.149854749038717"
"TMEM88","0.147119700083669"
"TMEM88B","0.144730144229198"
"TMEM89","0.145701372962942"
"TMEM8A","0.146033149983265"
"TMEM8B","0.145909345654152"
"TMEM8C","0.146033149983265"
"TMEM9","0.146523080233334"
"TMEM91","0.146854070895254"
"TMEM92","0.146033149983265"
"TMEM92-AS1","0.144732647529403"
"TMEM94","0.144798703933136"
"TMEM95","0.144190129325104"
"TMEM97","0.146217598665922"
"TMEM98","0.147647770810839"
"TMEM99","0.145909345654152"
"TMEM9B","0.146332182796753"
"TMEM9B-AS1","0.146474628521856"
"TMF1","0.148409869269443"
"TMIE","0.14701822933275"
"TMIGD1","0.146474628521856"
"TMIGD2","0.147265405078643"
"TMIGD3","0.147362141291545"
"TMLHE","0.144980421594644"
"TMLHE-AS1","0.145701372962942"
"TMOD1","0.146854070895254"
"TMOD2","0.146332182796753"
"TMOD3","0.144798703933136"
"TMOD4","0.144353095667651"
"TMPO","0.144980421594644"
"TMPO-AS1","0.144730144229198"
"TMPPE","0.147901151320302"
"TMPRSS11A","0.146632653022279"
"TMPRSS11B","0.147901151320302"
"TMPRSS11D","0.145567116779518"
"TMPRSS11E","0.14780132338987"
"TMPRSS11F","0.146523080233334"
"TMPRSS12","0.144730144229198"
"TMPRSS13","0.148120409208148"
"TMPRSS15","0.145701372962942"
"TMPRSS2","0.147447671883598"
"TMPRSS3","0.146854070895254"
"TMPRSS4","0.14701822933275"
"TMPRSS4-AS1","0.14391526275444"
"TMPRSS5","0.14701822933275"
"TMPRSS6","0.146854070895254"
"TMPRSS7","0.147265405078643"
"TMPRSS9","0.146417899411523"
"TMSB10","0.145843991399258"
"TMSB15A","0.144525964711191"
"TMSB15B","0.146854070895254"
"TMSB4X","0.148506036125004"
"TMSB4Y","0.146417899411523"
"TMTC1","0.146217598665922"
"TMTC2","0.144481815172941"
"TMTC3","0.146523080233334"
"TMTC4","0.145701372962942"
"TMUB1","0.145843991399258"
"TMUB2","0.147119700083669"
"TMX1","0.147265405078643"
"TMX2","0.147119700083669"
"TMX2-CTNND1","0.146217598665922"
"TMX3","0.146417899411523"
"TMX4","0.145843991399258"
"TNC","0.147119700083669"
"TNF","0.144798703933136"
"TNFAIP1","0.148771726057996"
"TNFAIP2","0.146854070895254"
"TNFAIP3","0.144190129325104"
"TNFAIP6","0.143630537147361"
"TNFAIP8","0.148226368359643"
"TNFAIP8L1","0.145567116779518"
"TNFAIP8L2","0.14410252974992"
"TNFAIP8L3","0.144798703933136"
"TNFRSF10A","0.144525964711191"
"TNFRSF10B","0.146217598665922"
"TNFRSF10C","0.146632653022279"
"TNFRSF10D","0.146523080233334"
"TNFRSF11A","0.147901151320302"
"TNFRSF11B","0.14410252974992"
"TNFRSF12A","0.147265405078643"
"TNFRSF13B","0.148052745085208"
"TNFRSF13C","0.145946718439569"
"TNFRSF14","0.148120409208148"
"TNFRSF17","0.148120409208148"
"TNFRSF18","0.146474628521856"
"TNFRSF19","0.146854070895254"
"TNFRSF1A","0.147161941269508"
"TNFRSF1B","0.147647770810839"
"TNFRSF21","0.14518775218306"
"TNFRSF25","0.146417899411523"
"TNFRSF4","0.14391526275444"
"TNFRSF8","0.145813491319195"
"TNFRSF9","0.144481815172941"
"TNFSF10","0.14701822933275"
"TNFSF11","0.146061495182411"
"TNFSF12","0.146523080233334"
"TNFSF13","0.147362141291545"
"TNFSF13B","0.145567116779518"
"TNFSF14","0.147119700083669"
"TNFSF15","0.148308154899935"
"TNFSF18","0.144730144229198"
"TNFSF4","0.147934307622029"
"TNFSF8","0.145567116779518"
"TNFSF9","0.14780132338987"
"TNIK","0.147447671883598"
"TNIP1","0.146523080233334"
"TNIP2","0.148409869269443"
"TNIP3","0.147901151320302"
"TNK1","0.146474628521856"
"TNK2","0.148120409208148"
"TNK2-AS1","0.147901151320302"
"TNKS","0.14861772308909"
"TNKS1BP1","0.147362141291545"
"TNKS2","0.14780132338987"
"TNKS2-AS1","0.145843991399258"
"TNMD","0.148226368359643"
"TNN","0.144730144229198"
"TNNC1","0.146332182796753"
"TNNC2","0.145376752407144"
"TNNI1","0.147447671883598"
"TNNI2","0.143787714111649"
"TNNI3","0.147389812705427"
"TNNI3K","0.145843991399258"
"TNNT1","0.148771726057996"
"TNNT2","0.1422992134468"
"TNNT3","0.144525964711191"
"TNPO1","0.146632653022279"
"TNPO2","0.147901151320302"
"TNPO3","0.146632653022279"
"TNR","0.146474628521856"
"TNRC18","0.144353095667651"
"TNRC6A","0.145376752407144"
"TNRC6B","0.147647770810839"
"TNRC6C","0.145376752407144"
"TNS1","0.145843991399258"
"TNS2","0.148409869269443"
"TNS3","0.147647770810839"
"TNS4","0.147389812705427"
"TNXB","0.147447671883598"
"TOB1","0.145843991399258"
"TOB2","0.147362141291545"
"TOE1","0.149269255769642"
"TOLLIP","0.147362141291545"
"TOLLIP-AS1","0.145567116779518"
"TOM1","0.147161941269508"
"TOM1L1","0.147389812705427"
"TOM1L2","0.143902419208513"
"TOMM20","0.148120409208148"
"TOMM20L","0.147647770810839"
"TOMM22","0.146523080233334"
"TOMM34","0.145701372962942"
"TOMM40","0.147362141291545"
"TOMM40L","0.148709023804767"
"TOMM5","0.147161941269508"
"TOMM7","0.148052745085208"
"TOMM70A","0.146217598665922"
"TONSL","0.146474628521856"
"TONSL-AS1","0.146632653022279"
"TOP1","0.146474628521856"
"TOP1MT","0.147389812705427"
"TOP2A","0.146854070895254"
"TOP2B","0.14701822933275"
"TOP3A","0.147265405078643"
"TOP3B","0.147934307622029"
"TOPAZ1","0.146854070895254"
"TOPBP1","0.147362141291545"
"TOPORS","0.14410252974992"
"TOPORS-AS1","0.145843991399258"
"TOR1A","0.145701372962942"
"TOR1AIP1","0.145701372962942"
"TOR1AIP2","0.146332182796753"
"TOR1B","0.144798703933136"
"TOR2A","0.145843991399258"
"TOR3A","0.147389812705427"
"TOR4A","0.146332182796753"
"TOX","0.146332182796753"
"TOX2","0.146523080233334"
"TOX3","0.143902419208513"
"TOX4","0.14894466477896"
"TP53","0.149269255769642"
"TP53AIP1","0.147389812705427"
"TP53BP1","0.15129398718062"
"TP53BP2","0.145701372962942"
"TP53I11","0.147119700083669"
"TP53I13","0.145946718439569"
"TP53I3","0.146632653022279"
"TP53INP1","0.148409869269443"
"TP53INP2","0.146474628521856"
"TP53RK","0.147901151320302"
"TP53TG1","0.148771726057996"
"TP53TG3","0.147265405078643"
"TP53TG3D","0.147161941269508"
"TP53TG5","0.145946718439569"
"TP63","0.149854749038717"
"TP73","0.143902419208513"
"TP73-AS1","0.147389812705427"
"TPBG","0.144481815172941"
"TPBGL","0.145376752407144"
"TPCN1","0.148120409208148"
"TPCN2","0.146632653022279"
"TPD52","0.147447671883598"
"TPD52L1","0.148409869269443"
"TPD52L2","0.144730144229198"
"TPD52L3","0.146523080233334"
"TPGS1","0.147265405078643"
"TPGS2","0.148226368359643"
"TPH1","0.149813631920417"
"TPH2","0.148927156148226"
"TPI1","0.148226368359643"
"TPK1","0.148506036125004"
"TPM1","0.150537750084667"
"TPM2","0.147362141291545"
"TPM3","0.147934307622029"
"TPM4","0.148988071245324"
"TPMT","0.148120409208148"
"TPO","0.147389812705427"
"TPP1","0.147362141291545"
"TPP2","0.146523080233334"
"TPPP","0.146061495182411"
"TPPP2","0.147447671883598"
"TPPP3","0.146217598665922"
"TPR","0.146417899411523"
"TPRA1","0.14861772308909"
"TPRG1","0.148308154899935"
"TPRG1-AS1","0.148927156148226"
"TPRG1-AS2","0.149269255769642"
"TPRG1L","0.146332182796753"
"TPRKB","0.148988071245324"
"TPRN","0.148771726057996"
"TPRXL","0.145843991399258"
"TPSAB1","0.147161941269508"
"TPSB2","0.14410252974992"
"TPSD1","0.147934307622029"
"TPSG1","0.148052745085208"
"TPST1","0.143630537147361"
"TPST2","0.147901151320302"
"TPT1","0.146632653022279"
"TPT1-AS1","0.146854070895254"
"TPTE","0.145567116779518"
"TPTE2","0.14861772308909"
"TPTEP1","0.148794148052463"
"TPX2","0.147647770810839"
"TRA2A","0.147901151320302"
"TRA2B","0.146854070895254"
"TRABD","0.14861772308909"
"TRABD2A","0.148771726057996"
"TRABD2B","0.146061495182411"
"TRAC","0.148506036125004"
"TRADD","0.146474628521856"
"TRAF1","0.146854070895254"
"TRAF2","0.149469252352528"
"TRAF3","0.147265405078643"
"TRAF3IP1","0.149082704796924"
"TRAF3IP2","0.148308154899935"
"TRAF3IP2-AS1","0.149269255769642"
"TRAF3IP3","0.149835737011514"
"TRAF4","0.147389812705427"
"TRAF5","0.14780132338987"
"TRAF6","0.14701822933275"
"TRAF7","0.149587255250794"
"TRAFD1","0.149196978086517"
"TRAIP","0.145843991399258"
"TRAK1","0.149813631920417"
"TRAK2","0.147389812705427"
"TRAM1","0.146474628521856"
"TRAM1L1","0.148409869269443"
"TRAM2","0.149196978086517"
"TRAM2-AS1","0.149307296463756"
"TRANK1","0.148082065550752"
"TRAP1","0.147389812705427"
"TRAPPC1","0.146523080233334"
"TRAPPC10","0.147161941269508"
"TRAPPC11","0.148409869269443"
"TRAPPC12","0.148927156148226"
"TRAPPC12-AS1","0.145084599887776"
"TRAPPC13","0.146417899411523"
"TRAPPC2","0.146332182796753"
"TRAPPC2L","0.148506036125004"
"TRAPPC2P1","0.146632653022279"
"TRAPPC3","0.146332182796753"
"TRAPPC3L","0.147362141291545"
"TRAPPC4","0.14861772308909"
"TRAPPC5","0.148751191518146"
"TRAPPC6A","0.146474628521856"
"TRAPPC6B","0.147447671883598"
"TRAPPC8","0.14701822933275"
"TRAPPC9","0.147265405078643"
"TRAT1","0.145567116779518"
"TRAV1-1","0.148988071245324"
"TRAV1-2","0.148120409208148"
"TRAV10","0.14701822933275"
"TRAV11","0.149469252352528"
"TRAV12-1","0.148409869269443"
"TRAV12-2","0.148308154899935"
"TRAV12-3","0.14701822933275"
"TRAV13-1","0.148409869269443"
"TRAV13-2","0.14518775218306"
"TRAV14DV4","0.149587255250794"
"TRAV15","0.149196978086517"
"TRAV16","0.148506036125004"
"TRAV17","0.14780132338987"
"TRAV18","0.147934307622029"
"TRAV19","0.148052745085208"
"TRAV2","0.148120409208148"
"TRAV20","0.146332182796753"
"TRAV21","0.148409869269443"
"TRAV22","0.146632653022279"
"TRAV23DV6","0.147901151320302"
"TRAV24","0.149307296463756"
"TRAV25","0.149835737011514"
"TRAV26-1","0.148506036125004"
"TRAV26-2","0.149082704796924"
"TRAV27","0.148988071245324"
"TRAV29DV5","0.147265405078643"
"TRAV3","0.149269255769642"
"TRAV30","0.148120409208148"
"TRAV33","0.145843991399258"
"TRAV34","0.147119700083669"
"TRAV35","0.149082704796924"
"TRAV36DV7","0.146766057555378"
"TRAV37","0.147119700083669"
"TRAV38-1","0.149269255769642"
"TRAV38-2DV8","0.147447671883598"
"TRAV39","0.149082704796924"
"TRAV4","0.14861772308909"
"TRAV40","0.149307296463756"
"TRAV41","0.152304701262292"
"TRAV5","0.148052745085208"
"TRAV6","0.149269255769642"
"TRAV8-1","0.146766057555378"
"TRAV8-2","0.148226368359643"
"TRAV8-3","0.14780132338987"
"TRAV8-4","0.149269255769642"
"TRAV8-5","0.149269255769642"
"TRAV8-6","0.149269255769642"
"TRAV9-1","0.149307296463756"
"TRAV9-2","0.148226368359643"
"TRBC1","0.149587255250794"
"TRBC2","0.146523080233334"
"TRBV1","0.150172384429151"
"TRBV10-1","0.15067186311279"
"TRBV10-2","0.148751191518146"
"TRBV10-3","0.151227631937496"
"TRBV11-1","0.151106853010877"
"TRBV11-2","0.147161941269508"
"TRBV11-3","0.149587255250794"
"TRBV12-1","0.149835737011514"
"TRBV12-2","0.148120409208148"
"TRBV12-3","0.147119700083669"
"TRBV12-4","0.148794148052463"
"TRBV12-5","0.150172384429151"
"TRBV13","0.148506036125004"
"TRBV14","0.147362141291545"
"TRBV15","0.148506036125004"
"TRBV16","0.148506036125004"
"TRBV18","0.151209699763843"
"TRBV19","0.148927156148226"
"TRBV2","0.148794148052463"
"TRBV20-1","0.148052745085208"
"TRBV21-1","0.149743817256208"
"TRBV21OR9-2","0.149196978086517"
"TRBV22-1","0.148226368359643"
"TRBV23-1","0.149082704796924"
"TRBV24-1","0.146523080233334"
"TRBV25-1","0.147901151320302"
"TRBV26OR9-2","0.148409869269443"
"TRBV27","0.149082704796924"
"TRBV28","0.14861772308909"
"TRBV29-1","0.149269255769642"
"TRBV3-1","0.148052745085208"
"TRBV30","0.146217598665922"
"TRBV4-1","0.146523080233334"
"TRBV4-2","0.149813631920417"
"TRBV5-1","0.147389812705427"
"TRBV5-4","0.148308154899935"
"TRBV5-5","0.148988071245324"
"TRBV5-6","0.146766057555378"
"TRBV6-1","0.149082704796924"
"TRBV6-2","0.147901151320302"
"TRBV6-4","0.149269255769642"
"TRBV6-5","0.148988071245324"
"TRBV6-6","0.148308154899935"
"TRBV6-8","0.148120409208148"
"TRBV7-1","0.15067186311279"
"TRBV7-2","0.147901151320302"
"TRBV7-3","0.152767499715778"
"TRBV7-4","0.15067186311279"
"TRBV7-6","0.149587255250794"
"TRBV7-7","0.147647770810839"
"TRBV7-9","0.151586757562354"
"TRBV8-1","0.150842096417007"
"TRBV8-2","0.149854749038717"
"TRBV9","0.146061495182411"
"TRBVB","0.14780132338987"
"TRDC","0.14780132338987"
"TRDMT1","0.150172384429151"
"TRDN","0.14780132338987"
"TRDV1","0.149743817256208"
"TRDV2","0.149813631920417"
"TRDV3","0.148409869269443"
"TREH","0.148794148052463"
"TREM1","0.149469252352528"
"TREM2","0.148120409208148"
"TREML1","0.148052745085208"
"TREML2","0.145658617019708"
"TREML4","0.148988071245324"
"TRERF1","0.150537750084667"
"TRERNA1","0.149082704796924"
"TREX1","0.148988071245324"
"TREX2","0.149269255769642"
"TRG-AS1","0.147901151320302"
"TRGC1","0.148052745085208"
"TRGC2","0.149269255769642"
"TRGV1","0.148751191518146"
"TRGV10","0.149082704796924"
"TRGV11","0.148751191518146"
"TRGV2","0.148794148052463"
"TRGV3","0.148506036125004"
"TRGV4","0.147447671883598"
"TRGV5","0.149835737011514"
"TRGV6","0.147901151320302"
"TRGV7","0.147934307622029"
"TRGV8","0.148794148052463"
"TRGV9","0.150842096417007"
"TRGVA","0.147901151320302"
"TRGVB","0.148409869269443"
"TRH","0.146061495182411"
"TRHDE","0.149269255769642"
"TRHR","0.148409869269443"
"TRIAP1","0.151227631937496"
"TRIB1","0.146632653022279"
"TRIB2","0.149827394096092"
"TRIB3","0.146887711234925"
"TRIL","0.148924367451557"
"TRIM10","0.149269255769642"
"TRIM11","0.146632653022279"
"TRIM13","0.146887711234925"
"TRIM14","0.149269255769642"
"TRIM15","0.148052745085208"
"TRIM16","0.149587255250794"
"TRIM16L","0.147447671883598"
"TRIM17","0.147934307622029"
"TRIM2","0.148409869269443"
"TRIM21","0.149587255250794"
"TRIM22","0.149307296463756"
"TRIM23","0.149587255250794"
"TRIM24","0.149854749038717"
"TRIM25","0.147901151320302"
"TRIM26","0.150172384429151"
"TRIM27","0.151137134922417"
"TRIM28","0.151209699763843"
"TRIM29","0.148506036125004"
"TRIM3","0.147934307622029"
"TRIM31","0.147362141291545"
"TRIM31-AS1","0.149082704796924"
"TRIM32","0.148226368359643"
"TRIM33","0.148120409208148"
"TRIM34","0.147934307622029"
"TRIM35","0.14701822933275"
"TRIM36","0.148988071245324"
"TRIM37","0.148120409208148"
"TRIM38","0.149743817256208"
"TRIM39","0.148988071245324"
"TRIM39-RPP21","0.150842096417007"
"TRIM4","0.149469252352528"
"TRIM40","0.148120409208148"
"TRIM41","0.14861772308909"
"TRIM43","0.149469252352528"
"TRIM44","0.147901151320302"
"TRIM45","0.147265405078643"
"TRIM46","0.148120409208148"
"TRIM47","0.148927156148226"
"TRIM48","0.151309675813451"
"TRIM49","0.149469252352528"
"TRIM49C","0.152304701262292"
"TRIM5","0.149307296463756"
"TRIM50","0.149082704796924"
"TRIM51","0.151227631937496"
"TRIM52","0.149813631920417"
"TRIM54","0.148794148052463"
"TRIM55","0.147901151320302"
"TRIM56","0.149196978086517"
"TRIM58","0.148751191518146"
"TRIM59","0.14861772308909"
"TRIM6","0.148409869269443"
"TRIM60","0.149307296463756"
"TRIM61","0.14872149442202"
"TRIM62","0.148988071245324"
"TRIM63","0.147647770810839"
"TRIM65","0.149082704796924"
"TRIM66","0.148751191518146"
"TRIM67","0.148052745085208"
"TRIM68","0.14518775218306"
"TRIM69","0.148409869269443"
"TRIM7","0.149082704796924"
"TRIM71","0.150172384429151"
"TRIM72","0.146988891552791"
"TRIM73","0.14780132338987"
"TRIM74","0.151586757562354"
"TRIM8","0.151625896424879"
"TRIM9","0.150624891371005"
"TRIML1","0.148794148052463"
"TRIML2","0.147389812705427"
"TRIO","0.148927156148226"
"TRIOBP","0.147119700083669"
"TRIP10","0.149307296463756"
"TRIP11","0.149196978086517"
"TRIP12","0.148927156148226"
"TRIP13","0.151227631937496"
"TRIP4","0.151227631937496"
"TRIP6","0.149469252352528"
"TRIQK","0.147647770810839"
"TRIT1","0.146523080233334"
"TRMO","0.149835737011514"
"TRMT1","0.147362141291545"
"TRMT10A","0.151713664466843"
"TRMT10B","0.150366791183329"
"TRMT10C","0.148506036125004"
"TRMT11","0.149307296463756"
"TRMT112","0.151137134922417"
"TRMT12","0.150624891371005"
"TRMT13","0.149469252352528"
"TRMT1L","0.147647770810839"
"TRMT2A","0.149835737011514"
"TRMT2B","0.148927156148226"
"TRMT44","0.149196978086517"
"TRMT5","0.147934307622029"
"TRMT6","0.151533126779624"
"TRMT61A","0.147934307622029"
"TRMT61B","0.148308154899935"
"TRMU","0.147389812705427"
"TRNAU1AP","0.148506036125004"
"TRNP1","0.14861772308909"
"TRNT1","0.146217598665922"
"TRO","0.150366791183329"
"TROAP","0.150842096417007"
"TROVE2","0.151309675813451"
"TRPA1","0.148927156148226"
"TRPC1","0.149196978086517"
"TRPC3","0.149082704796924"
"TRPC4","0.150366791183329"
"TRPC4AP","0.148409869269443"
"TRPC5OS","0.148120409208148"
"TRPC6","0.148120409208148"
"TRPC7-AS1","0.149082704796924"
"TRPM1","0.148052745085208"
"TRPM2","0.148988071245324"
"TRPM2-AS","0.147119700083669"
"TRPM3","0.149587255250794"
"TRPM4","0.151227631937496"
"TRPM5","0.148927156148226"
"TRPM6","0.149082704796924"
"TRPM7","0.149835737011514"
"TRPM8","0.150624891371005"
"TRPS1","0.152393250225978"
"TRPT1","0.149587255250794"
"TRPV1","0.146887711234925"
"TRPV2","0.146887711234925"
"TRPV3","0.148226368359643"
"TRPV4","0.149082704796924"
"TRPV5","0.149835737011514"
"TRPV6","0.147647770810839"
"TRRAP","0.148927156148226"
"TRUB1","0.14701822933275"
"TRUB2","0.149587255250794"
"TSACC","0.149196978086517"
"TSC1","0.150172384429151"
"TSC2","0.147647770810839"
"TSC22D1","0.147362141291545"
"TSC22D1-AS1","0.151586757562354"
"TSC22D2","0.147265405078643"
"TSC22D3","0.148308154899935"
"TSC22D4","0.149307296463756"
"TSEN15","0.14780132338987"
"TSEN2","0.148308154899935"
"TSEN34","0.150366791183329"
"TSEN54","0.151533126779624"
"TSFM","0.149743817256208"
"TSG101","0.151209699763843"
"TSGA10","0.149743817256208"
"TSGA10IP","0.148052745085208"
"TSGA13","0.147901151320302"
"TSHR","0.148506036125004"
"TSHZ1","0.149835737011514"
"TSHZ2","0.151309675813451"
"TSHZ3","0.148226368359643"
"TSIX","0.149587255250794"
"TSKS","0.152304701262292"
"TSKU","0.147161941269508"
"TSLP","0.14861772308909"
"TSN","0.149743817256208"
"TSNARE1","0.147362141291545"
"TSNAX","0.146417899411523"
"TSNAX-DISC1","0.148308154899935"
"TSNAXIP1","0.149587255250794"
"TSPAN1","0.147161941269508"
"TSPAN10","0.151586757562354"
"TSPAN11","0.14861772308909"
"TSPAN12","0.149082704796924"
"TSPAN13","0.149269255769642"
"TSPAN14","0.149082704796924"
"TSPAN15","0.149307296463756"
"TSPAN16","0.148506036125004"
"TSPAN17","0.148988071245324"
"TSPAN18","0.149269255769642"
"TSPAN19","0.146887711234925"
"TSPAN2","0.149469252352528"
"TSPAN3","0.14780132338987"
"TSPAN31","0.150624891371005"
"TSPAN32","0.14861772308909"
"TSPAN33","0.148226368359643"
"TSPAN4","0.146783442515418"
"TSPAN5","0.14861772308909"
"TSPAN6","0.149082704796924"
"TSPAN7","0.151309675813451"
"TSPAN8","0.149469252352528"
"TSPAN9","0.149269255769642"
"TSPEAR","0.148506036125004"
"TSPEAR-AS1","0.146417899411523"
"TSPEAR-AS2","0.148226368359643"
"TSPO","0.146887711234925"
"TSPO2","0.148988071245324"
"TSPY2","0.149835737011514"
"TSPYL1","0.149269255769642"
"TSPYL2","0.147161941269508"
"TSPYL4","0.148927156148226"
"TSPYL5","0.148759557608153"
"TSPYL6","0.149835737011514"
"TSR1","0.147119700083669"
"TSR2","0.150366791183329"
"TSR3","0.149835737011514"
"TSSC1","0.148226368359643"
"TSSC4","0.148759557608153"
"TSSK1B","0.148226368359643"
"TSSK2","0.146417899411523"
"TSSK3","0.148226368359643"
"TSSK4","0.148226368359643"
"TSSK6","0.150661038187886"
"TST","0.149813631920417"
"TSTA3","0.149269255769642"
"TSTD1","0.150172384429151"
"TSTD2","0.151209699763843"
"TSTD3","0.148409869269443"
"TTBK1","0.147119700083669"
"TTBK2","0.146474628521856"
"TTC1","0.148506036125004"
"TTC12","0.148052745085208"
"TTC13","0.147934307622029"
"TTC14","0.14780132338987"
"TTC16","0.149783345226112"
"TTC17","0.147901151320302"
"TTC19","0.148729860512027"
"TTC21A","0.145658617019708"
"TTC21B","0.148759557608153"
"TTC22","0.146717291416485"
"TTC23","0.149082704796924"
"TTC23L","0.148506036125004"
"TTC24","0.148759557608153"
"TTC25","0.148052745085208"
"TTC26","0.148988071245324"
"TTC27","0.149469252352528"
"TTC28","0.149813631920417"
"TTC29","0.148226368359643"
"TTC3","0.149269255769642"
"TTC3-AS1","0.147447671883598"
"TTC30A","0.149082704796924"
"TTC30B","0.147901151320302"
"TTC31","0.149082704796924"
"TTC32","0.149587255250794"
"TTC33","0.149587255250794"
"TTC34","0.14701822933275"
"TTC36","0.151209699763843"
"TTC37","0.148837442243722"
"TTC38","0.146474628521856"
"TTC39A","0.145946718439569"
"TTC39A-AS1","0.152457616233038"
"TTC39B","0.148052745085208"
"TTC39C","0.147934307622029"
"TTC39C-AS1","0.147265405078643"
"TTC4","0.147447671883598"
"TTC5","0.147647770810839"
"TTC6","0.148226368359643"
"TTC7A","0.148759557608153"
"TTC7B","0.14861772308909"
"TTC8","0.147934307622029"
"TTC9","0.149307296463756"
"TTC9B","0.149307296463756"
"TTC9C","0.149196978086517"
"TTF1","0.148988071245324"
"TTF2","0.149269255769642"
"TTI1","0.149469252352528"
"TTI2","0.149587255250794"
"TTK","0.149587255250794"
"TTL","0.148226368359643"
"TTLL1","0.148759557608153"
"TTLL10","0.146887711234925"
"TTLL10-AS1","0.14701822933275"
"TTLL11","0.14701822933275"
"TTLL11-IT1","0.147161941269508"
"TTLL12","0.151227631937496"
"TTLL2","0.14861772308909"
"TTLL3","0.147447671883598"
"TTLL4","0.150366791183329"
"TTLL5","0.149469252352528"
"TTLL6","0.147447671883598"
"TTLL7","0.146717291416485"
"TTLL9","0.14861772308909"
"TTN","0.148120409208148"
"TTN-AS1","0.150366791183329"
"TTPA","0.148308154899935"
"TTPAL","0.148226368359643"
"TTR","0.148988071245324"
"TTTY10","0.148308154899935"
"TTTY14","0.147901151320302"
"TTTY15","0.148988071245324"
"TTTY5","0.151227631937496"
"TTTY7","0.149587255250794"
"TTTY9B","0.147161941269508"
"TTYH1","0.148409869269443"
"TTYH2","0.14974455430417"
"TTYH3","0.147901151320302"
"TUB","0.14974455430417"
"TUBA1A","0.148940657979756"
"TUBA1B","0.148506036125004"
"TUBA1C","0.146632653022279"
"TUBA3C","0.146887711234925"
"TUBA3D","0.149813631920417"
"TUBA3E","0.153707109835551"
"TUBA4A","0.146523080233334"
"TUBA4B","0.148120409208148"
"TUBA8","0.150172384429151"
"TUBAL3","0.148837442243722"
"TUBB","0.149082704796924"
"TUBB1","0.149854749038717"
"TUBB2A","0.149611670646268"
"TUBB2B","0.148409869269443"
"TUBB3","0.148988071245324"
"TUBB4A","0.151608585267647"
"TUBB4B","0.149269255769642"
"TUBB6","0.150624891371005"
"TUBB8","0.146632653022279"
"TUBD1","0.149082704796924"
"TUBE1","0.148506036125004"
"TUBG1","0.146620530775594"
"TUBG2","0.147389812705427"
"TUBGCP2","0.149082704796924"
"TUBGCP3","0.149269255769642"
"TUBGCP4","0.151309675813451"
"TUBGCP5","0.149835737011514"
"TUBGCP6","0.148506036125004"
"TUFM","0.149469252352528"
"TUFT1","0.151059790941286"
"TUG1","0.149307296463756"
"TULP1","0.147901151320302"
"TULP2","0.151533126779624"
"TULP3","0.14974455430417"
"TULP4","0.148226368359643"
"TUNAR","0.150366791183329"
"TUSC1","0.149196978086517"
"TUSC2","0.146217598665922"
"TUSC3","0.148837442243722"
"TUSC5","0.148226368359643"
"TUSC7","0.148120409208148"
"TUSC8","0.148409869269443"
"TUT1","0.149611670646268"
"TVP23A","0.150624891371005"
"TVP23B","0.148226368359643"
"TVP23C","0.149835737011514"
"TVP23C-CDRT4","0.148940657979756"
"TWF1","0.149082704796924"
"TWF2","0.149196978086517"
"TWIST1","0.14780132338987"
"TWIST2","0.147265405078643"
"TWISTNB","0.149854749038717"
"TWSG1","0.148759557608153"
"TXK","0.149307296463756"
"TXLNA","0.147447671883598"
"TXLNB","0.149813631920417"
"TXLNG","0.151209699763843"
"TXN","0.151209699763843"
"TXN2","0.147161941269508"
"TXNDC11","0.148988071245324"
"TXNDC12","0.148837442243722"
"TXNDC12-AS1","0.149269255769642"
"TXNDC15","0.147934307622029"
"TXNDC16","0.146783442515418"
"TXNDC17","0.148759557608153"
"TXNDC2","0.147934307622029"
"TXNDC5","0.150624891371005"
"TXNDC8","0.149587255250794"
"TXNDC9","0.148988071245324"
"TXNIP","0.148940657979756"
"TXNL1","0.148988071245324"
"TXNL4A","0.147447671883598"
"TXNL4B","0.149835737011514"
"TXNRD1","0.149469252352528"
"TXNRD2","0.149196978086517"
"TXNRD3","0.150172384429151"
"TYK2","0.149835737011514"
"TYMP","0.146717291416485"
"TYMS","0.148409869269443"
"TYR","0.148409869269443"
"TYRO3","0.149307296463756"
"TYROBP","0.152767499715778"
"TYRP1","0.150172384429151"
"TYSND1","0.148988071245324"
"TYW1","0.148837442243722"
"TYW1B","0.151474834805778"
"TYW3","0.148837442243722"
"TYW5","0.149307296463756"
"U2AF1","0.148308154899935"
"U2AF1L4","0.152304701262292"
"U2AF1L5","0.149535865107296"
"U2AF2","0.148988071245324"
"U2SURP","0.14974455430417"
"U47924.27","0.151209699763843"
"U47924.29","0.148759557608153"
"U47924.31","0.148120409208148"
"U47924.32","0.149587255250794"
"U51244.2","0.148506036125004"
"U51561.1","0.14861772308909"
"U52111.14","0.149082704796924"
"U66059.58","0.147447671883598"
"U73166.2","0.149469252352528"
"U82695.5","0.151209699763843"
"U82695.9","0.148120409208148"
"U91319.1","0.149082704796924"
"U91324.1","0.148308154899935"
"U91328.19","0.147161941269508"
"U91328.21","0.147901151320302"
"U91328.22","0.149813631920417"
"U95743.1","0.149307296463756"
"UACA","0.148940657979756"
"UAP1","0.148759557608153"
"UAP1L1","0.147647770810839"
"UBA1","0.151227631937496"
"UBA2","0.148052745085208"
"UBA3","0.149854749038717"
"UBA5","0.148759557608153"
"UBA52","0.14780132338987"
"UBA6","0.148506036125004"
"UBA6-AS1","0.14780132338987"
"UBA7","0.148506036125004"
"UBAC1","0.151608585267647"
"UBAC2","0.148988071245324"
"UBAC2-AS1","0.151608585267647"
"UBALD1","0.149587255250794"
"UBALD2","0.148477656296572"
"UBAP1","0.148759557608153"
"UBAP1L","0.149835737011514"
"UBAP2","0.151059790941286"
"UBAP2L","0.149269255769642"
"UBASH3A","0.148409869269443"
"UBASH3B","0.148988071245324"
"UBB","0.147244573754311"
"UBC","0.147161941269508"
"UBD","0.147085973311047"
"UBE2A","0.148120409208148"
"UBE2B","0.148506036125004"
"UBE2C","0.151608585267647"
"UBE2D1","0.149587255250794"
"UBE2D2","0.152052015044156"
"UBE2D3","0.148226368359643"
"UBE2D4","0.151533126779624"
"UBE2E1","0.147244573754311"
"UBE2E1-AS1","0.149835737011514"
"UBE2E2","0.149092061486335"
"UBE2E2-AS1","0.14861772308909"
"UBE2E3","0.151059790941286"
"UBE2F","0.149196978086517"
"UBE2F-SCLY","0.148120409208148"
"UBE2G1","0.148052745085208"
"UBE2G2","0.148120409208148"
"UBE2H","0.147085973311047"
"UBE2I","0.147901151320302"
"UBE2J1","0.148759557608153"
"UBE2J2","0.148759557608153"
"UBE2K","0.151533126779624"
"UBE2L3","0.147085973311047"
"UBE2L6","0.149269255769642"
"UBE2M","0.147244573754311"
"UBE2N","0.151608585267647"
"UBE2O","0.147647770810839"
"UBE2Q1","0.148837442243722"
"UBE2Q1-AS1","0.147389812705427"
"UBE2Q2","0.151227631937496"
"UBE2Q2L","0.147901151320302"
"UBE2QL1","0.147934307622029"
"UBE2R2","0.147290764811384"
"UBE2R2-AS1","0.146783442515418"
"UBE2S","0.147901151320302"
"UBE2T","0.148226368359643"
"UBE2U","0.147362141291545"
"UBE2V1","0.146871455855294"
"UBE2V2","0.147647770810839"
"UBE2W","0.14895816661049"
"UBE2Z","0.150624891371005"
"UBE3A","0.150172384429151"
"UBE3B","0.147901151320302"
"UBE3C","0.149813631920417"
"UBE3D","0.146783442515418"
"UBE4A","0.147934307622029"
"UBE4B","0.146523080233334"
"UBFD1","0.149103798871864"
"UBIAD1","0.14974455430417"
"UBL3","0.149813631920417"
"UBL4A","0.147901151320302"
"UBL4B","0.149196978086517"
"UBL5","0.147362141291545"
"UBL7","0.149021977523802"
"UBL7-AS1","0.148940657979756"
"UBLCP1","0.149269255769642"
"UBN1","0.148052745085208"
"UBN2","0.147901151320302"
"UBOX5","0.150624891371005"
"UBOX5-AS1","0.145843991399258"
"UBP1","0.148308154899935"
"UBQLN1","0.146871455855294"
"UBQLN2","0.147161941269508"
"UBQLN4","0.148759557608153"
"UBQLNL","0.149066546369801"
"UBR1","0.147934307622029"
"UBR2","0.145374041811076"
"UBR3","0.147934307622029"
"UBR4","0.148506036125004"
"UBR5","0.149103798871864"
"UBR5-AS1","0.148988071245324"
"UBR7","0.14861772308909"
"UBTD1","0.147901151320302"
"UBTD2","0.147901151320302"
"UBTF","0.147389812705427"
"UBTFL1","0.147290764811384"
"UBXN1","0.149066546369801"
"UBXN10","0.149066546369801"
"UBXN10-AS1","0.148988071245324"
"UBXN11","0.149813631920417"
"UBXN2A","0.147362141291545"
"UBXN2B","0.149292612144471"
"UBXN4","0.145946718439569"
"UBXN6","0.149587255250794"
"UBXN7","0.148226368359643"
"UBXN7-AS1","0.148506036125004"
"UBXN8","0.148988071245324"
"UCHL1","0.149587255250794"
"UCHL1-AS1","0.148052745085208"
"UCHL3","0.148409869269443"
"UCHL5","0.149066546369801"
"UCK1","0.148409869269443"
"UCK2","0.149103798871864"
"UCKL1","0.145946718439569"
"UCKL1-AS1","0.149813631920417"
"UCMA","0.149066546369801"
"UCN","0.14861772308909"
"UCN2","0.147901151320302"
"UCN3","0.148988071245324"
"UCP1","0.148940657979756"
"UCP2","0.148052745085208"
"UCP3","0.146783442515418"
"UEVLD","0.148837442243722"
"UFC1","0.147447671883598"
"UFD1L","0.148940657979756"
"UFL1","0.149469252352528"
"UFL1-AS1","0.148052745085208"
"UFM1","0.149307296463756"
"UFSP1","0.148120409208148"
"UFSP2","0.149307296463756"
"UG0898H09","0.148759557608153"
"UGCG","0.148506036125004"
"UGDH","0.148940657979756"
"UGDH-AS1","0.148940657979756"
"UGGT1","0.148226368359643"
"UGGT2","0.149587255250794"
"UGP2","0.148759557608153"
"UGT1A1","0.148409869269443"
"UGT1A10","0.14861772308909"
"UGT1A6","0.146717291416485"
"UGT1A7","0.14780132338987"
"UGT1A8","0.148409869269443"
"UGT1A9","0.14780132338987"
"UGT2A1","0.147290764811384"
"UGT2B10","0.150624891371005"
"UGT2B11","0.14974455430417"
"UGT2B15","0.147362141291545"
"UGT2B17","0.151309675813451"
"UGT2B28","0.149196978086517"
"UGT2B4","0.149066546369801"
"UGT2B7","0.146632653022279"
"UGT3A1","0.149587255250794"
"UGT3A2","0.14861772308909"
"UGT8","0.14861772308909"
"UHMK1","0.148759557608153"
"UHRF1","0.149103798871864"
"UHRF1BP1","0.148052745085208"
"UHRF1BP1L","0.148988071245324"
"UHRF2","0.14861772308909"
"UIMC1","0.149813631920417"
"ULBP1","0.148226368359643"
"ULBP2","0.147934307622029"
"ULBP3","0.148052745085208"
"ULK1","0.147362141291545"
"ULK2","0.150172384429151"
"ULK3","0.147647770810839"
"ULK4","0.147056635531088"
"UMAD1","0.149611670646268"
"UMODL1","0.148940657979756"
"UMPS","0.148052745085208"
"UNC119","0.148506036125004"
"UNC119B","0.147147995294879"
"UNC13A","0.147362141291545"
"UNC13B","0.149611670646268"
"UNC13C","0.148759557608153"
"UNC13D","0.146887711234925"
"UNC45A","0.149066546369801"
"UNC45B","0.149103798871864"
"UNC50","0.148988071245324"
"UNC5A","0.148759557608153"
"UNC5B","0.149066546369801"
"UNC5B-AS1","0.147290764811384"
"UNC5C","0.148308154899935"
"UNC5CL","0.148988071245324"
"UNC5D","0.148052745085208"
"UNC79","0.148759557608153"
"UNC80","0.146632653022279"
"UNC93A","0.14974455430417"
"UNC93B1","0.148308154899935"
"UNCX","0.149196978086517"
"UNG","0.14861772308909"
"UNK","0.146887711234925"
"UNKL","0.148837442243722"
"UNQ6494","0.148409869269443"
"UPB1","0.149103798871864"
"UPF1","0.147934307622029"
"UPF2","0.149307296463756"
"UPF3A","0.148506036125004"
"UPF3B","0.147647770810839"
"UPK1A","0.148988071245324"
"UPK1A-AS1","0.148308154899935"
"UPK1B","0.149469252352528"
"UPK2","0.147901151320302"
"UPK3A","0.149854749038717"
"UPK3B","0.149469252352528"
"UPK3BL","0.147389812705427"
"UPP1","0.146783442515418"
"UPP2","0.147901151320302"
"UPRT","0.149196978086517"
"UQCC1","0.146684807902399"
"UQCC2","0.149021977523802"
"UQCC3","0.147362141291545"
"UQCR10","0.14905718968039"
"UQCR11","0.147934307622029"
"UQCRB","0.151059790941286"
"UQCRC1","0.148940657979756"
"UQCRC2","0.147244573754311"
"UQCRFS1","0.148120409208148"
"UQCRH","0.147362141291545"
"UQCRHL","0.148409869269443"
"UQCRQ","0.149021977523802"
"URAD","0.147290764811384"
"URB1","0.14861772308909"
"URB1-AS1","0.148308154899935"
"URB2","0.146783442515418"
"URGCP","0.147647770810839"
"URGCP-MRPS24","0.14861772308909"
"URI1","0.148837442243722"
"URM1","0.148837442243722"
"UROC1","0.14861772308909"
"UROD","0.148759557608153"
"UROS","0.147901151320302"
"USB1","0.14780132338987"
"USE1","0.148759557608153"
"USF1","0.147911370793275"
"USF2","0.147934307622029"
"USF3","0.148988071245324"
"USH1C","0.147163845897878"
"USH1G","0.148409869269443"
"USH2A","0.149196978086517"
"USHBP1","0.149292612144471"
"USMG5","0.147239925096102"
"USO1","0.14974455430417"
"USP1","0.151277310570368"
"USP10","0.147389812705427"
"USP11","0.148759557608153"
"USP12","0.148052745085208"
"USP12-AS2","0.148506036125004"
"USP13","0.148506036125004"
"USP14","0.147447671883598"
"USP15","0.147934307622029"
"USP16","0.148120409208148"
"USP18","0.146632653022279"
"USP19","0.147901151320302"
"USP2","0.148988071245324"
"USP2-AS1","0.146632653022279"
"USP20","0.148226368359643"
"USP21","0.149813631920417"
"USP22","0.147147995294879"
"USP24","0.148052745085208"
"USP25","0.148308154899935"
"USP26","0.148308154899935"
"USP27X","0.149103798871864"
"USP27X-AS1","0.149021977523802"
"USP28","0.147647770810839"
"USP29","0.14974455430417"
"USP3","0.148409869269443"
"USP3-AS1","0.149854749038717"
"USP30","0.150624891371005"
"USP30-AS1","0.151277310570368"
"USP31","0.151309675813451"
"USP32","0.147447671883598"
"USP33","0.148120409208148"
"USP34","0.149835737011514"
"USP35","0.149066546369801"
"USP36","0.148409869269443"
"USP37","0.149103798871864"
"USP38","0.148837442243722"
"USP39","0.147447671883598"
"USP4","0.149555133984136"
"USP40","0.148759557608153"
"USP41","0.146887711234925"
"USP42","0.14974455430417"
"USP43","0.147290764811384"
"USP44","0.147362141291545"
"USP45","0.147901151320302"
"USP46","0.148759557608153"
"USP46-AS1","0.151059790941286"
"USP47","0.147362141291545"
"USP48","0.149469252352528"
"USP49","0.148409869269443"
"USP5","0.148837442243722"
"USP50","0.14861772308909"
"USP51","0.147901151320302"
"USP53","0.147934307622029"
"USP54","0.149469252352528"
"USP6","0.147389812705427"
"USP6NL","0.147163845897878"
"USP7","0.151059790941286"
"USP8","0.149611670646268"
"USP9X","0.147389812705427"
"USP9Y","0.149835737011514"
"USPL1","0.149103798871864"
"UST","0.149835737011514"
"UTAT33","0.148409869269443"
"UTF1","0.149196978086517"
"UTP11L","0.149292612144471"
"UTP14A","0.149555133984136"
"UTP14C","0.148052745085208"
"UTP15","0.151277310570368"
"UTP18","0.149469252352528"
"UTP20","0.150624891371005"
"UTP23","0.148988071245324"
"UTP3","0.14974455430417"
"UTP4","0.148837442243722"
"UTP6","0.150624891371005"
"UTRN","0.146783442515418"
"UTS2","0.148308154899935"
"UTS2B","0.148988071245324"
"UTS2R","0.149555133984136"
"UTY","0.14861772308909"
"UVRAG","0.149292612144471"
"UVSSA","0.148759557608153"
"UXS1","0.147934307622029"
"UXT","0.146887711234925"
"UXT-AS1","0.149611670646268"
"VAC14","0.148308154899935"
"VAC14-AS1","0.148940657979756"
"VAMP1","0.14780132338987"
"VAMP2","0.147934307622029"
"VAMP3","0.149103798871864"
"VAMP4","0.148940657979756"
"VAMP5","0.148759557608153"
"VAMP7","0.148506036125004"
"VAMP8","0.148409869269443"
"VANGL1","0.146871455855294"
"VANGL2","0.148940657979756"
"VAPA","0.149103798871864"
"VAPB","0.149611670646268"
"VARS","0.147629172623162"
"VARS2","0.14780132338987"
"VASH1","0.148308154899935"
"VASH2","0.148308154899935"
"VASN","0.14861772308909"
"VASP","0.146217598665922"
"VAT1","0.148120409208148"
"VAT1L","0.149835737011514"
"VAV1","0.147447671883598"
"VAV2","0.151059790941286"
"VAV3","0.149103798871864"
"VAV3-AS1","0.147085973311047"
"VAX1","0.149021977523802"
"VAX2","0.14780132338987"
"VBP1","0.148308154899935"
"VCAM1","0.148409869269443"
"VCAN","0.149196978086517"
"VCAN-AS1","0.148837442243722"
"VCL","0.149196978086517"
"VCP","0.143941985337612"
"VCPIP1","0.149021977523802"
"VCPKMT","0.148052745085208"
"VCX","0.149103798871864"
"VCX2","0.149854749038717"
"VCX3A","0.145946718439569"
"VCX3B","0.150366791183329"
"VDAC1","0.149611670646268"
"VDAC2","0.148120409208148"
"VDAC3","0.149555133984136"
"VDR","0.148506036125004"
"VEGFA","0.147447671883598"
"VEGFB","0.14861772308909"
"VEGFC","0.149066546369801"
"VENTX","0.144732647529403"
"VENTXP1","0.148052745085208"
"VEPH1","0.14861772308909"
"VEZF1","0.147901151320302"
"VEZT","0.148759557608153"
"VGF","0.147362141291545"
"VGLL1","0.146632653022279"
"VGLL2","0.14861772308909"
"VGLL3","0.146478004676347"
"VGLL4","0.148506036125004"
"VHL","0.149103798871864"
"VHLL","0.14861772308909"
"VIL1","0.149066546369801"
"VILL","0.151309675813451"
"VIM","0.150172384429151"
"VIM-AS1","0.148940657979756"
"VIMP","0.149021977523802"
"VIP","0.148759557608153"
"VIPAS39","0.147355197516768"
"VIPR1","0.149066546369801"
"VIPR1-AS1","0.14861772308909"
"VIPR2","0.148226368359643"
"VIT","0.148120409208148"
"VKORC1","0.150624891371005"
"VKORC1L1","0.147901151320302"
"VLDLR","0.148052745085208"
"VLDLR-AS1","0.146632653022279"
"VMA21","0.148308154899935"
"VMAC","0.147290764811384"
"VMO1","0.149196978086517"
"VMP1","0.146887711234925"
"VN1R1","0.147362141291545"
"VN1R2","0.148308154899935"
"VN1R4","0.147290764811384"
"VNN1","0.149835737011514"
"VNN2","0.150366791183329"
"VNN3","0.146332182796753"
"VOPP1","0.148940657979756"
"VPRBP","0.148226368359643"
"VPREB1","0.151474834805778"
"VPREB3","0.147147995294879"
"VPS11","0.147362141291545"
"VPS13A","0.149021977523802"
"VPS13A-AS1","0.149555133984136"
"VPS13B","0.149103798871864"
"VPS13C","0.149292612144471"
"VPS13D","0.149196978086517"
"VPS16","0.146632653022279"
"VPS18","0.147447671883598"
"VPS25","0.147901151320302"
"VPS26A","0.14861772308909"
"VPS26B","0.150624891371005"
"VPS28","0.147934307622029"
"VPS29","0.147647770810839"
"VPS33A","0.146217598665922"
"VPS33B","0.146717291416485"
"VPS35","0.151274697835988"
"VPS36","0.148308154899935"
"VPS37A","0.148506036125004"
"VPS37B","0.148988071245324"
"VPS37C","0.148759557608153"
"VPS37D","0.148226368359643"
"VPS39","0.148940657979756"
"VPS41","0.149611670646268"
"VPS45","0.149292612144471"
"VPS4A","0.146717291416485"
"VPS4B","0.148506036125004"
"VPS50","0.148409869269443"
"VPS51","0.149611670646268"
"VPS52","0.149021977523802"
"VPS53","0.147362141291545"
"VPS54","0.148226368359643"
"VPS72","0.148308154899935"
"VPS8","0.149103798871864"
"VPS9D1","0.148308154899935"
"VPS9D1-AS1","0.14861772308909"
"VRK1","0.148120409208148"
"VRK2","0.146717291416485"
"VRK3","0.148409869269443"
"VRTN","0.148988071245324"
"VSIG1","0.14861772308909"
"VSIG10","0.148308154899935"
"VSIG10L","0.147163845897878"
"VSIG2","0.148052745085208"
"VSIG4","0.148759557608153"
"VSIG8","0.147901151320302"
"VSNL1","0.148506036125004"
"VSTM1","0.14974455430417"
"VSTM2A","0.147290764811384"
"VSTM2B","0.146632653022279"
"VSTM2L","0.149196978086517"
"VSTM4","0.14780132338987"
"VSTM5","0.149021977523802"
"VSX1","0.149103798871864"
"VSX2","0.147647770810839"
"VTA1","0.146887711234925"
"VTCN1","0.149813631920417"
"VTI1A","0.146523080233334"
"VTI1B","0.149292612144471"
"VTN","0.147901151320302"
"VWA1","0.149854749038717"
"VWA2","0.149021977523802"
"VWA3A","0.147362141291545"
"VWA3B","0.149066546369801"
"VWA5A","0.149103798871864"
"VWA5B1","0.150172384429151"
"VWA5B2","0.148226368359643"
"VWA7","0.148226368359643"
"VWA8","0.148308154899935"
"VWA8-AS1","0.150663072525457"
"VWA9","0.148308154899935"
"VWC2","0.148506036125004"
"VWC2L","0.151059790941286"
"VWCE","0.148837442243722"
"VWDE","0.149021977523802"
"VWF","0.149555133984136"
"WAC","0.149555133984136"
"WAC-AS1","0.14974455430417"
"WAPL","0.149196978086517"
"WARS","0.147901151320302"
"WARS2","0.148506036125004"
"WARS2-IT1","0.15051137832267"
"WAS","0.147362141291545"
"WASF1","0.148409869269443"
"WASF2","0.149598752413498"
"WASF3","0.149611670646268"
"WASF3-AS1","0.148226368359643"
"WASH1","0.149251615456701"
"WASIR1","0.148226368359643"
"WASIR2","0.147389812705427"
"WASL","0.149066546369801"
"WBP1","0.148409869269443"
"WBP11","0.149103798871864"
"WBP1L","0.147447671883598"
"WBP2","0.15051137832267"
"WBP2NL","0.149598752413498"
"WBP4","0.149611670646268"
"WBP5","0.151474834805778"
"WBSCR16","0.150663072525457"
"WBSCR17","0.149292612144471"
"WBSCR22","0.149555133984136"
"WBSCR27","0.148052745085208"
"WBSCR28","0.149598752413498"
"WDFY1","0.148506036125004"
"WDFY2","0.147647770810839"
"WDFY3","0.149813631920417"
"WDFY3-AS1","0.148308154899935"
"WDFY4","0.149066546369801"
"WDHD1","0.149066546369801"
"WDPCP","0.148052745085208"
"WDR1","0.148940657979756"
"WDR11","0.151059790941286"
"WDR11-AS1","0.149835737011514"
"WDR12","0.151309675813451"
"WDR13","0.150172384429151"
"WDR17","0.150336587306701"
"WDR18","0.150172384429151"
"WDR19","0.149835737011514"
"WDR20","0.149611670646268"
"WDR24","0.149021977523802"
"WDR25","0.149292612144471"
"WDR26","0.151209699763843"
"WDR27","0.149835737011514"
"WDR3","0.150172384429151"
"WDR31","0.14780132338987"
"WDR33","0.146061495182411"
"WDR34","0.149611670646268"
"WDR35","0.149611670646268"
"WDR36","0.150172384429151"
"WDR37","0.152457616233038"
"WDR38","0.149469252352528"
"WDR4","0.147934307622029"
"WDR41","0.148837442243722"
"WDR43","0.148988071245324"
"WDR44","0.150336587306701"
"WDR45","0.149835737011514"
"WDR45B","0.149469252352528"
"WDR46","0.152632717454358"
"WDR47","0.147901151320302"
"WDR48","0.148308154899935"
"WDR49","0.148226368359643"
"WDR5","0.148837442243722"
"WDR53","0.149611670646268"
"WDR54","0.149598752413498"
"WDR55","0.149264387419201"
"WDR59","0.149021977523802"
"WDR5B","0.149264387419201"
"WDR6","0.149611670646268"
"WDR60","0.150172384429151"
"WDR61","0.148409869269443"
"WDR62","0.148226368359643"
"WDR63","0.148226368359643"
"WDR64","0.149611670646268"
"WDR66","0.148759557608153"
"WDR7","0.148052745085208"
"WDR70","0.149598752413498"
"WDR72","0.150386766900438"
"WDR73","0.147244573754311"
"WDR74","0.148940657979756"
"WDR75","0.151274697835988"
"WDR76","0.152457616233038"
"WDR77","0.149813631920417"
"WDR78","0.147934307622029"
"WDR81","0.148120409208148"
"WDR82","0.149469252352528"
"WDR83","0.148640507197617"
"WDR83OS","0.149835737011514"
"WDR86","0.149598752413498"
"WDR87","0.148506036125004"
"WDR88","0.149611670646268"
"WDR89","0.148940657979756"
"WDR90","0.150501310363795"
"WDR91","0.151277310570368"
"WDR92","0.149598752413498"
"WDR93","0.151227631937496"
"WDR97","0.151277310570368"
"WDSUB1","0.150336587306701"
"WDTC1","0.147447671883598"
"WDYHV1","0.150336587306701"
"WEE1","0.150386766900438"
"WEE2","0.149103798871864"
"WEE2-AS1","0.148940657979756"
"WFDC1","0.149835737011514"
"WFDC10A","0.151928117071048"
"WFDC10B","0.149835737011514"
"WFDC11","0.149598752413498"
"WFDC12","0.14974455430417"
"WFDC13","0.152215294630394"
"WFDC2","0.149598752413498"
"WFDC3","0.148596984126293"
"WFDC5","0.148774995976677"
"WFDC6","0.149835737011514"
"WFDC8","0.149611670646268"
"WFDC9","0.148837442243722"
"WFIKKN1","0.151277310570368"
"WFIKKN2","0.149103798871864"
"WFS1","0.151606887956614"
"WHAMM","0.151059790941286"
"WHSC1","0.149611670646268"
"WHSC1L1","0.149611670646268"
"WI2-1959D15.1","0.149021977523802"
"WI2-2373I1.2","0.148837442243722"
"WI2-80269A6.1","0.149469252352528"
"WI2-85898F10.1","0.149555133984136"
"WI2-85898F10.2","0.149813631920417"
"WI2-87327B8.2","0.147290764811384"
"WIF1","0.152304701262292"
"WIPF1","0.151309675813451"
"WIPF2","0.149835737011514"
"WIPF3","0.150663072525457"
"WIPI1","0.149611670646268"
"WIPI2","0.148308154899935"
"WISP1","0.149854749038717"
"WISP2","0.151227631937496"
"WISP3","0.153238140840469"
"WIZ","0.153238140840469"
"WLS","0.149835737011514"
"WNK1","0.149813631920417"
"WNK2","0.148409869269443"
"WNK3","0.149021977523802"
"WNK4","0.150386766900438"
"WNT1","0.151713664466843"
"WNT10A","0.151277310570368"
"WNT10B","0.150663072525457"
"WNT11","0.151059790941286"
"WNT16","0.151606887956614"
"WNT2","0.151474834805778"
"WNT2B","0.148596984126293"
"WNT3","0.14974455430417"
"WNT3A","0.150336587306701"
"WNT4","0.151059790941286"
"WNT5A","0.151309675813451"
"WNT5A-AS1","0.149555133984136"
"WNT5B","0.149255882380356"
"WNT6","0.148774995976677"
"WNT7A","0.152215294630394"
"WNT7B","0.151277310570368"
"WNT8B","0.151059790941286"
"WNT9A","0.148988071245324"
"WNT9B","0.148506036125004"
"WRAP53","0.15051137832267"
"WRAP73","0.149813631920417"
"WRB","0.151021953258508"
"WRN","0.149066546369801"
"WRNIP1","0.149021977523802"
"WSB1","0.150663072525457"
"WSB2","0.150386766900438"
"WSCD1","0.149469252352528"
"WSCD2","0.149066546369801"
"WT1","0.149835737011514"
"WT1-AS","0.148837442243722"
"WTAP","0.14780132338987"
"WTIP","0.151309675813451"
"WWC1","0.149021977523802"
"WWC2","0.14974455430417"
"WWC2-AS1","0.152777603259394"
"WWC2-AS2","0.151606887956614"
"WWC3","0.151277310570368"
"WWC3-AS1","0.148988071245324"
"WWOX","0.151713664466843"
"WWP1","0.149066546369801"
"WWP2","0.149469252352528"
"WWTR1","0.149021977523802"
"WWTR1-AS1","0.151713664466843"
"XAB2","0.149835737011514"
"XACT","0.149021977523802"
"XAF1","0.148988071245324"
"XAGE1A","0.148940657979756"
"XAGE1B","0.150386766900438"
"XAGE2","0.151606887956614"
"XAGE3","0.148837442243722"
"XAGE5","0.148640507197617"
"XBP1","0.151059790941286"
"XCL1","0.149264387419201"
"XCL2","0.148988071245324"
"XCR1","0.151713664466843"
"XDH","0.149264387419201"
"XG","0.15051137832267"
"XIAP","0.149066546369801"
"XIAP-AS1","0.150336587306701"
"XIRP1","0.151469275935693"
"XIRP2","0.151761849785314"
"XIST","0.149066546369801"
"XK","0.148774995976677"
"XKR3","0.148940657979756"
"XKR4","0.148596984126293"
"XKR5","0.149611670646268"
"XKR6","0.151059790941286"
"XKR7","0.152064718376468"
"XKR8","0.149813631920417"
"XKR9","0.151761849785314"
"XKRX","0.149611670646268"
"XPA","0.148774995976677"
"XPC","0.149503743840638"
"XPNPEP1","0.148940657979756"
"XPNPEP2","0.150386766900438"
"XPNPEP3","0.148988071245324"
"XPO1","0.149103798871864"
"XPO4","0.14974455430417"
"XPO5","0.150172384429151"
"XPO6","0.149827394096092"
"XPO7","0.150663072525457"
"XPOT","0.148596984126293"
"XPR1","0.150336587306701"
"XRCC1","0.151209699763843"
"XRCC2","0.151209699763843"
"XRCC3","0.150336587306701"
"XRCC4","0.151453587302863"
"XRCC5","0.150386766900438"
"XRCC6","0.147389812705427"
"XRCC6BP1","0.152215294630394"
"XRN1","0.149611670646268"
"XRN2","0.151209699763843"
"XRRA1","0.148940657979756"
"XX-C00717C00720L.1","0.14780132338987"
"XX-C2158C12.1","0.151227631937496"
"XX-C2158C12.2","0.149264387419201"
"XX-C2158C6.1","0.152393250225978"
"XX-C2158C6.3","0.152304701262292"
"XX-C283C717.1","0.149835737011514"
"XX-CR54.1","0.150386766900438"
"XX-DJ76P10--A.2","0.150172384429151"
"XX-FW80269A6.1","0.150336587306701"
"XX-FW83128A1.2","0.151059790941286"
"XX-FW83563B9.5","0.15051137832267"
"XXYLT1","0.153352083212756"
"XXYLT1-AS2","0.151277310570368"
"XXbac-B135H6.15","0.151277310570368"
"XXbac-B135H6.18","0.149835737011514"
"XXbac-B33L19.4","0.15192582328737"
"XXbac-B33L19.6","0.147901151320302"
"XXbac-B444P24.14","0.148774995976677"
"XXbac-B444P24.8","0.149813631920417"
"XXbac-B476C20.9","0.149503743840638"
"XXbac-BCX196D17.5","0.149066546369801"
"XXbac-BPG13B8.10","0.149611670646268"
"XXbac-BPG154L12.4","0.152019276762665"
"XXbac-BPG154L12.5","0.149503743840638"
"XXbac-BPG157A10.21","0.151227631937496"
"XXbac-BPG170G13.32","0.151761849785314"
"XXbac-BPG181B23.7","0.150504108359451"
"XXbac-BPG181M17.6","0.149103798871864"
"XXbac-BPG246D15.9","0.149854749038717"
"XXbac-BPG248L24.13","0.151469275935693"
"XXbac-BPG249D20.9","0.151761849785314"
"XXbac-BPG252P9.10","0.148506036125004"
"XXbac-BPG252P9.9","0.149021977523802"
"XXbac-BPG258E24.10","0.151227631937496"
"XXbac-BPG27H4.8","0.149103798871864"
"XXbac-BPG294E21.9","0.152064718376468"
"XXbac-BPG299F13.17","0.149850161646825"
"XXbac-BPG308J9.3","0.149103798871864"
"XXbac-BPG308K3.5","0.151980402171169"
"XXbac-BPG32J3.19","0.149021977523802"
"XXbac-BPG32J3.22","0.151809625520999"
"XXbac-BPG55C20.7","0.150547136156049"
"XXbac-BPGBPG55C20.1","0.151761849785314"
"XXbac-BPGBPG55C20.2","0.151277310570368"
"XXbac-BPGBPG55C20.3","0.151209699763843"
"XXcos-LUCA11.5","0.153577881390479"
"XXyac-YM21GA2.3","0.15192582328737"
"XXyac-YM21GA2.4","0.148640507197617"
"XXyac-YM21GA2.7","0.149813631920417"
"XXyac-YR29IB3.1","0.149813631920417"
"XXyac-YRM2039.3","0.152019276762665"
"XXyac-YX155B6.5","0.152777603259394"
"XXyac-YX155B6.7","0.149264387419201"
"XXyac-YX65C7-A.2","0.149813631920417"
"XXyac-YX65C7-A.3","0.151274697835988"
"XYLB","0.149264387419201"
"XYLT1","0.149854749038717"
"XYLT2","0.150663072525457"
"YAE1D1","0.148120409208148"
"YAF2","0.150386766900438"
"YAP1","0.149598752413498"
"YARS","0.150504108359451"
"YARS2","0.153281650446358"
"YBEY","0.151761849785314"
"YBX1","0.150547136156049"
"YBX2","0.149598752413498"
"YBX3","0.149598752413498"
"YDJC","0.152215294630394"
"YEATS2","0.148774995976677"
"YEATS2-AS1","0.150547136156049"
"YEATS4","0.152304701262292"
"YES1","0.15459250491375"
"YIF1A","0.151713664466843"
"YIF1B","0.148308154899935"
"YIPF1","0.148506036125004"
"YIPF2","0.149854749038717"
"YIPF3","0.151469275935693"
"YIPF4","0.152457616233038"
"YIPF5","0.151761849785314"
"YIPF6","0.151469275935693"
"YIPF7","0.149255882380356"
"YJEFN3","0.152019276762665"
"YKT6","0.14974455430417"
"YLPM1","0.151761849785314"
"YME1L1","0.15023231158048"
"YOD1","0.151227631937496"
"YPEL1","0.149854749038717"
"YPEL2","0.150504108359451"
"YPEL3","0.151713664466843"
"YPEL4","0.151606887956614"
"YPEL5","0.151059790941286"
"YRDC","0.150172384429151"
"YTHDC1","0.148837442243722"
"YTHDC2","0.151209699763843"
"YTHDF1","0.150386766900438"
"YTHDF2","0.151761849785314"
"YTHDF3","0.150172384429151"
"YTHDF3-AS1","0.152019276762665"
"YWHAB","0.152019276762665"
"YWHAE","0.151761849785314"
"YWHAG","0.148120409208148"
"YWHAH","0.151761849785314"
"YWHAQ","0.148596984126293"
"YWHAZ","0.149598752413498"
"YY1","0.14974455430417"
"YY1AP1","0.150564727384074"
"YY2","0.15192582328737"
"Z69666.2","0.148837442243722"
"Z69720.2","0.151209699763843"
"Z82214.3","0.150336587306701"
"Z83001.1","0.151469275935693"
"Z83844.1","0.149835737011514"
"Z83851.4","0.150547136156049"
"Z99756.1","0.152393250225978"
"ZACN","0.150386766900438"
"ZADH2","0.149611670646268"
"ZAN","0.150336587306701"
"ZAP70","0.151606887956614"
"ZAR1","0.151027009227491"
"ZAR1L","0.150547136156049"
"ZBBX","0.149503743840638"
"ZBED1","0.149503743840638"
"ZBED2","0.151277310570368"
"ZBED3","0.149611670646268"
"ZBED3-AS1","0.151761849785314"
"ZBED4","0.151277310570368"
"ZBED5","0.152215294630394"
"ZBED5-AS1","0.152457616233038"
"ZBED6","0.152777603259394"
"ZBED6CL","0.150336587306701"
"ZBED8","0.151027009227491"
"ZBED9","0.150386766900438"
"ZBP1","0.14780132338987"
"ZBTB1","0.15192582328737"
"ZBTB10","0.149813631920417"
"ZBTB11","0.152019276762665"
"ZBTB11-AS1","0.152064718376468"
"ZBTB12","0.152777603259394"
"ZBTB14","0.152457616233038"
"ZBTB16","0.149503743840638"
"ZBTB17","0.149503743840638"
"ZBTB18","0.148837442243722"
"ZBTB2","0.152457616233038"
"ZBTB20","0.148988071245324"
"ZBTB20-AS1","0.149854749038717"
"ZBTB20-AS2","0.150336587306701"
"ZBTB20-AS3","0.150504108359451"
"ZBTB20-AS4","0.149854749038717"
"ZBTB21","0.149813631920417"
"ZBTB22","0.149813631920417"
"ZBTB24","0.150564727384074"
"ZBTB25","0.152393250225978"
"ZBTB26","0.151606887956614"
"ZBTB3","0.150214683896358"
"ZBTB32","0.149598752413498"
"ZBTB33","0.149598752413498"
"ZBTB34","0.15192582328737"
"ZBTB37","0.151274697835988"
"ZBTB38","0.150564727384074"
"ZBTB39","0.15385874863559"
"ZBTB4","0.14974455430417"
"ZBTB40","0.151227631937496"
"ZBTB41","0.152019276762665"
"ZBTB42","0.152777603259394"
"ZBTB43","0.151469275935693"
"ZBTB44","0.151027009227491"
"ZBTB45","0.150386766900438"
"ZBTB46","0.15192582328737"
"ZBTB46-AS1","0.151980402171169"
"ZBTB47","0.151277310570368"
"ZBTB48","0.151209699763843"
"ZBTB49","0.152064718376468"
"ZBTB5","0.149598752413498"
"ZBTB6","0.152064718376468"
"ZBTB7A","0.152064718376468"
"ZBTB7B","0.149021977523802"
"ZBTB7C","0.150336587306701"
"ZBTB8A","0.152064718376468"
"ZBTB8B","0.151277310570368"
"ZBTB8OS","0.148506036125004"
"ZBTB9","0.151713664466843"
"ZC2HC1A","0.152304701262292"
"ZC2HC1C","0.149021977523802"
"ZC3H10","0.149066546369801"
"ZC3H11A","0.149503743840638"
"ZC3H12A","0.148774995976677"
"ZC3H12B","0.151713664466843"
"ZC3H12C","0.151227631937496"
"ZC3H12D","0.15192582328737"
"ZC3H13","0.151027009227491"
"ZC3H14","0.149854749038717"
"ZC3H15","0.152064718376468"
"ZC3H18","0.15192582328737"
"ZC3H3","0.150504108359451"
"ZC3H4","0.148988071245324"
"ZC3H6","0.152064718376468"
"ZC3H7A","0.149264387419201"
"ZC3H7B","0.149854749038717"
"ZC3H8","0.152304701262292"
"ZC3HAV1","0.148988071245324"
"ZC3HAV1L","0.152215294630394"
"ZC3HC1","0.151227631937496"
"ZC4H2","0.148940657979756"
"ZCCHC10","0.149503743840638"
"ZCCHC11","0.150504108359451"
"ZCCHC12","0.151713664466843"
"ZCCHC14","0.151606887956614"
"ZCCHC16","0.151980402171169"
"ZCCHC17","0.150564727384074"
"ZCCHC18","0.152064718376468"
"ZCCHC2","0.150386766900438"
"ZCCHC24","0.152393250225978"
"ZCCHC3","0.150547136156049"
"ZCCHC4","0.151469275935693"
"ZCCHC5","0.153659398434706"
"ZCCHC6","0.152019276762665"
"ZCCHC7","0.14895816661049"
"ZCCHC8","0.149835737011514"
"ZCCHC9","0.14974455430417"
"ZCRB1","0.151713664466843"
"ZCWPW1","0.149503743840638"
"ZCWPW2","0.150336587306701"
"ZDBF2","0.148774995976677"
"ZDHHC1","0.150336587306701"
"ZDHHC11","0.152457616233038"
"ZDHHC11B","0.152019276762665"
"ZDHHC12","0.151713664466843"
"ZDHHC13","0.150564727384074"
"ZDHHC14","0.148120409208148"
"ZDHHC15","0.152393250225978"
"ZDHHC16","0.148506036125004"
"ZDHHC17","0.150564727384074"
"ZDHHC18","0.150562304063"
"ZDHHC19","0.151277310570368"
"ZDHHC2","0.152215294630394"
"ZDHHC20","0.149813631920417"
"ZDHHC21","0.152930564800807"
"ZDHHC22","0.150547136156049"
"ZDHHC23","0.151277310570368"
"ZDHHC24","0.150214683896358"
"ZDHHC3","0.149854749038717"
"ZDHHC4","0.15403878920137"
"ZDHHC5","0.151227631937496"
"ZDHHC6","0.150336587306701"
"ZDHHC7","0.148308154899935"
"ZDHHC8","0.149611670646268"
"ZDHHC9","0.150386766900438"
"ZEB1","0.151713664466843"
"ZEB1-AS1","0.14974455430417"
"ZEB2","0.149813631920417"
"ZEB2-AS1","0.150504108359451"
"ZER1","0.151227631937496"
"ZFAND1","0.149066546369801"
"ZFAND2A","0.151469275935693"
"ZFAND2B","0.150504108359451"
"ZFAND3","0.149611670646268"
"ZFAND4","0.149066546369801"
"ZFAND5","0.151027009227491"
"ZFAND6","0.149854749038717"
"ZFAS1","0.153577881390479"
"ZFAT","0.149854749038717"
"ZFAT-AS1","0.151761849785314"
"ZFC3H1","0.149066546369801"
"ZFHX2","0.150336587306701"
"ZFHX3","0.149986455652108"
"ZFHX4","0.149611670646268"
"ZFHX4-AS1","0.150504108359451"
"ZFP1","0.151027009227491"
"ZFP14","0.152215294630394"
"ZFP2","0.151209699763843"
"ZFP28","0.152304701262292"
"ZFP3","0.151027009227491"
"ZFP30","0.149453049337807"
"ZFP36","0.150336587306701"
"ZFP36L1","0.149835737011514"
"ZFP36L2","0.152019276762665"
"ZFP37","0.151277310570368"
"ZFP41","0.152064718376468"
"ZFP42","0.149813631920417"
"ZFP57","0.150504108359451"
"ZFP62","0.153054149933489"
"ZFP64","0.149485170604465"
"ZFP69","0.149611670646268"
"ZFP69B","0.149854749038717"
"ZFP82","0.149986455652108"
"ZFP90","0.151606887956614"
"ZFP91","0.150504108359451"
"ZFP92","0.152304701262292"
"ZFPL1","0.150547136156049"
"ZFPM1","0.14974455430417"
"ZFPM2","0.150386766900438"
"ZFR","0.148693735290788"
"ZFR2","0.153928664331357"
"ZFX","0.148815501471267"
"ZFX-AS1","0.152930564800807"
"ZFY","0.154107143415523"
"ZFY-AS1","0.151469275935693"
"ZFYVE1","0.151761849785314"
"ZFYVE16","0.151980402171169"
"ZFYVE19","0.15328866929788"
"ZFYVE21","0.149854749038717"
"ZFYVE26","0.149986455652108"
"ZFYVE27","0.151274697835988"
"ZFYVE28","0.151274697835988"
"ZFYVE9","0.153707109835551"
"ZG16","0.153656478478467"
"ZG16B","0.152064718376468"
"ZGLP1","0.151713664466843"
"ZGPAT","0.150494040400575"
"ZGRF1","0.148693735290788"
"ZHX1","0.150564727384074"
"ZHX1-C8orf76","0.151980402171169"
"ZHX2","0.149854749038717"
"ZHX3","0.155360393921298"
"ZIC1","0.151606887956614"
"ZIC2","0.152019276762665"
"ZIC3","0.150494040400575"
"ZIC4","0.150494040400575"
"ZIC4-AS1","0.150564727384074"
"ZIC5","0.148640507197617"
"ZIK1","0.150214683896358"
"ZIM2","0.150564727384074"
"ZIM2-AS1","0.149854749038717"
"ZIM3","0.152064718376468"
"ZKSCAN1","0.150564727384074"
"ZKSCAN2","0.152432861260041"
"ZKSCAN3","0.149611670646268"
"ZKSCAN4","0.152304701262292"
"ZKSCAN5","0.149835737011514"
"ZKSCAN7","0.149835737011514"
"ZKSCAN8","0.148693735290788"
"ZMAT1","0.151606887956614"
"ZMAT2","0.15192582328737"
"ZMAT3","0.151606887956614"
"ZMAT4","0.148693735290788"
"ZMAT5","0.153352083212756"
"ZMIZ1","0.151274697835988"
"ZMIZ1-AS1","0.152393250225978"
"ZMIZ2","0.149986455652108"
"ZMPSTE24","0.15192582328737"
"ZMYM1","0.153656478478467"
"ZMYM2","0.153928664331357"
"ZMYM3","0.152019276762665"
"ZMYM4","0.152930564800807"
"ZMYM4-AS1","0.152393250225978"
"ZMYM5","0.151209699763843"
"ZMYM6","0.151469275935693"
"ZMYM6NB","0.152393250225978"
"ZMYND10","0.148052745085208"
"ZMYND10-AS1","0.151980402171169"
"ZMYND11","0.149813631920417"
"ZMYND12","0.152304701262292"
"ZMYND15","0.149854749038717"
"ZMYND19","0.152064718376468"
"ZMYND8","0.150494040400575"
"ZNF10","0.151606887956614"
"ZNF100","0.152930564800807"
"ZNF101","0.147244573754311"
"ZNF106","0.150336587306701"
"ZNF107","0.149835737011514"
"ZNF112","0.152393250225978"
"ZNF114","0.151735019071914"
"ZNF117","0.148120409208148"
"ZNF12","0.151057291139032"
"ZNF121","0.149453049337807"
"ZNF124","0.151469275935693"
"ZNF131","0.149066546369801"
"ZNF132","0.151469275935693"
"ZNF133","0.148596984126293"
"ZNF134","0.148940657979756"
"ZNF135","0.150214683896358"
"ZNF136","0.150494040400575"
"ZNF138","0.149813631920417"
"ZNF14","0.150494040400575"
"ZNF140","0.152457616233038"
"ZNF141","0.152457616233038"
"ZNF142","0.150547136156049"
"ZNF143","0.150547136156049"
"ZNF146","0.150336587306701"
"ZNF148","0.151469275935693"
"ZNF154","0.152215294630394"
"ZNF155","0.151209699763843"
"ZNF157","0.149986455652108"
"ZNF16","0.151469275935693"
"ZNF160","0.148940657979756"
"ZNF165","0.15192582328737"
"ZNF169","0.152215294630394"
"ZNF17","0.150564727384074"
"ZNF174","0.151761849785314"
"ZNF175","0.15403878920137"
"ZNF177","0.151274697835988"
"ZNF18","0.15328866929788"
"ZNF180","0.151209699763843"
"ZNF181","0.151980402171169"
"ZNF182","0.14974455430417"
"ZNF184","0.149854749038717"
"ZNF185","0.148308154899935"
"ZNF189","0.148308154899935"
"ZNF19","0.150494040400575"
"ZNF195","0.149854749038717"
"ZNF197","0.151209699763843"
"ZNF197-AS1","0.152215294630394"
"ZNF2","0.14974455430417"
"ZNF20","0.152393250225978"
"ZNF200","0.149453049337807"
"ZNF202","0.151980402171169"
"ZNF205","0.151027009227491"
"ZNF207","0.14974455430417"
"ZNF208","0.148774995976677"
"ZNF211","0.150336587306701"
"ZNF212","0.151761849785314"
"ZNF213","0.150564727384074"
"ZNF213-AS1","0.152215294630394"
"ZNF214","0.150214683896358"
"ZNF215","0.152215294630394"
"ZNF217","0.151761849785314"
"ZNF219","0.148951708599353"
"ZNF22","0.153581929435892"
"ZNF221","0.149854749038717"
"ZNF222","0.148988071245324"
"ZNF223","0.153352083212756"
"ZNF224","0.150494040400575"
"ZNF225","0.152930564800807"
"ZNF226","0.149835737011514"
"ZNF227","0.148988071245324"
"ZNF229","0.152457616233038"
"ZNF23","0.152304701262292"
"ZNF230","0.148951708599353"
"ZNF232","0.149854749038717"
"ZNF233","0.14974455430417"
"ZNF234","0.151027009227491"
"ZNF235","0.153054149933489"
"ZNF236","0.152777603259394"
"ZNF239","0.151209699763843"
"ZNF24","0.151980402171169"
"ZNF248","0.148884095934045"
"ZNF25","0.1487814219735"
"ZNF250","0.150494040400575"
"ZNF251","0.150336587306701"
"ZNF252P-AS1","0.15311076815169"
"ZNF253","0.150336587306701"
"ZNF254","0.151761849785314"
"ZNF256","0.150564727384074"
"ZNF257","0.14974455430417"
"ZNF26","0.14974455430417"
"ZNF260","0.151713664466843"
"ZNF263","0.151469275935693"
"ZNF264","0.148951708599353"
"ZNF266","0.151606887956614"
"ZNF267","0.151606887956614"
"ZNF268","0.151209699763843"
"ZNF273","0.149103798871864"
"ZNF274","0.151274697835988"
"ZNF275","0.148988071245324"
"ZNF276","0.152457616233038"
"ZNF277","0.149103798871864"
"ZNF28","0.151761849785314"
"ZNF280A","0.150214683896358"
"ZNF280B","0.151209699763843"
"ZNF280C","0.151027009227491"
"ZNF280D","0.150494040400575"
"ZNF281","0.15328866929788"
"ZNF282","0.149103798871864"
"ZNF283","0.148693735290788"
"ZNF284","0.150547136156049"
"ZNF285","0.149103798871864"
"ZNF286A","0.152777603259394"
"ZNF286B","0.152457616233038"
"ZNF287","0.150214683896358"
"ZNF292","0.152064718376468"
"ZNF295-AS1","0.149854749038717"
"ZNF296","0.152304701262292"
"ZNF3","0.152019276762665"
"ZNF30","0.151980402171169"
"ZNF30-AS1","0.151761849785314"
"ZNF300","0.148884095934045"
"ZNF302","0.151209699763843"
"ZNF304","0.152215294630394"
"ZNF311","0.151713664466843"
"ZNF316","0.148988071245324"
"ZNF317","0.150547136156049"
"ZNF318","0.148951708599353"
"ZNF319","0.151761849785314"
"ZNF32","0.15311076815169"
"ZNF32-AS1","0.153352083212756"
"ZNF32-AS2","0.15192582328737"
"ZNF32-AS3","0.152064718376468"
"ZNF320","0.152304701262292"
"ZNF322","0.149854749038717"
"ZNF324","0.148728451649781"
"ZNF324B","0.149835737011514"
"ZNF326","0.152019276762665"
"ZNF329","0.151713664466843"
"ZNF330","0.153656478478467"
"ZNF331","0.152215294630394"
"ZNF333","0.153352083212756"
"ZNF334","0.149835737011514"
"ZNF335","0.152215294630394"
"ZNF337","0.151209699763843"
"ZNF337-AS1","0.150564727384074"
"ZNF33A","0.152215294630394"
"ZNF33B","0.151027009227491"
"ZNF34","0.152019276762665"
"ZNF341","0.152064718376468"
"ZNF341-AS1","0.150547136156049"
"ZNF343","0.151500542547708"
"ZNF345","0.151761849785314"
"ZNF346","0.150214683896358"
"ZNF347","0.152215294630394"
"ZNF35","0.151209699763843"
"ZNF350","0.153054149933489"
"ZNF350-AS1","0.151980402171169"
"ZNF354A","0.149103798871864"
"ZNF354B","0.152304701262292"
"ZNF354C","0.151274697835988"
"ZNF358","0.150564727384074"
"ZNF362","0.15192582328737"
"ZNF365","0.153054149933489"
"ZNF366","0.151713664466843"
"ZNF367","0.148506036125004"
"ZNF37A","0.152393250225978"
"ZNF382","0.149854749038717"
"ZNF383","0.152457616233038"
"ZNF384","0.151209699763843"
"ZNF385A","0.151209699763843"
"ZNF385B","0.152019276762665"
"ZNF385C","0.149813631920417"
"ZNF385D","0.152393250225978"
"ZNF385D-AS1","0.150494040400575"
"ZNF391","0.150214683896358"
"ZNF394","0.152304701262292"
"ZNF395","0.152064718376468"
"ZNF396","0.149835737011514"
"ZNF397","0.153707109835551"
"ZNF398","0.150564727384074"
"ZNF404","0.152019276762665"
"ZNF407","0.152064718376468"
"ZNF408","0.149066546369801"
"ZNF41","0.150214683896358"
"ZNF410","0.151274697835988"
"ZNF414","0.1487814219735"
"ZNF415","0.148988071245324"
"ZNF416","0.150494040400575"
"ZNF417","0.151980402171169"
"ZNF418","0.151713664466843"
"ZNF419","0.152304701262292"
"ZNF420","0.151500542547708"
"ZNF423","0.148506036125004"
"ZNF425","0.152064718376468"
"ZNF426","0.152393250225978"
"ZNF428","0.152930564800807"
"ZNF429","0.15311076815169"
"ZNF43","0.150564727384074"
"ZNF430","0.152064718376468"
"ZNF431","0.148951708599353"
"ZNF432","0.150336587306701"
"ZNF433","0.148276093012275"
"ZNF436","0.148728451649781"
"ZNF436-AS1","0.149021977523802"
"ZNF438","0.153724990326193"
"ZNF439","0.152304701262292"
"ZNF44","0.150214683896358"
"ZNF440","0.149066546369801"
"ZNF441","0.149453049337807"
"ZNF442","0.151027009227491"
"ZNF443","0.149453049337807"
"ZNF444","0.152215294630394"
"ZNF445","0.151761849785314"
"ZNF446","0.152064718376468"
"ZNF449","0.149854749038717"
"ZNF45","0.150214683896358"
"ZNF451","0.152215294630394"
"ZNF454","0.149986455652108"
"ZNF460","0.150547136156049"
"ZNF461","0.150494040400575"
"ZNF462","0.150214683896358"
"ZNF467","0.153656478478467"
"ZNF468","0.151209699763843"
"ZNF469","0.151980402171169"
"ZNF470","0.151761849785314"
"ZNF471","0.150336587306701"
"ZNF473","0.148884095934045"
"ZNF474","0.148226368359643"
"ZNF479","0.15192582328737"
"ZNF48","0.150547136156049"
"ZNF480","0.15192582328737"
"ZNF483","0.149986455652108"
"ZNF484","0.151274697835988"
"ZNF485","0.151980402171169"
"ZNF486","0.150122629796143"
"ZNF487","0.151274697835988"
"ZNF488","0.150122629796143"
"ZNF490","0.151500542547708"
"ZNF491","0.152019276762665"
"ZNF492","0.149986455652108"
"ZNF493","0.150494040400575"
"ZNF496","0.149854749038717"
"ZNF497","0.150336587306701"
"ZNF500","0.150245975455301"
"ZNF501","0.151761849785314"
"ZNF502","0.150562304063"
"ZNF503","0.152019276762665"
"ZNF503-AS1","0.14882192746809"
"ZNF503-AS2","0.152019276762665"
"ZNF506","0.151027009227491"
"ZNF507","0.152019276762665"
"ZNF510","0.150542606222099"
"ZNF511","0.15328866929788"
"ZNF512","0.152215294630394"
"ZNF512B","0.152393250225978"
"ZNF513","0.150122629796143"
"ZNF514","0.150122629796143"
"ZNF516","0.150548049499139"
"ZNF517","0.152304701262292"
"ZNF518A","0.151980402171169"
"ZNF518B","0.152019276762665"
"ZNF519","0.150336587306701"
"ZNF521","0.151713664466843"
"ZNF524","0.152304701262292"
"ZNF525","0.152304701262292"
"ZNF526","0.152215294630394"
"ZNF527","0.151500542547708"
"ZNF528","0.151606887956614"
"ZNF529","0.151980402171169"
"ZNF529-AS1","0.149813631920417"
"ZNF530","0.151386799039241"
"ZNF532","0.149835737011514"
"ZNF534","0.150122629796143"
"ZNF536","0.151500542547708"
"ZNF540","0.150542606222099"
"ZNF541","0.151980402171169"
"ZNF543","0.151606887956614"
"ZNF544","0.150548049499139"
"ZNF546","0.151209699763843"
"ZNF547","0.148988071245324"
"ZNF548","0.153928664331357"
"ZNF549","0.150548049499139"
"ZNF550","0.152215294630394"
"ZNF551","0.150122629796143"
"ZNF552","0.149066546369801"
"ZNF554","0.15192582328737"
"ZNF555","0.149835737011514"
"ZNF556","0.147934307622029"
"ZNF557","0.150564727384074"
"ZNF558","0.151027009227491"
"ZNF559","0.151209699763843"
"ZNF559-ZNF177","0.151027009227491"
"ZNF560","0.150336587306701"
"ZNF561","0.149813631920417"
"ZNF562","0.153054149933489"
"ZNF563","0.150548049499139"
"ZNF564","0.150548049499139"
"ZNF565","0.150548049499139"
"ZNF566","0.150447529565813"
"ZNF567","0.148596984126293"
"ZNF568","0.150548049499139"
"ZNF569","0.15311076815169"
"ZNF57","0.152064718376468"
"ZNF570","0.151980402171169"
"ZNF571","0.150336587306701"
"ZNF571-AS1","0.15328866929788"
"ZNF572","0.150080330328936"
"ZNF573","0.151606887956614"
"ZNF574","0.151027009227491"
"ZNF575","0.151386799039241"
"ZNF576","0.150122629796143"
"ZNF577","0.149600963557382"
"ZNF578","0.150542606222099"
"ZNF579","0.151606887956614"
"ZNF580","0.152930564800807"
"ZNF581","0.151274697835988"
"ZNF582","0.149066546369801"
"ZNF582-AS1","0.150548049499139"
"ZNF583","0.152393250225978"
"ZNF584","0.149986455652108"
"ZNF585A","0.149813631920417"
"ZNF585B","0.150524362581243"
"ZNF586","0.15192582328737"
"ZNF587","0.149453049337807"
"ZNF587B","0.152215294630394"
"ZNF589","0.150547136156049"
"ZNF592","0.153659398434706"
"ZNF593","0.151761849785314"
"ZNF594","0.149453049337807"
"ZNF595","0.152304701262292"
"ZNF596","0.150122629796143"
"ZNF597","0.152019276762665"
"ZNF598","0.148506036125004"
"ZNF599","0.148951708599353"
"ZNF600","0.15056321740609"
"ZNF605","0.152930564800807"
"ZNF606","0.152019276762665"
"ZNF607","0.151027009227491"
"ZNF608","0.152019276762665"
"ZNF609","0.152393250225978"
"ZNF610","0.151500542547708"
"ZNF611","0.150564727384074"
"ZNF613","0.149813631920417"
"ZNF614","0.152393250225978"
"ZNF615","0.15328866929788"
"ZNF616","0.147901151320302"
"ZNF618","0.151713664466843"
"ZNF619","0.152457616233038"
"ZNF620","0.149066546369801"
"ZNF621","0.152304701262292"
"ZNF622","0.149854749038717"
"ZNF623","0.151209699763843"
"ZNF624","0.15385874863559"
"ZNF625","0.149103798871864"
"ZNF625-ZNF20","0.151980402171169"
"ZNF626","0.151761849785314"
"ZNF627","0.15403878920137"
"ZNF628","0.151027009227491"
"ZNF629","0.153577881390479"
"ZNF630","0.149986455652108"
"ZNF638","0.15311076815169"
"ZNF639","0.151606887956614"
"ZNF641","0.151500542547708"
"ZNF644","0.153577881390479"
"ZNF645","0.15311076815169"
"ZNF646","0.150524362581243"
"ZNF648","0.150564727384074"
"ZNF649","0.150447529565813"
"ZNF649-AS1","0.149103798871864"
"ZNF652","0.148675653483354"
"ZNF653","0.152777603259394"
"ZNF654","0.149986455652108"
"ZNF655","0.149835737011514"
"ZNF658","0.147147995294879"
"ZNF66","0.151386799039241"
"ZNF660","0.149066546369801"
"ZNF662","0.150122629796143"
"ZNF664","0.152393250225978"
"ZNF665","0.150245975455301"
"ZNF667","0.151928117071048"
"ZNF667-AS1","0.152304701262292"
"ZNF668","0.15311076815169"
"ZNF669","0.151500542547708"
"ZNF670","0.152304701262292"
"ZNF670-ZNF695","0.150336587306701"
"ZNF671","0.153577881390479"
"ZNF672","0.152019276762665"
"ZNF674","0.151274697835988"
"ZNF674-AS1","0.149066546369801"
"ZNF675","0.149986455652108"
"ZNF676","0.151980402171169"
"ZNF677","0.150547136156049"
"ZNF678","0.151027009227491"
"ZNF679","0.151500542547708"
"ZNF680","0.15192582328737"
"ZNF681","0.150524362581243"
"ZNF682","0.151606887956614"
"ZNF683","0.151027009227491"
"ZNF684","0.14974455430417"
"ZNF687","0.151980402171169"
"ZNF688","0.151980402171169"
"ZNF689","0.148728451649781"
"ZNF69","0.151209699763843"
"ZNF691","0.150447529565813"
"ZNF692","0.152215294630394"
"ZNF695","0.153352083212756"
"ZNF696","0.152457616233038"
"ZNF697","0.148988071245324"
"ZNF699","0.149453049337807"
"ZNF7","0.150122629796143"
"ZNF70","0.150548049499139"
"ZNF700","0.152457616233038"
"ZNF701","0.148988071245324"
"ZNF703","0.151274697835988"
"ZNF704","0.148705450719367"
"ZNF705A","0.151713664466843"
"ZNF705G","0.149835737011514"
"ZNF706","0.148477656296572"
"ZNF707","0.150542606222099"
"ZNF708","0.149813631920417"
"ZNF709","0.149066546369801"
"ZNF71","0.15192582328737"
"ZNF710","0.150548049499139"
"ZNF711","0.150447529565813"
"ZNF713","0.15311076815169"
"ZNF714","0.153724990326193"
"ZNF716","0.151027009227491"
"ZNF717","0.152019276762665"
"ZNF718","0.149813631920417"
"ZNF720","0.152777603259394"
"ZNF721","0.150245975455301"
"ZNF724P","0.150564727384074"
"ZNF726","0.150122629796143"
"ZNF727","0.149986455652108"
"ZNF728","0.150245975455301"
"ZNF729","0.150122629796143"
"ZNF730","0.151500542547708"
"ZNF732","0.151761849785314"
"ZNF736","0.150564727384074"
"ZNF737","0.151761849785314"
"ZNF738","0.148988071245324"
"ZNF74","0.149813631920417"
"ZNF740","0.149066546369801"
"ZNF746","0.150336587306701"
"ZNF747","0.150447529565813"
"ZNF749","0.14974455430417"
"ZNF750","0.152457616233038"
"ZNF75A","0.151500542547708"
"ZNF75D","0.149813631920417"
"ZNF76","0.15192582328737"
"ZNF761","0.153054149933489"
"ZNF763","0.149986455652108"
"ZNF764","0.150245975455301"
"ZNF765","0.150447529565813"
"ZNF766","0.150524362581243"
"ZNF768","0.147901151320302"
"ZNF77","0.150987475801965"
"ZNF770","0.150447529565813"
"ZNF771","0.150245975455301"
"ZNF772","0.150447529565813"
"ZNF773","0.149021977523802"
"ZNF774","0.149066546369801"
"ZNF775","0.153352083212756"
"ZNF776","0.149854749038717"
"ZNF777","0.151980402171169"
"ZNF778","0.14974455430417"
"ZNF780A","0.150494040400575"
"ZNF780B","0.149453049337807"
"ZNF781","0.15192582328737"
"ZNF782","0.150336587306701"
"ZNF783","0.149835737011514"
"ZNF784","0.151980402171169"
"ZNF785","0.148675653483354"
"ZNF786","0.151196521955334"
"ZNF787","0.150524362581243"
"ZNF788","0.149453049337807"
"ZNF789","0.151761849785314"
"ZNF79","0.150564727384074"
"ZNF790","0.150494040400575"
"ZNF790-AS1","0.151209699763843"
"ZNF791","0.150987475801965"
"ZNF792","0.151274697835988"
"ZNF793","0.149600963557382"
"ZNF793-AS1","0.151166240043794"
"ZNF799","0.149854749038717"
"ZNF8","0.150336587306701"
"ZNF80","0.151386799039241"
"ZNF800","0.150524362581243"
"ZNF804A","0.148506036125004"
"ZNF804B","0.152870508898218"
"ZNF805","0.153577881390479"
"ZNF808","0.150548049499139"
"ZNF81","0.151500542547708"
"ZNF812P","0.152304701262292"
"ZNF813","0.151386799039241"
"ZNF814","0.150542606222099"
"ZNF816","0.153659398434706"
"ZNF816-ZNF321P","0.15030590260663"
"ZNF821","0.151500542547708"
"ZNF823","0.150548049499139"
"ZNF827","0.150447529565813"
"ZNF829","0.151980402171169"
"ZNF83","0.149854749038717"
"ZNF830","0.150564727384074"
"ZNF831","0.15328866929788"
"ZNF835","0.15030590260663"
"ZNF836","0.15030590260663"
"ZNF837","0.149103798871864"
"ZNF839","0.15192582328737"
"ZNF84","0.151606887956614"
"ZNF841","0.150524362581243"
"ZNF843","0.15030590260663"
"ZNF844","0.14974455430417"
"ZNF845","0.150122629796143"
"ZNF846","0.152457616233038"
"ZNF85","0.151500542547708"
"ZNF850","0.149066546369801"
"ZNF852","0.151209699763843"
"ZNF853","0.150987475801965"
"ZNF860","0.151274697835988"
"ZNF862","0.153054149933489"
"ZNF865","0.14882192746809"
"ZNF878","0.150542606222099"
"ZNF879","0.148988071245324"
"ZNF880","0.15192582328737"
"ZNF883","0.152457616233038"
"ZNF888","0.151386799039241"
"ZNF891","0.151386799039241"
"ZNF90","0.148884095934045"
"ZNF91","0.152019276762665"
"ZNF92","0.149986455652108"
"ZNF93","0.150542606222099"
"ZNF98","0.151713664466843"
"ZNF99","0.151606887956614"
"ZNFX1","0.152064718376468"
"ZNHIT1","0.151761849785314"
"ZNHIT2","0.15192582328737"
"ZNHIT3","0.151500542547708"
"ZNHIT6","0.149066546369801"
"ZNRD1","0.15192582328737"
"ZNRD1-AS1","0.150548049499139"
"ZNRF1","0.151606887956614"
"ZNRF2","0.152019276762665"
"ZNRF3","0.150122629796143"
"ZNRF3-AS1","0.151386799039241"
"ZNRF4","0.151166240043794"
"ZP1","0.150564727384074"
"ZP2","0.150122629796143"
"ZP3","0.151386799039241"
"ZPBP","0.150542606222099"
"ZPBP2","0.15192582328737"
"ZPLD1","0.14974455430417"
"ZPR1","0.152457616233038"
"ZRANB1","0.151386799039241"
"ZRANB2","0.151713664466843"
"ZRANB2-AS1","0.151761849785314"
"ZRANB3","0.152215294630394"
"ZRSR1","0.150447529565813"
"ZRSR2","0.151980402171169"
"ZSCAN1","0.151687380096813"
"ZSCAN10","0.150548049499139"
"ZSCAN12","0.151166240043794"
"ZSCAN16","0.151980402171169"
"ZSCAN16-AS1","0.153656478478467"
"ZSCAN18","0.150987475801965"
"ZSCAN2","0.151500542547708"
"ZSCAN20","0.151761849785314"
"ZSCAN21","0.14882192746809"
"ZSCAN22","0.15030590260663"
"ZSCAN23","0.150447529565813"
"ZSCAN25","0.149835737011514"
"ZSCAN26","0.152215294630394"
"ZSCAN29","0.151500542547708"
"ZSCAN30","0.148884095934045"
"ZSCAN31","0.150987475801965"
"ZSCAN32","0.151209699763843"
"ZSCAN4","0.153928664331357"
"ZSCAN5A","0.152215294630394"
"ZSCAN5B","0.153656478478467"
"ZSCAN9","0.148884095934045"
"ZSWIM1","0.152393250225978"
"ZSWIM2","0.153054149933489"
"ZSWIM3","0.152064718376468"
"ZSWIM4","0.151713664466843"
"ZSWIM5","0.151606887956614"
"ZSWIM6","0.152064718376468"
"ZSWIM7","0.153724990326193"
"ZSWIM8","0.15030590260663"
"ZUFSP","0.149598725111793"
"ZW10","0.150524362581243"
"ZWILCH","0.151500542547708"
"ZWINT","0.149016141313558"
"ZXDA","0.151606887956614"
"ZXDB","0.150987475801965"
"ZXDC","0.151209699763843"
"ZYG11A","0.149103798871864"
"ZYG11B","0.152870508898218"
"ZYX","0.150547136156049"
"ZZEF1","0.149598725111793"
"ZZZ3","0.150122629796143"
"bP-21264C1.2","0.153707109835551"
"bP-2189O9.3","0.152064718376468"
